ID,MM_TYPE,COUNTRY_NAME,ISO2,ADMIN2,SITE_NAME,LATITUDE,LONGITUDE,YEAR_START,PLASMODIUM_SPECIES,SAMPLE_SIZE,DATA_SOURCE,CITATION_URL
1,Pfkelch13,Afghanistan,AF,,Kunar Province,35.000000,71.200000,2012,P. falciparum,24,"Faculty of Tropical Medicine, Mahidol University",http://www.ncbi.nlm.nih.gov/pubmed/26917051
2,Pfkelch13,Afghanistan,AF,Nangarhar,Bihsud,34.419849,70.472943,2014,P. falciparum,29,National Malaria and Leishmaniasis Control Programme,
3,Pfkelch13,Afghanistan,AF,Nangarhar,Ghani Khel,34.516667,70.150000,2014,P. falciparum,28,National Malaria and Leishmaniasis Control Programme,
4,Pfkelch13,Afghanistan,AF,Kunar,Chawkay,34.806159,70.978456,2014,P. falciparum,16,National Malaria and Leishmaniasis Control Programme,
5,Pfkelch13,Afghanistan,AF,Kunar,Asadabad,34.874264,71.153764,2014,P. falciparum,20,National Malaria and Leishmaniasis Control Programme,
7,Pfkelch13,Angola,AO,,"Luanda, Malanje, Cuanza Norte",-8.956737,14.591164,2010,P. falciparum,50,"Departamento de Pediatria, Hospital Prof. Doutor Fernando Fonseca EPE",http://www.ncbi.nlm.nih.gov/pubmed/25789669
8,Pfkelch13,Angola,AO,Luanda Province,Luanda,-8.839988,13.289437,2011,P. falciparum,5,"Unidade de Parasitologia Médica, Instituto de Higiene e Medicina Tropical, Universidade Nova de Lisboa",http://www.ncbi.nlm.nih.gov/pubmed/26670642
9,Pfkelch13,Angola,AO,Huíla,Lubango,-14.918614,13.532123,2011,P. falciparum,2,Oswaldo Cruz Foundation,http://www.ncbi.nlm.nih.gov/pubmed/27332904
11,Pfkelch13,Angola,AO,Luanda Province,Luanda,-8.839988,13.289437,2012,P. falciparum,7,"Unidade de Parasitologia Médica, Instituto de Higiene e Medicina Tropical, Universidade Nova de Lisboa",http://www.ncbi.nlm.nih.gov/pubmed/26670642
12,Pfkelch13,Angola,AO,Luanda Province,Luanda,-8.839988,13.289437,2012,P. falciparum,29,Oswaldo Cruz Foundation,http://www.ncbi.nlm.nih.gov/pubmed/27332904
14,Pfkelch13,Angola,AO,Zaire,M'Banza-Kongo,-6.269421,14.233780,2013,P. falciparum,20,"Malaria Branch, Division of Parasitic Diseases and Malaria, Center for Global Health, Center for Disease Control and Prevention",http://www.ncbi.nlm.nih.gov/pubmed/25367912
15,Pfkelch13,Angola,AO,Uíge,Uíge,-7.610210,15.061587,2013,P. falciparum,6,"Malaria Branch, Division of Parasitic Diseases and Malaria, Center for Global Health, Center for Disease Control and Prevention",http://www.ncbi.nlm.nih.gov/pubmed/25367912
16,Pfkelch13,Angola,AO,Luanda Province,Luanda,-8.839988,13.289437,2013,P. falciparum,9,"Unidade de Parasitologia Médica, Instituto de Higiene e Medicina Tropical, Universidade Nova de Lisboa",http://www.ncbi.nlm.nih.gov/pubmed/26670642
17,Pfkelch13,Angola,AO,Benguela Province,Benguela,-12.590516,13.416501,2015,P. falciparum,137,"Malaria Branch, Division of Parasitic Diseases and Malaria, Center for Global Health, Center for Disease Control and Prevention",https://www.ncbi.nlm.nih.gov/pubmed/28153004
18,Pfkelch13,Angola,AO,Lunda Sul,Saurimo,-9.661217,20.390460,2015,P. falciparum,200,"Malaria Branch, Division of Parasitic Diseases and Malaria, Center for Global Health, Center for Disease Control and Prevention",https://www.ncbi.nlm.nih.gov/pubmed/28153004
19,Pfkelch13,Angola,AO,Zaire,M'Banza-Kongo,-6.269421,14.233780,2015,P. falciparum,79,"Malaria Branch, Division of Parasitic Diseases and Malaria, Center for Global Health, Center for Disease Control and Prevention",https://www.ncbi.nlm.nih.gov/pubmed/28153004
30,Pfkelch13,Bangladesh,BD,Chittagong,Cox's Bazar,21.439464,92.007732,2013,P. falciparum,6,"Malaria and Parasitic Disease Control Unit, Directorate General of Health Services",https://www.ncbi.nlm.nih.gov/pubmed/27332904
32,Pfkelch13,Bangladesh,BD,Chittagong,Bandarban,21.831100,92.368632,2013,P. falciparum,30,"Malaria and Parasitic Disease Control Unit, Directorate General of Health Services",https://www.ncbi.nlm.nih.gov/pubmed/27332904
33,Pfkelch13,Bangladesh,BD,Chittagong,Cox's Bazar,21.439464,92.007732,2014,P. falciparum,25,Myanmar Oxford Clinical Research Unit,https://www.ncbi.nlm.nih.gov/pubmed/25704894
34,Pfkelch13,Bangladesh,BD,Chittagong,Bandarban,21.831100,92.368632,2011,P. falciparum,280,"Institute of Specific Prophylaxis and Tropical Medicine, Medical University of Vienna",https://www.ncbi.nlm.nih.gov/pubmed/27332904
35,Pfkelch13,Bangladesh,BD,Chittagong,Cox's Bazar,21.439464,92.007732,2012,P. falciparum,72,Wellcome Trust Sanger Institute,https://www.ncbi.nlm.nih.gov/pubmed/25599401
36,Pfkelch13,Bangladesh,BD,Chittagong,Bandarban,21.831100,92.368632,2014,P. falciparum,10,Menzies School of Health Research,https://www.ncbi.nlm.nih.gov/pubmed/28806961
38,Pfkelch13,Benin,BJ,Littoral,Cotonou,6.370293,2.391236,2012,P. falciparum,43,Institut de Recherche pour le Développement,http://www.ncbi.nlm.nih.gov/pubmed/27332904
39,Pfkelch13,Benin,BJ,Littoral,Cotonou,6.370293,2.391236,2013,P. falciparum,158,Institut de Recherche pour le Développement,http://www.ncbi.nlm.nih.gov/pubmed/27332904
40,Pfkelch13,Benin,BJ,,Multiple sites,8.241490,2.149437,2014,P. falciparum,78,Unité d'Enseignement et de Recherche en Parasitologie Mycologie; Faculté des Sciences de la Santé,http://www.ncbi.nlm.nih.gov/pubmed/27443837
47,Pfkelch13,Brazil,BR,Acre,Cruzeiro do Sul,-7.628041,-72.676161,2010,P. falciparum,140,Oswaldo Cruz Foundation,http://www.ncbi.nlm.nih.gov/pubmed/27068396
48,Pfkelch13,Brazil,BR,Amazonas,Manaus,-3.118923,-60.021518,2012,P. falciparum,106,Fundação de Medicina Tropical,http://www.ncbi.nlm.nih.gov/pubmed/27332904
52,Pfkelch13,Burkina Faso,BF,Bazèga,Balonghin,12.050000,-1.497222,2012,P. falciparum,145,Centre National de Recherche et de Formation sur le Paludisme,http://www.ncbi.nlm.nih.gov/pubmed/27332904
54,Pfkelch13,Burkina Faso,BF,Comoé,Niangoloko,10.287896,-4.910889,2012,P. falciparum,20,Centre National de Recherche et de Formation sur le Paludisme,http://www.ncbi.nlm.nih.gov/pubmed/27332904
56,Pfkelch13,Burkina Faso,BF,Comoé,Banfora,10.640016,-4.758804,2013,P. falciparum,39,Centre National de Recherche et de Formation sur le Paludisme,http://www.ncbi.nlm.nih.gov/pubmed/27332904
57,Pfkelch13,Burkina Faso,BF,Comoé,Niangoloko,10.287896,-4.910889,2013,P. falciparum,103,Centre National de Recherche et de Formation sur le Paludisme,http://www.ncbi.nlm.nih.gov/pubmed/27332904
81,Pfkelch13,Cambodia,KH,,Battambang and Pailin Provinces,12.430416,103.650001,2010,P. falciparum,19,Armed Forces Research Institute of Medical Sciences,http://www.ncbi.nlm.nih.gov/pubmed/26014942
82,Pfkelch13,Cambodia,KH,,Oddar Meanchey and Preah Vihear Provinces,13.612117,104.448021,2010,P. falciparum,57,Armed Forces Research Institute of Medical Sciences,http://www.ncbi.nlm.nih.gov/pubmed/26014942
83,Pfkelch13,Cambodia,KH,,Battambang and Pailin Provinces,12.430416,103.650001,2011,P. falciparum,31,Armed Forces Research Institute of Medical Sciences,http://www.ncbi.nlm.nih.gov/pubmed/26014942
84,Pfkelch13,Cambodia,KH,,Oddar Meanchey and Preah Vihear Provinces,13.612117,104.448021,2011,P. falciparum,46,Armed Forces Research Institute of Medical Sciences,http://www.ncbi.nlm.nih.gov/pubmed/26014942
85,Pfkelch13,Cambodia,KH,,Multiple sites,12.434786,103.902935,2011,P. falciparum,62,Armed Forces Research Institute of Medical Sciences,http://www.ncbi.nlm.nih.gov/pubmed/26014942
86,Pfkelch13,Cambodia,KH,,Battambang,13.028697,102.989615,2011,P. falciparum,71,"Institut Pasteur, Parasite Molecular Immunology Unit",http://www.ncbi.nlm.nih.gov/pubmed/24352242
87,Pfkelch13,Cambodia,KH,,Kampong Som Province,10.623333,103.525000,2011,P. falciparum,7,"Institut Pasteur, Parasite Molecular Immunology Unit",http://www.ncbi.nlm.nih.gov/pubmed/24352242
88,Pfkelch13,Cambodia,KH,,Kampot Province,10.741209,104.193092,2011,P. falciparum,12,"Institut Pasteur, Parasite Molecular Immunology Unit",http://www.ncbi.nlm.nih.gov/pubmed/24352242
89,Pfkelch13,Cambodia,KH,,Kratie Province,12.860630,105.969988,2011,P. falciparum,17,"Institut Pasteur, Parasite Molecular Immunology Unit",http://www.ncbi.nlm.nih.gov/pubmed/24352242
90,Pfkelch13,Cambodia,KH,,Mondulkiri Province,12.787943,107.101193,2011,P. falciparum,3,"Institut Pasteur, Parasite Molecular Immunology Unit",http://www.ncbi.nlm.nih.gov/pubmed/24352242
91,Pfkelch13,Cambodia,KH,,Oddar Meanchey Province,14.171720,103.636272,2011,P. falciparum,33,"Institut Pasteur, Parasite Molecular Immunology Unit",http://www.ncbi.nlm.nih.gov/pubmed/24352242
92,Pfkelch13,Cambodia,KH,,Pailin Province,12.909296,102.667558,2011,P. falciparum,84,"Institut Pasteur, Parasite Molecular Immunology Unit",http://www.ncbi.nlm.nih.gov/pubmed/24352242
93,Pfkelch13,Cambodia,KH,,Preah Vihear Province,14.008580,104.845462,2011,P. falciparum,19,"Institut Pasteur, Parasite Molecular Immunology Unit",http://www.ncbi.nlm.nih.gov/pubmed/24352242
94,Pfkelch13,Cambodia,KH,,Pursat Province,12.366321,103.636272,2011,P. falciparum,19,"Institut Pasteur, Parasite Molecular Immunology Unit",http://www.ncbi.nlm.nih.gov/pubmed/24352242
95,Pfkelch13,Cambodia,KH,,Ratanakiri Province,13.857661,107.101193,2011,P. falciparum,35,"Institut Pasteur, Parasite Molecular Immunology Unit",http://www.ncbi.nlm.nih.gov/pubmed/24352242
96,Pfkelch13,Cambodia,KH,Pailin Province,Pailin,12.741784,102.633104,2011,P. falciparum,87,Tracking Resistance to Artemisinin Collaboration,http://www.ncbi.nlm.nih.gov/pubmed/25075834
97,Pfkelch13,Cambodia,KH,,Preah Vihear Province,14.008580,104.845462,2011,P. falciparum,104,Tracking Resistance to Artemisinin Collaboration,http://www.ncbi.nlm.nih.gov/pubmed/25075834
98,Pfkelch13,Cambodia,KH,,Pursat Province,12.366321,103.636272,2011,P. falciparum,100,Tracking Resistance to Artemisinin Collaboration,http://www.ncbi.nlm.nih.gov/pubmed/25075834
99,Pfkelch13,Cambodia,KH,,Ratanakiri Province,13.857661,107.101193,2011,P. falciparum,114,Tracking Resistance to Artemisinin Collaboration,http://www.ncbi.nlm.nih.gov/pubmed/25075834
100,Pfkelch13,Cambodia,KH,Pailin Province,Pailin,12.741784,102.633104,2011,P. falciparum,27,"National Center for Parasitology, Entomology and Malaria Control, Ministry of Health",
101,Pfkelch13,Cambodia,KH,Preah Vihear,Rovieng,13.408027,105.079123,2011,P. falciparum,58,"National Center for Parasitology, Entomology and Malaria Control, Ministry of Health",
102,Pfkelch13,Cambodia,KH,Pursat,Veal Veng,12.546349,103.918749,2011,P. falciparum,43,"National Center for Parasitology, Entomology and Malaria Control, Ministry of Health",
103,Pfkelch13,Cambodia,KH,Kratié,Snuol,12.209614,106.440587,2011,P. falciparum,60,"National Center for Parasitology, Entomology and Malaria Control, Ministry of Health",
104,Pfkelch13,Cambodia,KH,,Oddar Meanchey and Preah Vihear Provinces,13.612117,104.448021,2012,P. falciparum,8,Armed Forces Research Institute of Medical Sciences,http://www.ncbi.nlm.nih.gov/pubmed/24352242
105,Pfkelch13,Cambodia,KH,,Oddar Meanchey Province,14.171720,103.636272,2012,P. falciparum,48,"National Center for Parasitology, Entomology and Malaria Control, Ministry of Health",https://www.ncbi.nlm.nih.gov/pubmed/27332904
106,Pfkelch13,Cambodia,KH,,Multiple sites,12.434786,103.902935,2012,P. falciparum,10,Armed Forces Research Institute of Medical Sciences,http://www.ncbi.nlm.nih.gov/pubmed/26014942
107,Pfkelch13,Cambodia,KH,Oddar Meanchey,Anlong Veng,14.241371,104.094325,2012,P. falciparum,107,Armed Forces Research Institute of Medical Sciences,http://www.ncbi.nlm.nih.gov/pubmed/25877962
108,Pfkelch13,Cambodia,KH,Kampong Speu,Oral,11.811908,104.007235,2012,P. falciparum,21,"National Center for Parasitology, Entomology and Malaria Control, Ministry of Health",https://www.ncbi.nlm.nih.gov/pubmed/27332904
109,Pfkelch13,Cambodia,KH,Pursat,Veal Veng,12.546349,103.918749,2012,P. falciparum,72,"National Center for Parasitology, Entomology and Malaria Control, Ministry of Health",https://www.ncbi.nlm.nih.gov/pubmed/27332904
110,Pfkelch13,Cambodia,KH,Kampong Thom,Sandan,13.169307,105.313119,2012,P. falciparum,57,"National Center for Parasitology, Entomology and Malaria Control, Ministry of Health",https://www.ncbi.nlm.nih.gov/pubmed/27332904
111,Pfkelch13,Cambodia,KH,Battambang,Tasanh,12.620985,102.860112,2012,P. falciparum,81,"National Center for Parasitology, Entomology and Malaria Control, Ministry of Health",https://www.ncbi.nlm.nih.gov/pubmed/27332904
112,Pfkelch13,Cambodia,KH,Kratié,Snuol,12.209614,106.440587,2013,P. falciparum,22,"National Center for Parasitology, Entomology and Malaria Control, Ministry of Health",https://www.ncbi.nlm.nih.gov/pubmed/26695060
113,Pfkelch13,Cambodia,KH,Preah Vihear,Rovieng,13.408027,105.079123,2013,P. falciparum,23,"National Center for Parasitology, Entomology and Malaria Control, Ministry of Health",https://www.ncbi.nlm.nih.gov/pubmed/27332904
114,Pfkelch13,Cambodia,KH,Kampot,Chhouk,10.835682,104.456682,2013,P. falciparum,17,"National Center for Parasitology, Entomology and Malaria Control, Ministry of Health",https://www.ncbi.nlm.nih.gov/pubmed/27332904
115,Pfkelch13,Cambodia,KH,,Pailin Province,12.909296,102.667558,2013,P. falciparum,58,"National Center for Parasitology, Entomology and Malaria Control, Ministry of Health",https://www.ncbi.nlm.nih.gov/pubmed/27332904
116,Pfkelch13,Cambodia,KH,,Stung Treng Province,13.576473,105.969988,2014,P. falciparum,78,"University Research Co., LLC",
117,Pfkelch13,Cambodia,KH,Preah Vihear,Chey Saen,13.570577,105.359957,2014,P. falciparum,11,Médecins Sans Frontières,http://www.ncbi.nlm.nih.gov/pubmed/27585957
118,Pfkelch13,Cambodia,KH,Pailin Province,Pailin,12.741784,102.633104,2014,P. falciparum,47,"National Center for Parasitology, Entomology and Malaria Control, Ministry of Health",
119,Pfkelch13,Cambodia,KH,Pursat,Veal Veng,12.546349,103.918749,2014,P. falciparum,54,"National Center for Parasitology, Entomology and Malaria Control, Ministry of Health",
120,Pfkelch13,Cambodia,KH,Battambang,Samlout,12.617326,102.861686,2014,P. falciparum,6,"National Center for Parasitology, Entomology and Malaria Control, Ministry of Health",
121,Pfkelch13,Cambodia,KH,Stung Treng,Sesan,13.503679,106.393478,2014,P. falciparum,40,"National Center for Parasitology, Entomology and Malaria Control, Ministry of Health",
122,Pfkelch13,Cambodia,KH,Mondulkiri,Kaoh Nheaek,13.075544,107.036227,2014,P. falciparum,40,"National Center for Parasitology, Entomology and Malaria Control, Ministry of Health",
123,Pfkelch13,Cambodia,KH,Siem Reap,Chi Kraeng,13.224333,104.379191,2014,P. falciparum,40,"National Center for Parasitology, Entomology and Malaria Control, Ministry of Health",
124,Pfkelch13,Cambodia,KH,Kratié,Snuol,12.209614,106.440587,2015,P. falciparum,52,"National Center for Parasitology, Entomology and Malaria Control, Ministry of Health",
125,Pfkelch13,Cambodia,KH,Siem Reap,Chi Kraeng,13.224333,104.379191,2015,P. falciparum,55,"National Center for Parasitology, Entomology and Malaria Control, Ministry of Health",
126,Pfkelch13,Cambodia,KH,Pursat,Veal Veng,12.546349,103.918749,2015,P. falciparum,56,"National Center for Parasitology, Entomology and Malaria Control, Ministry of Health",
127,Pfkelch13,Cambodia,KH,Kampong Speu,Oral,11.811908,104.007235,2015,P. falciparum,50,"National Center for Parasitology, Entomology and Malaria Control, Ministry of Health",
128,Pfkelch13,Cambodia,KH,Stung Treng,Siem Pang,14.112548,106.390534,2015,P. falciparum,55,"National Center for Parasitology, Entomology and Malaria Control, Ministry of Health",
129,Pfkelch13,Cameroon,CM,Mfoundi,Yaoundé,3.848032,11.502075,2012,P. falciparum,106,"Parasitologie et mycologie, le centre hospitalier universitaire de Toulouse",http://www.ncbi.nlm.nih.gov/pubmed/27332904
130,Pfkelch13,Cameroon,CM,Fako,Buea,4.148184,9.245302,2013,P. falciparum,11,Kenya Medical Research Institute/United States Army Medical Research Unit-Kenya,https://www.ncbi.nlm.nih.gov/pubmed/25367300
131,Pfkelch13,Cameroon,CM,Wouri,Douala,4.050000,9.683333,2013,P. falciparum,230,"Parasitologie et mycologie, le centre hospitalier universitaire de Toulouse",http://www.ncbi.nlm.nih.gov/pubmed/27332904
132,Pfkelch13,Cameroon,CM,Mfoundi,Yaoundé,3.848032,11.502075,2013,P. falciparum,411,"Parasitologie et mycologie, le centre hospitalier universitaire de Toulouse",http://www.ncbi.nlm.nih.gov/pubmed/27332904
133,Pfkelch13,Cameroon,CM,Wouri,Douala,4.050000,9.683333,2014,P. falciparum,87,"Parasitologie et mycologie, le centre hospitalier universitaire de Toulouse",http://www.ncbi.nlm.nih.gov/pubmed/27332904
138,Pfkelch13,Central African Republic,CF,Bangui Prefecture,Bangui,4.373333,18.562778,2011,P. falciparum,129,Institut Pasteur de Bangui,http://www.ncbi.nlm.nih.gov/pubmed/27332904
151,Pfkelch13,China,CN,Yunnan,Yingjiang,24.705211,97.931955,2010,P. falciparum,26,"National Institute of Parasitic Diseases, Chinese Center for Disease Control and Prevention, WHO Collaborating Center for Malaria, Schistosomiasis and Filariasis",https://www.ncbi.nlm.nih.gov/pubmed/25910630
152,Pfkelch13,China,CN,Yunnan,Tengchong,25.020439,98.490967,2010,P. falciparum,4,Institut Pasteur of Shanghai Chinese Academy of Sciences,http://www.ncbi.nlm.nih.gov/pubmed/27332904
154,Pfkelch13,China,CN,Yunnan,Yingjiang,24.705211,97.931955,2011,P. falciparum,14,Institut Pasteur of Shanghai Chinese Academy of Sciences,http://www.ncbi.nlm.nih.gov/pubmed/27332904
156,Pfkelch13,China,CN,Yunnan,Tengchong,25.020439,98.490967,2012,P. falciparum,12,"National Institute of Parasitic Diseases, Chinese Center for Disease Control and Prevention, WHO Collaborating Center for Malaria, Schistosomiasis and Filariasis",http://www.ncbi.nlm.nih.gov/pubmed/25910630
157,Pfkelch13,China,CN,Yunnan,Yingjiang,24.705211,97.931955,2012,P. falciparum,25,"National Institute of Parasitic Diseases, Chinese Center for Disease Control and Prevention, WHO Collaborating Center for Malaria, Schistosomiasis and Filariasis",http://www.ncbi.nlm.nih.gov/pubmed/25910630
158,Pfkelch13,China,CN,Yunnan,Tengchong,25.020439,98.490967,2012,P. falciparum,14,Institut Pasteur of Shanghai Chinese Academy of Sciences,http://www.ncbi.nlm.nih.gov/pubmed/27332904
159,Pfkelch13,China,CN,Yunnan,Yingjiang,24.705211,97.931955,2012,P. falciparum,8,Institut Pasteur of Shanghai Chinese Academy of Sciences,http://www.ncbi.nlm.nih.gov/pubmed/27332904
160,Pfkelch13,China,CN,Yunnan,Yingjiang,24.705211,97.931955,2013,P. falciparum,20,"National Institute of Parasitic Diseases, Chinese Center for Disease Control and Prevention",https://pubmed.ncbi.nlm.nih.gov/32928233/
161,Pfkelch13,China,CN,,Jiangsu Province,32.900000,119.800000,2013,P. falciparum,93,Institut Pasteur of Shanghai Chinese Academy of Sciences,http://www.ncbi.nlm.nih.gov/pubmed/27332904
163,Pfkelch13,China,CN,Yunnan,Yingjiang,24.705211,97.931955,2013,P. falciparum,7,"National Institute of Parasitic Diseases, Chinese Center for Disease Control and Prevention, WHO Collaborating Center for Malaria, Schistosomiasis and Filariasis",http://www.ncbi.nlm.nih.gov/pubmed/25691632
165,Pfkelch13,China,CN,Yunnan,Menglian,22.329099,99.584157,2014,P. falciparum,10,"National Institute of Parasitic Diseases, Chinese Center for Disease Control and Prevention",https://pubmed.ncbi.nlm.nih.gov/32928233/
166,Pfkelch13,China,CN,Yunnan,Yingjiang,24.705211,97.931955,2014,P. falciparum,26,"National Institute of Parasitic Diseases, Chinese Center for Disease Control and Prevention, WHO Collaborating Center for Malaria, Schistosomiasis and Filariasis",
167,Pfkelch13,China,CN,,Yunnan Province,25.050000,101.866667,2015,P. falciparum,2,"National Institute of Parasitic Diseases, Chinese Center for Disease Control and Prevention, WHO Collaborating Center for Malaria, Schistosomiasis and Filariasis",
168,Pfkelch13,Colombia,CO,Chocó,Quibdo,5.695633,-76.649812,2012,P. falciparum,98,Caucaseco Scientific Research Center,http://www.ncbi.nlm.nih.gov/pubmed/27332904
169,Pfkelch13,Colombia,CO,Córdoba,Tierralta,8.171571,-76.062313,2012,P. falciparum,39,Caucaseco Scientific Research Center,http://www.ncbi.nlm.nih.gov/pubmed/27332904
170,Pfkelch13,Colombia,CO,Nariño,Tumaco,1.787434,-78.791265,2012,P. falciparum,386,Caucaseco Scientific Research Center,http://www.ncbi.nlm.nih.gov/pubmed/27332904
174,Pfkelch13,Comoros,KM,Mwali,Wanani,-12.343837,43.802803,2011,P. falciparum,20,Programme National de Lutte Contre le Paludisme,http://www.ncbi.nlm.nih.gov/pubmed/27332904
175,Pfkelch13,Comoros,KM,Ngazidja,Moroni,-11.717216,43.247315,2011,P. falciparum,46,Programme National de Lutte Contre le Paludisme,http://www.ncbi.nlm.nih.gov/pubmed/27332904
176,Pfkelch13,Comoros,KM,Ngazidja,Foumbouni,-11.896709,43.493364,2011,P. falciparum,32,Programme National de Lutte Contre le Paludisme,http://www.ncbi.nlm.nih.gov/pubmed/27332904
177,Pfkelch13,Comoros,KM,Ndzuwani,Pomoni,-12.285910,44.412276,2011,P. falciparum,40,Programme National de Lutte Contre le Paludisme,http://www.ncbi.nlm.nih.gov/pubmed/27332904
178,Pfkelch13,Comoros,KM,Ngazidja,Foumbouni,-11.896709,43.493364,2013,P. falciparum,50,Programme National de Lutte Contre le Paludisme,http://www.ncbi.nlm.nih.gov/pubmed/27332904
179,Pfkelch13,Comoros,KM,Ndzuwani,Mitsamiouli,-11.387170,43.298071,2013,P. falciparum,19,Programme National de Lutte Contre le Paludisme,http://www.ncbi.nlm.nih.gov/pubmed/27332904
180,Pfkelch13,Comoros,KM,Ndzuwani,Oichili,-11.695407,43.387374,2013,P. falciparum,27,Programme National de Lutte Contre le Paludisme,http://www.ncbi.nlm.nih.gov/pubmed/27332904
181,Pfkelch13,Comoros,KM,Ngazidja,Moroni,-11.717216,43.247315,2013,P. falciparum,73,Programme National de Lutte Contre le Paludisme,http://www.ncbi.nlm.nih.gov/pubmed/27332904
182,Pfkelch13,Comoros,KM,,Comoros and Mayotte,-12.805732,44.875578,2013,P. falciparum,26,Institut de Recherche Biomédicale des Armées,http://www.ncbi.nlm.nih.gov/pubmed/26416865
183,Pfkelch13,Comoros,KM,,Grande Comore,-11.583333,43.333333,2013,P. falciparum,38,Guangzhou Private Science and Technology Park,http://www.ncbi.nlm.nih.gov/pubmed/26667053
184,Pfkelch13,Comoros,KM,Ngazidja,Mitsoudje,-11.816667,43.266667,2013,P. falciparum,26,Guangzhou Private Science and Technology Park,http://www.ncbi.nlm.nih.gov/pubmed/26667053
185,Pfkelch13,Comoros,KM,Ndzuwani,Mitsamiouli,-11.387170,43.298071,2013,P. falciparum,21,Guangzhou Private Science and Technology Park,http://www.ncbi.nlm.nih.gov/pubmed/26667053
188,Pfkelch13,Congo,CG,Brazzaville,Makélékélé,-4.281955,15.212442,2014,P. falciparum,93,"Programme National de Lutte contre le Paludisme, Ministère de la Santé et de la Population",
190,Pfkelch13,Congo,CG,Pointe Noire,Pointe Noire,-4.769162,11.866362,2015,P. falciparum,59,"Programme National de Lutte contre le Paludisme, Ministère de la Santé et de la Population",
191,Pfkelch13,Côte d’Ivoire,CI,,Abidjan,5.359952,-4.008256,2013,P. falciparum,14,Centre Suisse de Recherches Scientifiques en Côte d’Ivoire,http://www.ncbi.nlm.nih.gov/pubmed/27332904
192,Pfkelch13,Côte d’Ivoire,CI,,Abidjan,5.359952,-4.008256,2013,P. falciparum,18,Centre Suisse de Recherches Scientifiques en Côte d’Ivoire,http://www.ncbi.nlm.nih.gov/pubmed/27332904
193,Pfkelch13,Côte d’Ivoire,CI,,Abidjan,5.359952,-4.008256,2013,P. falciparum,463,Institut Pasteur de Côte d'Ivoire,http://www.ncbi.nlm.nih.gov/pubmed/27332904
194,Pfkelch13,Côte d’Ivoire,CI,Sud-Comoé,Ayamé,5.603175,-3.155378,2013,P. falciparum,61,Institut Pasteur de Côte d'Ivoire,http://www.ncbi.nlm.nih.gov/pubmed/27332904
195,Pfkelch13,Côte d’Ivoire,CI,Savanes,Korhogo,9.466934,-5.614256,2013,P. falciparum,76,Institut Pasteur de Côte d'Ivoire,http://www.ncbi.nlm.nih.gov/pubmed/27332904
196,Pfkelch13,Côte d’Ivoire,CI,Montagnes,Man,7.406428,-7.557223,2013,P. falciparum,93,Institut Pasteur de Côte d'Ivoire,http://www.ncbi.nlm.nih.gov/pubmed/27332904
197,Pfkelch13,Côte d’Ivoire,CI,,Abidjan,5.359952,-4.008256,2013,P. falciparum,98,Kenya Medical Research Institute/United States Army Medical Research Unit-Kenya,http://www.ncbi.nlm.nih.gov/pubmed/25367300
198,Pfkelch13,Côte d’Ivoire,CI,,Abidjan,5.359952,-4.008256,2014,P. falciparum,25,Centre Suisse de Recherches Scientifiques en Côte d’Ivoire,http://www.ncbi.nlm.nih.gov/pubmed/27332904
199,Pfkelch13,Côte d’Ivoire,CI,,Abidjan,5.359952,-4.008256,2014,P. falciparum,46,Centre Suisse de Recherches Scientifiques en Côte d’Ivoire,http://www.ncbi.nlm.nih.gov/pubmed/27332904
200,Pfkelch13,Côte d’Ivoire,CI,,Abidjan,5.359952,-4.008256,2014,P. falciparum,243,Institut Pasteur de Côte d'Ivoire,http://www.ncbi.nlm.nih.gov/pubmed/27332904
205,Pfkelch13,Democratic Republic of the Congo,CD,,Kinshasa,-4.325000,15.322222,2012,P. falciparum,115,Tracking Resistance to Artemisinin Collaboration,http://www.ncbi.nlm.nih.gov/pubmed/25075834
206,Pfkelch13,Democratic Republic of the Congo,CD,Equateur,Mbandaka,0.047778,18.255833,2013,P. falciparum,54,Programme National de Lutte contre le Paludisme,http://www.ncbi.nlm.nih.gov/pubmed/27332904
207,Pfkelch13,Democratic Republic of the Congo,CD,Haut-Katanga,Kapolowe,-10.942380,26.952181,2012,P. falciparum,29,Programme National de Lutte contre le Paludisme,http://www.ncbi.nlm.nih.gov/pubmed/27332904
208,Pfkelch13,Democratic Republic of the Congo,CD,Sud-Kivu,Katana,-2.225000,28.831389,2013,P. falciparum,76,Programme National de Lutte contre le Paludisme,http://www.ncbi.nlm.nih.gov/pubmed/27332904
209,Pfkelch13,Democratic Republic of the Congo,CD,Kinshasa,Kingasani,-4.410243,15.411201,2012,P. falciparum,179,Programme National de Lutte contre le Paludisme,http://www.ncbi.nlm.nih.gov/pubmed/27332904
210,Pfkelch13,Democratic Republic of the Congo,CD,,Kinshasa,-4.325000,15.322222,2013,P. falciparum,82,Kenya Medical Research Institute/United States Army Medical Research Unit-Kenya,http://www.ncbi.nlm.nih.gov/pubmed/25367300
211,Pfkelch13,Democratic Republic of the Congo,CD,,Kinshasa,-4.325000,15.322222,2013,P. falciparum,640,University of Kinshasa,http://www.ncbi.nlm.nih.gov/pubmed/27332904
212,Pfkelch13,Democratic Republic of the Congo,CD,,Kinshasa,-4.325000,15.322222,2014,P. falciparum,227,University of Kinshasa,http://www.ncbi.nlm.nih.gov/pubmed/27332904
214,Pfkelch13,Equatorial Guinea,GQ,,Bioko Island,3.500000,8.700000,2013,P. falciparum,98,"Institute of Basic Medical Sciences, College of Basic Medicine, Department of Infectious Diseases, Renmin Hospital, Hubei University of Medicine",http://www.ncbi.nlm.nih.gov/pubmed/27054064
215,Pfkelch13,Ethiopia,ET,Amhara,Kola Diba,12.422694,37.323940,2012,P. falciparum,126,"Institute of Specific Prophylaxis and Tropical Medicine, Medical University of Vienna",http://www.ncbi.nlm.nih.gov/pubmed/27332904
216,Pfkelch13,Ethiopia,ET,Amhara,Addis Zemen,12.123566,37.779562,2013,P. falciparum,28,"School of Biomedical and Laboratory Sciences, College of Medicine and Health Sciences, University of Gondar",http://www.ncbi.nlm.nih.gov/pubmed/26483118
217,Pfkelch13,Ethiopia,ET,Amhara,Maksenyit,12.383300,37.550000,2013,P. falciparum,43,"School of Biomedical and Laboratory Sciences, College of Medicine and Health Sciences, University of Gondar",http://www.ncbi.nlm.nih.gov/pubmed/26483118
218,Pfkelch13,Ethiopia,ET,Amhara,Sanja,13.333330,36.750000,2013,P. falciparum,21,"School of Biomedical and Laboratory Sciences, College of Medicine and Health Sciences, University of Gondar",http://www.ncbi.nlm.nih.gov/pubmed/26483118
219,Pfkelch13,Ethiopia,ET,,Multiple sites,7.397927,40.480728,2013,P. falciparum,82,Kenya Medical Research Institute/United States Army Medical Research Unit-Kenya,http://www.ncbi.nlm.nih.gov/pubmed/25367300
220,Pfkelch13,Ethiopia,ET,Amhara,Negade Bahir,11.660800,37.957800,2013,P. falciparum,18,"School of Biomedical and Laboratory Sciences, College of Medicine and Health Sciences, University of Gondar",http://www.ncbi.nlm.nih.gov/pubmed/26483118
221,Pfkelch13,Ethiopia,ET,Amhara,Aykel,12.548213,37.064183,2013,P. falciparum,15,"School of Biomedical and Laboratory Sciences, College of Medicine and Health Sciences, University of Gondar",http://www.ncbi.nlm.nih.gov/pubmed/26483118
222,Pfkelch13,French Guiana,GF,,Multiple sites (French Guiana),3.933889,-53.125782,2011,P. falciparum,22,Institut Pasteur de la Guyane,
229,Pfkelch13,French Guiana,GF,,Multiple sites (French Guiana),3.933889,-53.125782,2012,P. falciparum,127,Institut Pasteur de la Guyane,http://www.ncbi.nlm.nih.gov/pubmed/27332904
235,Pfkelch13,French Guiana,GF,,Multiple sites (French Guiana),3.933889,-53.125782,2013,P. falciparum,110,Institut Pasteur de la Guyane,http://www.ncbi.nlm.nih.gov/pubmed/27332904
236,Pfkelch13,French Guiana,GF,,Multiple sites (French Guiana),3.933889,-53.125782,2014,P. falciparum,92,Institut Pasteur de la Guyane,
237,Pfkelch13,Gabon,GA,Ogooué et des Lacs,Bindo,-0.741653,10.080730,2012,P. falciparum,3,Centre de Recherches Médicales de Lambaréné,http://www.ncbi.nlm.nih.gov/pubmed/27332904
238,Pfkelch13,Gabon,GA,Ogooué et des Lacs,Lambaréné,-0.701546,10.240386,2012,P. falciparum,241,Centre de Recherches Médicales de Lambaréné,http://www.ncbi.nlm.nih.gov/pubmed/27332904
239,Pfkelch13,Gabon,GA,Ogooué et des Lacs,Makouké,-0.570878,10.268425,2012,P. falciparum,9,Centre de Recherches Médicales de Lambaréné,http://www.ncbi.nlm.nih.gov/pubmed/27332904
240,Pfkelch13,Gabon,GA,Ogooué et des Lacs,Lambaréné,-0.701546,10.240386,2013,P. falciparum,52,Centre de Recherches Médicales de Lambaréné,http://www.ncbi.nlm.nih.gov/pubmed/27332904
241,Pfkelch13,Gabon,GA,Ogooué et des Lacs,Makouké,-0.570878,10.268425,2013,P. falciparum,4,Centre de Recherches Médicales de Lambaréné,http://www.ncbi.nlm.nih.gov/pubmed/27332904
242,Pfkelch13,Gabon,GA,Mpassa,Franceville,-1.633333,13.583333,2013,P. falciparum,49,Centre de Recherches Médicales de Lambaréné,http://www.ncbi.nlm.nih.gov/pubmed/27332904
243,Pfkelch13,Gabon,GA,Komo-Mondah,Libreville,0.416198,9.467268,2013,P. falciparum,93,Kenya Medical Research Institute/United States Army Medical Research Unit-Kenya,http://www.ncbi.nlm.nih.gov/pubmed/25367300
244,Pfkelch13,Gabon,GA,Ogooué et des Lacs,Lambaréné,-0.701546,10.240386,2014,P. falciparum,6,Centre de Recherches Médicales de Lambaréné,http://www.ncbi.nlm.nih.gov/pubmed/27332904
246,Pfkelch13,Gambia,GM,,Banjul LGA,13.486961,-16.581501,2013,P. falciparum,77,Kenya Medical Research Institute/United States Army Medical Research Unit-Kenya,http://www.ncbi.nlm.nih.gov/pubmed/25367300
247,Pfkelch13,Gambia,GM,Basse LGA,Basse Fulladu East,13.333333,-14.250000,2014,P. falciparum,54,National Malaria Control Programme,
248,Pfkelch13,Gambia,GM,Brikama LGA,Kombo Central,13.250000,-16.666667,2014,P. falciparum,80,National Malaria Control Programme,
249,Pfkelch13,Gambia,GM,Kuntaur LGA,Niani,13.666667,-14.916667,2014,P. falciparum,18,National Malaria Control Programme,
252,Pfkelch13,Ghana,GH,Upper East Region,Kassena Nankana East,10.733429,-1.478663,2013,P. falciparum,99,Kenya Medical Research Institute/United States Army Medical Research Unit-Kenya,http://www.ncbi.nlm.nih.gov/pubmed/25367300
253,Pfkelch13,Ghana,GH,Central Region,Cape Coast,5.131510,-1.279474,2013,P. falciparum,92,Kenya Medical Research Institute/United States Army Medical Research Unit-Kenya,http://www.ncbi.nlm.nih.gov/pubmed/25367300
254,Pfkelch13,Ghana,GH,,Cases imported from Ghana to China,7.173465,-1.023047,2013,P. falciparum,113,"National Institute of Parasitic Diseases, Chinese Center for Disease Control and Prevention, WHO Collaborating Center for Malaria, Schistosomiasis and Filariasis",http://www.ncbi.nlm.nih.gov/pubmed/25348538
256,Pfkelch13,Guyana,GY,,All country (Guyana),4.860416,-58.930180,2010,P. falciparum,98,"Malaria Branch, Division of Parasitic Diseases and Malaria, Center for Global Health, Center for Disease Control and Prevention",http://www.ncbi.nlm.nih.gov/pubmed/26690347
257,Pfkelch13,Guyana,GY,Demerara-Mahaica,Georgetown,6.805833,-58.166667,2014,P. falciparum,73,Ministry of Public Health,https://www.ncbi.nlm.nih.gov/pubmed/27704030
258,Pfkelch13,Haiti,HT,Ouest,Port-au-Prince,18.594395,-72.307433,2010,P. falciparum,38,University of Florida,http://www.ncbi.nlm.nih.gov/pubmed/25646258
259,Pfkelch13,Haiti,HT,Sud-Est,Jacmel,18.243006,-72.526398,2010,P. falciparum,15,University of Florida,http://www.ncbi.nlm.nih.gov/pubmed/25646258
260,Pfkelch13,Haiti,HT,Artibonite,Chabin,18.299814,-72.584009,2010,P. falciparum,1,University of Florida,http://www.ncbi.nlm.nih.gov/pubmed/25646258
261,Pfkelch13,Haiti,HT,Centre,Hinche,19.141160,-72.014223,2010,P. falciparum,4,University of Florida,http://www.ncbi.nlm.nih.gov/pubmed/25646258
262,Pfkelch13,Haiti,HT,Nord,Cap Haitian,19.737036,-72.206768,2010,P. falciparum,4,University of Florida,http://www.ncbi.nlm.nih.gov/pubmed/25646258
263,Pfkelch13,Haiti,HT,Nippes,Miragoâne,18.439525,-73.086274,2010,P. falciparum,2,University of Florida,http://www.ncbi.nlm.nih.gov/pubmed/25646258
264,Pfkelch13,Haiti,HT,Ouest,Léogâne,18.512838,-72.623987,2010,P. falciparum,18,University of Florida,http://www.ncbi.nlm.nih.gov/pubmed/25646258
265,Pfkelch13,India,IN,Meghalaya,West Garo Hills,25.567937,90.224466,2010,P. falciparum,13,"National Institute of Malaria Research, Indian Council of Medical Research",http://www.ncbi.nlm.nih.gov/pubmed/25691626
266,Pfkelch13,India,IN,West Bengal,Kolkata,22.572646,88.363895,2010,P. falciparum,20,"National Institute of Malaria Research, Indian Council of Medical Research",http://www.ncbi.nlm.nih.gov/pubmed/25691626
267,Pfkelch13,India,IN,Andhra Pradesh,Vishakhapatnam,17.686816,83.218481,2010,P. falciparum,20,"National Institute of Malaria Research, Indian Council of Medical Research",http://www.ncbi.nlm.nih.gov/pubmed/25691626
268,Pfkelch13,India,IN,Rajasthan,Pratapgarh,24.031651,74.778739,2010,P. falciparum,20,"National Institute of Malaria Research, Indian Council of Medical Research",http://www.ncbi.nlm.nih.gov/pubmed/25691626
269,Pfkelch13,India,IN,Gujarat,Surat,21.170240,72.831061,2010,P. falciparum,23,"National Institute of Malaria Research, Indian Council of Medical Research",http://www.ncbi.nlm.nih.gov/pubmed/25691626
270,Pfkelch13,India,IN,Maharashtra,Gadcharoli,19.496873,80.276733,2010,P. falciparum,24,"National Institute of Malaria Research, Indian Council of Medical Research",http://www.ncbi.nlm.nih.gov/pubmed/25691626
271,Pfkelch13,India,IN,Mizoram,Lunglei,22.867069,92.765536,2011,P. falciparum,20,"National Institute of Malaria Research, Indian Council of Medical Research",http://www.ncbi.nlm.nih.gov/pubmed/25691626
272,Pfkelch13,India,IN,West Bengal,Jalpaiguri,26.543477,88.720526,2011,P. falciparum,16,"National Institute of Malaria Research, Indian Council of Medical Research",http://www.ncbi.nlm.nih.gov/pubmed/25691626
273,Pfkelch13,India,IN,Jharkhand,Simdega,22.615114,84.495998,2011,P. falciparum,20,"National Institute of Malaria Research, Indian Council of Medical Research",http://www.ncbi.nlm.nih.gov/pubmed/25691626
274,Pfkelch13,India,IN,Chhattisgarh,Kanker,20.272713,81.488310,2011,P. falciparum,20,"National Institute of Malaria Research, Indian Council of Medical Research",http://www.ncbi.nlm.nih.gov/pubmed/25691626
275,Pfkelch13,India,IN,Madhya Pradesh,Betul,21.910803,77.901184,2011,P. falciparum,22,"National Institute of Malaria Research, Indian Council of Medical Research",http://www.ncbi.nlm.nih.gov/pubmed/25691626
276,Pfkelch13,India,IN,Mizoram,Lunglei,22.867069,92.765536,2012,P. falciparum,32,"National Institute of Malaria Research, Indian Council of Medical Research",http://www.ncbi.nlm.nih.gov/pubmed/25691626
277,Pfkelch13,India,IN,Assam,Karbi Anglong,26.186085,93.581269,2012,P. falciparum,10,"National Institute of Malaria Research, Indian Council of Medical Research",http://www.ncbi.nlm.nih.gov/pubmed/25691626
278,Pfkelch13,India,IN,Odisha,Sundergarh,22.124002,84.043175,2012,P. falciparum,22,"National Institute of Malaria Research, Indian Council of Medical Research",http://www.ncbi.nlm.nih.gov/pubmed/25691626
279,Pfkelch13,India,IN,Arunachal Pradesh,Changlang,27.704099,96.429817,2012,P. falciparum,24,"National Institute of Malaria Research, Indian Council of Medical Research",http://www.ncbi.nlm.nih.gov/pubmed/25691626
280,Pfkelch13,India,IN,Tripura,Gomati,23.516671,91.637215,2012,P. falciparum,38,"National Institute of Malaria Research, Indian Council of Medical Research",http://www.ncbi.nlm.nih.gov/pubmed/25691626
281,Pfkelch13,India,IN,Tripura,Gomati,23.516671,91.637215,2013,P. falciparum,20,"National Institute of Malaria Research, Indian Council of Medical Research",http://www.ncbi.nlm.nih.gov/pubmed/25691626
282,Pfkelch13,India,IN,Mizoram,Lunglei,22.867069,92.765536,2013,P. falciparum,20,"National Institute of Malaria Research, Indian Council of Medical Research",http://www.ncbi.nlm.nih.gov/pubmed/25691626
283,Pfkelch13,India,IN,Tripura,Gomati,23.516671,91.637215,2014,P. falciparum,85,"National Institute of Malaria Research, Indian Council of Medical Research",https://www.ncbi.nlm.nih.gov/pubmed/27912758
284,Pfkelch13,India,IN,Mizoram,Lunglei,22.867069,92.765536,2014,P. falciparum,84,"National Institute of Malaria Research, Indian Council of Medical Research",https://www.ncbi.nlm.nih.gov/pubmed/27912758
285,Pfkelch13,India,IN,Arunachal Pradesh,Changlang,27.704099,96.429817,2014,P. falciparum,85,"National Institute of Malaria Research, Indian Council of Medical Research",https://www.ncbi.nlm.nih.gov/pubmed/27912758
286,Pfkelch13,India,IN,Madhya Pradesh,Anupur,23.072922,81.778702,2014,P. falciparum,32,National Institute for Research in Tribal Health (NIRTH),https://www.ncbi.nlm.nih.gov/pubmed/27737665
287,Pfkelch13,India,IN,Jharkhand,Simdega,22.615114,84.495998,2014,P. falciparum,37,National Institute for Research in Tribal Health (NIRTH),https://www.ncbi.nlm.nih.gov/pubmed/27737665
288,Pfkelch13,India,IN,Madhya Pradesh,Jhabua,22.769666,74.592092,2014,P. falciparum,38,National Institute for Research in Tribal Health (NIRTH),https://www.ncbi.nlm.nih.gov/pubmed/27737665
289,Pfkelch13,India,IN,West Bengal,Kolkata,22.572646,88.363895,2014,P. falciparum,51,Calcutta School of Tropical Medicine,http://www.ncbi.nlm.nih.gov/pubmed/26688755
290,Pfkelch13,India,IN,Chhattisgarh,Bastar,19.107132,81.953481,2015,P. falciparum,79,National Institute for Research in Tribal Health (NIRTH),https://www.ncbi.nlm.nih.gov/pubmed/27737665
291,Pfkelch13,Indonesia,ID,East Nusa Tenggara,Sumba Island,-9.666667,120.000000,2011,P. falciparum,22,Eijkman Institute for Molecular Biology,http://www.ncbi.nlm.nih.gov/pubmed/27332904
292,Pfkelch13,Indonesia,ID,East Nusa Tenggara,Sumba Island,-9.666667,120.000000,2012,P. falciparum,84,Eijkman Institute for Molecular Biology,http://www.ncbi.nlm.nih.gov/pubmed/27332904
293,Pfkelch13,Iran (Islamic Republic of),IR,Sistan and Baluchestan,Chabahar,25.296878,60.645928,2013,P. falciparum,20,Institut Pasteur d'Iran,http://www.ncbi.nlm.nih.gov/pubmed/27332904
294,Pfkelch13,Iran (Islamic Republic of),IR,Sistan and Baluchestan,Iranshahr,35.709756,51.421772,2013,P. falciparum,4,Institut Pasteur d'Iran,http://www.ncbi.nlm.nih.gov/pubmed/27332904
295,Pfkelch13,Iran (Islamic Republic of),IR,Sistan and Baluchestan,Saravan,27.352603,62.344782,2013,P. falciparum,24,Institut Pasteur d'Iran,http://www.ncbi.nlm.nih.gov/pubmed/27332904
296,Pfkelch13,Iran (Islamic Republic of),IR,,Sistan and Baluchestan Province,27.529991,60.582068,2013,P. falciparum,28,Institut Pasteur d'Iran,http://www.ncbi.nlm.nih.gov/pubmed/27332904
301,Pfkelch13,Kenya,KE,,Siaya,-0.099824,34.274700,2010,P. falciparum,147,Centers for Disease Control and Prevention,http://www.ncbi.nlm.nih.gov/pubmed/26392510
302,Pfkelch13,Kenya,KE,,Kisumu,-0.091702,34.767957,2011,P. falciparum,41,Epicentre Research Centre,http://www.ncbi.nlm.nih.gov/pubmed/27332904
303,Pfkelch13,Kenya,KE,Homa Bay,Mfangano Island,-0.466667,34.016667,2012,P. falciparum,138,"Department of Medicine, Osaka City University",http://www.ncbi.nlm.nih.gov/pubmed/25695257
304,Pfkelch13,Kenya,KE,Homa Bay,Mfangano Island,-0.466667,34.016667,2012,P. falciparum,145,"Department of Medicine, Osaka City University",http://www.ncbi.nlm.nih.gov/pubmed/25695257
305,Pfkelch13,Kenya,KE,,Homa Bay,-0.535043,34.453097,2012,P. falciparum,69,"Department of Medicine, Osaka City University",http://www.ncbi.nlm.nih.gov/pubmed/25695257
306,Pfkelch13,Kenya,KE,,Homa Bay,-0.535043,34.453097,2012,P. falciparum,65,"Department of Medicine, Osaka City University",http://www.ncbi.nlm.nih.gov/pubmed/25695257
307,Pfkelch13,Kenya,KE,,Kibouge Island,-0.533333,34.083333,2012,P. falciparum,21,"Department of Medicine, Osaka City University",http://www.ncbi.nlm.nih.gov/pubmed/25695257
309,Pfkelch13,Kenya,KE,,Takawiri Island,-0.475591,34.087805,2012,P. falciparum,19,"Department of Medicine, Osaka City University",http://www.ncbi.nlm.nih.gov/pubmed/25695257
311,Pfkelch13,Kenya,KE,,Ngodhe Island,-0.353889,34.190556,2012,P. falciparum,18,"Department of Medicine, Osaka City University",http://www.ncbi.nlm.nih.gov/pubmed/25695257
313,Pfkelch13,Kenya,KE,,Kisumu,-0.091702,34.767957,2012,P. falciparum,120,Epicentre Research Centre,http://www.ncbi.nlm.nih.gov/pubmed/27332904
314,Pfkelch13,Kenya,KE,,Mbita,-0.700000,34.333333,2013,P. falciparum,40,"Department of Medicine, Osaka City University",http://www.ncbi.nlm.nih.gov/pubmed/25695257
315,Pfkelch13,Kenya,KE,,Kisumu,-0.091702,34.767957,2013,P. falciparum,16,Epicentre Research Centre,http://www.ncbi.nlm.nih.gov/pubmed/27332904
316,Pfkelch13,Kenya,KE,,Kisumu,-0.091702,34.767957,2013,P. falciparum,108,Kenya Medical Research Institute/United States Army Medical Research Unit-Kenya,http://www.ncbi.nlm.nih.gov/pubmed/25367300
318,Pfkelch13,Lao People's Democratic Republic,LA,Savannakhet,Xepon,16.696095,106.208090,2010,P. falciparum,40,"Howard Hughes Medical Institute, Center for Vaccine Development",https://www.ncbi.nlm.nih.gov/pubmed/25180241
319,Pfkelch13,Lao People's Democratic Republic,LA,,Attapeu Province,14.936340,107.101193,2011,P. falciparum,136,Tracking Resistance to Artemisinin Collaboration,http://www.ncbi.nlm.nih.gov/pubmed/25075834
320,Pfkelch13,Lao People's Democratic Republic,LA,Savannakhet,Xepon,16.696095,106.208090,2013,P. falciparum,45,Institut Pasteur du Laos,http://www.ncbi.nlm.nih.gov/pubmed/27332904
321,Pfkelch13,Lao People's Democratic Republic,LA,,Champasak Province,14.657866,105.969988,2013,P. falciparum,26,"Center of Malariology, Parasitology and Entomology, Ministry of Public Health",http://www.ncbi.nlm.nih.gov/pubmed/27332904
322,Pfkelch13,Lao People's Democratic Republic,LA,,Salavan Province,15.716566,106.414087,2013,P. falciparum,49,"Center of Malariology, Parasitology and Entomology, Ministry of Public Health",http://www.ncbi.nlm.nih.gov/pubmed/27332904
323,Pfkelch13,Lao People's Democratic Republic,LA,,Sekong Province,15.576745,107.006703,2014,P. falciparum,49,"Center of Malariology, Parasitology and Entomology, Ministry of Public Health",
324,Pfkelch13,Lao People's Democratic Republic,LA,,Champasak Province,14.657866,105.969988,2014,P. falciparum,30,"Center of Malariology, Parasitology and Entomology, Ministry of Public Health",
325,Pfkelch13,Lao People's Democratic Republic,LA,Savannakhet,Thapangthong,15.993015,105.792847,2015,P. falciparum,16,Lao-Oxford-Mahosot Hospital-Wellcome Trust Research Unit,http://www.ncbi.nlm.nih.gov/pubmed/27234446
326,Pfkelch13,Lao People's Democratic Republic,LA,Savannakhet,Nong,16.404470,106.627808,2015,P. falciparum,28,Lao-Oxford-Mahosot Hospital-Wellcome Trust Research Unit,http://www.ncbi.nlm.nih.gov/pubmed/27234446
328,Pfkelch13,Madagascar,MG,Boeny,Ambato-Boeni,-16.470889,46.716426,2012,P. falciparum,31,Institut Pasteur de Madagascar,http://www.ncbi.nlm.nih.gov/pubmed/27332904
329,Pfkelch13,Madagascar,MG,Androy,Ambovombe-Androy,-25.172013,46.089712,2012,P. falciparum,4,Institut Pasteur de Madagascar,http://www.ncbi.nlm.nih.gov/pubmed/27332904
330,Pfkelch13,Madagascar,MG,Diana,Antsiranana,-12.300000,49.283333,2012,P. falciparum,2,Institut Pasteur de Madagascar,http://www.ncbi.nlm.nih.gov/pubmed/27332904
331,Pfkelch13,Madagascar,MG,Sofia,Antsohihy,-16.600000,46.516667,2012,P. falciparum,45,Institut Pasteur de Madagascar,http://www.ncbi.nlm.nih.gov/pubmed/27332904
332,Pfkelch13,Madagascar,MG,Menabe,Belon'i Tsiribihina,-19.697155,44.543131,2012,P. falciparum,9,Institut Pasteur de Madagascar,http://www.ncbi.nlm.nih.gov/pubmed/27332904
333,Pfkelch13,Madagascar,MG,Atsimo-Andrefana,Ampanihy,-24.206470,45.865540,2012,P. falciparum,2,Institut Pasteur de Madagascar,http://www.ncbi.nlm.nih.gov/pubmed/27332904
334,Pfkelch13,Madagascar,MG,Atsimo-Andrefana,Farafangana,-22.805286,47.820614,2012,P. falciparum,9,Institut Pasteur de Madagascar,http://www.ncbi.nlm.nih.gov/pubmed/27332904
335,Pfkelch13,Madagascar,MG,Haute-Matsiatra,Fianarantsoa,-21.453611,47.085833,2012,P. falciparum,2,Institut Pasteur de Madagascar,http://www.ncbi.nlm.nih.gov/pubmed/27332904
336,Pfkelch13,Madagascar,MG,Betsiboka,Maevatanana,-16.948341,46.832549,2012,P. falciparum,13,Institut Pasteur de Madagascar,http://www.ncbi.nlm.nih.gov/pubmed/27332904
337,Pfkelch13,Madagascar,MG,Boeny,Mahajanga,-15.716667,46.316667,2012,P. falciparum,5,Institut Pasteur de Madagascar,http://www.ncbi.nlm.nih.gov/pubmed/27332904
338,Pfkelch13,Madagascar,MG,Melaky,Maintirano,-16.150000,46.616667,2012,P. falciparum,25,Institut Pasteur de Madagascar,http://www.ncbi.nlm.nih.gov/pubmed/27332904
339,Pfkelch13,Madagascar,MG,Vatovavy,Mananjary,-21.231111,48.341944,2012,P. falciparum,4,Institut Pasteur de Madagascar,http://www.ncbi.nlm.nih.gov/pubmed/27332904
340,Pfkelch13,Madagascar,MG,Sofia,Mandritsara,-15.833333,48.816667,2012,P. falciparum,1,Institut Pasteur de Madagascar,http://www.ncbi.nlm.nih.gov/pubmed/27332904
341,Pfkelch13,Madagascar,MG,Analanjirofo,Maroantsetra,-15.435399,49.739258,2012,P. falciparum,1,Institut Pasteur de Madagascar,http://www.ncbi.nlm.nih.gov/pubmed/27332904
342,Pfkelch13,Madagascar,MG,Menabe,Miandrivazo,-19.535431,45.461579,2012,P. falciparum,4,Institut Pasteur de Madagascar,http://www.ncbi.nlm.nih.gov/pubmed/27332904
343,Pfkelch13,Madagascar,MG,Alaotra-Mangoro,Moramanga,-18.948903,48.224427,2012,P. falciparum,3,Institut Pasteur de Madagascar,http://www.ncbi.nlm.nih.gov/pubmed/27332904
344,Pfkelch13,Madagascar,MG,Atsimo-Andrefana,Morombe,-21.748889,43.363056,2012,P. falciparum,14,Institut Pasteur de Madagascar,http://www.ncbi.nlm.nih.gov/pubmed/27332904
345,Pfkelch13,Madagascar,MG,Menabe,Morondava,-20.516667,44.366667,2012,P. falciparum,10,Institut Pasteur de Madagascar,http://www.ncbi.nlm.nih.gov/pubmed/27332904
346,Pfkelch13,Madagascar,MG,Diana,Nosy Be,-13.333333,48.250000,2012,P. falciparum,2,Institut Pasteur de Madagascar,http://www.ncbi.nlm.nih.gov/pubmed/27332904
347,Pfkelch13,Madagascar,MG,Analanjirofo,Nosy Boraha,-16.916667,49.900000,2012,P. falciparum,5,Institut Pasteur de Madagascar,http://www.ncbi.nlm.nih.gov/pubmed/27332904
348,Pfkelch13,Madagascar,MG,Anosy,Taolanaro,-24.596532,46.902837,2012,P. falciparum,37,Institut Pasteur de Madagascar,http://www.ncbi.nlm.nih.gov/pubmed/27332904
349,Pfkelch13,Madagascar,MG,Atsinanana,Taomasina,-18.150000,49.416667,2012,P. falciparum,26,Institut Pasteur de Madagascar,http://www.ncbi.nlm.nih.gov/pubmed/27332904
350,Pfkelch13,Madagascar,MG,Bongolava,Tsiroanomandidy,-18.767904,46.051553,2012,P. falciparum,1,Institut Pasteur de Madagascar,http://www.ncbi.nlm.nih.gov/pubmed/27332904
351,Pfkelch13,Madagascar,MG,Analamanga,Antananarivo,-18.933333,47.516667,2013,P. falciparum,97,Kenya Medical Research Institute/United States Army Medical Research Unit-Kenya,http://www.ncbi.nlm.nih.gov/pubmed/25367300
357,Pfkelch13,Mali,ML,Bamako,Sotuba,12.663245,-7.914349,2010,P. falciparum,24,"Department of Epidemiology of Parasitic Diseases, University of Sciences, Techniques and Technologies of Bamako",
358,Pfkelch13,Mali,ML,Koulikoro,Kati,12.745372,-8.073800,2010,P. falciparum,27,"Department of Epidemiology of Parasitic Diseases, University of Sciences, Techniques and Technologies of Bamako",
359,Pfkelch13,Mali,ML,Sikasso,Bougoula,10.783333,-6.916667,2010,P. falciparum,87,"Department of Epidemiology of Parasitic Diseases, University of Sciences, Techniques and Technologies of Bamako",http://www.ncbi.nlm.nih.gov/pubmed/25918205
360,Pfkelch13,Mali,ML,Bamako,Bamako,12.617098,-7.981084,2012,P. falciparum,83,"Department of Epidemiology of Parasitic Diseases, University of Sciences, Techniques and Technologies of Bamako",http://www.ncbi.nlm.nih.gov/pubmed/27332904
361,Pfkelch13,Mali,ML,Koulikoro,Banambani,12.648401,-8.405007,2013,P. falciparum,227,"Department of Epidemiology of Parasitic Diseases, University of Sciences, Techniques and Technologies of Bamako",http://www.ncbi.nlm.nih.gov/pubmed/27332904
362,Pfkelch13,Mali,ML,Koulikoro,Faladié,13.135393,-8.334854,2013,P. falciparum,91,Kenya Medical Research Institute/United States Army Medical Research Unit-Kenya,http://www.ncbi.nlm.nih.gov/pubmed/25367300
363,Pfkelch13,Mali,ML,Bamako,Bamako,12.617098,-7.981084,2013,P. falciparum,130,"Department of Epidemiology of Parasitic Diseases, University of Sciences, Techniques and Technologies of Bamako",http://www.ncbi.nlm.nih.gov/pubmed/27332904
364,Pfkelch13,Mali,ML,Bamako,Bamako,12.617098,-7.981084,2014,P. falciparum,2,"Department of Epidemiology of Parasitic Diseases, University of Sciences, Techniques and Technologies of Bamako",http://www.ncbi.nlm.nih.gov/pubmed/27332904
365,Pfkelch13,Mayotte,YT,,Multiple sites (Mayotte),-12.827500,45.166244,2013,P. falciparum,27,Institut de Recherche Biomédicale des Armées,http://www.ncbi.nlm.nih.gov/pubmed/27332904
367,Pfkelch13,Mozambique,MZ,,Maputo Province,-25.966667,32.583333,2010,P. falciparum,50,"Departamento de Pediatria, Hospital Prof. Doutor Fernando Fonseca EPE",http://www.ncbi.nlm.nih.gov/pubmed/25789669
369,Pfkelch13,Mozambique,MZ,Cabo Delgado,Montepuez,-13.134045,38.998105,2015,P. falciparum,87,"ISGlobal, Barcelona Institute for Global Health, Hospital Clínic-Universitat de Barcelona",https://pubmed.ncbi.nlm.nih.gov/29260689/
370,Pfkelch13,Mozambique,MZ,Sofala,Dondo,-19.611540,34.740929,2015,P. falciparum,88,"ISGlobal, Barcelona Institute for Global Health, Hospital Clínic-Universitat de Barcelona",https://pubmed.ncbi.nlm.nih.gov/29260689/
371,Pfkelch13,Mozambique,MZ,Tete,Moatize,-16.116667,33.733333,2015,P. falciparum,89,"ISGlobal, Barcelona Institute for Global Health, Hospital Clínic-Universitat de Barcelona",https://pubmed.ncbi.nlm.nih.gov/29260689/
372,Pfkelch13,Mozambique,MZ,Gaza,Chókwè,-24.532317,32.983200,2015,P. falciparum,87,"ISGlobal, Barcelona Institute for Global Health, Hospital Clínic-Universitat de Barcelona",https://pubmed.ncbi.nlm.nih.gov/29260689/
379,Pfkelch13,Myanmar,MM,Mon,Mawlamyine,16.454317,97.643961,2010,P. falciparum,82,"Department of Medical Environmental Biology and Tropical Medicine, School of Medicine, Kangwon National University",https://www.ncbi.nlm.nih.gov/pubmed/28806957
380,Pfkelch13,Myanmar,MM,,Kachin State,25.850904,97.438136,2010,P. falciparum,7,"Department of Entomology, Pennsylvania State University",http://www.ncbi.nlm.nih.gov/pubmed/27332904
381,Pfkelch13,Myanmar,MM,,Wa State,22.036199,98.133856,2010,P. falciparum,4,"Department of Entomology, Pennsylvania State University",http://www.ncbi.nlm.nih.gov/pubmed/27332904
383,Pfkelch13,Myanmar,MM,Shan,Mu Se,23.993288,97.910265,2011,P. falciparum,71,Department of Medical Research (Upper Myanmar),https://www.ncbi.nlm.nih.gov/pubmed/28388902
384,Pfkelch13,Myanmar,MM,Bago,Shwegyin,17.929317,96.880674,2011,P. falciparum,73,Tracking Resistance to Artemisinin Collaboration,http://www.ncbi.nlm.nih.gov/pubmed/25075834
385,Pfkelch13,Myanmar,MM,Tanintharyi,Kawthaung,9.995811,98.552875,2011,P. falciparum,49,Department of Medical Research (Lower Myanmar),http://www.ncbi.nlm.nih.gov/pubmed/23520478
387,Pfkelch13,Myanmar,MM,Sagaing,Kalay and Tamu,24.219884,94.310288,2011,P. falciparum,97,Department of Medical Research (Upper Myanmar),https://www.ncbi.nlm.nih.gov/pubmed/28388902
389,Pfkelch13,Myanmar,MM,Bago,Shwegyin,17.929317,96.880674,2012,P. falciparum,50,"Department of Medical Environmental Biology and Tropical Medicine, School of Medicine, Kangwon National University",https://www.ncbi.nlm.nih.gov/pubmed/28806957
390,Pfkelch13,Myanmar,MM,Tanintharyi,Kawthaung,9.995811,98.552875,2012,P. falciparum,106,"Department of Medical Environmental Biology and Tropical Medicine, School of Medicine, Kangwon National University",https://www.ncbi.nlm.nih.gov/pubmed/28806957
391,Pfkelch13,Myanmar,MM,Kayin,Myawaddy,16.684271,98.500712,2012,P. falciparum,54,"Department of Medical Environmental Biology and Tropical Medicine, School of Medicine, Kangwon National University",https://www.ncbi.nlm.nih.gov/pubmed/28806957
392,Pfkelch13,Myanmar,MM,,Kachin State,25.850904,97.438136,2012,P. falciparum,8,"Department of Entomology, Pennsylvania State University",https://www.ncbi.nlm.nih.gov/pubmed/27332904
393,Pfkelch13,Myanmar,MM,Chin,Paletwa,21.303646,92.853970,2013,P. falciparum,49,Department of Medical Research (Lower Myanmar),http://www.ncbi.nlm.nih.gov/pubmed/25537878
394,Pfkelch13,Myanmar,MM,Sagaing,Homalin,24.883333,94.916667,2013,P. falciparum,91,"Department of Medicine, Institute of Medicine",http://www.ncbi.nlm.nih.gov/pubmed/26911145
395,Pfkelch13,Myanmar,MM,Shan,Kyaukme,22.539167,97.028333,2013,P. falciparum,13,"Department of Medicine, Institute of Medicine",http://www.ncbi.nlm.nih.gov/pubmed/26911145
396,Pfkelch13,Myanmar,MM,Kayin,Myawaddy,16.684271,98.500712,2013,P. falciparum,68,"Department of Medical Environmental Biology and Tropical Medicine, School of Medicine, Kangwon National University",https://www.ncbi.nlm.nih.gov/pubmed/28806957
398,Pfkelch13,Myanmar,MM,Mandalay,Pyin Oo Lwin,22.039177,96.471658,2013,P. falciparum,71,Defence Services Medical Research Centre,http://www.ncbi.nlm.nih.gov/pubmed/27036739
399,Pfkelch13,Myanmar,MM,Kayin,Kyeikdon,16.002500,98.402500,2013,P. falciparum,42,Department of Medical Research (Lower Myanmar),http://www.ncbi.nlm.nih.gov/pubmed/25537878
400,Pfkelch13,Myanmar,MM,Kachin,Myitkyina,25.394614,97.384073,2013,P. falciparum,43,Defence Services Medical Research Centre,http://www.ncbi.nlm.nih.gov/pubmed/27036739
401,Pfkelch13,Myanmar,MM,,Kachin State,25.850904,97.438136,2013,P. falciparum,46,"Department of Entomology, Pennsylvania State University",http://www.ncbi.nlm.nih.gov/pubmed/27332904
402,Pfkelch13,Myanmar,MM,Rakhine,Ann,19.850000,94.000000,2013,P. falciparum,64,"Department of Medicine, Institute of Medicine",http://www.ncbi.nlm.nih.gov/pubmed/26911145
404,Pfkelch13,Myanmar,MM,Kayah,Hpruso,19.050000,97.133300,2013,P. falciparum,6,"Department of Medicine, Institute of Medicine",http://www.ncbi.nlm.nih.gov/pubmed/26911145
405,Pfkelch13,Myanmar,MM,,Bago Region,18.250000,96.000000,2013,P. falciparum,52,Myanmar Oxford Clinical Research Unit,http://www.ncbi.nlm.nih.gov/pubmed/25704894
406,Pfkelch13,Myanmar,MM,,Chin State,22.389675,93.581269,2013,P. falciparum,62,Myanmar Oxford Clinical Research Unit,http://www.ncbi.nlm.nih.gov/pubmed/25704894
407,Pfkelch13,Myanmar,MM,,Kachin State,25.850904,97.438136,2013,P. falciparum,70,Myanmar Oxford Clinical Research Unit,http://www.ncbi.nlm.nih.gov/pubmed/25704894
408,Pfkelch13,Myanmar,MM,,Kayah State,19.234206,97.265286,2013,P. falciparum,2,Myanmar Oxford Clinical Research Unit,http://www.ncbi.nlm.nih.gov/pubmed/25704894
409,Pfkelch13,Myanmar,MM,,Kayin State,16.945935,97.959286,2013,P. falciparum,288,Myanmar Oxford Clinical Research Unit,http://www.ncbi.nlm.nih.gov/pubmed/25704894
410,Pfkelch13,Myanmar,MM,,Mandalay Region,21.000000,95.750000,2013,P. falciparum,181,Myanmar Oxford Clinical Research Unit,http://www.ncbi.nlm.nih.gov/pubmed/25704894
411,Pfkelch13,Myanmar,MM,,Mon State,17.062604,97.351656,2013,P. falciparum,8,Myanmar Oxford Clinical Research Unit,http://www.ncbi.nlm.nih.gov/pubmed/25704894
412,Pfkelch13,Myanmar,MM,,Rakine State,19.500000,94.000000,2013,P. falciparum,29,Myanmar Oxford Clinical Research Unit,http://www.ncbi.nlm.nih.gov/pubmed/25704894
413,Pfkelch13,Myanmar,MM,,Sagaing Region,21.500000,95.616667,2013,P. falciparum,46,Myanmar Oxford Clinical Research Unit,http://www.ncbi.nlm.nih.gov/pubmed/25704894
414,Pfkelch13,Myanmar,MM,,Shan State,21.500000,98.000000,2013,P. falciparum,21,Myanmar Oxford Clinical Research Unit,http://www.ncbi.nlm.nih.gov/pubmed/25704894
419,Pfkelch13,Myanmar,MM,Rakhine,Buthidaung,20.869510,92.527221,2014,P. falciparum,101,Department of Medical Research (Upper Myanmar),
420,Pfkelch13,Myanmar,MM,Sagaing,Tamu,24.219884,94.310288,2014,P. falciparum,57,Department of Medical Research (Upper Myanmar),http://www.ncbi.nlm.nih.gov/pubmed/27332904
421,Pfkelch13,Myanmar,MM,Mandalay,Thabeikkyin,22.883333,95.983333,2014,P. falciparum,63,Department of Medical Research (Upper Myanmar),http://www.ncbi.nlm.nih.gov/pubmed/27332904
423,Pfkelch13,Myanmar,MM,Shan,Mu Se,23.993288,97.910265,2015,P. falciparum,97,Department of Medical Research (Upper Myanmar),
426,Pfkelch13,Myanmar,MM,Kachin,Myitkyina,25.394614,97.384073,2015,P. falciparum,95,Department of Medical Research (Upper Myanmar),
427,Pfkelch13,Nepal,NP,Sudurpashchim Pradesh,Kanchanpur,28.837201,80.321311,2013,P. falciparum,6,"Central Department of Microbiology, Tribhuvan University",http://www.ncbi.nlm.nih.gov/pubmed/27332904
428,Pfkelch13,Nepal,NP,Sudurpashchim Pradesh,Kailali,28.831355,80.898650,2013,P. falciparum,5,"Central Department of Microbiology, Tribhuvan University",http://www.ncbi.nlm.nih.gov/pubmed/27332904
429,Pfkelch13,Niger,NE,,Maradi Region,13.500000,7.100000,2013,P. falciparum,145,Centre de Recherche Médicale et Sanitaire,http://www.ncbi.nlm.nih.gov/pubmed/27332904
430,Pfkelch13,Niger,NE,,Niamey Urban Community,13.521389,2.105278,2013,P. falciparum,367,Centre de Recherche Médicale et Sanitaire,http://www.ncbi.nlm.nih.gov/pubmed/27332904
432,Pfkelch13,Nigeria,NG,Kwara,Ilorin,8.479879,4.541814,2011,P. falciparum,36,Tracking Resistance to Artemisinin Collaboration,http://www.ncbi.nlm.nih.gov/pubmed/25075834
433,Pfkelch13,Nigeria,NG,Lagos,Lagos,6.524379,3.379206,2013,P. falciparum,89,Kenya Medical Research Institute/United States Army Medical Research Unit-Kenya,http://www.ncbi.nlm.nih.gov/pubmed/25367300
435,Pfkelch13,Papua New Guinea,PG,,Chimbu Province,-6.433333,145.000000,2013,P. falciparum,1,Papua New Guinea Institute of Medical Research,http://www.ncbi.nlm.nih.gov/pubmed/27332904
436,Pfkelch13,Papua New Guinea,PG,,Eastern Highlands Province,-6.500000,145.666667,2013,P. falciparum,2,Papua New Guinea Institute of Medical Research,http://www.ncbi.nlm.nih.gov/pubmed/27332904
437,Pfkelch13,Papua New Guinea,PG,,Enga Province,-5.416667,143.500000,2013,P. falciparum,1,Papua New Guinea Institute of Medical Research,http://www.ncbi.nlm.nih.gov/pubmed/27332904
438,Pfkelch13,Papua New Guinea,PG,,Madang Province,-4.984973,145.137583,2013,P. falciparum,3,Papua New Guinea Institute of Medical Research,http://www.ncbi.nlm.nih.gov/pubmed/27332904
439,Pfkelch13,Papua New Guinea,PG,,Manus Province,-2.083333,147.000000,2013,P. falciparum,1,Papua New Guinea Institute of Medical Research,http://www.ncbi.nlm.nih.gov/pubmed/27332904
440,Pfkelch13,Papua New Guinea,PG,,Morobe Province,-6.833333,146.666667,2013,P. falciparum,2,Papua New Guinea Institute of Medical Research,http://www.ncbi.nlm.nih.gov/pubmed/27332904
441,Pfkelch13,Papua New Guinea,PG,,East New Britain Province,-5.166667,151.750000,2014,P. falciparum,9,Papua New Guinea Institute of Medical Research,http://www.ncbi.nlm.nih.gov/pubmed/27332904
442,Pfkelch13,Papua New Guinea,PG,,East Sepik Province,-4.315006,143.045893,2014,P. falciparum,7,Papua New Guinea Institute of Medical Research,http://www.ncbi.nlm.nih.gov/pubmed/27332904
443,Pfkelch13,Papua New Guinea,PG,,Gulf Province,-7.333333,145.000000,2014,P. falciparum,2,Papua New Guinea Institute of Medical Research,http://www.ncbi.nlm.nih.gov/pubmed/27332904
444,Pfkelch13,Papua New Guinea,PG,,New Ireland Province,-3.000000,151.500000,2014,P. falciparum,7,Papua New Guinea Institute of Medical Research,http://www.ncbi.nlm.nih.gov/pubmed/27332904
445,Pfkelch13,Papua New Guinea,PG,,Northern Province,-9.000000,148.083333,2014,P. falciparum,2,Papua New Guinea Institute of Medical Research,http://www.ncbi.nlm.nih.gov/pubmed/27332904
446,Pfkelch13,Papua New Guinea,PG,,Sandaun Province,-3.666667,141.500000,2014,P. falciparum,5,Papua New Guinea Institute of Medical Research,http://www.ncbi.nlm.nih.gov/pubmed/27332904
447,Pfkelch13,Peru,PE,Loreto,Loreto Province,-4.000000,-74.320000,2012,P. falciparum,45,Naval Medical Research Unit 6,http://www.ncbi.nlm.nih.gov/pubmed/27332904
448,Pfkelch13,Peru,PE,Loreto,Loreto Province,-4.000000,-74.320000,2013,P. falciparum,24,Naval Medical Research Unit 6,http://www.ncbi.nlm.nih.gov/pubmed/27332904
450,Pfkelch13,Philippines,PH,,Palawan Province,9.834949,118.738361,2013,P. falciparum,96,Research Institute for Tropical Medicine,http://www.ncbi.nlm.nih.gov/pubmed/27332904
451,Pfkelch13,Philippines,PH,Bangsamoro,Tawi-Tawi Island,5.200000,120.083333,2013,P. falciparum,3,Research Institute for Tropical Medicine,http://www.ncbi.nlm.nih.gov/pubmed/27332904
452,Pfkelch13,Rwanda,RW,Western Province,Rusizi,-2.530270,29.185578,2012,P. falciparum,112,"Malaria and Other Parasitic Division, Institute of HIV/AIDS, Disease Prevention & Control (IHDPC), Rwanda Biomedical Center, Ministry of Health",
453,Pfkelch13,Rwanda,RW,Southern Province,Gisagara,-2.599274,29.837853,2012,P. falciparum,101,"Malaria and Other Parasitic Division, Institute of HIV/AIDS, Disease Prevention & Control (IHDPC), Rwanda Biomedical Center, Ministry of Health",
454,Pfkelch13,Rwanda,RW,Eastern Province,Nyagatare,-1.286300,30.295786,2012,P. falciparum,73,"Malaria and Other Parasitic Division, Institute of HIV/AIDS, Disease Prevention & Control (IHDPC), Rwanda Biomedical Center, Ministry of Health",
455,Pfkelch13,Rwanda,RW,Eastern Province,Kayonza,-1.913858,30.619989,2012,P. falciparum,134,"Malaria and Other Parasitic Division, Institute of HIV/AIDS, Disease Prevention & Control (IHDPC), Rwanda Biomedical Center, Ministry of Health",
460,Pfkelch13,Senegal,SN,Dakar,Dakar,14.764504,-17.366029,2012,P. falciparum,64,"Aix Marseille Université, Unité de recherche sur les maladies infectieuses et tropicales emergentes",http://www.ncbi.nlm.nih.gov/pubmed/25471113
461,Pfkelch13,Senegal,SN,Dakar,Dakar,14.764504,-17.366029,2012,P. falciparum,138,Institut de Recherche Biomédicale des Armées,http://www.ncbi.nlm.nih.gov/pubmed/27332904
462,Pfkelch13,Senegal,SN,Tambacounda,Tambacounda,13.768889,-13.667222,2012,P. falciparum,37,Institut de Recherche Biomédicale des Armées,http://www.ncbi.nlm.nih.gov/pubmed/27332904
463,Pfkelch13,Senegal,SN,Dakar,Dakar,14.764504,-17.366029,2013,P. falciparum,4,Institut Pasteur de Dakar,http://www.ncbi.nlm.nih.gov/pubmed/27332904
464,Pfkelch13,Senegal,SN,Dakar,Dakar,14.764504,-17.366029,2013,P. falciparum,92,"Unité de Parasitologie, Département d'Infectiologie de Terrain, Institut de Recherche Biomédicale des Armées",http://www.ncbi.nlm.nih.gov/pubmed/26503652
467,Pfkelch13,Solomon Islands,SB,,Auki,-8.768600,160.688910,2012,P. falciparum,14,Walter and Eliza Hall Institute of Medical Research,http://www.ncbi.nlm.nih.gov/pubmed/27332904
468,Pfkelch13,Solomon Islands,SB,Guadalcanal,Tetere,-9.424099,160.169815,2012,P. falciparum,28,Walter and Eliza Hall Institute of Medical Research,http://www.ncbi.nlm.nih.gov/pubmed/27332904
469,Pfkelch13,Somalia,SO,Middle Shabelle,Jowhar,2.783333,45.500000,2013,P. falciparum,94,Malaria Programme,http://www.ncbi.nlm.nih.gov/pubmed/27332904
470,Pfkelch13,Somalia,SO,Lower Shabelle,Merca,1.713333,44.765556,2013,P. falciparum,92,Malaria Programme,http://www.ncbi.nlm.nih.gov/pubmed/27332904
471,Pfkelch13,Somalia,SO,Bari,Bosaso,11.284722,49.182500,2015,P. falciparum,76,"Global Malaria Programme, World Health Organization",https://pubmed.ncbi.nlm.nih.gov/25583123/
473,Pfkelch13,Sudan,SD,Blue Nile,Damazin,11.785454,34.342140,2013,P. falciparum,12,"Federal Ministry of Health, National Malaria Control Programme",
474,Pfkelch13,Sudan,SD,Sennar,Sennar,13.567469,33.567205,2013,P. falciparum,6,"Federal Ministry of Health, National Malaria Control Programme",
475,Pfkelch13,Suriname,SR,,All country (Suriname),5.833333,-55.166667,2013,P. falciparum,38,Foundation for Scientific Research Suriname,https://www.ncbi.nlm.nih.gov/pubmed/28438929
498,Pfkelch13,Thailand,TH,,Ranong Province,9.952870,98.608464,2010,P. falciparum,6,Thammasat University,http://www.ncbi.nlm.nih.gov/pubmed/27332904
499,Pfkelch13,Thailand,TH,,Tak Province,16.883990,99.125850,2010,P. falciparum,12,"Molecular Biology of Malaria and Opportunistic Parasites Research Unit, Department of Parasitology, Faculty of Medicine, Chulalongkorn University",http://www.ncbi.nlm.nih.gov/pubmed/26548510
500,Pfkelch13,Thailand,TH,,Chanthaburi Province,12.610278,102.102778,2010,P. falciparum,46,"Molecular Biology of Malaria and Opportunistic Parasites Research Unit, Department of Parasitology, Faculty of Medicine, Chulalongkorn University",http://www.ncbi.nlm.nih.gov/pubmed/26548510
501,Pfkelch13,Thailand,TH,,Yala Province,6.541147,101.280395,2010,P. falciparum,15,"Molecular Biology of Malaria and Opportunistic Parasites Research Unit, Department of Parasitology, Faculty of Medicine, Chulalongkorn University",http://www.ncbi.nlm.nih.gov/pubmed/26548510
502,Pfkelch13,Thailand,TH,,Narathiwat Province,6.425461,101.825314,2010,P. falciparum,17,"Molecular Biology of Malaria and Opportunistic Parasites Research Unit, Department of Parasitology, Faculty of Medicine, Chulalongkorn University",http://www.ncbi.nlm.nih.gov/pubmed/26548510
503,Pfkelch13,Thailand,TH,Tak,Mae Sot,16.712405,98.574665,2011,P. falciparum,91,Tracking Resistance to Artemisinin Collaboration,http://www.ncbi.nlm.nih.gov/pubmed/25075834
504,Pfkelch13,Thailand,TH,,Ranong Province,9.952870,98.608464,2011,P. falciparum,18,Tracking Resistance to Artemisinin Collaboration,http://www.ncbi.nlm.nih.gov/pubmed/25075834
505,Pfkelch13,Thailand,TH,Sisaket,Phu Sing,14.546667,104.131667,2011,P. falciparum,33,Tracking Resistance to Artemisinin Collaboration,http://www.ncbi.nlm.nih.gov/pubmed/25075834
506,Pfkelch13,Thailand,TH,,Multiple sites,15.106125,101.623239,2012,P. falciparum,45,"Department of Tropical Infectious Diseases, Second Military Medical University",http://www.ncbi.nlm.nih.gov/pubmed/26831371
507,Pfkelch13,Thailand,TH,Kanchanaburi,Sai Yok,14.475847,98.852685,2013,P. falciparum,43,"Mahidol Vivax Research Unit, Faculty of Tropical Medicine, Mahidol University",http://www.ncbi.nlm.nih.gov/pubmed/27332904
508,Pfkelch13,Thailand,TH,Ratchaburi,Suan Phueng,13.543333,99.340000,2013,P. falciparum,1,"Mahidol Vivax Research Unit, Faculty of Tropical Medicine, Mahidol University",http://www.ncbi.nlm.nih.gov/pubmed/27332904
509,Pfkelch13,Thailand,TH,,Tak Province,16.883990,99.125850,2013,P. falciparum,156,Myanmar Oxford Clinical Research Unit,http://www.ncbi.nlm.nih.gov/pubmed/25704894
510,Pfkelch13,Thailand,TH,,Tak Province,16.883990,99.125850,2013,P. falciparum,13,"Molecular Biology of Malaria and Opportunistic Parasites Research Unit, Department of Parasitology, Faculty of Medicine, Chulalongkorn University",http://www.ncbi.nlm.nih.gov/pubmed/26548510
512,Pfkelch13,Thailand,TH,Kanchanaburi,Sai Yok,14.475847,98.852685,2014,P. falciparum,10,"Mahidol Vivax Research Unit, Faculty of Tropical Medicine, Mahidol University",http://www.ncbi.nlm.nih.gov/pubmed/27332904
513,Pfkelch13,Thailand,TH,Ratchaburi,Suan Phueng,13.543333,99.340000,2014,P. falciparum,3,"Mahidol Vivax Research Unit, Faculty of Tropical Medicine, Mahidol University",http://www.ncbi.nlm.nih.gov/pubmed/27332904
514,Pfkelch13,Thailand,TH,,Tak Province,16.883990,99.125850,2014,P. falciparum,10,"Bureau of Vector Borne Disease, Department of Disease Control, Ministry of Public Health",https://www.ncbi.nlm.nih.gov/pubmed/29378723
515,Pfkelch13,Thailand,TH,,Ubon Ratchathani Province,15.244845,104.847300,2014,P. falciparum,27,"Faculty of Medicine, Chulalongkorn University",http://www.ncbi.nlm.nih.gov/pubmed/26548510
517,Pfkelch13,Togo,TG,Kara,Doufelgou,9.866932,0.936917,2012,P. falciparum,163,"Faculté des Sciences de la Santé, Université de Lomé",http://www.ncbi.nlm.nih.gov/pubmed/27332904
518,Pfkelch13,Togo,TG,Centrale,Tchaoudjo,8.989600,0.861140,2012,P. falciparum,170,"Faculté des Sciences de la Santé, Université de Lomé",http://www.ncbi.nlm.nih.gov/pubmed/27332904
520,Pfkelch13,Togo,TG,Maritime,Golfe,6.133333,1.200000,2013,P. falciparum,170,"Faculté des Sciences de la Santé, Université de Lomé",http://www.ncbi.nlm.nih.gov/pubmed/27332904
522,Pfkelch13,Uganda,UG,Eastern Region,Tororo,0.678227,34.186567,2010,P. falciparum,133,University of California San Francisco,http://www.ncbi.nlm.nih.gov/pubmed/25144768
524,Pfkelch13,Uganda,UG,Western Region,Mbarara,-0.607160,30.654502,2010,P. falciparum,191,Epicentre Research Centre,http://www.ncbi.nlm.nih.gov/pubmed/27332904
526,Pfkelch13,Uganda,UG,Western Region,Mbarara,-0.607160,30.654502,2011,P. falciparum,7,Epicentre Research Centre,http://www.ncbi.nlm.nih.gov/pubmed/27332904
527,Pfkelch13,Uganda,UG,Western Region,Mbarara,-0.607160,30.654502,2012,P. falciparum,34,Epicentre Research Centre,http://www.ncbi.nlm.nih.gov/pubmed/27332904
528,Pfkelch13,Uganda,UG,Western Region,Mbarara,-0.607160,30.654502,2013,P. falciparum,36,Epicentre Research Centre,http://www.ncbi.nlm.nih.gov/pubmed/27332904
529,Pfkelch13,Uganda,UG,Northern Region,Lira and Gulu,2.655742,32.607921,2013,P. falciparum,60,"Department of Pharmacology and Therapeutics, Makerere University",http://www.ncbi.nlm.nih.gov/pubmed/27543172
530,Pfkelch13,Uganda,UG,,Kampala,0.347596,32.582520,2014,P. falciparum,53,"Department of Natural Sciences and Mathematics, Dominican University of California",http://www.ncbi.nlm.nih.gov/pubmed/26033725
533,Pfkelch13,United Republic of Tanzania,TZ,Tanga,Tanga,-5.088875,39.102323,2013,P. falciparum,92,Kenya Medical Research Institute/United States Army Medical Research Unit-Kenya,http://www.ncbi.nlm.nih.gov/pubmed/25367300
543,Pfkelch13,Viet Nam,VN,Binh Phuoc,Phuoc Long,11.833733,106.994895,2010,P. falciparum,133,"Howard Hughes Medical Institute, Center for Vaccine Development",https://www.ncbi.nlm.nih.gov/pubmed/25180241
544,Pfkelch13,Viet Nam,VN,Binh Phuoc,Bu Gia Map,12.039224,107.053943,2011,P. falciparum,103,Tracking Resistance to Artemisinin Collaboration,http://www.ncbi.nlm.nih.gov/pubmed/25075834
545,Pfkelch13,Viet Nam,VN,Quang Tri,Huong Hoa,16.649551,106.676292,2012,P. falciparum,64,"National Institute of Malariology, Parasitology and Entomology",http://www.ncbi.nlm.nih.gov/pubmed/27332904
546,Pfkelch13,Viet Nam,VN,Binh Phuoc,Bu Dang,11.769337,107.148452,2012,P. falciparum,28,"National Institute of Malariology, Parasitology and Entomology",http://www.ncbi.nlm.nih.gov/pubmed/27332904
547,Pfkelch13,Viet Nam,VN,Dak Nong,Tuy Duc,12.157612,107.434231,2012,P. falciparum,46,"National Institute of Malariology, Parasitology and Entomology",http://www.ncbi.nlm.nih.gov/pubmed/27332904
548,Pfkelch13,Viet Nam,VN,Gia Lai,Phu Thien,13.458931,108.285205,2012,P. falciparum,37,"National Institute of Malariology, Parasitology and Entomology",http://www.ncbi.nlm.nih.gov/pubmed/27332904
549,Pfkelch13,Viet Nam,VN,Quang Nam,Nam Trà My,15.242500,107.961670,2012,P. falciparum,83,Institute of Tropical Medicine,http://www.ncbi.nlm.nih.gov/pubmed/25224002
550,Pfkelch13,Viet Nam,VN,Dak Lak,Ea Sup,13.186223,107.763621,2013,P. falciparum,69,"National Institute of Malariology, Parasitology and Entomology",
551,Pfkelch13,Viet Nam,VN,Khánh Hòa,Khanh Vinh,12.274375,108.917539,2014,P. falciparum,46,"National Institute of Malariology, Parasitology and Entomology",
552,Pfkelch13,Viet Nam,VN,Binh Phuoc,Bu Dang,11.769337,107.148452,2014,P. falciparum,55,"National Institute of Malariology, Parasitology and Entomology",
553,Pfkelch13,Viet Nam,VN,Kon Tum,Ngoc Hoi,14.671025,107.621532,2014,P. falciparum,12,"National Institute of Malariology, Parasitology and Entomology",
554,Pfkelch13,Viet Nam,VN,Binh Phuoc,Bu Gia Map,12.039224,107.053943,2015,P. falciparum,66,"Oxford University Clinical Research Unit, Wellcome Trust Major Overseas Programme",https://www.ncbi.nlm.nih.gov/pubmed/28086775
556,Pfkelch13,Yemen,YE,,Al Hudaydah Governorate,14.802222,42.951111,2014,P. falciparum,86,"Faculty of Medicine, University of Malaya",http://www.ncbi.nlm.nih.gov/pubmed/27234587
557,Pfkelch13,Zambia,ZM,Luapula Province,Nchelenge,-9.000000,29.000000,2012,P. falciparum,280,Tropical Diseases Research Center,http://www.ncbi.nlm.nih.gov/pubmed/27332904
558,Pfkelch13,French Guiana,GF,,Multiple sites (French Guiana),3.933889,-53.125782,2010,P. falciparum,30,Institut Pasteur de la Guyane,
560,Pfkelch13,Afghanistan,AF,,Kunar Province,35.000000,71.200000,2013,P. falciparum,38,"Faculty of Tropical Medicine, Mahidol University",http://www.ncbi.nlm.nih.gov/pubmed/26917051
561,Pfkelch13,Somalia,SO,Bari,Bosaso,11.284722,49.182500,2016,P. falciparum,96,"Global Malaria Programme, World Health Organization",https://pubmed.ncbi.nlm.nih.gov/31296223/
562,Pfkelch13,Brazil,BR,Acre,Cruzeiro do Sul,-7.628041,-72.676161,2016,P. falciparum,72,"Malaria Branch, Division of Parasitic Diseases and Malaria, Center for Global Health, Center for Disease Control and Prevention",https://pubmed.ncbi.nlm.nih.gov/29141762/
563,Pfkelch13,Colombia,CO,Guaviare,San José del Guaviare,2.566667,-72.633333,2011,P. falciparum,2,"Grupo de Bioquímica y Biología Celular, Instituto Nacional de Salud",https://www.ncbi.nlm.nih.gov/pubmed/28460112
564,Pfkelch13,Colombia,CO,,Córdoba Department,8.750000,-75.883333,2012,P. falciparum,16,"Grupo de Bioquímica y Biología Celular, Instituto Nacional de Salud",https://www.ncbi.nlm.nih.gov/pubmed/28460112
565,Pfkelch13,Colombia,CO,Nariño,Tumaco,1.787434,-78.791265,2013,P. falciparum,48,"Grupo de Bioquímica y Biología Celular, Instituto Nacional de Salud",https://www.ncbi.nlm.nih.gov/pubmed/28460112
566,Pfkelch13,French Guiana,GF,,Multiple sites (French Guiana),3.933889,-53.125782,2015,P. falciparum,92,Institut Pasteur de la Guyane,
567,Pfkelch13,French Guiana,GF,,Multiple sites (French Guiana),3.933889,-53.125782,2016,P. falciparum,45,Institut Pasteur de la Guyane,
568,Pfkelch13,Guyana,GY,,Barima-Waini Region,7.667000,-59.750000,2016,P. falciparum,114,Institut Pasteur de la Guyane,
569,Pfkelch13,Guyana,GY,,Pomeroon-Supenaam Region,7.107778,-58.880556,2016,P. falciparum,2,Institut Pasteur de la Guyane,
570,Pfkelch13,Guyana,GY,,Essequibo Islands-West Demerara Region,6.715056,-58.549020,2016,P. falciparum,10,Institut Pasteur de la Guyane,
571,Pfkelch13,Guyana,GY,,Cuyuni-Mazaruni Region,6.459522,-60.211075,2016,P. falciparum,572,Institut Pasteur de la Guyane,
572,Pfkelch13,Guyana,GY,,Potaro-Siparuni Region,4.769702,-59.265391,2016,P. falciparum,150,Institut Pasteur de la Guyane,
573,Pfkelch13,Guyana,GY,,Upper Takutu-Upper Essequibo Region,2.900996,-58.935170,2016,P. falciparum,4,Institut Pasteur de la Guyane,
574,Pfkelch13,Cambodia,KH,Preah Vihear,Chey Saen,13.570577,105.359957,2015,P. falciparum,80,Médecins Sans Frontières,https://www.ncbi.nlm.nih.gov/pubmed/29173875
575,Pfkelch13,Lao People's Democratic Republic,LA,,Champasak Province,14.657866,105.969988,2016,P. falciparum,42,"Center of Malariology, Parasitology and Entomology, Ministry of Public Health",
576,Pfkelch13,Lao People's Democratic Republic,LA,,Salavan Province,15.716566,106.414087,2017,P. falciparum,28,"Center of Malariology, Parasitology and Entomology, Ministry of Public Health",
577,Pfkelch13,Lao People's Democratic Republic,LA,Savannakhet,Nong,16.404470,106.627808,2015,P. falciparum,120,"Department of Tropical Medicine and Malaria, Research Institute, National Centre for Global Health and Medicine",https://www.ncbi.nlm.nih.gov/pubmed/30587196
578,Pfkelch13,Lao People's Democratic Republic,LA,Savannakhet,Phine,16.532760,105.952041,2015,P. falciparum,37,"Department of Tropical Medicine and Malaria, Research Institute, National Centre for Global Health and Medicine",https://www.ncbi.nlm.nih.gov/pubmed/30587196
579,Pfkelch13,Lao People's Democratic Republic,LA,Savannakhet,Xepon,16.696095,106.208090,2015,P. falciparum,36,"Department of Tropical Medicine and Malaria, Research Institute, National Centre for Global Health and Medicine",https://www.ncbi.nlm.nih.gov/pubmed/30587196
580,Pfkelch13,Lao People's Democratic Republic,LA,Savannakhet,Thapangthong,15.993015,105.792847,2015,P. falciparum,58,"Department of Tropical Medicine and Malaria, Research Institute, National Centre for Global Health and Medicine",https://www.ncbi.nlm.nih.gov/pubmed/30587196
581,Pfkelch13,Lao People's Democratic Republic,LA,Savannakhet,Viraboury,16.960846,105.775999,2015,P. falciparum,3,"Department of Tropical Medicine and Malaria, Research Institute, National Centre for Global Health and Medicine",https://www.ncbi.nlm.nih.gov/pubmed/30587196
582,Pfkelch13,Lao People's Democratic Republic,LA,Salavan,Ta Oy,16.050000,106.583333,2015,P. falciparum,58,"Department of Tropical Medicine and Malaria, Research Institute, National Centre for Global Health and Medicine",https://www.ncbi.nlm.nih.gov/pubmed/30587196
583,Pfkelch13,Lao People's Democratic Republic,LA,Salavan,Toumlan,15.994263,106.187947,2015,P. falciparum,88,"Department of Tropical Medicine and Malaria, Research Institute, National Centre for Global Health and Medicine",https://www.ncbi.nlm.nih.gov/pubmed/30587196
584,Pfkelch13,Lao People's Democratic Republic,LA,Salavan,Vapy,15.829298,105.691385,2015,P. falciparum,70,"Department of Tropical Medicine and Malaria, Research Institute, National Centre for Global Health and Medicine",https://www.ncbi.nlm.nih.gov/pubmed/30587196
585,Pfkelch13,Lao People's Democratic Republic,LA,Sekong Province,Lam Mam,15.309393,106.717319,2015,P. falciparum,28,"Department of Tropical Medicine and Malaria, Research Institute, National Centre for Global Health and Medicine",https://www.ncbi.nlm.nih.gov/pubmed/30587196
586,Pfkelch13,Lao People's Democratic Republic,LA,Sekong Province,Tha Teng,15.428758,106.378984,2015,P. falciparum,112,"Department of Tropical Medicine and Malaria, Research Institute, National Centre for Global Health and Medicine",https://www.ncbi.nlm.nih.gov/pubmed/30587196
587,Pfkelch13,Lao People's Democratic Republic,LA,Attapeu,Phouvong,14.751294,106.957996,2015,P. falciparum,29,"Department of Tropical Medicine and Malaria, Research Institute, National Centre for Global Health and Medicine",https://www.ncbi.nlm.nih.gov/pubmed/30587196
588,Pfkelch13,Lao People's Democratic Republic,LA,Attapeu,Sanamxay,14.684482,106.575665,2015,P. falciparum,91,"Department of Tropical Medicine and Malaria, Research Institute, National Centre for Global Health and Medicine",https://www.ncbi.nlm.nih.gov/pubmed/30587196
589,Pfkelch13,Lao People's Democratic Republic,LA,Attapeu,Saysetha,14.815862,106.928258,2015,P. falciparum,3,"Department of Tropical Medicine and Malaria, Research Institute, National Centre for Global Health and Medicine",https://www.ncbi.nlm.nih.gov/pubmed/30587196
590,Pfkelch13,Lao People's Democratic Republic,LA,Champasak,Khong,14.047043,105.832683,2015,P. falciparum,66,"Department of Tropical Medicine and Malaria, Research Institute, National Centre for Global Health and Medicine",https://www.ncbi.nlm.nih.gov/pubmed/30587196
591,Pfkelch13,Lao People's Democratic Republic,LA,Champasak,Mounlapamok,14.883000,105.866000,2015,P. falciparum,14,"Department of Tropical Medicine and Malaria, Research Institute, National Centre for Global Health and Medicine",https://www.ncbi.nlm.nih.gov/pubmed/30587196
592,Pfkelch13,Lao People's Democratic Republic,LA,Champasak,Pathouphone,14.841895,105.947956,2015,P. falciparum,338,"Department of Tropical Medicine and Malaria, Research Institute, National Centre for Global Health and Medicine",https://www.ncbi.nlm.nih.gov/pubmed/30587196
593,Pfkelch13,Sudan,SD,White Nile,Kosti,13.123468,32.650351,2015,P. falciparum,8,"Federal Ministry of Health, National Malaria Control Programme",
594,Pfkelch13,Somalia,SO,Middle Shabelle,Jowhar,2.783333,45.500000,2016,P. falciparum,102,"Global Malaria Programme, World Health Organization",https://pubmed.ncbi.nlm.nih.gov/31296223/
595,Pfkelch13,Pakistan,PK,Balochistan,Zhob,31.341261,69.448659,2015,P. falciparum,92,"Directorate of Malaria Control, Ministry of National Health Services, Regulations and Coordination",
596,Pfkelch13,India,IN,,Multiple sites,21.070035,77.920088,2011,P. falciparum,50,"National Institute of Malaria Research, Indian Council of Medical Research",https://www.ncbi.nlm.nih.gov/pubmed/29405138
597,Pfkelch13,India,IN,Tripura,Dhalai and Gomati,23.475332,90.910582,2012,P. falciparum,16,"National Institute of Malaria Research, Indian Council of Medical Research",
598,Pfkelch13,India,IN,Mizoram,Lawngtlai and Lunglei,22.718143,92.853075,2012,P. falciparum,8,"National Institute of Malaria Research, Indian Council of Medical Research",
599,Pfkelch13,India,IN,Arunachal Pradesh,Changlang,27.704099,96.429817,2012,P. falciparum,23,"National Institute of Malaria Research, Indian Council of Medical Research",
600,Pfkelch13,India,IN,Tripura,Dhalai and Gomati,23.475332,90.910582,2015,P. falciparum,69,"National Institute of Malaria Research, Indian Council of Medical Research",
601,Pfkelch13,India,IN,Mizoram,Lawngtlai and Lunglei,22.718143,92.853075,2015,P. falciparum,75,"National Institute of Malaria Research, Indian Council of Medical Research",
602,Pfkelch13,India,IN,Mizoram,West Garo Hills and East Garo Hills,25.549454,90.398058,2015,P. falciparum,29,"National Institute of Malaria Research, Indian Council of Medical Research",
603,Pfkelch13,India,IN,Tripura,Dhalai and Gomati,23.475332,90.910582,2016,P. falciparum,42,"National Institute of Malaria Research, Indian Council of Medical Research",
604,Pfkelch13,India,IN,Mizoram,Lawngtlai and Lunglei,22.718143,92.853075,2016,P. falciparum,71,"National Institute of Malaria Research, Indian Council of Medical Research",
605,Pfkelch13,India,IN,Mizoram,West Garo Hills and East Garo Hills,25.549454,90.398058,2016,P. falciparum,55,"National Institute of Malaria Research, Indian Council of Medical Research",
607,Pfkelch13,Myanmar,MM,,Rakine State,19.500000,94.000000,2010,P. falciparum,60,"Department of Medical Environmental Biology and Tropical Medicine, School of Medicine, Kangwon National University",https://www.ncbi.nlm.nih.gov/pubmed/28806957
608,Pfkelch13,Myanmar,MM,Bago,Shwegyin,17.929317,96.880674,2011,P. falciparum,100,"Department of Medical Environmental Biology and Tropical Medicine, School of Medicine, Kangwon National University",https://www.ncbi.nlm.nih.gov/pubmed/28249583
609,Pfkelch13,Myanmar,MM,Magway,Magway,20.150000,94.950000,2012,P. falciparum,64,"Department of Medical Environmental Biology and Tropical Medicine, School of Medicine, Kangwon National University",https://www.ncbi.nlm.nih.gov/pubmed/28806957
611,Pfkelch13,Myanmar,MM,,Kayin State,16.945935,97.959286,2013,P. falciparum,77,"Shoklo Malaria Research Unit, Mahidol-Oxford Tropical Medicine Research Unit, Faculty of Tropical Medicine, Mahidol University",https://www.ncbi.nlm.nih.gov/pubmed/29062913
612,Pfkelch13,Myanmar,MM,Bago,Shwegyin,17.929317,96.880674,2014,P. falciparum,4,Department of Medical Research (Lower Myanmar),https://www.ncbi.nlm.nih.gov/pubmed/28221121
613,Pfkelch13,Myanmar,MM,,Kayin State,16.945935,97.959286,2015,P. falciparum,30,"Shoklo Malaria Research Unit, Mahidol-Oxford Tropical Medicine Research Unit, Faculty of Tropical Medicine, Mahidol University",https://www.ncbi.nlm.nih.gov/pubmed/29062913
614,Pfkelch13,Myanmar,MM,Rakhine,Buthidaung,20.869510,92.527221,2016,P. falciparum,120,Department of Medical Research (Lower Myanmar),
616,Pfkelch13,Myanmar,MM,Mandalay,Thabeikkyin,22.883333,95.983333,2016,P. falciparum,105,Department of Medical Research (Lower Myanmar),
617,Pfkelch13,Myanmar,MM,Sagaing,Tamu,24.219884,94.310288,2016,P. falciparum,106,Department of Medical Research (Lower Myanmar),
619,Pfkelch13,Myanmar,MM,Kachin,Mohnyin,24.783333,96.366667,2017,P. falciparum,81,Department of Medical Research (Lower Myanmar),
620,Pfkelch13,Thailand,TH,Tak,Shoklo Malaria Research Unit,16.715876,98.539219,2010,P. falciparum,61,"Shoklo Malaria Research Unit, Mahidol-Oxford Tropical Medicine Research Unit, Faculty of Tropical Medicine, Mahidol University",https://www.ncbi.nlm.nih.gov/pubmed/27313266
621,Pfkelch13,Thailand,TH,Tak,Shoklo Malaria Research Unit,16.715876,98.539219,2011,P. falciparum,44,"Shoklo Malaria Research Unit, Mahidol-Oxford Tropical Medicine Research Unit, Faculty of Tropical Medicine, Mahidol University",https://www.ncbi.nlm.nih.gov/pubmed/27313266
624,Pfkelch13,Thailand,TH,Tak,Shoklo Malaria Research Unit,16.715876,98.539219,2012,P. falciparum,143,"Shoklo Malaria Research Unit, Mahidol-Oxford Tropical Medicine Research Unit, Faculty of Tropical Medicine, Mahidol University",https://www.ncbi.nlm.nih.gov/pubmed/27313266
625,Pfkelch13,Thailand,TH,Tak,Shoklo Malaria Research Unit,16.715876,98.539219,2013,P. falciparum,62,"Shoklo Malaria Research Unit, Mahidol-Oxford Tropical Medicine Research Unit, Faculty of Tropical Medicine, Mahidol University",https://www.ncbi.nlm.nih.gov/pubmed/27313266
626,Pfkelch13,Thailand,TH,Ubon Ratchathani,Buntharik,14.756667,105.411389,2014,P. falciparum,88,Mahidol University,https://www.ncbi.nlm.nih.gov/pubmed/28161569
627,Pfkelch13,Thailand,TH,Sisaket,Phu Sing,14.546667,104.131667,2015,P. falciparum,32,"Mahidol Oxford Tropical Medicine Research Unit, Mahidol University",https://pubmed.ncbi.nlm.nih.gov/32171078/
628,Pfkelch13,Colombia,CO,,Chocó Department,5.700000,-76.666667,2014,P. falciparum,98,"Grupo Malaria, Universidad de Antioquia",https://www.ncbi.nlm.nih.gov/pubmed/28947476
629,Pfkelch13,Colombia,CO,,Nariño Department,1.166670,-77.266667,2014,P. falciparum,59,"Grupo Malaria, Universidad de Antioquia",https://www.ncbi.nlm.nih.gov/pubmed/28947476
630,Pfkelch13,Colombia,CO,,Antioquia Department,6.216667,-75.566667,2014,P. falciparum,19,"Grupo Malaria, Universidad de Antioquia",https://www.ncbi.nlm.nih.gov/pubmed/28947476
631,Pfkelch13,Colombia,CO,,Córdoba Department,8.750000,-75.883333,2014,P. falciparum,2,"Grupo Malaria, Universidad de Antioquia",https://www.ncbi.nlm.nih.gov/pubmed/28947476
632,Pfkelch13,Thailand,TH,,Ratchaburi Province,13.528889,99.814444,2012,P. falciparum,9,"Bureau of Vector Borne Disease, Department of Disease Control, Ministry of Public Health",https://www.ncbi.nlm.nih.gov/pubmed/29378723
633,Pfkelch13,Thailand,TH,,Mae Hong Son Province,19.288056,97.964444,2012,P. falciparum,17,"Bureau of Vector Borne Disease, Department of Disease Control, Ministry of Public Health",https://www.ncbi.nlm.nih.gov/pubmed/29378723
634,Pfkelch13,Thailand,TH,,Ranong Province,9.952870,98.608464,2012,P. falciparum,41,"Bureau of Vector Borne Disease, Department of Disease Control, Ministry of Public Health",https://www.ncbi.nlm.nih.gov/pubmed/29378723
635,Pfkelch13,Thailand,TH,,Tak Province,16.883990,99.125850,2012,P. falciparum,45,"Bureau of Vector Borne Disease, Department of Disease Control, Ministry of Public Health",https://www.ncbi.nlm.nih.gov/pubmed/29378723
636,Pfkelch13,Thailand,TH,,Kanchanaburi Province,14.022780,99.532811,2012,P. falciparum,51,"Bureau of Vector Borne Disease, Department of Disease Control, Ministry of Public Health",https://www.ncbi.nlm.nih.gov/pubmed/29378723
637,Pfkelch13,Thailand,TH,,Kanchanaburi Province,14.022780,99.532811,2016,P. falciparum,34,"Bureau of Vector Borne Disease, Department of Disease Control, Ministry of Public Health",https://www.ncbi.nlm.nih.gov/pubmed/29378723
638,Pfkelch13,Thailand,TH,,Ubon Ratchathani Province,15.244845,104.847300,2016,P. falciparum,9,"Bureau of Vector Borne Disease, Department of Disease Control, Ministry of Public Health",https://www.ncbi.nlm.nih.gov/pubmed/29378723
639,Pfkelch13,Thailand,TH,,Yala Province,6.541147,101.280395,2016,P. falciparum,33,"Bureau of Vector Borne Disease, Department of Disease Control, Ministry of Public Health",https://www.ncbi.nlm.nih.gov/pubmed/29378723
640,Pfkelch13,Thailand,TH,,Ranong Province,9.952870,98.608464,2016,P. falciparum,9,"Bureau of Vector Borne Disease, Department of Disease Control, Ministry of Public Health",https://www.ncbi.nlm.nih.gov/pubmed/29378723
641,Pfkelch13,Thailand,TH,,Sisaket Province,15.120000,104.321667,2016,P. falciparum,19,"Bureau of Vector Borne Disease, Department of Disease Control, Ministry of Public Health",https://www.ncbi.nlm.nih.gov/pubmed/29378723
642,Pfkelch13,Indonesia,ID,Papua,Keerom,-3.300000,140.616700,2017,P. falciparum,114,Eijkman Institute for Molecular Biology,
643,Pfkelch13,Cambodia,KH,,Ratanakiri Province,13.857661,107.101193,2010,P. falciparum,48,Wellcome Trust Sanger Institute,https://www.ncbi.nlm.nih.gov/pubmed/27818095
644,Pfkelch13,Cambodia,KH,,Pursat Province,12.366321,103.636272,2010,P. falciparum,45,Wellcome Trust Sanger Institute,https://www.ncbi.nlm.nih.gov/pubmed/27818095
645,Pfkelch13,Cambodia,KH,,Preah Vihear Province,14.008580,104.845462,2011,P. falciparum,63,Wellcome Trust Sanger Institute,https://www.ncbi.nlm.nih.gov/pubmed/27818095
646,Pfkelch13,Cambodia,KH,,Ratanakiri Province,13.857661,107.101193,2011,P. falciparum,70,Wellcome Trust Sanger Institute,https://www.ncbi.nlm.nih.gov/pubmed/27818095
647,Pfkelch13,Cambodia,KH,,Pursat Province,12.366321,103.636272,2011,P. falciparum,84,Wellcome Trust Sanger Institute,https://www.ncbi.nlm.nih.gov/pubmed/27818095
648,Pfkelch13,Cambodia,KH,,Pursat Province,12.366321,103.636272,2012,P. falciparum,18,Wellcome Trust Sanger Institute,https://www.ncbi.nlm.nih.gov/pubmed/27818095
650,Pfkelch13,Cambodia,KH,,Ratanakiri Province,13.857661,107.101193,2012,P. falciparum,23,Wellcome Trust Sanger Institute,https://www.ncbi.nlm.nih.gov/pubmed/27818095
651,Pfkelch13,Cambodia,KH,,Preah Vihear Province,14.008580,104.845462,2012,P. falciparum,33,Wellcome Trust Sanger Institute,https://www.ncbi.nlm.nih.gov/pubmed/27818095
652,Pfkelch13,Cambodia,KH,,Pailin Province,12.909296,102.667558,2012,P. falciparum,155,"National Center for Parasitology, Entomology and Malaria Control, Ministry of Health",https://www.ncbi.nlm.nih.gov/pubmed/27332904
653,Pfkelch13,Cambodia,KH,,Ratanakiri Province,13.857661,107.101193,2012,P. falciparum,209,"National Center for Parasitology, Entomology and Malaria Control, Ministry of Health",https://www.ncbi.nlm.nih.gov/pubmed/27332904
654,Pfkelch13,Cambodia,KH,,Ratanakiri Province,13.857661,107.101193,2013,P. falciparum,13,Wellcome Trust Sanger Institute,https://www.ncbi.nlm.nih.gov/pubmed/27818095
655,Pfkelch13,Cambodia,KH,,Mondulkiri Province,12.787943,107.101193,2013,P. falciparum,18,"National Center for Parasitology, Entomology and Malaria Control, Ministry of Health",https://www.ncbi.nlm.nih.gov/pubmed/27332904
656,Pfkelch13,Cambodia,KH,,Preah Vihear Province,14.008580,104.845462,2013,P. falciparum,20,Wellcome Trust Sanger Institute,https://www.ncbi.nlm.nih.gov/pubmed/27818095
657,Pfkelch13,Cambodia,KH,,Stung Treng Province,13.576473,105.969988,2013,P. falciparum,26,"National Center for Parasitology, Entomology and Malaria Control, Ministry of Health",https://www.ncbi.nlm.nih.gov/pubmed/27332904
658,Pfkelch13,Cambodia,KH,,Pursat Province,12.366321,103.636272,2013,P. falciparum,38,Wellcome Trust Sanger Institute,https://www.ncbi.nlm.nih.gov/pubmed/27818095
659,Pfkelch13,Cambodia,KH,,Oddar Meanchey Province,14.171720,103.636272,2013,P. falciparum,59,"National Center for Parasitology, Entomology and Malaria Control, Ministry of Health",https://www.ncbi.nlm.nih.gov/pubmed/27332904
660,Pfkelch13,Cambodia,KH,,Oddar Meanchey and Preah Vihear Provinces,13.612117,104.448021,2013,P. falciparum,91,Armed Forces Research Institute of Medical Sciences,http://www.ncbi.nlm.nih.gov/pubmed/26014942
661,Pfkelch13,Cambodia,KH,,Oddar Meanchey Province,14.171720,103.636272,2014,P. falciparum,4,"National Center for Parasitology, Entomology and Malaria Control, Ministry of Health",https://www.ncbi.nlm.nih.gov/pubmed/27332904
662,Pfkelch13,Cambodia,KH,,Pailin Province,12.909296,102.667558,2014,P. falciparum,12,"National Center for Parasitology, Entomology and Malaria Control, Ministry of Health",https://www.ncbi.nlm.nih.gov/pubmed/27332904
663,Pfkelch13,Cambodia,KH,Pursat,Phnom Kravanh,12.333333,103.750000,2014,P. falciparum,76,"University Research Co., LLC",https://www.ncbi.nlm.nih.gov/pubmed/28903755
665,Pfkelch13,Cambodia,KH,Pursat,Veal Veng,12.546349,103.918749,2016,P. falciparum,29,"National Center for Parasitology, Entomology and Malaria Control, Ministry of Health",
666,Pfkelch13,Cambodia,KH,Mondulkiri,Kaoh Nheaek,13.075544,107.036227,2016,P. falciparum,31,"National Center for Parasitology, Entomology and Malaria Control, Ministry of Health",
667,Pfkelch13,Cambodia,KH,Kratié,Snuol,12.209614,106.440587,2016,P. falciparum,19,"National Center for Parasitology, Entomology and Malaria Control, Ministry of Health",
668,Pfkelch13,Cambodia,KH,Kampong Speu,Oral,11.811908,104.007235,2016,P. falciparum,46,"National Center for Parasitology, Entomology and Malaria Control, Ministry of Health",
669,Pfkelch13,Cambodia,KH,Ratanakiri,Veun Sai,14.261043,106.794241,2016,P. falciparum,60,"National Center for Parasitology, Entomology and Malaria Control, Ministry of Health",
670,Pfkelch13,Cambodia,KH,Stung Treng,Siem Pang,14.112548,106.390534,2016,P. falciparum,46,"National Center for Parasitology, Entomology and Malaria Control, Ministry of Health",
671,Pfkelch13,Cambodia,KH,Siem Reap,Chi Kraeng,13.224333,104.379191,2016,P. falciparum,3,"National Center for Parasitology, Entomology and Malaria Control, Ministry of Health",
672,Pfkelch13,Cambodia,KH,Preah Vihear,Choam Khsant,14.166667,104.916667,2016,P. falciparum,4,"National Center for Parasitology, Entomology and Malaria Control, Ministry of Health",
673,Pfkelch13,Cambodia,KH,Mondulkiri,Kaoh Nheaek,13.075544,107.036227,2017,P. falciparum,57,"National Center for Parasitology, Entomology and Malaria Control, Ministry of Health",
674,Pfkelch13,Cambodia,KH,Ratanakiri,Veun Sai,14.261043,106.794241,2017,P. falciparum,53,"National Center for Parasitology, Entomology and Malaria Control, Ministry of Health",
676,Pfkelch13,Myanmar,MM,Kayin,Kyain Seikgyi,15.900000,98.183333,2013,P. falciparum,152,"Defence Services Medical Academy, Ministry of Defense",https://www.ncbi.nlm.nih.gov/pubmed/29996844
678,Pfkelch13,Saudi Arabia,SA,,All country  (Saudi Arabia),24.650000,46.766667,2016,P. falciparum,4,"Microbiology Department, Faculty of Medicine, Taif University",https://www.ncbi.nlm.nih.gov/pubmed/30086757
679,Pfkelch13,Brazil,BR,,Acre,-9.024000,-70.812000,2010,P. falciparum,14,Oswaldo Cruz Foundation,https://www.ncbi.nlm.nih.gov/pubmed/30061292
680,Pfkelch13,Brazil,BR,,Amapá,1.000000,-52.000000,2010,P. falciparum,15,Oswaldo Cruz Foundation,https://www.ncbi.nlm.nih.gov/pubmed/30061292
681,Pfkelch13,Brazil,BR,,Amazonas,-5.000000,-63.000000,2010,P. falciparum,30,Oswaldo Cruz Foundation,https://www.ncbi.nlm.nih.gov/pubmed/30061292
682,Pfkelch13,Brazil,BR,,Pará,-5.666667,-52.733333,2010,P. falciparum,10,Oswaldo Cruz Foundation,https://www.ncbi.nlm.nih.gov/pubmed/30061292
689,Pfkelch13,Sierra Leone,SL,Eastern Province,Kenema,7.875833,-11.190833,2016,P. falciparum,60,National Malaria Control Programme,https://www.ncbi.nlm.nih.gov/pubmed/29932931
690,Pfkelch13,Sierra Leone,SL,Northern Province,Bombali,9.333333,-12.250000,2016,P. falciparum,110,National Malaria Control Programme,https://www.ncbi.nlm.nih.gov/pubmed/29932931
692,Pfkelch13,Sierra Leone,SL,Southern Province,Bo,7.956389,-11.740000,2016,P. falciparum,109,National Malaria Control Programme,https://www.ncbi.nlm.nih.gov/pubmed/29932931
694,Pfkelch13,Central African Republic,CF,Bangui Prefecture,Bangui,4.373333,18.562778,2017,P. falciparum,22,Université de Bangui,
695,Pfkelch13,Central African Republic,CF,Ombella-M'Poko,Baoli,4.800000,18.116667,2017,P. falciparum,25,Université de Bangui,
696,Pfkelch13,Angola,AO,,Multiple sites,-14.339789,15.400900,2017,P. falciparum,38,"Malaria Branch, Division of Parasitic Diseases and Malaria, Center for Global Health, Center for Disease Control and Prevention",https://pubmed.ncbi.nlm.nih.gov/29615039/
697,Pfkelch13,Burkina Faso,BF,Houet,Bobo-Dioulasso,11.164922,-4.305154,2012,P. falciparum,221,Institut de Recherche en Sciences de la Santé,https://www.ncbi.nlm.nih.gov/pubmed/28004634
698,Pfkelch13,Burundi,BI,Bujumbura Mairie,Bujumbura,-3.361378,29.359878,2015,P. falciparum,58,Programme National Intégré de Lutte contre le Paludisme,
699,Pfkelch13,Cameroon,CM,Mfoundi,Yaoundé,3.848032,11.502075,2015,P. falciparum,98,Centre de Physiopathologie de Toulouse Purpan,https://www.ncbi.nlm.nih.gov/pubmed/27887614
700,Pfkelch13,Chad,TD,Mayo-Dallah,Pala,9.362577,14.901388,2015,P. falciparum,39,Programme National de Lutte contre le Paludisme,
701,Pfkelch13,Congo,CG,,Brazzaville,-4.267778,15.291944,2014,P. falciparum,25,Fondation Congolaise pour la Recherche Médicale,https://www.ncbi.nlm.nih.gov/pubmed/28420403
702,Pfkelch13,Congo,CG,Brazzaville,Makélékélé,-4.281955,15.212442,2010,P. falciparum,41,Fondation Congolaise pour la Recherche Médicale,https://www.ncbi.nlm.nih.gov/pubmed/28420403
703,Pfkelch13,Congo,CG,Niari,Dolisie,-4.200000,12.666670,2017,P. falciparum,120,"Programme National de Lutte contre le Paludisme, Ministère de la Santé et de la Population",
705,Pfkelch13,Eritrea,ER,Gash-Barka,Shambuko,14.925213,37.837964,2017,P. falciparum,64,"National Malaria Control Program, Disease Prevention and Control Division",
706,Pfkelch13,Eritrea,ER,Gash-Barka,Goluj,14.743773,36.719984,2017,P. falciparum,24,"National Malaria Control Program, Disease Prevention and Control Division",
707,Pfkelch13,Eritrea,ER,North Red Sea,Ghindae,15.495272,39.155871,2017,P. falciparum,15,"National Malaria Control Program, Disease Prevention and Control Division",
708,Pfkelch13,Eritrea,ER,Gash-Barka,Agordat,15.550000,37.883333,2017,P. falciparum,19,"National Malaria Control Program, Disease Prevention and Control Division",
709,Pfkelch13,Eritrea,ER,Gash-Barka,Laelay Gash,14.568531,36.893220,2017,P. falciparum,85,"National Malaria Control Program, Disease Prevention and Control Division",
710,Pfkelch13,Gabon,GA,Komo-Mondah,Libreville,0.416198,9.467268,2011,P. falciparum,29,Centre international de recherches médicales de Franceville,https://www.ncbi.nlm.nih.gov/pubmed/30214253
711,Pfkelch13,Gabon,GA,Komo-Mondah,Libreville,0.416198,9.467268,2012,P. falciparum,30,Centre international de recherches médicales de Franceville,https://www.ncbi.nlm.nih.gov/pubmed/30214253
712,Pfkelch13,Gabon,GA,Komo-Mondah,Libreville,0.416198,9.467268,2013,P. falciparum,27,Centre international de recherches médicales de Franceville,https://www.ncbi.nlm.nih.gov/pubmed/30214253
713,Pfkelch13,Gabon,GA,Lolo-Bouenguidi,Koulamoutou,-1.133333,12.483333,2013,P. falciparum,29,Centre international de recherches médicales de Franceville,https://www.ncbi.nlm.nih.gov/pubmed/30214253
714,Pfkelch13,Gabon,GA,Mulundu,Lastoursville,0.383333,9.450000,2013,P. falciparum,30,Centre international de recherches médicales de Franceville,https://www.ncbi.nlm.nih.gov/pubmed/30214253
715,Pfkelch13,Gabon,GA,Komo-Mondah,Libreville,0.416198,9.467268,2014,P. falciparum,28,Centre international de recherches médicales de Franceville,https://www.ncbi.nlm.nih.gov/pubmed/30214253
716,Pfkelch13,Gabon,GA,Lolo-Bouenguidi,Koulamoutou,-1.133333,12.483333,2014,P. falciparum,30,Centre international de recherches médicales de Franceville,https://www.ncbi.nlm.nih.gov/pubmed/30214253
717,Pfkelch13,Gabon,GA,Mulundu,Lastoursville,0.383333,9.450000,2014,P. falciparum,30,Centre international de recherches médicales de Franceville,https://www.ncbi.nlm.nih.gov/pubmed/30214253
718,Pfkelch13,Gabon,GA,Ogooué et des Lacs,Lambaréné,-0.701546,10.240386,2016,P. falciparum,22,Centre de Recherches Médicales de Lambaréné,
724,Pfkelch13,Brazil,BR,Amazonas,Manaus,-3.118923,-60.021518,2012,P. falciparum,64,Institut Pasteur de la Guyane,
725,Pfkelch13,Brazil,BR,Pará,Belem,-1.455779,-48.490197,2015,P. falciparum,2,"Universidade Federal de Goiás, Instituto de Patologia Tropical e Saúde Pública",https://www.ncbi.nlm.nih.gov/pubmed/30810653
726,Pfkelch13,Brazil,BR,Pará,Anajás,-0.791903,-50.281052,2015,P. falciparum,1,"Universidade Federal de Goiás, Instituto de Patologia Tropical e Saúde Pública",https://www.ncbi.nlm.nih.gov/pubmed/30810653
727,Pfkelch13,Brazil,BR,Pará,Itaituba,-4.252048,-56.012592,2015,P. falciparum,7,"Universidade Federal de Goiás, Instituto de Patologia Tropical e Saúde Pública",https://www.ncbi.nlm.nih.gov/pubmed/30810653
728,Pfkelch13,Brazil,BR,Amapá,Macapá,0.035574,-51.070535,2015,P. falciparum,1,"Universidade Federal de Goiás, Instituto de Patologia Tropical e Saúde Pública",https://www.ncbi.nlm.nih.gov/pubmed/30810653
729,Pfkelch13,Brazil,BR,Amapá,Oiapoque,3.844121,-51.832228,2015,P. falciparum,7,"Universidade Federal de Goiás, Instituto de Patologia Tropical e Saúde Pública",https://www.ncbi.nlm.nih.gov/pubmed/30810653
731,Pfkelch13,Guyana,GY,,Upper Demerara-Berbice,5.554423,-58.811468,2016,P. falciparum,2,Institut Pasteur de la Guyane,
732,Pfkelch13,Haiti,HT,,Grand'Anse Department,18.519707,-74.227002,2017,P. falciparum,13,National Center for Global Health and Medicine,https://www.ncbi.nlm.nih.gov/pubmed/30334724
733,Pfkelch13,Haiti,HT,,Nippes Department,18.444722,-73.088333,2017,P. falciparum,24,National Center for Global Health and Medicine,https://www.ncbi.nlm.nih.gov/pubmed/30334724
734,Pfkelch13,Haiti,HT,,Sud Department,18.221859,-73.999774,2017,P. falciparum,43,National Center for Global Health and Medicine,https://www.ncbi.nlm.nih.gov/pubmed/30334724
735,Pfkelch13,Venezuela (Bolivarian Republic of),VE,,All country - Venezuela (Bolivarian Republic of),6.640517,-66.212879,2016,P. falciparum,21,Institut Pasteur de la Guyane,
736,Pfkelch13,Venezuela (Bolivarian Republic of),VE,,All country - Venezuela (Bolivarian Republic of),6.640517,-66.212879,2017,P. falciparum,65,Institut Pasteur de la Guyane,
737,Pfkelch13,Afghanistan,AF,,Nangarhar Province,34.250000,70.500000,2016,P. falciparum,54,National Malaria and Leishmaniasis Control Programme,
738,Pfkelch13,Afghanistan,AF,,Laghman Province,34.660000,70.200000,2016,P. falciparum,59,National Malaria and Leishmaniasis Control Programme,
739,Pfkelch13,Pakistan,PK,Khyber Pakhtunkhwa,Bannu,32.898879,70.524636,2016,P. falciparum,33,"Department of Biochemistry & Biotechnology, University of Gujrat",https://www.ncbi.nlm.nih.gov/pubmed/30558587
740,Pfkelch13,Pakistan,PK,Punjab,Dera Ghazi Khan,29.833333,70.500000,2016,P. falciparum,5,"Department of Biochemistry & Biotechnology, University of Gujrat",https://www.ncbi.nlm.nih.gov/pubmed/30558587
741,Pfkelch13,Pakistan,PK,Balochistan,Deramurad Jamali,28.619604,68.034949,2016,P. falciparum,13,"Department of Biochemistry & Biotechnology, University of Gujrat",https://www.ncbi.nlm.nih.gov/pubmed/30558587
742,Pfkelch13,Pakistan,PK,Khyber Pakhtunkhwa,Hangu,33.522703,71.031134,2016,P. falciparum,13,"Department of Biochemistry & Biotechnology, University of Gujrat",https://www.ncbi.nlm.nih.gov/pubmed/30558587
743,Pfkelch13,Pakistan,PK,Sindh,Karachi,25.192939,66.875277,2016,P. falciparum,2,"Department of Biochemistry & Biotechnology, University of Gujrat",https://www.ncbi.nlm.nih.gov/pubmed/30558587
744,Pfkelch13,Pakistan,PK,Khyber Pakhtunkhwa,Khyber District,34.021103,71.287421,2016,P. falciparum,25,"Department of Biochemistry & Biotechnology, University of Gujrat",https://www.ncbi.nlm.nih.gov/pubmed/30558587
745,Pfkelch13,Pakistan,PK,Punjab,Kot Chutta,29.886475,70.642395,2016,P. falciparum,10,"Department of Biochemistry & Biotechnology, University of Gujrat",https://www.ncbi.nlm.nih.gov/pubmed/30558587
746,Pfkelch13,Pakistan,PK,Punjab,Multan,30.181182,71.334575,2016,P. falciparum,17,"Department of Biochemistry & Biotechnology, University of Gujrat",https://www.ncbi.nlm.nih.gov/pubmed/30558587
747,Pfkelch13,Pakistan,PK,Punjab,Muzaffargarh,30.069444,71.194167,2016,P. falciparum,15,"Department of Biochemistry & Biotechnology, University of Gujrat",https://www.ncbi.nlm.nih.gov/pubmed/30558587
748,Pfkelch13,Pakistan,PK,Khyber Pakhtunkhwa,Peshawar,34.014975,71.580490,2016,P. falciparum,9,"Department of Biochemistry & Biotechnology, University of Gujrat",https://www.ncbi.nlm.nih.gov/pubmed/30558587
749,Pfkelch13,Pakistan,PK,Balochistan,Quetta,30.183206,66.822584,2016,P. falciparum,22,"Department of Biochemistry & Biotechnology, University of Gujrat",https://www.ncbi.nlm.nih.gov/pubmed/30558587
750,Pfkelch13,Pakistan,PK,Punjab,Rajanpur,29.102064,70.323442,2016,P. falciparum,10,"Department of Biochemistry & Biotechnology, University of Gujrat",https://www.ncbi.nlm.nih.gov/pubmed/30558587
751,Pfkelch13,Pakistan,PK,Punjab,Rawalpindi,33.543126,72.851503,2016,P. falciparum,5,"Department of Biochemistry & Biotechnology, University of Gujrat",https://www.ncbi.nlm.nih.gov/pubmed/30558587
752,Pfkelch13,Pakistan,PK,Balochistan,Sui,28.635634,69.177268,2016,P. falciparum,3,"Department of Biochemistry & Biotechnology, University of Gujrat",https://www.ncbi.nlm.nih.gov/pubmed/30558587
753,Pfkelch13,Pakistan,PK,Khyber Pakhtunkhwa,Thall,33.363299,70.531662,2016,P. falciparum,25,"Department of Biochemistry & Biotechnology, University of Gujrat",https://www.ncbi.nlm.nih.gov/pubmed/30558587
754,Pfkelch13,Pakistan,PK,Balochistan,Zhob,31.341261,69.448659,2016,P. falciparum,2,"Department of Biochemistry & Biotechnology, University of Gujrat",https://www.ncbi.nlm.nih.gov/pubmed/30558587
755,Pfkelch13,Pakistan,PK,Khyber Pakhtunkhwa,Khyber District,34.021103,71.287421,2017,P. falciparum,191,"Directorate of Malaria Control, Ministry of National Health Services, Regulations and Coordination",
756,Pfkelch13,Pakistan,PK,Balochistan,Zhob,31.341261,69.448659,2017,P. falciparum,180,"Directorate of Malaria Control, Ministry of National Health Services, Regulations and Coordination",
759,Pfkelch13,Somalia,SO,Bari,Bosaso,11.284722,49.182500,2017,P. falciparum,88,"Global Malaria Programme, World Health Organization",https://pubmed.ncbi.nlm.nih.gov/31296223/
760,Pfkelch13,Somalia,SO,Middle Shabelle,Jowhar,2.783333,45.500000,2017,P. falciparum,50,"Global Malaria Programme, World Health Organization",https://pubmed.ncbi.nlm.nih.gov/31296223/
761,Pfkelch13,Sudan,SD,Al Qadarif,Al Qadarif,14.040000,35.383333,2016,P. falciparum,99,"Federal Ministry of Health, National Malaria Control Programme",
763,Pfkelch13,Sudan,SD,South Darfur,Nyala,12.036389,24.876944,2017,P. falciparum,85,"Federal Ministry of Health, National Malaria Control Programme",
764,Pfkelch13,Sudan,SD,West Darfur,El Geneina,13.415092,22.472664,2017,P. falciparum,69,"Federal Ministry of Health, National Malaria Control Programme",
766,Pfkelch13,Sudan,SD,South Darfur,Kas,12.676284,24.060156,2017,P. falciparum,77,"Federal Ministry of Health, National Malaria Control Programme",
768,Pfkelch13,Lao People's Democratic Republic,LA,,Champasak Province,14.657866,105.969988,2013,P. falciparum,111,"Department of Molecular Tropical Medicine and Genetics, Mahidol University",https://www.ncbi.nlm.nih.gov/pubmed/28161569
769,Pfkelch13,Lao People's Democratic Republic,LA,Attapeu,Phouvong,14.751294,106.957996,2014,P. falciparum,17,"Center of Malariology, Parasitology and Entomology, Ministry of Public Health",
772,Pfkelch13,Myanmar,MM,Kayin,Hpa Pun,18.064576,97.433667,2013,P. falciparum,32,"Shoklo Malaria Research Unit, Mahidol-Oxford Tropical Medicine Research Unit, Faculty of Tropical Medicine, Mahidol University",https://www.ncbi.nlm.nih.gov/pubmed/29178921
775,Pfkelch13,Malaysia,MY,Sabah,Kalabakan,4.416667,117.483333,2011,P. falciparum,21,"Herbal Medicine Research Center, Institute for Medical Research",https://www.ncbi.nlm.nih.gov/pubmed/27788228
776,Pfkelch13,Malaysia,MY,Sabah,Kota Maradu,6.460999,116.694300,2011,P. falciparum,29,"Herbal Medicine Research Center, Institute for Medical Research",https://www.ncbi.nlm.nih.gov/pubmed/27788228
777,Pfkelch13,Malaysia,MY,,Sabah,5.738871,116.180486,2012,P. falciparum,49,"Global and Tropical Health Division, Menzies School of Health Research and Charles Darwin University",https://www.ncbi.nlm.nih.gov/pubmed/30526613
785,Pfkelch13,India,IN,Arunachal Pradesh,Namsai,27.668940,95.871350,2017,P. falciparum,2,"National Institute of Malaria Research, Indian Council of Medical Research",
786,Pfkelch13,India,IN,Karnataka,Mangalore,12.914142,74.855957,2015,P. falciparum,112,Institute of Tropical Medicine and International Health,https://www.ncbi.nlm.nih.gov/pubmed/30398146
787,Pfkelch13,Myanmar,MM,,Kayin State,16.945935,97.959286,2014,P. falciparum,258,"Shoklo Malaria Research Unit, Mahidol-Oxford Tropical Medicine Research Unit, Faculty of Tropical Medicine, Mahidol University",https://www.ncbi.nlm.nih.gov/pubmed/29703425
788,Pfkelch13,Myanmar,MM,,Kayin State,16.945935,97.959286,2015,P. falciparum,81,"Shoklo Malaria Research Unit, Mahidol-Oxford Tropical Medicine Research Unit, Faculty of Tropical Medicine, Mahidol University",https://www.ncbi.nlm.nih.gov/pubmed/29703425
789,Pfkelch13,India,IN,Madhya Pradesh,Betul,21.910803,77.901184,2017,P. falciparum,20,"National Institute of Malaria Research, Indian Council of Medical Research",
790,Pfkelch13,India,IN,Tripura,Dhalai,23.933333,91.850000,2017,P. falciparum,27,"National Institute of Malaria Research, Indian Council of Medical Research",
791,Pfkelch13,India,IN,Maharashtra,Gadcharoli,19.496873,80.276733,2017,P. falciparum,27,"National Institute of Malaria Research, Indian Council of Medical Research",
792,Pfkelch13,India,IN,Assam,Udalgiri,26.717942,91.899014,2018,P. falciparum,88,"National Institute of Malaria Research, Indian Council of Medical Research",
793,Pfkelch13,Myanmar,MM,,Kayin State,16.945935,97.959286,2016,P. falciparum,292,"Shoklo Malaria Research Unit, Mahidol-Oxford Tropical Medicine Research Unit, Faculty of Tropical Medicine, Mahidol University",https://www.ncbi.nlm.nih.gov/pubmed/29703425
794,Pfkelch13,Myanmar,MM,Mon,Beelin,17.233333,97.250000,2017,P. falciparum,12,Department of Medical Research (Lower Myanmar),
795,Pfkelch13,Myanmar,MM,Shan,Nawnghkio,22.333809,96.801421,2017,P. falciparum,74,Department of Medical Research (Lower Myanmar),
797,Pfkelch13,Myanmar,MM,Kayin,Thandaung,19.021747,96.582656,2017,P. falciparum,15,Department of Medical Research (Lower Myanmar),
798,Pfkelch13,Lao People's Democratic Republic,LA,Savannakhet,Nong,16.404470,106.627808,2017,P. falciparum,54,"Center of Malariology, Parasitology and Entomology, Ministry of Public Health",
799,Pfkelch13,Lao People's Democratic Republic,LA,,Phongsaly Province,21.683333,102.100000,2017,P. falciparum,3,"Department of Tropical Medicine and Malaria, Research Institute, National Centre for Global Health and Medicine",https://www.ncbi.nlm.nih.gov/pubmed/30587196
802,Pfkelch13,China,CN,Yunnan,Menglian,22.329099,99.584157,2011,P. falciparum,8,"National Institute of Parasitic Diseases, Chinese Center for Disease Control and Prevention, WHO Collaborating Center for Malaria, Schistosomiasis and Filariasis",http://www.ncbi.nlm.nih.gov/pubmed/25910630
803,Pfkelch13,China,CN,Yunnan,Tengchong,25.020439,98.490967,2011,P. falciparum,125,"National Institute of Parasitic Diseases, Chinese Center for Disease Control and Prevention, WHO Collaborating Center for Malaria, Schistosomiasis and Filariasis",http://www.ncbi.nlm.nih.gov/pubmed/25910630
804,Pfkelch13,China,CN,Yunnan,Yingjiang,24.705211,97.931955,2012,P. falciparum,16,"National Institute of Parasitic Diseases, Chinese Center for Disease Control and Prevention, WHO Collaborating Center for Malaria, Schistosomiasis and Filariasis",http://www.ncbi.nlm.nih.gov/pubmed/25910630
806,Pfkelch13,Viet Nam,VN,,Binh Phuoc Province,11.751189,106.723464,2010,P. falciparum,147,"Oxford University Clinical Research Unit, Wellcome Trust Major Overseas Programme",https://www.ncbi.nlm.nih.gov/pubmed/28137815
807,Pfkelch13,Viet Nam,VN,Gia Lai,Ia Grai,14.000000,107.750000,2011,P. falciparum,20,"Oxford University Clinical Research Unit, Wellcome Trust Major Overseas Programme",https://www.ncbi.nlm.nih.gov/pubmed/28086775
808,Pfkelch13,Viet Nam,VN,,Binh Phuoc Province,11.751189,106.723464,2011,P. falciparum,136,"Oxford University Clinical Research Unit, Wellcome Trust Major Overseas Programme",https://www.ncbi.nlm.nih.gov/pubmed/28137815
809,Pfkelch13,Viet Nam,VN,Binh Phuoc,Bu Gia Map,12.039224,107.053943,2012,P. falciparum,50,"Oxford University Clinical Research Unit, Wellcome Trust Major Overseas Programme",https://www.ncbi.nlm.nih.gov/pubmed/28086775
810,Pfkelch13,China,CN,Yunnan,Tengchong,25.020439,98.490967,2013,P. falciparum,6,"National Institute of Parasitic Diseases, Chinese Center for Disease Control and Prevention, WHO Collaborating Center for Malaria, Schistosomiasis and Filariasis",http://www.ncbi.nlm.nih.gov/pubmed/25910630
811,Pfkelch13,China,CN,Yunnan,Yingjiang,24.705211,97.931955,2013,P. falciparum,10,Institut Pasteur of Shanghai Chinese Academy of Sciences,http://www.ncbi.nlm.nih.gov/pubmed/27332904
812,Pfkelch13,Viet Nam,VN,,Binh Phuoc Province,11.751189,106.723464,2012,P. falciparum,76,"Oxford University Clinical Research Unit, Wellcome Trust Major Overseas Programme",https://www.ncbi.nlm.nih.gov/pubmed/28137815
813,Pfkelch13,Viet Nam,VN,Binh Phuoc,Bu Gia Map,12.039224,107.053943,2013,P. falciparum,65,"Oxford University Clinical Research Unit, Wellcome Trust Major Overseas Programme",https://www.ncbi.nlm.nih.gov/pubmed/28086775
814,Pfkelch13,Viet Nam,VN,Ninh Thuan,Bac Ai,11.833415,108.855148,2013,P. falciparum,77,"Oxford University Clinical Research Unit, Wellcome Trust Major Overseas Programme",https://www.ncbi.nlm.nih.gov/pubmed/28086775
815,Pfkelch13,Viet Nam,VN,,Binh Phuoc Province,11.751189,106.723464,2013,P. falciparum,48,"Oxford University Clinical Research Unit, Wellcome Trust Major Overseas Programme",https://www.ncbi.nlm.nih.gov/pubmed/28137815
817,Pfkelch13,Viet Nam,VN,Binh Phuoc,Bu Gia Map,12.039224,107.053943,2014,P. falciparum,65,"Oxford University Clinical Research Unit, Wellcome Trust Major Overseas Programme",https://www.ncbi.nlm.nih.gov/pubmed/28086775
818,Pfkelch13,Viet Nam,VN,Ninh Thuan,Bac Ai,11.833415,108.855148,2014,P. falciparum,56,"Oxford University Clinical Research Unit, Wellcome Trust Major Overseas Programme",https://www.ncbi.nlm.nih.gov/pubmed/28086775
819,Pfkelch13,Viet Nam,VN,,Binh Phuoc Province,11.751189,106.723464,2014,P. falciparum,86,"Oxford University Clinical Research Unit, Wellcome Trust Major Overseas Programme",https://www.ncbi.nlm.nih.gov/pubmed/28137815
820,Pfkelch13,Viet Nam,VN,Gia Lai,Krong Pa,13.234560,108.517936,2014,P. falciparum,57,"Oxford University Clinical Research Unit, Wellcome Trust Major Overseas Programme",https://www.ncbi.nlm.nih.gov/pubmed/28137815
822,Pfkelch13,Viet Nam,VN,Gia Lai,Krong Pa,13.234560,108.517936,2015,P. falciparum,27,"Oxford University Clinical Research Unit, Wellcome Trust Major Overseas Programme",https://www.ncbi.nlm.nih.gov/pubmed/28086775
823,Pfkelch13,Viet Nam,VN,Ninh Thuan,Bac Ai,11.833415,108.855148,2015,P. falciparum,55,"Oxford University Clinical Research Unit, Wellcome Trust Major Overseas Programme",https://www.ncbi.nlm.nih.gov/pubmed/28086775
826,Pfkelch13,Viet Nam,VN,Ninh Thuan,Bac Ai,11.833415,108.855148,2015,P. falciparum,53,"Oxford University Clinical Research Unit, Wellcome Trust Major Overseas Programme",https://www.ncbi.nlm.nih.gov/pubmed/28137815
827,Pfkelch13,Viet Nam,VN,Binh Phuoc,Bu Gia Map,12.039224,107.053943,2017,P. falciparum,38,"National Institute of Malariology, Parasitology and Entomology",
828,Pfkelch13,Viet Nam,VN,Gia Lai,Krong Pa,13.234560,108.517936,2017,P. falciparum,28,"National Institute of Malariology, Parasitology and Entomology",
829,Pfkelch13,Viet Nam,VN,Dak Nong,Cu Jut,12.657282,107.865612,2017,P. falciparum,13,"National Institute of Malariology, Parasitology and Entomology",
830,Pfkelch13,Viet Nam,VN,,Gia Lai Province,13.807894,108.109375,2017,P. falciparum,64,"National Institute of Malariology, Parasitology and Entomology",
831,Pfkelch13,Viet Nam,VN,Ninh Thuan,Bac Ai,11.833415,108.855148,2017,P. falciparum,29,"National Institute of Malariology, Parasitology and Entomology",
832,Pfkelch13,Viet Nam,VN,Ninh Thuan,Bac Ai,11.833415,108.855148,2017,P. falciparum,28,"National Institute of Malariology, Parasitology and Entomology",
833,Pfkelch13,Viet Nam,VN,Khánh Hòa,Khanh Vinh,12.274375,108.917539,2017,P. falciparum,9,"National Institute of Malariology, Parasitology and Entomology",
834,Pfkelch13,Viet Nam,VN,Binh Phuoc,Bu Dang,11.769337,107.148452,2017,P. falciparum,44,"National Institute of Malariology, Parasitology and Entomology",
835,Pfkelch13,Viet Nam,VN,Dak Nong,Tuy Duc,12.157612,107.434231,2017,P. falciparum,26,"National Institute of Malariology, Parasitology and Entomology",
839,Pfkelch13,Cambodia,KH,,Stung Treng Province,13.576473,105.969988,2017,P. falciparum,251,"National Center for Parasitology, Entomology and Malaria Control, Ministry of Health",
840,Pfkelch13,Cambodia,KH,,Pursat Province,12.366321,103.636272,2017,P. falciparum,57,"National Center for Parasitology, Entomology and Malaria Control, Ministry of Health",
841,Pfkelch13,Cambodia,KH,,Ratanakiri Province,13.857661,107.101193,2017,P. falciparum,69,"National Center for Parasitology, Entomology and Malaria Control, Ministry of Health",
842,Pfkelch13,Cambodia,KH,,Mondulkiri Province,12.787943,107.101193,2017,P. falciparum,152,"National Center for Parasitology, Entomology and Malaria Control, Ministry of Health",
843,Pfkelch13,Cambodia,KH,Pursat,Veal Veng,12.546349,103.918749,2017,P. falciparum,51,"National Center for Parasitology, Entomology and Malaria Control, Ministry of Health",
844,Pfkelch13,Cambodia,KH,Stung Treng,Siem Pang,14.112548,106.390534,2017,P. falciparum,61,"National Center for Parasitology, Entomology and Malaria Control, Ministry of Health",
845,Pfkelch13,Cambodia,KH,Kampong Speu,Oral,11.811908,104.007235,2017,P. falciparum,57,"National Center for Parasitology, Entomology and Malaria Control, Ministry of Health",
846,Pfkelch13,Cambodia,KH,Mondulkiri,Kaoh Nheaek,13.075544,107.036227,2018,P. falciparum,44,"National Center for Parasitology, Entomology and Malaria Control, Ministry of Health",
847,Pfkelch13,Cambodia,KH,Pursat,Veal Veng,12.546349,103.918749,2018,P. falciparum,43,"National Center for Parasitology, Entomology and Malaria Control, Ministry of Health",
848,Pfkelch13,Cambodia,KH,Kampong Speu,Oral,11.811908,104.007235,2018,P. falciparum,62,"National Center for Parasitology, Entomology and Malaria Control, Ministry of Health",
849,Pfkelch13,Cambodia,KH,Ratanakiri,Veun Sai,14.261043,106.794241,2018,P. falciparum,53,"National Center for Parasitology, Entomology and Malaria Control, Ministry of Health",
850,Pfkelch13,Cambodia,KH,Kratié,Ksim,12.168061,106.411766,2018,P. falciparum,23,"National Center for Parasitology, Entomology and Malaria Control, Ministry of Health",
854,Pfkelch13,French Guiana,GF,,Multiple sites (French Guiana),3.933889,-53.125782,2017,P. falciparum,54,Institut Pasteur de la Guyane,
855,Pfkelch13,French Guiana,GF,,Multiple sites (French Guiana),3.933889,-53.125782,2018,P. falciparum,42,Institut Pasteur de la Guyane,
856,Pfkelch13,Guyana,GY,,Barima-Waini Region,7.667000,-59.750000,2018,P. falciparum,72,Institut Pasteur de la Guyane,
857,Pfkelch13,Guyana,GY,Demerara-Mahaica,Georgetown,6.805833,-58.166667,2018,P. falciparum,99,Institut Pasteur de la Guyane,
859,Pfkelch13,Venezuela (Bolivarian Republic of),VE,,All country - Venezuela (Bolivarian Republic of),6.640517,-66.212879,2018,P. falciparum,38,Institut Pasteur de la Guyane,
860,Pfkelch13,Viet Nam,VN,Quang Tri,Huong Hoa,16.649551,106.676292,2014,P. falciparum,84,University of Sassari,https://www.ncbi.nlm.nih.gov/pubmed/30939179
861,Pfkelch13,Viet Nam,VN,,Binh Phuoc Province,11.751189,106.723464,2014,P. falciparum,26,Medicines for Malaria Venture,https://www.ncbi.nlm.nih.gov/pubmed/30967148
862,Pfkelch13,Viet Nam,VN,,Gia Lai Province,13.807894,108.109375,2014,P. falciparum,13,Medicines for Malaria Venture,https://www.ncbi.nlm.nih.gov/pubmed/30967148
863,Pfkelch13,Viet Nam,VN,,Khanh Hoa Province,12.318141,108.507347,2014,P. falciparum,28,Medicines for Malaria Venture,https://www.ncbi.nlm.nih.gov/pubmed/30967148
864,Pfkelch13,Viet Nam,VN,,Quang Tri Province,16.746900,107.194000,2014,P. falciparum,1,Medicines for Malaria Venture,https://www.ncbi.nlm.nih.gov/pubmed/30967148
865,Pfkelch13,Viet Nam,VN,Gia Lai,Krong Pa,13.234560,108.517936,2015,P. falciparum,29,University of Sassari,https://www.ncbi.nlm.nih.gov/pubmed/30939179
866,Pfkelch13,Viet Nam,VN,Ninh Thuan,Thuan Bac,11.753333,109.069098,2015,P. falciparum,20,University of Sassari,https://www.ncbi.nlm.nih.gov/pubmed/30939179
867,Pfkelch13,Viet Nam,VN,Ninh Thuan,Thuan Bac,11.753333,109.069098,2015,P. falciparum,26,Vietnam People's Army Military Institute of Preventive Medicine,https://www.ncbi.nlm.nih.gov/pubmed/30654808
868,Pfkelch13,Bangladesh,BD,Chittagong,Bandarban,21.831100,92.368632,2018,P. falciparum,5,"Malaria and Parasitic Disease Control Unit, Directorate General of Health Services",
869,Pfkelch13,Bangladesh,BD,Chittagong,Khagrachari,23.132175,91.949021,2018,P. falciparum,10,"Malaria and Parasitic Disease Control Unit, Directorate General of Health Services",
870,Pfkelch13,Bangladesh,BD,Chittagong,Bandarban,21.831100,92.368632,2018,P. falciparum,55,"Malaria and Parasitic Disease Control Unit, Directorate General of Health Services",
871,Pfkelch13,Benin,BJ,Littoral,Cotonou,6.370293,2.391236,2014,P. falciparum,1,Medicines for Malaria Venture,https://www.ncbi.nlm.nih.gov/pubmed/30967148
872,Pfkelch13,Burkina Faso,BF,,"Multiple sites in Nanoro, Banfora, Niangoloko",10.545936,-4.717541,2014,P. falciparum,114,Medicines for Malaria Venture,https://www.ncbi.nlm.nih.gov/pubmed/30967148
873,Pfkelch13,Democratic Republic of the Congo,CD,,Kinshasa,-4.325000,15.322222,2014,P. falciparum,4,Medicines for Malaria Venture,https://www.ncbi.nlm.nih.gov/pubmed/30967148
874,Pfkelch13,Eritrea,ER,,Gash-Barka Region,15.250000,37.500000,2013,P. falciparum,119,Istituto Superiore di Sanità,https://www.ncbi.nlm.nih.gov/pubmed/32171330
875,Pfkelch13,Eritrea,ER,Debub,Mendefera,14.887222,38.815278,2013,P. falciparum,9,Istituto Superiore di Sanità,https://www.ncbi.nlm.nih.gov/pubmed/26875763
876,Pfkelch13,Eritrea,ER,Gash-Barka,Shambuko,14.925213,37.837964,2016,P. falciparum,72,"National Malaria Control Program, Disease Prevention and Control Division",
877,Pfkelch13,Eritrea,ER,Gash-Barka,Agordat,15.550000,37.883333,2016,P. falciparum,57,"National Malaria Control Program, Disease Prevention and Control Division",
878,Pfkelch13,Eritrea,ER,Gash-Barka,Goluj,14.743773,36.719984,2016,P. falciparum,73,"National Malaria Control Program, Disease Prevention and Control Division",
879,Pfkelch13,Gabon,GA,,Moyen-Ogooué et Ngounié Provinces,-1.684995,8.939688,2014,P. falciparum,83,Medicines for Malaria Venture,https://www.ncbi.nlm.nih.gov/pubmed/30967148
880,Pfkelch13,Mozambique,MZ,Maputo,Manhiça,-25.392301,32.797165,2014,P. falciparum,14,Medicines for Malaria Venture,https://www.ncbi.nlm.nih.gov/pubmed/30967148
882,Pfkelch13,Uganda,UG,Eastern Region,Tororo,0.678227,34.186567,2014,P. falciparum,116,Medicines for Malaria Venture,https://www.ncbi.nlm.nih.gov/pubmed/30967148
883,Pfkelch13,Eritrea,ER,Gash-Barka,Laelay Gash,14.568531,36.893220,2016,P. falciparum,73,"National Malaria Control Program, Disease Prevention and Control Division",
884,Pfkelch13,Congo,CG,,Brazzaville,-4.267778,15.291944,2010,P. falciparum,33,"Unité d'Evolution, Epidémiologie et Résistances Parasitaires (UNEEREP), Centre International de Recherche Médicales de Franceville",https://www.ncbi.nlm.nih.gov/pubmed/30121345
885,Pfkelch13,Congo,CG,,Départements de Likouala and Sangha,1.601758,16.523369,2013,P. falciparum,20,"Unité d'Evolution, Epidémiologie et Résistances Parasitaires (UNEEREP), Centre International de Recherche Médicales de Franceville",https://www.ncbi.nlm.nih.gov/pubmed/30121345
886,Pfkelch13,Congo,CG,,Brazzaville,-4.267778,15.291944,2015,P. falciparum,14,"Unité d'Evolution, Epidémiologie et Résistances Parasitaires (UNEEREP), Centre International de Recherche Médicales de Franceville",https://www.ncbi.nlm.nih.gov/pubmed/30121345
887,Pfkelch13,Ethiopia,ET,"Oromia and Southern Nations, Nationalities, and Peoples' Regions",Jimma Zone and Alaba,7.757584,37.302456,2014,P. falciparum,62,"Department of Biological Sciences, University of North Carolina",https://www.ncbi.nlm.nih.gov/pubmed/28746333
888,Pfkelch13,Ethiopia,ET,Benishangul-Gumuz and Amhara,Metekel and Mirab Gojjam,11.000000,35.750000,2014,P. falciparum,65,"Department of Biological Sciences, University of North Carolina",https://www.ncbi.nlm.nih.gov/pubmed/28746333
889,Pfkelch13,Ethiopia,ET,Oromia and Amhara,Metehara and Shewa Robit,9.426092,39.507040,2014,P. falciparum,72,"Department of Biological Sciences, University of North Carolina",https://www.ncbi.nlm.nih.gov/pubmed/28746333
890,Pfkelch13,Congo,CG,,Brazzaville,-4.267778,15.291944,2015,P. falciparum,127,"Faculté des Sciences et Techniques, Université Marien Ngouabi",https://www.ncbi.nlm.nih.gov/pubmed/30373565
891,Pfkelch13,Comoros,KM,Ngazidja,Moroni,-11.717216,43.247315,2017,P. falciparum,63,Programme National de Lutte Contre le Paludisme,
892,Pfkelch13,Comoros,KM,Ngazidja,Hambou et de Badjine Est,-11.803499,43.273601,2017,P. falciparum,12,Programme National de Lutte Contre le Paludisme,
893,Pfkelch13,Comoros,KM,,Grande Comore,-11.583333,43.333333,2017,P. falciparum,16,Programme National de Lutte Contre le Paludisme,
895,Pfkelch13,Bangladesh,BD,Chittagong,Rangamati,22.657350,92.173271,2017,P. falciparum,11,"Malaria and Parasitic Disease Control Unit, Directorate General of Health Services",
896,Pfkelch13,Bangladesh,BD,Chittagong,Bandarban,21.831100,92.368632,2017,P. falciparum,6,"Malaria and Parasitic Disease Control Unit, Directorate General of Health Services",
897,Pfkelch13,Bangladesh,BD,Chittagong,Khagrachari,23.132175,91.949021,2017,P. falciparum,36,"Malaria and Parasitic Disease Control Unit, Directorate General of Health Services",
898,Pfkelch13,Botswana,BW,,Multiple sites,-23.513086,25.364905,2012,P. falciparum,186,Sub-Saharan African Network for TB/HIV Research Excellence (SANTHE),https://www.ncbi.nlm.nih.gov/pubmed/30350774
907,Pfkelch13,Brazil,BR,,Roraima,2.050000,-61.400000,2016,P. falciparum,239,"Malaria Branch, Division of Parasitic Diseases and Malaria, Center for Global Health, Center for Disease Control and Prevention",https://www.ncbi.nlm.nih.gov/pubmed/31833470
908,Pfkelch13,Burundi,BI,Karuzi,Buhiga,-3.030708,30.160374,2019,P. falciparum,87,Programme National Intégré de Lutte contre le Paludisme,
909,Pfkelch13,Burundi,BI,Makamba,Nyanza-lac,-4.306201,29.494671,2019,P. falciparum,78,Programme National Intégré de Lutte contre le Paludisme,
910,Pfkelch13,Burundi,BI,Bujumbura Mairie,Bujumbura,-3.361378,29.359878,2019,P. falciparum,88,Programme National Intégré de Lutte contre le Paludisme,
911,Pfkelch13,Burundi,BI,Gitega,Mutaho,-3.156724,29.856081,2019,P. falciparum,74,Programme National Intégré de Lutte contre le Paludisme,
912,Pfkelch13,Cambodia,KH,Oddar Meanchey,Anlong Veng,14.241371,104.094325,2014,P. falciparum,157,Armed Forces Research Institute of Medical Sciences,https://www.ncbi.nlm.nih.gov/pubmed/31660398
913,Pfkelch13,Cambodia,KH,Kratié,Kratié,12.482437,105.966596,2014,P. falciparum,43,Armed Forces Research Institute of Medical Sciences,https://www.ncbi.nlm.nih.gov/pubmed/31660398
916,Pfkelch13,Colombia,CO,Chocó,Quibdo,5.695633,-76.649812,2018,P. falciparum,81,"Grupo de Parasitología, Instituto Nacional de Salud",https://www.ncbi.nlm.nih.gov/pubmed/32100686
917,Pfkelch13,Congo,CG,Sangha,Ouesso,1.614133,16.032615,2019,P. falciparum,58,"Programme National de Lutte contre le Paludisme, Ministère de la Santé et de la Population",
919,Pfkelch13,Democratic Republic of the Congo,CD,Equateur,Bolenge,0.000100,18.216700,2014,P. falciparum,51,"Biochemistry and Molecular Biology Unit, Department of Basic Sciences, School of Medicine, University of Kinshasa",https://www.ncbi.nlm.nih.gov/pubmed/28594879
920,Pfkelch13,Democratic Republic of the Congo,CD,Nord Kivu,Butembo,0.150000,29.283333,2014,P. falciparum,22,"Biochemistry and Molecular Biology Unit, Department of Basic Sciences, School of Medicine, University of Kinshasa",https://www.ncbi.nlm.nih.gov/pubmed/28594879
921,Pfkelch13,Democratic Republic of the Congo,CD,Haut-Katanga,Kapolowe,-10.942380,26.952181,2014,P. falciparum,63,"Biochemistry and Molecular Biology Unit, Department of Basic Sciences, School of Medicine, University of Kinshasa",https://www.ncbi.nlm.nih.gov/pubmed/28594879
922,Pfkelch13,Democratic Republic of the Congo,CD,Kinshasa,Luzizila,-4.346944,15.236401,2014,P. falciparum,62,"Biochemistry and Molecular Biology Unit, Department of Basic Sciences, School of Medicine, University of Kinshasa",https://www.ncbi.nlm.nih.gov/pubmed/28594879
923,Pfkelch13,Democratic Republic of the Congo,CD,Kasaï,Mweka,-4.850000,21.566667,2014,P. falciparum,31,"Biochemistry and Molecular Biology Unit, Department of Basic Sciences, School of Medicine, University of Kinshasa",https://www.ncbi.nlm.nih.gov/pubmed/28594879
924,Pfkelch13,Democratic Republic of the Congo,CD,Maniema,Punia,-1.466700,26.450000,2014,P. falciparum,51,"Biochemistry and Molecular Biology Unit, Department of Basic Sciences, School of Medicine, University of Kinshasa",https://www.ncbi.nlm.nih.gov/pubmed/28594879
925,Pfkelch13,Democratic Republic of the Congo,CD,Kinshasa,Kingasani,-4.410243,15.411201,2017,P. falciparum,21,Programme National de Lutte contre le Paludisme,
926,Pfkelch13,Democratic Republic of the Congo,CD,Haut-Katanga,Kapolowe,-10.942380,26.952181,2017,P. falciparum,62,Programme National de Lutte contre le Paludisme,
927,Pfkelch13,Democratic Republic of the Congo,CD,Kongo Central,Kimpese,-5.563056,14.445833,2017,P. falciparum,27,Programme National de Lutte contre le Paludisme,
928,Pfkelch13,Democratic Republic of the Congo,CD,Kasaï-Oriental,Mikalayi,-6.024568,22.317696,2017,P. falciparum,104,Programme National de Lutte contre le Paludisme,
929,Pfkelch13,Democratic Republic of the Congo,CD,Nord Kivu,Rutshuru,-1.183333,29.450000,2017,P. falciparum,90,Programme National de Lutte contre le Paludisme,
932,Pfkelch13,Equatorial Guinea,GQ,Centro Sur,Niefang,1.850000,10.250000,2013,P. falciparum,59,"Instituto de Higiene e Medicina Tropical, Universidade Nova de Lisboa",https://www.ncbi.nlm.nih.gov/pubmed/27795385
933,Pfkelch13,Equatorial Guinea,GQ,Litoral,Machinda,1.883333,9.966667,2013,P. falciparum,27,"Instituto de Higiene e Medicina Tropical, Universidade Nova de Lisboa",https://www.ncbi.nlm.nih.gov/pubmed/27795385
934,Pfkelch13,Equatorial Guinea,GQ,Litoral,Bata,1.853318,9.779023,2017,P. falciparum,175,"Programa Nacional de Lucha contra el Paludismo, Dirección General de Salud Pública y Prevención de Enfermedades",
935,Pfkelch13,Equatorial Guinea,GQ,Kié-Ntem,Ebebiyin,2.065636,11.207047,2017,P. falciparum,168,"Programa Nacional de Lucha contra el Paludismo, Dirección General de Salud Pública y Prevención de Enfermedades",
936,Pfkelch13,Equatorial Guinea,GQ,Bioko Norte,Malabo,3.750412,8.737104,2017,P. falciparum,131,"Programa Nacional de Lucha contra el Paludismo, Dirección General de Salud Pública y Prevención de Enfermedades",
940,Pfkelch13,Ethiopia,ET,Tigray,Selekleka,14.117906,38.473929,2010,P. falciparum,33,"Department of Biological Sciences, University of North Carolina",https://www.ncbi.nlm.nih.gov/pubmed/31516103
941,Pfkelch13,Ethiopia,ET,Central Ethiopia Regional State,Gomibora,7.683330,37.533330,2011,P. falciparum,85,"Department of Biological Sciences, University of North Carolina",https://www.ncbi.nlm.nih.gov/pubmed/31516103
942,Pfkelch13,Ethiopia,ET,Sidama,Wondo Genet,7.016667,38.583333,2011,P. falciparum,98,"Department of Biological Sciences, University of North Carolina",https://www.ncbi.nlm.nih.gov/pubmed/31516103
943,Pfkelch13,Gabon,GA,Ogooué et des Lacs,Lambaréné,-0.701546,10.240386,2011,P. falciparum,114,"Institute of Tropical Medicine, University Tübingen",https://www.ncbi.nlm.nih.gov/pubmed/28535801
944,Pfkelch13,Gambia,GM,Basse LGA,Basse Fulladu East,13.333333,-14.250000,2016,P. falciparum,76,National Malaria Control Programme,
945,Pfkelch13,Gambia,GM,Brikama LGA,Kombo Central,13.250000,-16.666667,2016,P. falciparum,85,National Malaria Control Programme,
946,Pfkelch13,Ghana,GH,Ashanti,Kumasi,6.666600,-1.616271,2011,P. falciparum,89,"Institute of Tropical Medicine, University Tübingen",https://www.ncbi.nlm.nih.gov/pubmed/28535801
947,Pfkelch13,Guinea-Bissau,GW,Bissau Autonomous Sector,Bissau,11.881655,-15.617794,2016,P. falciparum,97,"Centre for Medical Parasitology, Department of Immunology and Microbiology, University of Copenhagen",https://www.ncbi.nlm.nih.gov/pubmed/31349834
948,Pfkelch13,India,IN,,West Bengal,22.566667,88.366667,2014,P. falciparum,226,"Immunology and Microbiology Laboratory, Department of Human Physiology with Community Health, Vidyasagar University",https://www.ncbi.nlm.nih.gov/pubmed/30535043
949,Pfkelch13,India,IN,,Tripura,23.840000,91.280000,2015,P. falciparum,52,"ICMR Regional Medical Research Centre, North East Region, Dibrugar",https://www.ncbi.nlm.nih.gov/pubmed/31548652
950,Pfkelch13,India,IN,Haryana,Mewat,27.991343,76.538834,2015,P. falciparum,70,"National Institute of Malaria Research, Indian Council of Medical Research",https://www.ncbi.nlm.nih.gov/pubmed/31791329
951,Pfkelch13,India,IN,Chhattisgarh,Raipur,21.261891,81.548860,2015,P. falciparum,46,"ICMR Regional Medical Research Centre, North East Region, Dibrugar",https://www.ncbi.nlm.nih.gov/pubmed/31791329
952,Pfkelch13,India,IN,Jharkhand,Ranchi,23.344100,85.309562,2015,P. falciparum,27,"ICMR Regional Medical Research Centre, North East Region, Dibrugar",https://www.ncbi.nlm.nih.gov/pubmed/31791329
953,Pfkelch13,Lao People's Democratic Republic,LA,,Champasak Province,14.657866,105.969988,2018,P. falciparum,12,"Center of Malariology, Parasitology and Entomology, Ministry of Public Health",
954,Pfkelch13,Lao People's Democratic Republic,LA,,Salavan Province,15.716566,106.414087,2018,P. falciparum,29,"Center of Malariology, Parasitology and Entomology, Ministry of Public Health",
955,Pfkelch13,Myanmar,MM,Tanintharyi,Kawthaung,9.995811,98.552875,2018,P. falciparum,46,Department of Medical Research (Lower Myanmar),
956,Pfkelch13,Myanmar,MM,Kayin,Kawkareik,16.555556,98.240000,2018,P. falciparum,48,Department of Medical Research (Lower Myanmar),
959,Pfkelch13,Papua New Guinea,PG,Milne Bay,Alotau,-10.315703,150.458779,2017,P. falciparum,23,Papua New Guinea Institute of Medical Research,
960,Pfkelch13,Papua New Guinea,PG,Central,Kuriva,-10.620833,151.271935,2018,P. falciparum,15,Papua New Guinea Institute of Medical Research,
961,Pfkelch13,Papua New Guinea,PG,Madang Province,Madang,-5.209540,145.804616,2019,P. falciparum,55,Papua New Guinea Institute of Medical Research,
964,Pfkelch13,South Africa,ZA,,Mpumalanga Province,-26.000000,30.000000,2018,P. falciparum,532,"Centre for Emerging Zoonotic and Parasitic Diseases, National Institute for Communicable Diseases",https://www.ncbi.nlm.nih.gov/pubmed/31438951
966,Pfkelch13,Sudan,SD,Blue Nile,Damazin,11.785454,34.342140,2015,P. falciparum,108,"Department of Biochemistry, Faculty of Medicine, University of Khartoum",https://www.ncbi.nlm.nih.gov/pmc/articles/PMC7029593/
968,Pfkelch13,Sudan,SD,Kassala State,Kassala,15.455814,36.378670,2017,P. falciparum,80,"Federal Ministry of Health, National Malaria Control Programme",
969,Pfkelch13,Sudan,SD,Sennar,Sennar,13.567469,33.567205,2017,P. falciparum,47,"Federal Ministry of Health, National Malaria Control Programme",
970,Pfkelch13,Sudan,SD,Blue Nile,Damazin,11.785454,34.342140,2017,P. falciparum,81,"Federal Ministry of Health, National Malaria Control Programme",
971,Pfkelch13,Sudan,SD,West Darfur,Geneina,13.450000,22.450000,2017,P. falciparum,36,"Federal Ministry of Health, National Malaria Control Programme",
972,Pfkelch13,Thailand,TH,,Phang Nga Province,8.450141,98.525532,2012,P. falciparum,4,"Department of Microbiology, Faculty of Science, Prince of Songkla University",https://www.ncbi.nlm.nih.gov/pubmed/31533403
973,Pfkelch13,Thailand,TH,,Ranong Province,9.952870,98.608464,2012,P. falciparum,8,"Department of Microbiology, Faculty of Science, Prince of Songkla University",https://www.ncbi.nlm.nih.gov/pubmed/31533403
974,Pfkelch13,Thailand,TH,,Ranong Province,9.952870,98.608464,2012,P. falciparum,72,"Molecular Mycology Research Laboratory, Centre for Infectious Diseases and Microbiology, Faculty of Medicine and Health, Westmead Clinical School, Marie Bashir Institute for Infectious Diseases and Biosecurity, University of Sydney",https://www.ncbi.nlm.nih.gov/pubmed/31416468
975,Pfkelch13,Thailand,TH,,Suratthani Province,9.212162,98.145503,2012,P. falciparum,17,"Molecular Mycology Research Laboratory, Centre for Infectious Diseases and Microbiology, Faculty of Medicine and Health, Westmead Clinical School, Marie Bashir Institute for Infectious Diseases and Biosecurity, University of Sydney",https://www.ncbi.nlm.nih.gov/pubmed/31416468
976,Pfkelch13,Thailand,TH,,Yala Province,6.541147,101.280395,2012,P. falciparum,2,"Molecular Mycology Research Laboratory, Centre for Infectious Diseases and Microbiology, Faculty of Medicine and Health, Westmead Clinical School, Marie Bashir Institute for Infectious Diseases and Biosecurity, University of Sydney",https://www.ncbi.nlm.nih.gov/pubmed/31416468
977,Pfkelch13,Thailand,TH,,Chumphon Province,10.493889,99.180000,2013,P. falciparum,10,"Department of Microbiology, Faculty of Science, Prince of Songkla University",https://www.ncbi.nlm.nih.gov/pubmed/31533403
978,Pfkelch13,Thailand,TH,,Ranong Province,9.952870,98.608464,2013,P. falciparum,13,"Department of Microbiology, Faculty of Science, Prince of Songkla University",https://www.ncbi.nlm.nih.gov/pubmed/31533403
979,Pfkelch13,Thailand,TH,,Chumphon Province,10.493889,99.180000,2014,P. falciparum,6,"Department of Microbiology, Faculty of Science, Prince of Songkla University",https://www.ncbi.nlm.nih.gov/pubmed/31533403
980,Pfkelch13,Thailand,TH,,Suratthani Province,9.212162,98.145503,2014,P. falciparum,17,"Department of Microbiology, Faculty of Science, Prince of Songkla University",https://www.ncbi.nlm.nih.gov/pubmed/31533403
981,Pfkelch13,Thailand,TH,,Phang Nga Province,8.450141,98.525532,2015,P. falciparum,10,"Department of Microbiology, Faculty of Science, Prince of Songkla University",https://www.ncbi.nlm.nih.gov/pubmed/31533403
982,Pfkelch13,Thailand,TH,,Ranong Province,9.952870,98.608464,2015,P. falciparum,19,"Department of Microbiology, Faculty of Science, Prince of Songkla University",https://www.ncbi.nlm.nih.gov/pubmed/31533403
983,Pfkelch13,Thailand,TH,,Suratthani Province,9.212162,98.145503,2015,P. falciparum,19,"Department of Microbiology, Faculty of Science, Prince of Songkla University",https://www.ncbi.nlm.nih.gov/pubmed/31533403
985,Pfkelch13,Thailand,TH,,Suratthani Province,9.212162,98.145503,2016,P. falciparum,10,"Department of Microbiology, Faculty of Science, Prince of Songkla University",https://www.ncbi.nlm.nih.gov/pubmed/31533403
986,Pfkelch13,Thailand,TH,,Yala Province,6.541147,101.280395,2017,P. falciparum,12,"Department of Microbiology, Faculty of Science, Prince of Songkla University",https://www.ncbi.nlm.nih.gov/pubmed/31533403
988,Pfkelch13,Viet Nam,VN,Gia Lai,Krong Pa,13.234560,108.517936,2015,P. falciparum,27,"Oxford University Clinical Research Unit, Wellcome Trust Major Overseas Programme",https://www.ncbi.nlm.nih.gov/pubmed/28137815
989,Pfkelch13,Viet Nam,VN,Binh Phuoc,Bu Gia Map,12.039224,107.053943,2015,P. falciparum,120,"Mahidol Oxford Tropical Medicine Research Unit, Mahidol University",https://pubmed.ncbi.nlm.nih.gov/32171078/
990,Pfkelch13,Viet Nam,VN,Dak Lak,Krông Năng,13.000000,108.417000,2019,P. falciparum,98,"National Institute of Malariology, Parasitology and Entomology",
992,Pfkelch13,Angola,AO,,Cases imported from Angola to China,-10.970819,17.444164,2012,P. falciparum,139,Anhui Provincial Center for Disease Control and Prevention,https://pubmed.ncbi.nlm.nih.gov/29436339/
993,Pfkelch13,Angola,AO,,Cases imported from Angola to China,-10.970819,17.444164,2011,P. falciparum,24,Hubei University of Medicine,https://pubmed.ncbi.nlm.nih.gov/29941645/
994,Pfkelch13,Angola,AO,,Cases imported from Angola to China,-10.970819,17.444164,2012,P. falciparum,12,Henan Province Center for Disease Control and Prevention,https://pubmed.ncbi.nlm.nih.gov/31358591/
995,Pfkelch13,Angola,AO,,Cases imported from Angola to China,-10.970819,17.444164,2013,P. falciparum,38,Henan Province Center for Disease Control and Prevention,https://pubmed.ncbi.nlm.nih.gov/31358591/
996,Pfkelch13,Angola,AO,,Cases imported from Angola to China,-10.970819,17.444164,2014,P. falciparum,23,Henan Province Center for Disease Control and Prevention,https://pubmed.ncbi.nlm.nih.gov/31358591/
997,Pfkelch13,Angola,AO,,Cases imported from Angola to China,-10.970819,17.444164,2015,P. falciparum,28,Henan Province Center for Disease Control and Prevention,https://pubmed.ncbi.nlm.nih.gov/31358591/
998,Pfkelch13,Angola,AO,,Cases imported from Angola to China,-10.970819,17.444164,2016,P. falciparum,40,Henan Province Center for Disease Control and Prevention,https://pubmed.ncbi.nlm.nih.gov/31358591/
999,Pfkelch13,Angola,AO,,Cases imported from Angola to China,-10.970819,17.444164,2017,P. falciparum,18,Henan Province Center for Disease Control and Prevention,https://pubmed.ncbi.nlm.nih.gov/31358591/
1000,Pfkelch13,Angola,AO,,Cases imported from Angola to China,-10.970819,17.444164,2012,P. falciparum,102,Henan Province Center for Disease Control and Prevention,https://pubmed.ncbi.nlm.nih.gov/28797235/
1001,Pfkelch13,Angola,AO,,Cases imported from Angola to China,-10.970819,17.444164,2014,P. falciparum,24,"Institute of Parasitic Disease Prevention and Control, Guangxi Zhuang Autonomous Region Center for Disease Control and Prevention",https://pubmed.ncbi.nlm.nih.gov/31619243/
1002,Pfkelch13,Angola,AO,,Cases imported from Angola to China,-10.970819,17.444164,2016,P. falciparum,32,"National Institute of Parasitic Diseases, Chinese Center for Disease Control and Prevention, Key Laboratory of Parasite and Vector Biology, Schistosomiasis and Filariasis, MOH, and WHO Collaborating Centre for Malaria",https://pubmed.ncbi.nlm.nih.gov/32019571/
1003,Pfkelch13,Angola,AO,,Cases imported from Angola to China,-10.970819,17.444164,2012,P. falciparum,66,"Shandong Institute of Parasitic Diseases, Shandong Academy of Medical Sciences, Shandong Provincial Reference Laboratory for Malaria Diagnosis",https://pubmed.ncbi.nlm.nih.gov/30154519/
1004,Pfkelch13,Bangladesh,BD,Chittagong,Cox's Bazar,21.439464,92.007732,2015,P. falciparum,117,"Mahidol Oxford Tropical Medicine Research Unit, Mahidol University",https://pubmed.ncbi.nlm.nih.gov/32171078/
1005,Pfkelch13,Benin,BJ,,Cases imported from Benin to China,7.675220,2.322875,2011,P. falciparum,3,Hubei University of Medicine,https://pubmed.ncbi.nlm.nih.gov/29941645/
1006,Pfkelch13,Benin,BJ,,Cases imported from Benin to China,7.675220,2.322875,2012,P. falciparum,5,Henan Province Center for Disease Control and Prevention,https://pubmed.ncbi.nlm.nih.gov/28797235/
1007,Pfkelch13,Benin,BJ,,Cases imported from Benin to China,7.675220,2.322875,2016,P. falciparum,8,"National Institute of Parasitic Diseases, Chinese Center for Disease Control and Prevention, Key Laboratory of Parasite and Vector Biology, Schistosomiasis and Filariasis, MOH, and WHO Collaborating Centre for Malaria",https://pubmed.ncbi.nlm.nih.gov/32019571/
1008,Pfkelch13,Burkina Faso,BF,,Cases imported from Burkina Faso to China,11.464726,-3.414875,2011,P. falciparum,1,Hubei University of Medicine,https://pubmed.ncbi.nlm.nih.gov/29941645/
1009,Pfkelch13,Burkina Faso,BF,,Cases imported from Burkina Faso to China,11.464726,-3.414875,2012,P. falciparum,1,Henan Province Center for Disease Control and Prevention,https://pubmed.ncbi.nlm.nih.gov/28797235/
1010,Pfkelch13,Burkina Faso,BF,,Cases imported from Burkina Faso to China,11.464726,-3.414875,2016,P. falciparum,2,"National Institute of Parasitic Diseases, Chinese Center for Disease Control and Prevention, Key Laboratory of Parasite and Vector Biology, Schistosomiasis and Filariasis, MOH, and WHO Collaborating Centre for Malaria",https://pubmed.ncbi.nlm.nih.gov/32019571/
1011,Pfkelch13,Burkina Faso,BF,,Cases imported from Burkina Faso to China,11.464726,-3.414875,2012,P. falciparum,1,"Shandong Institute of Parasitic Diseases, Shandong Academy of Medical Sciences, Shandong Provincial Reference Laboratory for Malaria Diagnosis",https://pubmed.ncbi.nlm.nih.gov/30154519/
1012,Pfkelch13,Cambodia,KH,Ratanakiri,Ban Lung,13.678894,106.949756,2015,P. falciparum,89,"Mahidol Oxford Tropical Medicine Research Unit, Mahidol University",https://pubmed.ncbi.nlm.nih.gov/32171078/
1013,Pfkelch13,Cambodia,KH,Pailin Province,Pailin,12.741784,102.633104,2015,P. falciparum,64,"Mahidol Oxford Tropical Medicine Research Unit, Mahidol University",https://pubmed.ncbi.nlm.nih.gov/32171078/
1014,Pfkelch13,Cambodia,KH,Preah Vihear,Thbaeng Meanchey,13.770100,104.871076,2015,P. falciparum,7,"Mahidol Oxford Tropical Medicine Research Unit, Mahidol University",https://pubmed.ncbi.nlm.nih.gov/32171078/
1015,Pfkelch13,Cambodia,KH,Pursat,Sampov Meas,12.507551,103.937602,2015,P. falciparum,107,"Mahidol Oxford Tropical Medicine Research Unit, Mahidol University",https://pubmed.ncbi.nlm.nih.gov/32171078/
1016,Pfkelch13,Cambodia,KH,Kampong Speu,Oral,11.811908,104.007235,2019,P. falciparum,13,"National Center for Parasitology, Entomology and Malaria Control, Ministry of Health",
1017,Pfkelch13,Cambodia,KH,Kampong Speu,Oral,11.811908,104.007235,2019,P. falciparum,21,"National Center for Parasitology, Entomology and Malaria Control, Ministry of Health",
1018,Pfkelch13,Cambodia,KH,Pursat,Krakor,12.546682,104.172877,2019,P. falciparum,16,"National Center for Parasitology, Entomology and Malaria Control, Ministry of Health",
1019,Pfkelch13,Cambodia,KH,Kratié,Sambour,12.742344,105.261533,2019,P. falciparum,8,"National Center for Parasitology, Entomology and Malaria Control, Ministry of Health",
1020,Pfkelch13,Cambodia,KH,Ratanakiri,Veun Sai,14.261043,106.794241,2019,P. falciparum,52,"National Center for Parasitology, Entomology and Malaria Control, Ministry of Health",
1021,Pfkelch13,Cameroon,CM,,Cases imported from Cameroon to China,4.285116,12.339357,2012,P. falciparum,26,Anhui Provincial Center for Disease Control and Prevention,https://pubmed.ncbi.nlm.nih.gov/29436339/
1022,Pfkelch13,Cameroon,CM,,Cases imported from Cameroon to China,4.285116,12.339357,2011,P. falciparum,7,Hubei University of Medicine,https://pubmed.ncbi.nlm.nih.gov/29941645/
1023,Pfkelch13,Cameroon,CM,,Cases imported from Cameroon to China,4.285116,12.339357,2012,P. falciparum,22,Henan Province Center for Disease Control and Prevention,https://pubmed.ncbi.nlm.nih.gov/28797235/
1024,Pfkelch13,Cameroon,CM,,Cases imported from Cameroon to China,4.285116,12.339357,2014,P. falciparum,87,"Institute of Parasitic Disease Prevention and Control, Guangxi Zhuang Autonomous Region Center for Disease Control and Prevention",https://pubmed.ncbi.nlm.nih.gov/31619243/
1025,Pfkelch13,Cameroon,CM,,Cases imported from Cameroon to China,4.285116,12.339357,2016,P. falciparum,40,"National Institute of Parasitic Diseases, Chinese Center for Disease Control and Prevention, Key Laboratory of Parasite and Vector Biology, Schistosomiasis and Filariasis, MOH, and WHO Collaborating Centre for Malaria",https://pubmed.ncbi.nlm.nih.gov/32019571/
1026,Pfkelch13,Cameroon,CM,,Cases imported from Cameroon to China,4.285116,12.339357,2012,P. falciparum,6,"Shandong Institute of Parasitic Diseases, Shandong Academy of Medical Sciences, Shandong Provincial Reference Laboratory for Malaria Diagnosis",https://pubmed.ncbi.nlm.nih.gov/30154519/
1027,Pfkelch13,Central African Republic,CF,,Cases imported from Central African Republic to China,6.407496,19.472531,2011,P. falciparum,1,Hubei University of Medicine,https://pubmed.ncbi.nlm.nih.gov/29941645/
1028,Pfkelch13,Central African Republic,CF,,Cases imported from Central African Republic to China,6.407496,19.472531,2012,P. falciparum,3,Henan Province Center for Disease Control and Prevention,https://pubmed.ncbi.nlm.nih.gov/28797235/
1029,Pfkelch13,Central African Republic,CF,,Cases imported from Central African Republic to China,6.407496,19.472531,2016,P. falciparum,4,"National Institute of Parasitic Diseases, Chinese Center for Disease Control and Prevention, Key Laboratory of Parasite and Vector Biology, Schistosomiasis and Filariasis, MOH, and WHO Collaborating Centre for Malaria",https://pubmed.ncbi.nlm.nih.gov/32019571/
1030,Pfkelch13,Chad,TD,,Cases imported from Chad to China,11.581651,16.949712,2012,P. falciparum,6,Henan Province Center for Disease Control and Prevention,https://pubmed.ncbi.nlm.nih.gov/28797235/
1031,Pfkelch13,Chad,TD,,Cases imported from Chad to China,11.581651,16.949712,2014,P. falciparum,2,"Institute of Parasitic Disease Prevention and Control, Guangxi Zhuang Autonomous Region Center for Disease Control and Prevention",https://pubmed.ncbi.nlm.nih.gov/31619243/
1032,Pfkelch13,Chad,TD,,Cases imported from Chad to China,11.581651,16.949712,2016,P. falciparum,4,"National Institute of Parasitic Diseases, Chinese Center for Disease Control and Prevention, Key Laboratory of Parasite and Vector Biology, Schistosomiasis and Filariasis, MOH, and WHO Collaborating Centre for Malaria",https://pubmed.ncbi.nlm.nih.gov/32019571/
1033,Pfkelch13,Chad,TD,,Cases imported from Chad to China,11.581651,16.949712,2012,P. falciparum,3,"Shandong Institute of Parasitic Diseases, Shandong Academy of Medical Sciences, Shandong Provincial Reference Laboratory for Malaria Diagnosis",https://pubmed.ncbi.nlm.nih.gov/30154519/
1034,Pfkelch13,China,CN,,Yunnan Province,25.050000,101.866667,2012,P. falciparum,6,"National Institute of Parasitic Diseases, Chinese Center for Disease Control and Prevention, WHO Collaborating Center for Malaria, Schistosomiasis and Filariasis",https://pubmed.ncbi.nlm.nih.gov/30883571/
1035,Pfkelch13,China,CN,,Yunnan Province,25.050000,101.866667,2012,P. falciparum,8,"National Institute of Parasitic Diseases, Chinese Center for Disease Control and Prevention, Key Laboratory of Parasite and Vector Biology, Schistosomiasis and Filariasis, MOH, and WHO Collaborating Centre for Malaria",https://pubmed.ncbi.nlm.nih.gov/30883571/
1036,Pfkelch13,Congo,CG,,Cases imported from Congo to China,-3.230421,14.334146,2012,P. falciparum,16,Anhui Provincial Center for Disease Control and Prevention,https://pubmed.ncbi.nlm.nih.gov/29436339/
1037,Pfkelch13,Congo,CG,,Cases imported from Congo to China,-3.230421,14.334146,2011,P. falciparum,22,Hubei University of Medicine,https://pubmed.ncbi.nlm.nih.gov/29941645/
1038,Pfkelch13,Congo,CG,,Cases imported from Congo to China,-3.230421,14.334146,2012,P. falciparum,14,Henan Province Center for Disease Control and Prevention,https://pubmed.ncbi.nlm.nih.gov/28797235/
1039,Pfkelch13,Congo,CG,,Cases imported from Congo to China,-3.230421,14.334146,2014,P. falciparum,16,"Institute of Parasitic Disease Prevention and Control, Guangxi Zhuang Autonomous Region Center for Disease Control and Prevention",https://pubmed.ncbi.nlm.nih.gov/31619243/
1040,Pfkelch13,Congo,CG,,Cases imported from Congo to China,-3.230421,14.334146,2016,P. falciparum,6,"National Institute of Parasitic Diseases, Chinese Center for Disease Control and Prevention, Key Laboratory of Parasite and Vector Biology, Schistosomiasis and Filariasis, MOH, and WHO Collaborating Centre for Malaria",https://pubmed.ncbi.nlm.nih.gov/32019571/
1041,Pfkelch13,Congo,CG,,Cases imported from Congo to China,-3.230421,14.334146,2012,P. falciparum,12,"Shandong Institute of Parasitic Diseases, Shandong Academy of Medical Sciences, Shandong Provincial Reference Laboratory for Malaria Diagnosis",https://pubmed.ncbi.nlm.nih.gov/30154519/
1042,Pfkelch13,Côte d’Ivoire,CI,,Cases imported from Côte d'Ivoire to China,5.716849,-3.933047,2011,P. falciparum,3,Hubei University of Medicine,https://pubmed.ncbi.nlm.nih.gov/29941645/
1043,Pfkelch13,Côte d’Ivoire,CI,,Cases imported from Côte d'Ivoire to China,5.716849,-3.933047,2012,P. falciparum,8,Henan Province Center for Disease Control and Prevention,https://pubmed.ncbi.nlm.nih.gov/28797235/
1044,Pfkelch13,Côte d’Ivoire,CI,,Cases imported from Côte d'Ivoire to China,5.716849,-3.933047,2014,P. falciparum,17,"Institute of Parasitic Disease Prevention and Control, Guangxi Zhuang Autonomous Region Center for Disease Control and Prevention",https://pubmed.ncbi.nlm.nih.gov/31619243/
1045,Pfkelch13,Côte d’Ivoire,CI,,Cases imported from Côte d'Ivoire to China,5.716849,-3.933047,2016,P. falciparum,21,"National Institute of Parasitic Diseases, Chinese Center for Disease Control and Prevention, Key Laboratory of Parasite and Vector Biology, Schistosomiasis and Filariasis, MOH, and WHO Collaborating Centre for Malaria",https://pubmed.ncbi.nlm.nih.gov/32019571/
1046,Pfkelch13,Côte d’Ivoire,CI,,Cases imported from Côte d'Ivoire to China,5.716849,-3.933047,2012,P. falciparum,1,"Shandong Institute of Parasitic Diseases, Shandong Academy of Medical Sciences, Shandong Provincial Reference Laboratory for Malaria Diagnosis",https://pubmed.ncbi.nlm.nih.gov/30154519/
1047,Pfkelch13,Democratic Republic of the Congo,CD,Kwilu,Ipamu,-4.181677,19.594881,2018,P. falciparum,45,Caramal Project,
1048,Pfkelch13,Democratic Republic of the Congo,CD,Kwango,Kenge,-4.810769,17.019153,2018,P. falciparum,39,Caramal Project,
1049,Pfkelch13,Democratic Republic of the Congo,CD,Kwilu,Kingandu,-5.499979,18.407891,2018,P. falciparum,21,Caramal Project,
1050,Pfkelch13,Democratic Republic of the Congo,CD,,Cases imported from Democratic Republic of the Congo to China,-4.918666,15.693593,2012,P. falciparum,7,Henan Province Center for Disease Control and Prevention,https://pubmed.ncbi.nlm.nih.gov/28797235/
1051,Pfkelch13,Democratic Republic of the Congo,CD,,Cases imported from Democratic Republic of the Congo to China,-4.918666,15.693593,2014,P. falciparum,14,"Institute of Parasitic Disease Prevention and Control, Guangxi Zhuang Autonomous Region Center for Disease Control and Prevention",https://pubmed.ncbi.nlm.nih.gov/31619243/
1052,Pfkelch13,Democratic Republic of the Congo,CD,,Kinshasa,-4.325000,15.322222,2015,P. falciparum,119,"Mahidol Oxford Tropical Medicine Research Unit, Mahidol University",https://pubmed.ncbi.nlm.nih.gov/32171078/
1053,Pfkelch13,Democratic Republic of the Congo,CD,,Cases imported from Democratic Republic of the Congo to China,-4.918666,15.693593,2016,P. falciparum,52,"National Institute of Parasitic Diseases, Chinese Center for Disease Control and Prevention, Key Laboratory of Parasite and Vector Biology, Schistosomiasis and Filariasis, MOH, and WHO Collaborating Centre for Malaria",https://pubmed.ncbi.nlm.nih.gov/32019571/
1054,Pfkelch13,Equatorial Guinea,GQ,,Cases imported from Equatorial Guinea to China,1.482120,9.886586,2012,P. falciparum,82,Anhui Provincial Center for Disease Control and Prevention,https://pubmed.ncbi.nlm.nih.gov/29436339/
1055,Pfkelch13,Equatorial Guinea,GQ,,Cases imported from Equatorial Guinea to China,1.482120,9.886586,2011,P. falciparum,11,Hubei University of Medicine,https://pubmed.ncbi.nlm.nih.gov/29941645/
1056,Pfkelch13,Equatorial Guinea,GQ,,Cases imported from Equatorial Guinea to China,1.482120,9.886586,2012,P. falciparum,65,Henan Province Center for Disease Control and Prevention,https://pubmed.ncbi.nlm.nih.gov/28797235/
1057,Pfkelch13,Equatorial Guinea,GQ,,Cases imported from Equatorial Guinea to China,1.482120,9.886586,2014,P. falciparum,4,"Institute of Parasitic Disease Prevention and Control, Guangxi Zhuang Autonomous Region Center for Disease Control and Prevention",https://pubmed.ncbi.nlm.nih.gov/31619243/
1058,Pfkelch13,Equatorial Guinea,GQ,,Cases imported from Equatorial Guinea to China,1.482120,9.886586,2012,P. falciparum,77,"Shandong Institute of Parasitic Diseases, Shandong Academy of Medical Sciences, Shandong Provincial Reference Laboratory for Malaria Diagnosis",https://pubmed.ncbi.nlm.nih.gov/30154519/
1059,Pfkelch13,Ethiopia,ET,,Cases imported from Ethiopia to China,8.761111,41.004500,2011,P. falciparum,2,Hubei University of Medicine,https://pubmed.ncbi.nlm.nih.gov/29941645/
1060,Pfkelch13,Ethiopia,ET,,Cases imported from Ethiopia to China,8.761111,41.004500,2012,P. falciparum,2,Henan Province Center for Disease Control and Prevention,https://pubmed.ncbi.nlm.nih.gov/28797235/
1061,Pfkelch13,Ethiopia,ET,,Cases imported from Ethiopia to China,8.761111,41.004500,2014,P. falciparum,1,"Institute of Parasitic Disease Prevention and Control, Guangxi Zhuang Autonomous Region Center for Disease Control and Prevention",https://pubmed.ncbi.nlm.nih.gov/31619243/
1062,Pfkelch13,Ethiopia,ET,,Cases imported from Ethiopia to China,8.761111,41.004500,2016,P. falciparum,3,"National Institute of Parasitic Diseases, Chinese Center for Disease Control and Prevention, Key Laboratory of Parasite and Vector Biology, Schistosomiasis and Filariasis, MOH, and WHO Collaborating Centre for Malaria",https://pubmed.ncbi.nlm.nih.gov/32019571/
1063,Pfkelch13,Ethiopia,ET,,Cases imported from Ethiopia to China,8.761111,41.004500,2012,P. falciparum,2,"Shandong Institute of Parasitic Diseases, Shandong Academy of Medical Sciences, Shandong Provincial Reference Laboratory for Malaria Diagnosis",https://pubmed.ncbi.nlm.nih.gov/30154519/
1064,Pfkelch13,Gabon,GA,,Cases imported from Gabon to China,-0.900490,11.231382,2011,P. falciparum,3,Hubei University of Medicine,https://pubmed.ncbi.nlm.nih.gov/29941645/
1065,Pfkelch13,Gabon,GA,,Cases imported from Gabon to China,-0.900490,11.231382,2012,P. falciparum,6,Henan Province Center for Disease Control and Prevention,https://pubmed.ncbi.nlm.nih.gov/28797235/
1066,Pfkelch13,Gabon,GA,,Cases imported from Gabon to China,-0.900490,11.231382,2014,P. falciparum,3,"Institute of Parasitic Disease Prevention and Control, Guangxi Zhuang Autonomous Region Center for Disease Control and Prevention",https://pubmed.ncbi.nlm.nih.gov/31619243/
1067,Pfkelch13,Gabon,GA,,Cases imported from Gabon to China,-0.900490,11.231382,2016,P. falciparum,13,"National Institute of Parasitic Diseases, Chinese Center for Disease Control and Prevention, Key Laboratory of Parasite and Vector Biology, Schistosomiasis and Filariasis, MOH, and WHO Collaborating Centre for Malaria",https://pubmed.ncbi.nlm.nih.gov/32019571/
1068,Pfkelch13,Gabon,GA,,Cases imported from Gabon to China,-0.900490,11.231382,2012,P. falciparum,1,"Shandong Institute of Parasitic Diseases, Shandong Academy of Medical Sciences, Shandong Provincial Reference Laboratory for Malaria Diagnosis",https://pubmed.ncbi.nlm.nih.gov/30154519/
1069,Pfkelch13,Gambia,GM,Janjanbureh LGA,Fulladu West,13.535818,-14.767385,2012,P. falciparum,154,Cheikh Anta Diop University,https://pubmed.ncbi.nlm.nih.gov/27549635/
1070,Pfkelch13,Ghana,GH,,Cases imported from Ghana to China,7.173465,-1.023047,2012,P. falciparum,22,Anhui Provincial Center for Disease Control and Prevention,https://pubmed.ncbi.nlm.nih.gov/29436339/
1071,Pfkelch13,Ghana,GH,,"Guinea savannah (Navrongo, Wa and Yendi)",9.686738,-1.676107,2010,P. falciparum,30,"Department of Epidemiology, Noguchi Memorial Institute for Medical Research, College of Health Sciences, University of Ghana",https://pubmed.ncbi.nlm.nih.gov/31427297/
1072,Pfkelch13,Ghana,GH,,"Guinea savannah (Navrongo, Wa and Yendi)",9.686738,-1.676107,2013,P. falciparum,42,"Department of Epidemiology, Noguchi Memorial Institute for Medical Research, College of Health Sciences, University of Ghana",https://pubmed.ncbi.nlm.nih.gov/31427297/
1073,Pfkelch13,Ghana,GH,,"Guinea savannah (Navrongo, Wa and Yendi)",9.686738,-1.676107,2015,P. falciparum,98,"Department of Epidemiology, Noguchi Memorial Institute for Medical Research, College of Health Sciences, University of Ghana",https://pubmed.ncbi.nlm.nih.gov/31427297/
1074,Pfkelch13,Ghana,GH,,"Forest (Begoro, Bekwai, Hohoe, Sunyami, Tarkwa)",5.428507,-2.525488,2010,P. falciparum,40,"Department of Epidemiology, Noguchi Memorial Institute for Medical Research, College of Health Sciences, University of Ghana",https://pubmed.ncbi.nlm.nih.gov/31427297/
1075,Pfkelch13,Ghana,GH,,"Forest (Begoro, Bekwai, Hohoe, Sunyami, Tarkwa)",5.428507,-2.525488,2013,P. falciparum,86,"Department of Epidemiology, Noguchi Memorial Institute for Medical Research, College of Health Sciences, University of Ghana",https://pubmed.ncbi.nlm.nih.gov/31427297/
1076,Pfkelch13,Ghana,GH,,"Forest (Begoro, Bekwai, Hohoe, Sunyami, Tarkwa)",5.428507,-2.525488,2015,P. falciparum,231,"Department of Epidemiology, Noguchi Memorial Institute for Medical Research, College of Health Sciences, University of Ghana",https://pubmed.ncbi.nlm.nih.gov/31427297/
1077,Pfkelch13,Ghana,GH,,"Coastal savannah (Accra, Cape Coast)",5.371890,-0.677132,2010,P. falciparum,26,"Department of Epidemiology, Noguchi Memorial Institute for Medical Research, College of Health Sciences, University of Ghana",https://pubmed.ncbi.nlm.nih.gov/31427297/
1078,Pfkelch13,Ghana,GH,,"Coastal savannah (Accra, Cape Coast)",5.371890,-0.677132,2012,P. falciparum,26,"Department of Epidemiology, Noguchi Memorial Institute for Medical Research, College of Health Sciences, University of Ghana",https://pubmed.ncbi.nlm.nih.gov/31427297/
1079,Pfkelch13,Ghana,GH,,"Coastal savannah (Accra, Cape Coast)",5.371890,-0.677132,2015,P. falciparum,95,"Department of Epidemiology, Noguchi Memorial Institute for Medical Research, College of Health Sciences, University of Ghana",https://pubmed.ncbi.nlm.nih.gov/31427297/
1080,Pfkelch13,Ghana,GH,,Cases imported from Ghana to China,7.173465,-1.023047,2011,P. falciparum,4,Hubei University of Medicine,https://pubmed.ncbi.nlm.nih.gov/29941645/
1081,Pfkelch13,Ghana,GH,,Cases imported from Ghana to China,7.173465,-1.023047,2012,P. falciparum,23,Henan Province Center for Disease Control and Prevention,https://pubmed.ncbi.nlm.nih.gov/28797235/
1082,Pfkelch13,Ghana,GH,,Cases imported from Ghana to China,7.173465,-1.023047,2014,P. falciparum,95,"Institute of Parasitic Disease Prevention and Control, Guangxi Zhuang Autonomous Region Center for Disease Control and Prevention",https://pubmed.ncbi.nlm.nih.gov/31619243/
1083,Pfkelch13,Ghana,GH,,Cases imported from Ghana to China,7.173465,-1.023047,2016,P. falciparum,27,"National Institute of Parasitic Diseases, Chinese Center for Disease Control and Prevention, Key Laboratory of Parasite and Vector Biology, Schistosomiasis and Filariasis, MOH, and WHO Collaborating Centre for Malaria",https://pubmed.ncbi.nlm.nih.gov/32019571/
1084,Pfkelch13,Ghana,GH,,Cases imported from Ghana to China,7.173465,-1.023047,2012,P. falciparum,20,"Shandong Institute of Parasitic Diseases, Shandong Academy of Medical Sciences, Shandong Provincial Reference Laboratory for Malaria Diagnosis",https://pubmed.ncbi.nlm.nih.gov/30154519/
1085,Pfkelch13,Guinea,GN,,Cases imported from Guinea to China,10.379586,-13.186744,2011,P. falciparum,8,Hubei University of Medicine,https://pubmed.ncbi.nlm.nih.gov/29941645/
1086,Pfkelch13,Guinea,GN,,Cases imported from Guinea to China,10.379586,-13.186744,2012,P. falciparum,34,Henan Province Center for Disease Control and Prevention,https://pubmed.ncbi.nlm.nih.gov/28797235/
1087,Pfkelch13,Guinea,GN,,Cases imported from Guinea to China,10.379586,-13.186744,2014,P. falciparum,4,"Institute of Parasitic Disease Prevention and Control, Guangxi Zhuang Autonomous Region Center for Disease Control and Prevention",https://pubmed.ncbi.nlm.nih.gov/31619243/
1088,Pfkelch13,Guinea,GN,,Cases imported from Guinea to China,10.379586,-13.186744,2016,P. falciparum,49,"National Institute of Parasitic Diseases, Chinese Center for Disease Control and Prevention, Key Laboratory of Parasite and Vector Biology, Schistosomiasis and Filariasis, MOH, and WHO Collaborating Centre for Malaria",https://pubmed.ncbi.nlm.nih.gov/32019571/
1089,Pfkelch13,Guinea,GN,,Cases imported from Guinea to China,10.379586,-13.186744,2012,P. falciparum,11,"Shandong Institute of Parasitic Diseases, Shandong Academy of Medical Sciences, Shandong Provincial Reference Laboratory for Malaria Diagnosis",https://pubmed.ncbi.nlm.nih.gov/30154519/
1090,Pfkelch13,Guinea-Bissau,GW,,Cases imported from Guinea-Bissau to China,12.095425,-15.467242,2016,P. falciparum,2,"National Institute of Parasitic Diseases, Chinese Center for Disease Control and Prevention, Key Laboratory of Parasite and Vector Biology, Schistosomiasis and Filariasis, MOH, and WHO Collaborating Centre for Malaria",https://pubmed.ncbi.nlm.nih.gov/32019571/
1091,Pfkelch13,India,IN,,Odisha,20.181704,82.192022,2018,P. falciparum,57,"Division of Molecular Epidemiology and Public Health, ICMR-Regional Medical Research Centre",https://pubmed.ncbi.nlm.nih.gov/32258150/
1092,Pfkelch13,India,IN,Tripura,Agartala,23.841015,91.291939,2015,P. falciparum,69,"Mahidol Oxford Tropical Medicine Research Unit, Mahidol University",https://pubmed.ncbi.nlm.nih.gov/32171078/
1093,Pfkelch13,India,IN,West Bengal,Midnapur,22.430816,87.283458,2015,P. falciparum,89,"Mahidol Oxford Tropical Medicine Research Unit, Mahidol University",https://pubmed.ncbi.nlm.nih.gov/32171078/
1094,Pfkelch13,India,IN,Odisha,"Rourkela, Sundergarh",22.260423,84.853584,2015,P. falciparum,87,"Mahidol Oxford Tropical Medicine Research Unit, Mahidol University",https://pubmed.ncbi.nlm.nih.gov/32171078/
1095,Pfkelch13,Kenya,KE,,Cases imported from Kenya to China,-1.461060,38.588461,2012,P. falciparum,2,Anhui Provincial Center for Disease Control and Prevention,https://pubmed.ncbi.nlm.nih.gov/29436339/
1096,Pfkelch13,Kenya,KE,,Cases imported from Kenya to China,-1.461060,38.588461,2012,P. falciparum,4,Henan Province Center for Disease Control and Prevention,https://pubmed.ncbi.nlm.nih.gov/28797235/
1097,Pfkelch13,Lao People's Democratic Republic,LA,Sekong Province,Sekong,15.345356,106.673616,2015,P. falciparum,11,"Mahidol Oxford Tropical Medicine Research Unit, Mahidol University",https://pubmed.ncbi.nlm.nih.gov/32171078/
1098,Pfkelch13,Liberia,LR,,Cases imported from Liberia to China,6.637563,-9.842621,2011,P. falciparum,15,Hubei University of Medicine,https://pubmed.ncbi.nlm.nih.gov/29941645/
1099,Pfkelch13,Liberia,LR,,Cases imported from Liberia to China,6.637563,-9.842621,2012,P. falciparum,22,Henan Province Center for Disease Control and Prevention,https://pubmed.ncbi.nlm.nih.gov/28797235/
1100,Pfkelch13,Liberia,LR,,Cases imported from Liberia to China,6.637563,-9.842621,2014,P. falciparum,11,"Institute of Parasitic Disease Prevention and Control, Guangxi Zhuang Autonomous Region Center for Disease Control and Prevention",https://pubmed.ncbi.nlm.nih.gov/31619243/
1101,Pfkelch13,Liberia,LR,,Cases imported from Liberia to China,6.637563,-9.842621,2016,P. falciparum,5,"National Institute of Parasitic Diseases, Chinese Center for Disease Control and Prevention, Key Laboratory of Parasite and Vector Biology, Schistosomiasis and Filariasis, MOH, and WHO Collaborating Centre for Malaria",https://pubmed.ncbi.nlm.nih.gov/32019571/
1102,Pfkelch13,Liberia,LR,Montserrado,Careyburg,6.395963,-10.497919,2017,P. falciparum,90,"National Malaria Control Programme, Ministry of Health",
1103,Pfkelch13,Liberia,LR,Nimba,Saclepea,6.961581,-8.841789,2017,P. falciparum,89,"National Malaria Control Programme, Ministry of Health",
1104,Pfkelch13,Liberia,LR,Margibi,Kakata,6.529189,-10.358412,2017,P. falciparum,89,"National Malaria Control Programme, Ministry of Health",
1105,Pfkelch13,Liberia,LR,Grand Cape Mount,Garwula,6.749105,-11.137755,2017,P. falciparum,90,"National Malaria Control Programme, Ministry of Health",
1106,Pfkelch13,Liberia,LR,,Cases imported from Liberia to China,6.637563,-9.842621,2012,P. falciparum,3,"Shandong Institute of Parasitic Diseases, Shandong Academy of Medical Sciences, Shandong Provincial Reference Laboratory for Malaria Diagnosis",https://pubmed.ncbi.nlm.nih.gov/30154519/
1107,Pfkelch13,Madagascar,MG,,Cases imported from Madagascar to China,-18.102935,46.432856,2012,P. falciparum,1,"Shandong Institute of Parasitic Diseases, Shandong Academy of Medical Sciences, Shandong Provincial Reference Laboratory for Malaria Diagnosis",https://pubmed.ncbi.nlm.nih.gov/30154519/
1108,Pfkelch13,Madagascar,MG,,Cases imported from Madagascar to China,-18.102935,46.432856,2014,P. falciparum,1,"Institute of Parasitic Disease Prevention and Control, Guangxi Zhuang Autonomous Region Center for Disease Control and Prevention",https://pubmed.ncbi.nlm.nih.gov/31619243/
1109,Pfkelch13,Malawi,MW,,Cases imported from Malawi to China,-13.850301,34.224225,2014,P. falciparum,1,"Institute of Parasitic Disease Prevention and Control, Guangxi Zhuang Autonomous Region Center for Disease Control and Prevention",https://pubmed.ncbi.nlm.nih.gov/31619243/
1110,Pfkelch13,Malawi,MW,,Cases imported from Malawi to China,-13.850301,34.224225,2016,P. falciparum,6,"National Institute of Parasitic Diseases, Chinese Center for Disease Control and Prevention, Key Laboratory of Parasite and Vector Biology, Schistosomiasis and Filariasis, MOH, and WHO Collaborating Centre for Malaria",https://pubmed.ncbi.nlm.nih.gov/32019571/
1111,Pfkelch13,Malawi,MW,,Cases imported from Malawi to China,-13.850301,34.224225,2012,P. falciparum,1,"Shandong Institute of Parasitic Diseases, Shandong Academy of Medical Sciences, Shandong Provincial Reference Laboratory for Malaria Diagnosis",https://pubmed.ncbi.nlm.nih.gov/30154519/
1112,Pfkelch13,Mali,ML,,Cases imported from Mali to China,17.945743,-4.669559,2011,P. falciparum,1,Hubei University of Medicine,https://pubmed.ncbi.nlm.nih.gov/29941645/
1113,Pfkelch13,Mali,ML,,Cases imported from Mali to China,17.945743,-4.669559,2012,P. falciparum,4,Henan Province Center for Disease Control and Prevention,https://pubmed.ncbi.nlm.nih.gov/28797235/
1114,Pfkelch13,Mali,ML,,Cases imported from Mali to China,17.945743,-4.669559,2014,P. falciparum,1,"Institute of Parasitic Disease Prevention and Control, Guangxi Zhuang Autonomous Region Center for Disease Control and Prevention",https://pubmed.ncbi.nlm.nih.gov/31619243/
1115,Pfkelch13,Mali,ML,Koulikoro,Kati,12.745372,-8.073800,2011,P. falciparum,56,"Malaria Research and Training Center, University of Sciences, Techniques and Technologies of Bamako",https://pubmed.ncbi.nlm.nih.gov/28148267/
1116,Pfkelch13,Mali,ML,Bamako,Sotuba,12.663245,-7.914349,2011,P. falciparum,111,"Malaria Research and Training Center, University of Sciences, Techniques and Technologies of Bamako",https://pubmed.ncbi.nlm.nih.gov/28148267/
1117,Pfkelch13,Mali,ML,,Cases imported from Mali to China,17.945743,-4.669559,2016,P. falciparum,3,"National Institute of Parasitic Diseases, Chinese Center for Disease Control and Prevention, Key Laboratory of Parasite and Vector Biology, Schistosomiasis and Filariasis, MOH, and WHO Collaborating Centre for Malaria",https://pubmed.ncbi.nlm.nih.gov/32019571/
1118,Pfkelch13,Mali,ML,,Cases imported from Mali to China,17.945743,-4.669559,2012,P. falciparum,1,"Shandong Institute of Parasitic Diseases, Shandong Academy of Medical Sciences, Shandong Provincial Reference Laboratory for Malaria Diagnosis",https://pubmed.ncbi.nlm.nih.gov/30154519/
1119,Pfkelch13,Mauritania,MR,,Cases imported from Mauritania to China,18.265934,-14.493401,2016,P. falciparum,2,"National Institute of Parasitic Diseases, Chinese Center for Disease Control and Prevention, Key Laboratory of Parasite and Vector Biology, Schistosomiasis and Filariasis, MOH, and WHO Collaborating Centre for Malaria",https://pubmed.ncbi.nlm.nih.gov/32019571/
1120,Pfkelch13,Mozambique,MZ,,Cases imported from Mozambique to China,-18.407510,34.698216,2011,P. falciparum,9,Hubei University of Medicine,https://pubmed.ncbi.nlm.nih.gov/29941645/
1121,Pfkelch13,Mozambique,MZ,,Cases imported from Mozambique to China,-18.407510,34.698216,2012,P. falciparum,10,Henan Province Center for Disease Control and Prevention,https://pubmed.ncbi.nlm.nih.gov/28797235/
1122,Pfkelch13,Mozambique,MZ,,Cases imported from Mozambique to China,-18.407510,34.698216,2014,P. falciparum,5,"Institute of Parasitic Disease Prevention and Control, Guangxi Zhuang Autonomous Region Center for Disease Control and Prevention",https://pubmed.ncbi.nlm.nih.gov/31619243/
1123,Pfkelch13,Mozambique,MZ,,Cases imported from Mozambique to China,-18.407510,34.698216,2016,P. falciparum,12,"National Institute of Parasitic Diseases, Chinese Center for Disease Control and Prevention, Key Laboratory of Parasite and Vector Biology, Schistosomiasis and Filariasis, MOH, and WHO Collaborating Centre for Malaria",https://pubmed.ncbi.nlm.nih.gov/32019571/
1124,Pfkelch13,Mozambique,MZ,,Cases imported from Mozambique to China,-18.407510,34.698216,2012,P. falciparum,13,"Shandong Institute of Parasitic Diseases, Shandong Academy of Medical Sciences, Shandong Provincial Reference Laboratory for Malaria Diagnosis",https://pubmed.ncbi.nlm.nih.gov/30154519/
1125,Pfkelch13,Myanmar,MM,,Cases imported from Myanmar to China,21.692005,96.976526,2012,P. falciparum,115,"National Institute of Parasitic Diseases, Chinese Center for Disease Control and Prevention, WHO Collaborating Center for Malaria, Schistosomiasis and Filariasis",https://pubmed.ncbi.nlm.nih.gov/31069209/
1127,Pfkelch13,Myanmar,MM,Mandalay,Pyin Oo Lwin,22.039177,96.471658,2012,P. falciparum,31,"Department of Molecular Tropical Medicine and Genetics, Mahidol University",
1131,Pfkelch13,Myanmar,MM,,China-Myanmar border area,24.254452,97.657165,2010,P. falciparum,9,"Department of Pathogen Biology and Immunology, Kunming Medical University",https://pubmed.ncbi.nlm.nih.gov/31009824/
1132,Pfkelch13,Myanmar,MM,,China-Myanmar border area,24.254452,97.657165,2013,P. falciparum,40,"Department of Pathogen Biology and Immunology, Kunming Medical University",https://pubmed.ncbi.nlm.nih.gov/31009824/
1133,Pfkelch13,Myanmar,MM,,China-Myanmar border area,24.254452,97.657165,2014,P. falciparum,34,"Department of Pathogen Biology and Immunology, Kunming Medical University",https://pubmed.ncbi.nlm.nih.gov/31009824/
1134,Pfkelch13,Myanmar,MM,Mandalay,Pyin Oo Lwin,22.039177,96.471658,2015,P. falciparum,27,"Mahidol Oxford Tropical Medicine Research Unit, Mahidol University",https://pubmed.ncbi.nlm.nih.gov/32171078/
1135,Pfkelch13,Myanmar,MM,Bago,Pyay,18.914700,95.172343,2015,P. falciparum,32,"Mahidol Oxford Tropical Medicine Research Unit, Mahidol University",https://pubmed.ncbi.nlm.nih.gov/32171078/
1136,Pfkelch13,Myanmar,MM,Rakhine,Ann,19.850000,94.000000,2015,P. falciparum,28,"Mahidol Oxford Tropical Medicine Research Unit, Mahidol University",https://pubmed.ncbi.nlm.nih.gov/32171078/
1137,Pfkelch13,Myanmar,MM,Mandalay,Pyin Oo Lwin,22.039177,96.471658,2015,P. falciparum,27,"Mahidol Oxford Tropical Medicine Research Unit, Mahidol University",https://pubmed.ncbi.nlm.nih.gov/32171078/
1138,Pfkelch13,Myanmar,MM,,Cases imported from Myanmar to China,21.692005,96.976526,2016,P. falciparum,1,"National Institute of Parasitic Diseases, Chinese Center for Disease Control and Prevention, Key Laboratory of Parasite and Vector Biology, Schistosomiasis and Filariasis, MOH, and WHO Collaborating Centre for Malaria",https://pubmed.ncbi.nlm.nih.gov/32019571/
1139,Pfkelch13,Myanmar,MM,,China-Myanmar border area,24.254452,97.657165,2012,P. falciparum,53,"National Institute of Parasitic Diseases, Chinese Center for Disease Control and Prevention, Key Laboratory of Parasite and Vector Biology, Schistosomiasis and Filariasis, MOH, and WHO Collaborating Centre for Malaria",https://pubmed.ncbi.nlm.nih.gov/30883571/
1141,Pfkelch13,Niger,NE,,Cases imported from Niger to China,13.880389,2.759670,2011,P. falciparum,3,Hubei University of Medicine,https://pubmed.ncbi.nlm.nih.gov/29941645/
1142,Pfkelch13,Niger,NE,,Cases imported from Niger to China,13.880389,2.759670,2016,P. falciparum,10,"National Institute of Parasitic Diseases, Chinese Center for Disease Control and Prevention, Key Laboratory of Parasite and Vector Biology, Schistosomiasis and Filariasis, MOH, and WHO Collaborating Centre for Malaria",https://pubmed.ncbi.nlm.nih.gov/32019571/
1143,Pfkelch13,Niger,NE,,Cases imported from Niger to China,13.880389,2.759670,2012,P. falciparum,2,"Shandong Institute of Parasitic Diseases, Shandong Academy of Medical Sciences, Shandong Provincial Reference Laboratory for Malaria Diagnosis",https://pubmed.ncbi.nlm.nih.gov/30154519/
1144,Pfkelch13,Nigeria,NG,Adamawa,Fufore,9.259285,12.329312,2018,P. falciparum,61,Caramal Project,
1145,Pfkelch13,Nigeria,NG,Adamawa,Mayo Belwa,9.054739,12.050328,2018,P. falciparum,48,Caramal Project,
1146,Pfkelch13,Nigeria,NG,Adamawa,Song,9.825235,12.602949,2018,P. falciparum,55,Caramal Project,
1147,Pfkelch13,Nigeria,NG,,Cases imported from Nigeria to China,8.006390,7.144729,2011,P. falciparum,25,Hubei University of Medicine,https://pubmed.ncbi.nlm.nih.gov/29941645/
1148,Pfkelch13,Nigeria,NG,,Cases imported from Nigeria to China,8.006390,7.144729,2012,P. falciparum,72,Henan Province Center for Disease Control and Prevention,https://pubmed.ncbi.nlm.nih.gov/28797235/
1149,Pfkelch13,Nigeria,NG,,Cases imported from Nigeria to China,8.006390,7.144729,2014,P. falciparum,9,"Institute of Parasitic Disease Prevention and Control, Guangxi Zhuang Autonomous Region Center for Disease Control and Prevention",https://pubmed.ncbi.nlm.nih.gov/31619243/
1150,Pfkelch13,Nigeria,NG,,Cases imported from Nigeria to China,8.006390,7.144729,2016,P. falciparum,121,"National Institute of Parasitic Diseases, Chinese Center for Disease Control and Prevention, Key Laboratory of Parasite and Vector Biology, Schistosomiasis and Filariasis, MOH, and WHO Collaborating Centre for Malaria",https://pubmed.ncbi.nlm.nih.gov/32019571/
1151,Pfkelch13,Nigeria,NG,,Cases imported from Nigeria to China,8.006390,7.144729,2012,P. falciparum,34,"Shandong Institute of Parasitic Diseases, Shandong Academy of Medical Sciences, Shandong Provincial Reference Laboratory for Malaria Diagnosis",https://pubmed.ncbi.nlm.nih.gov/30154519/
1152,Pfkelch13,Papua New Guinea,PG,,Cases imported from Papua New Guinea to China,-7.972355,147.052996,2016,P. falciparum,4,"National Institute of Parasitic Diseases, Chinese Center for Disease Control and Prevention, Key Laboratory of Parasite and Vector Biology, Schistosomiasis and Filariasis, MOH, and WHO Collaborating Centre for Malaria",https://pubmed.ncbi.nlm.nih.gov/32019571/
1153,Pfkelch13,Philippines,PH,,Cases imported from Philippines to China,15.227997,121.251672,2016,P. falciparum,1,"National Institute of Parasitic Diseases, Chinese Center for Disease Control and Prevention, Key Laboratory of Parasite and Vector Biology, Schistosomiasis and Filariasis, MOH, and WHO Collaborating Centre for Malaria",https://pubmed.ncbi.nlm.nih.gov/32019571/
1154,Pfkelch13,Rwanda,RW,,Cases imported from Rwanda to China,-2.094485,29.880493,2011,P. falciparum,1,Hubei University of Medicine,https://pubmed.ncbi.nlm.nih.gov/29941645/
1155,Pfkelch13,Rwanda,RW,Southern Province,Huye,-2.532133,29.574627,2010,P. falciparum,75,Institute of Tropical Medicine and International Health,https://www.ncbi.nlm.nih.gov/pubmed/27573632
1156,Pfkelch13,Rwanda,RW,Southern Province,Huye,-2.532133,29.574627,2014,P. falciparum,81,Institute of Tropical Medicine and International Health,https://www.ncbi.nlm.nih.gov/pubmed/27573632
1157,Pfkelch13,Rwanda,RW,Southern Province,Huye,-2.532133,29.574627,2015,P. falciparum,66,Institute of Tropical Medicine and International Health,https://www.ncbi.nlm.nih.gov/pubmed/27573632
1158,Pfkelch13,Rwanda,RW,Kigali,Gasabo,-1.883333,30.133333,2013,P. falciparum,259,"Malaria and Other Parasitic Division, Rwanda Biomedical Center, Ministry of Health",https://pubmed.ncbi.nlm.nih.gov/32747827/
1159,Pfkelch13,Rwanda,RW,Eastern Province,Kayonza,-1.913858,30.619989,2013,P. falciparum,248,"Malaria and Other Parasitic Division, Rwanda Biomedical Center, Ministry of Health",https://pubmed.ncbi.nlm.nih.gov/32747827/
1160,Pfkelch13,Rwanda,RW,Eastern Province,Kayonza,-1.913858,30.619989,2018,P. falciparum,82,"Malaria and Other Parasitic Division, Institute of HIV/AIDS, Disease Prevention & Control (IHDPC), Rwanda Biomedical Center, Ministry of Health",
1161,Pfkelch13,Rwanda,RW,Kigali,Gasabo,-1.883333,30.133333,2018,P. falciparum,52,"Malaria and Other Parasitic Division, Institute of HIV/AIDS, Disease Prevention & Control (IHDPC), Rwanda Biomedical Center, Ministry of Health",
1162,Pfkelch13,Rwanda,RW,Western Province,Rusizi,-2.530270,29.185578,2018,P. falciparum,85,"Malaria and Other Parasitic Division, Institute of HIV/AIDS, Disease Prevention & Control (IHDPC), Rwanda Biomedical Center, Ministry of Health",
1163,Pfkelch13,Rwanda,RW,,Cases imported from Rwanda to China,-2.094485,29.880493,2016,P. falciparum,1,"National Institute of Parasitic Diseases, Chinese Center for Disease Control and Prevention, Key Laboratory of Parasite and Vector Biology, Schistosomiasis and Filariasis, MOH, and WHO Collaborating Centre for Malaria",https://pubmed.ncbi.nlm.nih.gov/32019571/
1164,Pfkelch13,Sao Tome and Principe,ST,Sao Tome Island,Lobata,0.366667,6.666667,2017,P. falciparum,54,"Centre National des Endémies, Ministère de la Santé",
1165,Pfkelch13,Sao Tome and Principe,ST,Sao Tome Island,Água Grande,0.333333,6.733333,2017,P. falciparum,87,"Centre National des Endémies, Ministère de la Santé",
1166,Pfkelch13,Senegal,SN,Kedougou,Kedougou,12.557825,-12.200554,2018,P. falciparum,272,"Faculty of Medicine, University of Cheikh Anta Diop",
1167,Pfkelch13,Senegal,SN,Diourbel Region,Diourbel,14.654338,-16.252578,2018,P. falciparum,192,"Faculty of Medicine, University of Cheikh Anta Diop",
1168,Pfkelch13,Senegal,SN,Dakar,Dakar,14.764504,-17.366029,2015,P. falciparum,48,Cheikh Anta Diop University,https://pubmed.ncbi.nlm.nih.gov/32228566/
1169,Pfkelch13,Senegal,SN,Kedougou,Kedougou,12.557825,-12.200554,2016,P. falciparum,27,Cheikh Anta Diop University,https://pubmed.ncbi.nlm.nih.gov/32228566/
1170,Pfkelch13,Senegal,SN,Matam,Matam,15.654072,-13.263717,2016,P. falciparum,6,Cheikh Anta Diop University,https://pubmed.ncbi.nlm.nih.gov/32228566/
1171,Pfkelch13,Senegal,SN,,Dakar and Thiès,14.823380,-17.321190,2011,P. falciparum,207,"Malaria Branch, Division of Parasitic Diseases and Malaria, Center for Global Health, Center for Disease Control and Prevention",https://pubmed.ncbi.nlm.nih.gov/28069653/
1172,Pfkelch13,Senegal,SN,,Cases imported from Senegal to China,14.976286,-15.627084,2016,P. falciparum,1,"National Institute of Parasitic Diseases, Chinese Center for Disease Control and Prevention, Key Laboratory of Parasite and Vector Biology, Schistosomiasis and Filariasis, MOH, and WHO Collaborating Centre for Malaria",https://pubmed.ncbi.nlm.nih.gov/32019571/
1173,Pfkelch13,Senegal,SN,Dakar,Dakar,14.764504,-17.366029,2015,P. falciparum,161,Institut de Recherche Biomédicale des Armées,https://pubmed.ncbi.nlm.nih.gov/28450175/
1174,Pfkelch13,Sierra Leone,SL,,Cases imported from Sierra Leone to China,8.534636,-12.579556,2011,P. falciparum,2,Hubei University of Medicine,https://pubmed.ncbi.nlm.nih.gov/29941645/
1175,Pfkelch13,Sierra Leone,SL,,Cases imported from Sierra Leone to China,8.534636,-12.579556,2012,P. falciparum,24,Henan Province Center for Disease Control and Prevention,https://pubmed.ncbi.nlm.nih.gov/28797235/
1176,Pfkelch13,Sierra Leone,SL,,Cases imported from Sierra Leone to China,8.534636,-12.579556,2014,P. falciparum,12,"Institute of Parasitic Disease Prevention and Control, Guangxi Zhuang Autonomous Region Center for Disease Control and Prevention",https://pubmed.ncbi.nlm.nih.gov/31619243/
1177,Pfkelch13,Sierra Leone,SL,,Cases imported from Sierra Leone to China,8.534636,-12.579556,2016,P. falciparum,11,"National Institute of Parasitic Diseases, Chinese Center for Disease Control and Prevention, Key Laboratory of Parasite and Vector Biology, Schistosomiasis and Filariasis, MOH, and WHO Collaborating Centre for Malaria",https://pubmed.ncbi.nlm.nih.gov/32019571/
1178,Pfkelch13,Sierra Leone,SL,,Cases imported from Sierra Leone to China,8.534636,-12.579556,2012,P. falciparum,2,"Shandong Institute of Parasitic Diseases, Shandong Academy of Medical Sciences, Shandong Provincial Reference Laboratory for Malaria Diagnosis",https://pubmed.ncbi.nlm.nih.gov/30154519/
1179,Pfkelch13,Somalia,SO,,Cases imported from Somalia to China,5.125851,46.502468,2016,P. falciparum,1,"National Institute of Parasitic Diseases, Chinese Center for Disease Control and Prevention, Key Laboratory of Parasite and Vector Biology, Schistosomiasis and Filariasis, MOH, and WHO Collaborating Centre for Malaria",https://pubmed.ncbi.nlm.nih.gov/32019571/
1180,Pfkelch13,South Africa,ZA,,Cases imported from South Africa to China,-29.910994,22.838014,2016,P. falciparum,5,"National Institute of Parasitic Diseases, Chinese Center for Disease Control and Prevention, Key Laboratory of Parasite and Vector Biology, Schistosomiasis and Filariasis, MOH, and WHO Collaborating Centre for Malaria",https://pubmed.ncbi.nlm.nih.gov/32019571/
1181,Pfkelch13,South Africa,ZA,,Cases imported from South Africa to China,-29.910994,22.838014,2012,P. falciparum,1,"Shandong Institute of Parasitic Diseases, Shandong Academy of Medical Sciences, Shandong Provincial Reference Laboratory for Malaria Diagnosis",https://pubmed.ncbi.nlm.nih.gov/30154519/
1182,Pfkelch13,South Sudan,SS,,Cases imported from South Sudan to China,6.470164,30.321246,2011,P. falciparum,3,Hubei University of Medicine,https://pubmed.ncbi.nlm.nih.gov/29941645/
1183,Pfkelch13,South Sudan,SS,,Cases imported from South Sudan to China,6.470164,30.321246,2014,P. falciparum,1,"Institute of Parasitic Disease Prevention and Control, Guangxi Zhuang Autonomous Region Center for Disease Control and Prevention",https://pubmed.ncbi.nlm.nih.gov/31619243/
1184,Pfkelch13,Sudan,SD,,Cases imported from Sudan to China,12.498019,28.690256,2011,P. falciparum,3,Hubei University of Medicine,https://pubmed.ncbi.nlm.nih.gov/29941645/
1185,Pfkelch13,Sudan,SD,,Cases imported from Sudan to China,12.498019,28.690256,2012,P. falciparum,9,Henan Province Center for Disease Control and Prevention,https://pubmed.ncbi.nlm.nih.gov/28797235/
1186,Pfkelch13,Sudan,SD,,Cases imported from Sudan to China,12.498019,28.690256,2016,P. falciparum,4,"National Institute of Parasitic Diseases, Chinese Center for Disease Control and Prevention, Key Laboratory of Parasite and Vector Biology, Schistosomiasis and Filariasis, MOH, and WHO Collaborating Centre for Malaria",https://pubmed.ncbi.nlm.nih.gov/32019571/
1187,Pfkelch13,Sudan,SD,,Cases imported from Sudan to China,12.498019,28.690256,2012,P. falciparum,12,"Shandong Institute of Parasitic Diseases, Shandong Academy of Medical Sciences, Shandong Provincial Reference Laboratory for Malaria Diagnosis",https://pubmed.ncbi.nlm.nih.gov/30154519/
1188,Pfkelch13,United Republic of Tanzania,TZ,,Cases imported from the United Republic of Tanzania (mainland) to China,-6.170976,37.776350,2012,P. falciparum,3,Anhui Provincial Center for Disease Control and Prevention,https://pubmed.ncbi.nlm.nih.gov/29436339/
1189,Pfkelch13,United Republic of Tanzania,TZ,,Cases imported from the United Republic of Tanzania (mainland) to China,-6.170976,37.776350,2011,P. falciparum,4,Hubei University of Medicine,https://pubmed.ncbi.nlm.nih.gov/29941645/
1190,Pfkelch13,United Republic of Tanzania,TZ,,Cases imported from the United Republic of Tanzania (mainland) to China,-6.170976,37.776350,2012,P. falciparum,9,Henan Province Center for Disease Control and Prevention,https://pubmed.ncbi.nlm.nih.gov/28797235/
1191,Pfkelch13,United Republic of Tanzania,TZ,,Cases imported from the United Republic of Tanzania (mainland) to China,-6.170976,37.776350,2014,P. falciparum,1,"Institute of Parasitic Disease Prevention and Control, Guangxi Zhuang Autonomous Region Center for Disease Control and Prevention",https://pubmed.ncbi.nlm.nih.gov/31619243/
1192,Pfkelch13,United Republic of Tanzania,TZ,,Cases imported from the United Republic of Tanzania (mainland) to China,-6.170976,37.776350,2016,P. falciparum,17,"National Institute of Parasitic Diseases, Chinese Center for Disease Control and Prevention, Key Laboratory of Parasite and Vector Biology, Schistosomiasis and Filariasis, MOH, and WHO Collaborating Centre for Malaria",https://pubmed.ncbi.nlm.nih.gov/32019571/
1193,Pfkelch13,United Republic of Tanzania,TZ,,Cases imported from the United Republic of Tanzania (mainland) to China,-6.170976,37.776350,2012,P. falciparum,8,"Shandong Institute of Parasitic Diseases, Shandong Academy of Medical Sciences, Shandong Provincial Reference Laboratory for Malaria Diagnosis",https://pubmed.ncbi.nlm.nih.gov/30154519/
1194,Pfkelch13,Thailand,TH,Sisaket,Khun Han,14.547273,104.259303,2015,P. falciparum,11,"Mahidol Oxford Tropical Medicine Research Unit, Mahidol University",https://pubmed.ncbi.nlm.nih.gov/32171078/
1195,Pfkelch13,Togo,TG,,Cases imported from Togo to China,7.223740,1.232627,2012,P. falciparum,5,Henan Province Center for Disease Control and Prevention,https://pubmed.ncbi.nlm.nih.gov/28797235/
1196,Pfkelch13,Togo,TG,,Cases imported from Togo to China,7.223740,1.232627,2016,P. falciparum,2,"National Institute of Parasitic Diseases, Chinese Center for Disease Control and Prevention, Key Laboratory of Parasite and Vector Biology, Schistosomiasis and Filariasis, MOH, and WHO Collaborating Centre for Malaria",https://pubmed.ncbi.nlm.nih.gov/32019571/
1197,Pfkelch13,Uganda,UG,Northern Region,Kole,2.302006,32.610417,2018,P. falciparum,45,Caramal Project,
1198,Pfkelch13,Uganda,UG,Northern Region,Kwania,1.887949,32.602005,2018,P. falciparum,32,Caramal Project,
1199,Pfkelch13,Uganda,UG,Northern Region,Oyam,2.349143,32.385224,2018,P. falciparum,32,Caramal Project,
1200,Pfkelch13,Uganda,UG,,Cases imported from Uganda to China,0.840166,32.334272,2011,P. falciparum,5,Hubei University of Medicine,https://pubmed.ncbi.nlm.nih.gov/29941645/
1201,Pfkelch13,Uganda,UG,,Cases imported from Uganda to China,0.840166,32.334272,2012,P. falciparum,4,Henan Province Center for Disease Control and Prevention,https://pubmed.ncbi.nlm.nih.gov/28797235/
1202,Pfkelch13,Uganda,UG,,Cases imported from Uganda to China,0.840166,32.334272,2014,P. falciparum,4,"Institute of Parasitic Disease Prevention and Control, Guangxi Zhuang Autonomous Region Center for Disease Control and Prevention",https://pubmed.ncbi.nlm.nih.gov/31619243/
1203,Pfkelch13,Uganda,UG,,Cases imported from Uganda to China,0.840166,32.334272,2016,P. falciparum,11,"National Institute of Parasitic Diseases, Chinese Center for Disease Control and Prevention, Key Laboratory of Parasite and Vector Biology, Schistosomiasis and Filariasis, MOH, and WHO Collaborating Centre for Malaria",https://pubmed.ncbi.nlm.nih.gov/32019571/
1204,Pfkelch13,Viet Nam,VN,Gia Lai,Krong Pa and Ia Pa Districts,13.343558,108.638600,2019,P. falciparum,52,"National Institute of Malariology, Parasitology and Entomology",
1205,Pfkelch13,Zambia,ZM,,Cases imported from Zambia to China,-14.559050,27.514084,2011,P. falciparum,10,Hubei University of Medicine,https://pubmed.ncbi.nlm.nih.gov/29941645/
1206,Pfkelch13,Zambia,ZM,,Cases imported from Zambia to China,-14.559050,27.514084,2012,P. falciparum,19,Henan Province Center for Disease Control and Prevention,https://pubmed.ncbi.nlm.nih.gov/28797235/
1207,Pfkelch13,Zambia,ZM,,Cases imported from Zambia to China,-14.559050,27.514084,2014,P. falciparum,3,"Institute of Parasitic Disease Prevention and Control, Guangxi Zhuang Autonomous Region Center for Disease Control and Prevention",https://pubmed.ncbi.nlm.nih.gov/31619243/
1208,Pfkelch13,Zambia,ZM,,Cases imported from Zambia to China,-14.559050,27.514084,2016,P. falciparum,4,"National Institute of Parasitic Diseases, Chinese Center for Disease Control and Prevention, Key Laboratory of Parasite and Vector Biology, Schistosomiasis and Filariasis, MOH, and WHO Collaborating Centre for Malaria",https://pubmed.ncbi.nlm.nih.gov/32019571/
1209,Pfkelch13,Zambia,ZM,,Cases imported from Zambia to China,-14.559050,27.514084,2012,P. falciparum,4,"Shandong Institute of Parasitic Diseases, Shandong Academy of Medical Sciences, Shandong Provincial Reference Laboratory for Malaria Diagnosis",https://pubmed.ncbi.nlm.nih.gov/30154519/
1210,Pfkelch13,Zimbabwe,ZW,,Cases imported from Zimbabwe to China,-19.364064,30.453898,2012,P. falciparum,1,Henan Province Center for Disease Control and Prevention,https://pubmed.ncbi.nlm.nih.gov/28797235/
1211,Pfkelch13,Kenya,KE,,Kisumu,-0.091702,34.767957,2011,P. falciparum,84,"Institute of Tropical Medicine, University Tübingen",https://www.ncbi.nlm.nih.gov/pubmed/28535801
1212,Pfkelch13,Democratic Republic of the Congo,CD,,All country (Democratic Republic of the Congo),-1.155833,23.946424,2013,P. falciparum,342,"Medical Research Council Centre for Global Infectious Disease Analysis, Imperial College London",https://pubmed.ncbi.nlm.nih.gov/32355199/
1214,Pfkelch13,Uganda,UG,Eastern Region,Nagongera,0.770000,34.026111,2012,P. falciparum,17,Infectious Diseases Research Collaboration,https://pubmed.ncbi.nlm.nih.gov/28039354/
1215,Pfkelch13,Côte d’Ivoire,CI,Abidjan,Abobo,5.315409,-4.036338,2013,P. falciparum,16,Institut Pasteur de Côte d'Ivoire,https://pubmed.ncbi.nlm.nih.gov/28719312/
1216,Pfkelch13,Uganda,UG,Eastern Region,Nagongera,0.770000,34.026111,2013,P. falciparum,17,Infectious Diseases Research Collaboration,https://pubmed.ncbi.nlm.nih.gov/28039354/
1218,Pfkelch13,Uganda,UG,Eastern Region,Nagongera,0.770000,34.026111,2015,P. falciparum,17,Infectious Diseases Research Collaboration,https://pubmed.ncbi.nlm.nih.gov/28039354/
1220,Pfkelch13,Uganda,UG,Eastern Region,Jinja,0.447857,33.202612,2012,P. falciparum,17,Infectious Diseases Research Collaboration,https://pubmed.ncbi.nlm.nih.gov/28039354/
1221,Pfkelch13,Senegal,SN,Kolda,Kolda,12.933677,-14.956129,2019,P. falciparum,193,Cheikh Anta Diop University,
1222,Pfkelch13,Uganda,UG,Eastern Region,Jinja,0.447857,33.202612,2013,P. falciparum,17,Infectious Diseases Research Collaboration,https://pubmed.ncbi.nlm.nih.gov/28039354/
1223,Pfkelch13,Senegal,SN,Thiès Region,Mbour,14.416536,-16.987211,2019,P. falciparum,176,Cheikh Anta Diop University,
1224,Pfkelch13,Uganda,UG,Eastern Region,Jinja,0.447857,33.202612,2015,P. falciparum,17,Infectious Diseases Research Collaboration,https://pubmed.ncbi.nlm.nih.gov/28039354/
1225,Pfkelch13,Kenya,KE,,Kericho,-0.366667,35.300000,2013,P. falciparum,43,"Center for Biotechnology and Bioinformatics, University of Nairobi",https://pubmed.ncbi.nlm.nih.gov/29582728/
1226,Pfkelch13,Uganda,UG,Western Region,Kihihi,-0.748889,29.700278,2012,P. falciparum,17,Infectious Diseases Research Collaboration,https://pubmed.ncbi.nlm.nih.gov/28039354/
1227,Pfkelch13,Kenya,KE,,Kisii,-0.677334,34.779603,2013,P. falciparum,47,"Center for Biotechnology and Bioinformatics, University of Nairobi",https://pubmed.ncbi.nlm.nih.gov/29582728/
1228,Pfkelch13,Uganda,UG,Western Region,Kihihi,-0.748889,29.700278,2015,P. falciparum,17,Infectious Diseases Research Collaboration,https://pubmed.ncbi.nlm.nih.gov/28039354/
1229,Pfkelch13,Kenya,KE,,Kisumu,-0.091702,34.767957,2013,P. falciparum,41,"Center for Biotechnology and Bioinformatics, University of Nairobi",https://pubmed.ncbi.nlm.nih.gov/29582728/
1230,Pfkelch13,Uganda,UG,Western Region,Kihihi,-0.748889,29.700278,2013,P. falciparum,24,"Medical Research Council Centre for Global Infectious Disease Analysis, Imperial College London",https://pubmed.ncbi.nlm.nih.gov/32355199/
1231,Pfkelch13,Kenya,KE,,Kisumu,-0.091702,34.767957,2013,P. falciparum,47,"Center for Biotechnology and Bioinformatics, University of Nairobi",https://pubmed.ncbi.nlm.nih.gov/29582728/
1232,Pfkelch13,Zambia,ZM,Luapula Province,Nchelenge,-9.000000,29.000000,2013,P. falciparum,45,"Medical Research Council Centre for Global Infectious Disease Analysis, Imperial College London",https://pubmed.ncbi.nlm.nih.gov/32355199/
1233,Pfkelch13,Kenya,KE,,Kilifi,-3.510651,39.909327,2013,P. falciparum,39,"Center for Biotechnology and Bioinformatics, University of Nairobi",https://pubmed.ncbi.nlm.nih.gov/29582728/
1234,Pfkelch13,Ghana,GH,Central Region,Cape Coast,5.131510,-1.279474,2014,P. falciparum,24,"Medical Research Council Centre for Global Infectious Disease Analysis, Imperial College London",https://pubmed.ncbi.nlm.nih.gov/32355199/
1235,Pfkelch13,Kenya,KE,,Baringo,0.666667,36.000000,2013,P. falciparum,34,"Center for Biotechnology and Bioinformatics, University of Nairobi",https://pubmed.ncbi.nlm.nih.gov/29582728/
1237,Pfkelch13,Kenya,KE,,Kisumu,-0.091702,34.767957,2015,P. falciparum,94,"Department of Biochemistry, Jomo Kenyatta University of Agriculture and Technology",https://www.ncbi.nlm.nih.gov/pubmed/31756512
1242,Pfkelch13,Kenya,KE,,Kilifi,-3.510651,39.909327,2012,P. falciparum,117,KEMRI/United States Army Medical Research Unit-Kenya,https://pubmed.ncbi.nlm.nih.gov/31591113/
1244,Pfkelch13,Kenya,KE,,Kilifi,-3.510651,39.909327,2015,P. falciparum,142,KEMRI/United States Army Medical Research Unit-Kenya,https://pubmed.ncbi.nlm.nih.gov/31591113/
1247,Pfkelch13,Cameroon,CM,,Tiko Department,4.075000,9.360000,2013,P. falciparum,239,"Department of Biochemistry and Molecular Biology, University of Buea",https://pubmed.ncbi.nlm.nih.gov/29110722/
1249,Pfkelch13,Cameroon,CM,Bénoué,Garoua,9.322602,13.393389,2014,P. falciparum,49,"Faculty of Medicine and Pharmaceutical Sciences, University of Douala",https://pubmed.ncbi.nlm.nih.gov/31479501/
1251,Pfkelch13,Cameroon,CM,Wouri,Douala,4.050000,9.683333,2016,P. falciparum,120,"Faculty of Medicine and Pharmaceutical Sciences, University of Douala",https://pubmed.ncbi.nlm.nih.gov/31479501/
1252,Pfkelch13,Kenya,KE,,Kisumu,-0.091702,34.767957,2015,P. falciparum,43,University of California at Irvine,https://pubmed.ncbi.nlm.nih.gov/29363453/
1253,Pfkelch13,Cameroon,CM,Mfoundi,Yaoundé,3.848032,11.502075,2016,P. falciparum,50,"Faculty of Medicine and Pharmaceutical Sciences, University of Douala",https://pubmed.ncbi.nlm.nih.gov/31479501/
1255,Pfkelch13,Nigeria,NG,Lagos,Ajeromi-Ifelodun,6.444800,3.333900,2015,P. falciparum,26,"Department of Biomedical Sciences, College of Health Sciences, University of Wisconsin",https://pubmed.ncbi.nlm.nih.gov/31533729/
1257,Pfkelch13,Nigeria,NG,Ogun,Ado-Odo/Ota,6.633333,3.100000,2016,P. falciparum,19,"Department of Biological Sciences, Covenant University",https://pubmed.ncbi.nlm.nih.gov/31308714/
1259,Pfkelch13,Kenya,KE,,Kakamega,0.283333,34.750000,2015,P. falciparum,66,University of California at Irvine,https://pubmed.ncbi.nlm.nih.gov/29363453/
1260,Pfkelch13,Nigeria,NG,Lagos,Ajeromi-Ifelodun,6.444800,3.333900,2013,P. falciparum,38,"ANDI Centre of Excellence for Malaria Diagnosis, College of Medicine, University of Lagos",https://pubmed.ncbi.nlm.nih.gov/31132213/
1261,Pfkelch13,Nigeria,NG,Lagos,Somolu,6.540833,3.387222,2013,P. falciparum,15,"ANDI Centre of Excellence for Malaria Diagnosis, College of Medicine, University of Lagos",https://pubmed.ncbi.nlm.nih.gov/31132213/
1262,Pfkelch13,Nigeria,NG,Lagos,Ibeju-Lekki,6.416700,2.883300,2013,P. falciparum,7,"ANDI Centre of Excellence for Malaria Diagnosis, College of Medicine, University of Lagos",https://pubmed.ncbi.nlm.nih.gov/31132213/
1263,Pfkelch13,Nigeria,NG,Lagos,Ikorodu,6.600000,3.500000,2013,P. falciparum,127,"ANDI Centre of Excellence for Malaria Diagnosis, College of Medicine, University of Lagos",https://pubmed.ncbi.nlm.nih.gov/31132213/
1264,Pfkelch13,Nigeria,NG,Lagos,Amuwo-Odofin,6.450000,3.266667,2010,P. falciparum,1,"ANDI Centre of Excellence for Malaria Diagnosis, College of Medicine, University of Lagos",https://pubmed.ncbi.nlm.nih.gov/31132213/
1265,Pfkelch13,Nigeria,NG,Lagos,Epe,6.583333,3.983333,2010,P. falciparum,3,"ANDI Centre of Excellence for Malaria Diagnosis, College of Medicine, University of Lagos",https://pubmed.ncbi.nlm.nih.gov/31132213/
1266,Pfkelch13,Nigeria,NG,Lagos,Kosofe,6.567412,3.377022,2010,P. falciparum,3,"ANDI Centre of Excellence for Malaria Diagnosis, College of Medicine, University of Lagos",https://pubmed.ncbi.nlm.nih.gov/31132213/
1267,Pfkelch13,Nigeria,NG,Lagos,Apapa,6.450000,3.366667,2010,P. falciparum,1,"ANDI Centre of Excellence for Malaria Diagnosis, College of Medicine, University of Lagos",https://pubmed.ncbi.nlm.nih.gov/31132213/
1268,Pfkelch13,Central African Republic,CF,Bangui Prefecture,Bangui,4.373333,18.562778,2017,P. falciparum,117,Institut Pasteur de Bangui,https://pubmed.ncbi.nlm.nih.gov/32448203/
1269,Pfkelch13,Central African Republic,CF,Bangui Prefecture,Bangui,4.373333,18.562778,2018,P. falciparum,70,Institut Pasteur de Bangui,https://pubmed.ncbi.nlm.nih.gov/32448203/
1270,Pfkelch13,Uganda,UG,Eastern Region,Tororo,0.678227,34.186567,2016,P. falciparum,56,"Department of Natural Sciences and Mathematics, Dominican University of California",https://pubmed.ncbi.nlm.nih.gov/28923866/
1278,Pfkelch13,Uganda,UG,Northern Region,Apac,1.985091,32.534446,2012,P. falciparum,19,University of California San Francisco,https://pubmed.ncbi.nlm.nih.gov/31358588/
1279,Pfkelch13,Uganda,UG,Northern Region,Arua,3.035278,30.910833,2012,P. falciparum,40,University of California San Francisco,https://pubmed.ncbi.nlm.nih.gov/31358588/
1280,Pfkelch13,Uganda,UG,Eastern Region,Jinja,0.447857,33.202612,2012,P. falciparum,99,University of California San Francisco,https://pubmed.ncbi.nlm.nih.gov/31358588/
1281,Pfkelch13,Uganda,UG,,Kampala,0.347596,32.582520,2012,P. falciparum,65,University of California San Francisco,https://pubmed.ncbi.nlm.nih.gov/31358588/
1282,Pfkelch13,Uganda,UG,Western Region,Kanungu,-0.819525,29.742604,2012,P. falciparum,118,University of California San Francisco,https://pubmed.ncbi.nlm.nih.gov/31358588/
1283,Pfkelch13,Uganda,UG,Central Region,Mubende,0.600000,31.400000,2012,P. falciparum,66,University of California San Francisco,https://pubmed.ncbi.nlm.nih.gov/31358588/
1284,Pfkelch13,Uganda,UG,Eastern Region,Tororo,0.678227,34.186567,2012,P. falciparum,303,University of California San Francisco,https://pubmed.ncbi.nlm.nih.gov/31358588/
1285,Pfkelch13,Uganda,UG,Eastern Region,Jinja,0.447857,33.202612,2011,P. falciparum,78,University of Alberta,https://pubmed.ncbi.nlm.nih.gov/26079933/
1286,Pfkelch13,Uganda,UG,Northern Region,Gulu,2.781667,32.299167,2014,P. falciparum,184,Juntendo University School of Medicine,https://pubmed.ncbi.nlm.nih.gov/29553316/
1287,Pfkelch13,Uganda,UG,,Kampala,0.347596,32.582520,2014,P. falciparum,53,"Department of Natural Sciences and Mathematics, Dominican University of California",https://pubmed.ncbi.nlm.nih.gov/26033725/
1288,Pfkelch13,Uganda,UG,Northern Region,Agago,2.833333,33.333333,2017,P. falciparum,42,Infectious Diseases Research Collaboration,https://pubmed.ncbi.nlm.nih.gov/30559133/
1289,Pfkelch13,Uganda,UG,Northern Region,Amolatar,1.633333,32.833333,2017,P. falciparum,48,Infectious Diseases Research Collaboration,https://pubmed.ncbi.nlm.nih.gov/30559133/
1290,Pfkelch13,Uganda,UG,Northern Region,Arua,3.035278,30.910833,2017,P. falciparum,43,Infectious Diseases Research Collaboration,https://pubmed.ncbi.nlm.nih.gov/30559133/
1291,Pfkelch13,Uganda,UG,Eastern Region,Jinja,0.447857,33.202612,2017,P. falciparum,48,Infectious Diseases Research Collaboration,https://pubmed.ncbi.nlm.nih.gov/30559133/
1292,Pfkelch13,Uganda,UG,Western Region,Kanungu,-0.819525,29.742604,2017,P. falciparum,48,Infectious Diseases Research Collaboration,https://pubmed.ncbi.nlm.nih.gov/30559133/
1293,Pfkelch13,Uganda,UG,Northern Region,Kole,2.302006,32.610417,2017,P. falciparum,47,Infectious Diseases Research Collaboration,https://pubmed.ncbi.nlm.nih.gov/30559133/
1294,Pfkelch13,Uganda,UG,Northern Region,Lamwo,3.533333,32.800000,2017,P. falciparum,43,Infectious Diseases Research Collaboration,https://pubmed.ncbi.nlm.nih.gov/30559133/
1295,Pfkelch13,Uganda,UG,Central Region,Mubende,0.600000,31.400000,2017,P. falciparum,45,Infectious Diseases Research Collaboration,https://pubmed.ncbi.nlm.nih.gov/30559133/
1296,Pfkelch13,Uganda,UG,Eastern Region,Tororo,0.678227,34.186567,2017,P. falciparum,48,Infectious Diseases Research Collaboration,https://pubmed.ncbi.nlm.nih.gov/30559133/
1297,Pfkelch13,Uganda,UG,Eastern Region,Tororo,0.678227,34.186567,2010,P. falciparum,133,University of California San Francisco,https://pubmed.ncbi.nlm.nih.gov/25144768/
1298,Pfkelch13,Uganda,UG,Northern Region,Gulu,2.781667,32.299167,2014,P. falciparum,143,"Division of Malaria Research, Proteo-Science Center, Ehime University",https://pubmed.ncbi.nlm.nih.gov/28068997/
1299,Pfkelch13,United Republic of Tanzania,TZ,Tanga,Muheza,-5.000000,38.916667,2011,P. falciparum,28,National Malaria Control Programme,https://pubmed.ncbi.nlm.nih.gov/27332904/
1300,Pfkelch13,United Republic of Tanzania,TZ,Pwani,Kibaha,-6.781322,38.992890,2011,P. falciparum,17,Ifakara Health Institute,https://pubmed.ncbi.nlm.nih.gov/30333022/
1301,Pfkelch13,United Republic of Tanzania,TZ,Kigoma,Ujiji,-4.883512,29.633255,2011,P. falciparum,23,Ifakara Health Institute,https://pubmed.ncbi.nlm.nih.gov/30333022/
1302,Pfkelch13,United Republic of Tanzania,TZ,Morogoro,Kilombero,-8.132700,36.681800,2011,P. falciparum,4,Ifakara Health Institute,https://pubmed.ncbi.nlm.nih.gov/30333022/
1303,Pfkelch13,United Republic of Tanzania,TZ,Pwani,Bagamoyo,-6.445634,38.898941,2011,P. falciparum,11,National Malaria Control Programme,https://pubmed.ncbi.nlm.nih.gov/27332904/
1304,Pfkelch13,United Republic of Tanzania,TZ,Mwanza,Nyamagana,-2.583333,32.916667,2012,P. falciparum,4,National Malaria Control Programme,https://pubmed.ncbi.nlm.nih.gov/27332904/
1305,Pfkelch13,United Republic of Tanzania,TZ,Dodoma,Chamwino,-5.088875,39.102323,2012,P. falciparum,23,Ifakara Health Institute,https://pubmed.ncbi.nlm.nih.gov/30333022/
1306,Pfkelch13,United Republic of Tanzania,TZ,Mbeya,Kyela,-9.402053,34.019583,2012,P. falciparum,39,Ifakara Health Institute,https://pubmed.ncbi.nlm.nih.gov/30333022/
1307,Pfkelch13,United Republic of Tanzania,TZ,Mtwara,Masasi,-10.717000,38.800000,2012,P. falciparum,41,Ifakara Health Institute,https://pubmed.ncbi.nlm.nih.gov/30333022/
1308,Pfkelch13,Uganda,UG,,Eastern Region,0.416667,33.200000,2018,P. falciparum,319,"National Malaria Control Division, Ministry of Health",
1309,Pfkelch13,United Republic of Tanzania,TZ,Mbeya,Kyela,-9.402053,34.019583,2015,P. falciparum,61,Ifakara Health Institute,https://pubmed.ncbi.nlm.nih.gov/30333022/
1310,Pfkelch13,United Republic of Tanzania,TZ,Pwani,Rufiji,-7.773889,39.363889,2015,P. falciparum,25,Ifakara Health Institute,https://pubmed.ncbi.nlm.nih.gov/30333022/
1311,Pfkelch13,United Republic of Tanzania,TZ,Pwani,Kibaha,-6.781322,38.992890,2016,P. falciparum,80,"National Institute for Medical Research, Tanga Research Centre",https://pubmed.ncbi.nlm.nih.gov/30898164/
1312,Pfkelch13,United Republic of Tanzania,TZ,Morogoro,Kilombero,-8.132700,36.681800,2016,P. falciparum,88,"National Institute for Medical Research, Tanga Research Centre",https://pubmed.ncbi.nlm.nih.gov/30898164/
1313,Pfkelch13,United Republic of Tanzania,TZ,Tanga,Muheza,-5.000000,38.916667,2016,P. falciparum,88,"National Institute for Medical Research, Tanga Research Centre",https://pubmed.ncbi.nlm.nih.gov/30898164/
1314,Pfkelch13,United Republic of Tanzania,TZ,Kigoma,Ujiji,-4.883512,29.633255,2016,P. falciparum,88,"National Institute for Medical Research, Tanga Research Centre",https://pubmed.ncbi.nlm.nih.gov/30898164/
1315,Pfkelch13,United Republic of Tanzania,TZ,Pwani,Rufiji,-7.773889,39.363889,2019,P. falciparum,422,"Department of Pharmaceutical Microbiology, Muhimbili University of Health and Allied Sciences",https://pubmed.ncbi.nlm.nih.gov/32103124/
1316,Pfkelch13,Burkina Faso,BF,Boulkiemdé,Nanoro,12.683333,-2.183333,2017,P. falciparum,139,Centre National de Recherche et de Formation sur le Paludisme,https://pubmed.ncbi.nlm.nih.gov/33468147/
1317,Pfkelch13,Burkina Faso,BF,Comoé,Banfora,10.640016,-4.758804,2017,P. falciparum,108,Centre National de Recherche et de Formation sur le Paludisme,https://pubmed.ncbi.nlm.nih.gov/33468147/
1318,Pfkelch13,Burkina Faso,BF,Zondoma,Gourcy,13.203628,-2.356686,2018,P. falciparum,120,Centre National de Recherche et de Formation sur le Paludisme,https://pubmed.ncbi.nlm.nih.gov/33468147/
1319,Pfkelch13,Guinea,GN,,Régions de Labé et de Kindia,11.105146,-12.932735,2015,P. falciparum,389,Centre National de Formation et de Recherche en Santé Rurale (CNFRSR) de Mafèrinyah,https://pubmed.ncbi.nlm.nih.gov/32580771/
1320,Pfkelch13,Pakistan,PK,,Multiple Sites,30.901352,69.572434,2018,P. falciparum,121,"Department of Microbiology, Kohat University of Science and Technology",https://pubmed.ncbi.nlm.nih.gov/32513171/
1321,Pfkelch13,Afghanistan,AF,Laghman,Mihtarlam,34.645600,70.181400,2019,P. falciparum,54,National Malaria and Leishmaniasis Control Programme,
1322,Pfkelch13,Afghanistan,AF,Nangarhar,Darai Nur and Kama Districts,34.655296,70.685202,2019,P. falciparum,57,National Malaria and Leishmaniasis Control Programme,
1323,Pfkelch13,Sudan,SD,,Gezira State,14.500000,33.500000,2015,P. falciparum,23,"Department of Medical Parasitology and Entomology, Faculty of Medical Laboratory Sciences, Al Neelain University",https://pubmed.ncbi.nlm.nih.gov/32817665/
1324,Pfkelch13,Sudan,SD,,Khartoum State,15.783333,32.716667,2015,P. falciparum,158,"Department of Medical Parasitology and Entomology, Faculty of Medical Laboratory Sciences, Al Neelain University",https://pubmed.ncbi.nlm.nih.gov/32817665/
1325,Pfkelch13,Sudan,SD,Kassala State,New Halfa,15.328756,35.598609,2015,P. falciparum,30,"Department of Medical Parasitology and Entomology, Faculty of Medical Laboratory Sciences, Al Neelain University",https://pubmed.ncbi.nlm.nih.gov/32817665/
1326,Pfkelch13,Sudan,SD,,North Kurdufan State,13.830644,29.417932,2015,P. falciparum,15,"Department of Medical Parasitology and Entomology, Faculty of Medical Laboratory Sciences, Al Neelain University",https://pubmed.ncbi.nlm.nih.gov/32817665/
1327,Pfkelch13,Myanmar,MM,Chin,Paletwa,21.303646,92.853970,2015,P. falciparum,30,"Department of Cell Biology & Genetics, Kunming Medical University",https://pubmed.ncbi.nlm.nih.gov/32854686/
1328,Pfkelch13,India,IN,Tamil Nadu,Vellore,12.911111,79.136111,2012,P. falciparum,42,"Department of Neuromedicine, Christian Medical College",https://pubmed.ncbi.nlm.nih.gov/32769239/
1329,Pfkelch13,India,IN,Madhya Pradesh,Ujjain,23.416667,75.500000,2015,P. falciparum,87,"Department of Pediatrics, R.D Gardi Medical College, Surasa",https://pubmed.ncbi.nlm.nih.gov/32795288/
1331,Pfkelch13,Cambodia,KH,Pursat,Phnom Kravanh,12.333333,103.750000,2018,P. falciparum,10,"National Center for Parasitology, Entomology, and Malaria Control, Ministry of Health, Phnom Penh, Cambodia and CDC Korea",
1332,Pfkelch13,Cambodia,KH,Stung Treng,Siem Pang,14.112548,106.390534,2018,P. falciparum,30,"National Center for Parasitology, Entomology, and Malaria Control, Ministry of Health, Phnom Penh, Cambodia and CDC Korea",
1333,Pfkelch13,Cambodia,KH,Ratanakiri,Taveng,14.047334,107.099318,2018,P. falciparum,6,"National Center for Parasitology, Entomology, and Malaria Control, Ministry of Health, Phnom Penh, Cambodia and CDC Korea",
1334,Pfkelch13,Cambodia,KH,Stung Treng,Sesan,13.503679,106.393478,2018,P. falciparum,11,"National Center for Parasitology, Entomology, and Malaria Control, Ministry of Health, Phnom Penh, Cambodia and CDC China",
1335,Pfkelch13,Cambodia,KH,Stung Treng,Siem Pang,14.112548,106.390534,2018,P. falciparum,11,"National Center for Parasitology, Entomology, and Malaria Control, Ministry of Health, Phnom Penh, Cambodia and CDC China",
1336,Pfkelch13,Cambodia,KH,Mondulkiri,Ou Reang,12.331800,107.168400,2019,P. falciparum,2,"National Center for Parasitology, Entomology, and Malaria Control, Ministry of Health, Phnom Penh, Cambodia and CDC Korea",
1337,Pfkelch13,Cambodia,KH,Ratanakiri,Veun Sai,14.261043,106.794241,2019,P. falciparum,5,"National Center for Parasitology, Entomology, and Malaria Control, Ministry of Health, Phnom Penh, Cambodia and CDC Korea",
1338,Pfkelch13,Viet Nam,VN,Gia Lai,Krong Pa,13.234560,108.517936,2015,P. falciparum,45,Institute of Tropical Medicine,https://pubmed.ncbi.nlm.nih.gov/32437557/
1339,Pfkelch13,Viet Nam,VN,Gia Lai,Krong Pa and Ia Pa Districts,13.343558,108.638600,2019,P. falciparum,17,"National Institute of Malariology, Parasitology and Entomology",
1340,Pfkelch13,Viet Nam,VN,Binh Phuoc,Bu Gia Map and Bu Dang Districts,11.972318,107.148275,2019,P. falciparum,4,"National Institute of Malariology, Parasitology and Entomology",
1341,Pfkelch13,Viet Nam,VN,,Dak Nong Province,12.264648,107.609806,2019,P. falciparum,37,"National Institute of Malariology, Parasitology and Entomology",
1342,Pfkelch13,Cambodia,KH,Preah Vihear,Chey Saen,13.570577,105.359957,2016,P. falciparum,83,Médecins Sans Frontières,https://www.ncbi.nlm.nih.gov/pubmed/29173875
1350,Pfkelch13,Ecuador,EC,Esmeraldas,Esmeraldas and San Lorenzo,1.256308,-78.827290,2013,P. falciparum,55,"Centro de Investigación para la Salud en América Latina, Facultad de Ciencias Exactas y Naturales, Pontificia Universidad Católica del Ecuador",https://pubmed.ncbi.nlm.nih.gov/31822269/
1351,Pfkelch13,Ecuador,EC,,Carchi Province,0.450000,-78.050000,2013,P. falciparum,4,"Centro de Investigación para la Salud en América Latina, Facultad de Ciencias Exactas y Naturales, Pontificia Universidad Católica del Ecuador",https://pubmed.ncbi.nlm.nih.gov/31822269/
1352,Pfkelch13,Ecuador,EC,,Sucumbíos Province,-0.083333,-76.883333,2013,P. falciparum,3,"Centro de Investigación para la Salud en América Latina, Facultad de Ciencias Exactas y Naturales, Pontificia Universidad Católica del Ecuador",https://pubmed.ncbi.nlm.nih.gov/31822269/
1353,Pfkelch13,Angola,AO,,Cases imported from Angola to China,-10.970819,17.444164,2012,P. falciparum,4,Guizhou Medical University,https://pubmed.ncbi.nlm.nih.gov/32677899/
1354,Pfkelch13,Benin,BJ,,Cases imported from Benin to China,7.675220,2.322875,2012,P. falciparum,1,Guizhou Medical University,https://pubmed.ncbi.nlm.nih.gov/32677899/
1355,Pfkelch13,Cameroon,CM,,Cases imported from Cameroon to China,4.285116,12.339357,2012,P. falciparum,3,Guizhou Medical University,https://pubmed.ncbi.nlm.nih.gov/32677899/
1356,Pfkelch13,Congo,CG,,Cases imported from Congo to China,-3.230421,14.334146,2012,P. falciparum,2,Guizhou Medical University,https://pubmed.ncbi.nlm.nih.gov/32677899/
1357,Pfkelch13,Democratic Republic of the Congo,CD,,Cases imported from Democratic Republic of the Congo to China,-4.918666,15.693593,2012,P. falciparum,4,Guizhou Medical University,https://pubmed.ncbi.nlm.nih.gov/32677899/
1358,Pfkelch13,Equatorial Guinea,GQ,,Cases imported from Equatorial Guinea to China,1.482120,9.886586,2012,P. falciparum,1,Guizhou Medical University,https://pubmed.ncbi.nlm.nih.gov/32677899/
1359,Pfkelch13,Gabon,GA,,Cases imported from Gabon to China,-0.900490,11.231382,2012,P. falciparum,1,Guizhou Medical University,https://pubmed.ncbi.nlm.nih.gov/32677899/
1360,Pfkelch13,Ghana,GH,,Cases imported from Ghana to China,7.173465,-1.023047,2012,P. falciparum,1,Guizhou Medical University,https://pubmed.ncbi.nlm.nih.gov/32677899/
1361,Pfkelch13,Guinea,GN,,Cases imported from Guinea to China,10.379586,-13.186744,2012,P. falciparum,3,Guizhou Medical University,https://pubmed.ncbi.nlm.nih.gov/32677899/
1362,Pfkelch13,Liberia,LR,,Cases imported from Liberia to China,6.637563,-9.842621,2012,P. falciparum,14,Guizhou Medical University,https://pubmed.ncbi.nlm.nih.gov/32677899/
1363,Pfkelch13,Mozambique,MZ,,Cases imported from Mozambique to China,-18.407510,34.698216,2012,P. falciparum,1,Guizhou Medical University,https://pubmed.ncbi.nlm.nih.gov/32677899/
1364,Pfkelch13,Nigeria,NG,,Cases imported from Nigeria to China,8.006390,7.144729,2012,P. falciparum,6,Guizhou Medical University,https://pubmed.ncbi.nlm.nih.gov/32677899/
1365,Pfkelch13,United Republic of Tanzania,TZ,,Cases imported from the United Republic of Tanzania (mainland) to China,-6.170976,37.776350,2012,P. falciparum,2,Guizhou Medical University,https://pubmed.ncbi.nlm.nih.gov/32677899/
1366,Pfkelch13,Uganda,UG,,Cases imported from Uganda to China,0.840166,32.334272,2012,P. falciparum,11,Guizhou Medical University,https://pubmed.ncbi.nlm.nih.gov/32677899/
1367,Pfkelch13,Zambia,ZM,,Cases imported from Zambia to China,-14.559050,27.514084,2012,P. falciparum,1,Guizhou Medical University,https://pubmed.ncbi.nlm.nih.gov/32677899/
1368,Pfkelch13,Mozambique,MZ,Maputo,Magude,-25.023056,32.648056,2015,P. falciparum,99,"ISGlobal, Barcelona Institute for Global Health, Hospital Clínic-Universitat de Barcelona",https://pubmed.ncbi.nlm.nih.gov/33075062/
1369,Pfkelch13,Mozambique,MZ,Maputo,Magude,-25.023056,32.648056,2017,P. falciparum,107,"ISGlobal, Barcelona Institute for Global Health, Hospital Clínic-Universitat de Barcelona",https://pubmed.ncbi.nlm.nih.gov/33075062/
1370,Pfkelch13,Ghana,GH,Greater Accra,Ga West,5.702500,-0.300000,2018,P. falciparum,80,"Department of Biomedical Sciences, School of Basic & Biomedical Sciences, University of Health and Allied Sciences",https://pubmed.ncbi.nlm.nih.gov/33163636/
1371,Pfkelch13,Ghana,GH,Eastern Region,Fanteakwa,6.450233,-0.337189,2014,P. falciparum,72,University of Ghana College of Health Sciences,https://pubmed.ncbi.nlm.nih.gov/31932374/
1372,Pfkelch13,Ghana,GH,Eastern Region,Fanteakwa,6.450233,-0.337189,2015,P. falciparum,83,University of Ghana College of Health Sciences,https://pubmed.ncbi.nlm.nih.gov/31932374/
1373,Pfkelch13,Ghana,GH,Eastern Region,Fanteakwa,6.450233,-0.337189,2016,P. falciparum,70,University of Ghana College of Health Sciences,https://pubmed.ncbi.nlm.nih.gov/31932374/
1374,Pfkelch13,Ghana,GH,Central Region,Cape Coast,5.131510,-1.279474,2014,P. falciparum,83,University of Ghana College of Health Sciences,https://pubmed.ncbi.nlm.nih.gov/31932374/
1375,Pfkelch13,Ghana,GH,Central Region,Cape Coast,5.131510,-1.279474,2015,P. falciparum,102,University of Ghana College of Health Sciences,https://pubmed.ncbi.nlm.nih.gov/31932374/
1376,Pfkelch13,Ghana,GH,Central Region,Cape Coast,5.131510,-1.279474,2016,P. falciparum,79,University of Ghana College of Health Sciences,https://pubmed.ncbi.nlm.nih.gov/31932374/
1377,Pfkelch13,Kenya,KE,,Siaya,-0.099824,34.274700,2016,P. falciparum,317,"Kenya Medical Research Institute, Centre for Global Health Research",https://pubmed.ncbi.nlm.nih.gov/32795367/
1378,Pfkelch13,Nigeria,NG,Osun,Ede,7.738889,4.436111,2014,P. falciparum,83,"Public Health Division, Nigerian Institute for Medical Research",https://pubmed.ncbi.nlm.nih.gov/33109270/
1379,Pfkelch13,Nigeria,NG,Kano,Kano,12.000000,8.516667,2018,P. falciparum,49,"Laboratory Department, Public Health and Diagnostic Institute, Yusuf Maitama Sule University",https://pubmed.ncbi.nlm.nih.gov/32471273/
1380,Pfkelch13,Senegal,SN,Dakar,Dakar,14.764504,-17.366029,2015,P. falciparum,327,Institut de recherche biomédicale des armées; Aix-Marseille Université; IHU Méditerranée Infection,https://pubmed.ncbi.nlm.nih.gov/33045351/
1381,Pfkelch13,Zambia,ZM,,Southern and Western Provinces,-16.352192,25.091712,2017,P. falciparum,70,"Centre for International Health, University of Bergen, Norway; University of Zambia",https://pubmed.ncbi.nlm.nih.gov/33002448/
1382,Pfkelch13,Uganda,UG,,Multiple sites,0.827391,32.258765,2018,P. falciparum,796,University of California San Francisco,99999
1384,Pfkelch13,Rwanda,RW,Southern Province,Huye,-2.532133,29.574627,2019,P. falciparum,66,Institute of Tropical Medicine and International Health,https://pubmed.ncbi.nlm.nih.gov/33350925/
1385,Pfkelch13,Ghana,GH,Greater Accra,Accra Metropolitan,5.550000,-0.200000,2015,P. falciparum,103,Université de Paris,https://pubmed.ncbi.nlm.nih.gov/32179528/
1386,Pfkelch13,Uganda,UG,,Multiple sites,0.827391,32.258765,2018,P. falciparum,432,University of California San Francisco,https://pubmed.ncbi.nlm.nih.gov/33146722/
1387,Pfkelch13,Uganda,UG,,Multiple sites,0.827391,32.258765,2019,P. falciparum,482,University of California San Francisco,https://pubmed.ncbi.nlm.nih.gov/33146722/
1388,Pfkelch13,United Republic of Tanzania,TZ,Pwani,Bagamoyo District,-6.381945,38.635217,2017,P. falciparum,96,"Department of Women's and Children's Health, International Maternal and Child Health, Uppsala University",https://pubmed.ncbi.nlm.nih.gov/32576258/
1389,Pfkelch13,Angola,AO,,Multiple sites,-14.339789,15.400900,2019,P. falciparum,54,"National Malaria Control Program, Ministry of Health",https://pubmed.ncbi.nlm.nih.gov/33168604/
1390,Pfkelch13,Yemen,YE,Al Hudaydah,Bajil,15.100000,43.466667,2019,P. falciparum,99,"National Malaria Control Programme, Yemen",
1391,Pfkelch13,Papua New Guinea,PG,East Sepik,Wewak,-3.587732,143.687843,2017,P. falciparum,123,"MRC Centre for Genomics and Global Health, Big Data Institute, University of Oxford",https://pubmed.ncbi.nlm.nih.gov/33320907/
1392,Pfkelch13,Papua New Guinea,PG,East Sepik,Wewak,-3.587732,143.687843,2018,P. falciparum,134,"MRC Centre for Genomics and Global Health, Big Data Institute, University of Oxford",https://pubmed.ncbi.nlm.nih.gov/33320907/
1393,Pfkelch13,China,CN,Yunnan,Yingjiang,24.705211,97.931955,2012,P. falciparum,4,"National Institute of Parasitic Diseases, Chinese Center for Disease Control and Prevention",https://pubmed.ncbi.nlm.nih.gov/32928233/
1394,Pfkelch13,China,CN,Yunnan,Yingjiang,24.705211,97.931955,2013,P. falciparum,12,"National Institute of Parasitic Diseases, Chinese Center for Disease Control and Prevention",https://pubmed.ncbi.nlm.nih.gov/32928233/
1395,Pfkelch13,China,CN,Yunnan,"Ruili City, Dehong",24.014599,97.835291,2013,P. falciparum,6,"National Institute of Parasitic Diseases, Chinese Center for Disease Control and Prevention",https://pubmed.ncbi.nlm.nih.gov/32928233/
1396,Pfkelch13,China,CN,Yunnan,Yingjiang,24.705211,97.931955,2014,P. falciparum,14,"National Institute of Parasitic Diseases, Chinese Center for Disease Control and Prevention",https://pubmed.ncbi.nlm.nih.gov/32928233/
1397,Pfkelch13,Burkina Faso,BF,,Cases imported from Burkina Faso to China,11.464726,-3.414875,2012,P. falciparum,2,"National Institute of Parasitic Diseases, Chinese Center for Disease Control and Prevention, Chinese Center for Tropical Diseases Research, WHO Collaborating Center for Tropical Diseases, National Centre for International Research On Tropical Diseases, Ministry of Science and Technology, Key Laboratory of Parasite and Vector Biology, Ministry of Health China",https://pubmed.ncbi.nlm.nih.gov/33549122/
1398,Pfkelch13,Colombia,CO,,"Cordoba, Guaviare and Narino departments",2.566667,-72.633333,2014,P. falciparum,63,"Grupo Malaria, Universidad de Antioquia",https://pubmed.ncbi.nlm.nih.gov/33289466/
1399,Pfkelch13,Indonesia,ID,Papua,Mimika,-4.550000,136.890000,2015,P. falciparum,65,Mimika District Hospital,https://pubmed.ncbi.nlm.nih.gov/29345221/
1400,Pfkelch13,Democratic Republic of the Congo,CD,Kwilu,Ipamu,-4.181677,19.594881,2020,P. falciparum,140,Caramal Project,
1401,Pfkelch13,Democratic Republic of the Congo,CD,Kwango,Kenge,-4.810769,17.019153,2020,P. falciparum,106,Caramal Project,
1402,Pfkelch13,Democratic Republic of the Congo,CD,Kwilu,Kingandu,-5.499979,18.407891,2020,P. falciparum,111,Caramal Project,
1403,Pfkelch13,Nigeria,NG,Adamawa,Fufore,9.259285,12.329312,2020,P. falciparum,28,Caramal Project,
1404,Pfkelch13,Nigeria,NG,Adamawa,Mayo Belwa,9.054739,12.050328,2020,P. falciparum,38,Caramal Project,
1405,Pfkelch13,Nigeria,NG,Adamawa,Song,9.825235,12.602949,2020,P. falciparum,18,Caramal Project,
1406,Pfkelch13,Uganda,UG,Northern Region,Kole,2.302006,32.610417,2020,P. falciparum,86,Caramal Project,
1407,Pfkelch13,Uganda,UG,Northern Region,Oyam,2.349143,32.385224,2020,P. falciparum,81,Caramal Project,
1408,Pfkelch13,Uganda,UG,Northern Region,Kwania,1.887949,32.602005,2020,P. falciparum,36,Caramal Project,
1409,Pfkelch13,Angola,AO,,Cases imported from Angola to China,-10.970819,17.444164,2012,P. falciparum,466,"National Institute of Parasitic Diseases, Chinese Center for Disease Control and Prevention, Chinese Center for Tropical Diseases Research, WHO Collaborating Center for Tropical Diseases, National Centre for International Research On Tropical Diseases, Ministry of Science and Technology, Key Laboratory of Parasite and Vector Biology, Ministry of Health China",https://pubmed.ncbi.nlm.nih.gov/33549122/
1410,Pfkelch13,Benin,BJ,,Cases imported from Benin to China,7.675220,2.322875,2012,P. falciparum,9,"National Institute of Parasitic Diseases, Chinese Center for Disease Control and Prevention, Chinese Center for Tropical Diseases Research, WHO Collaborating Center for Tropical Diseases, National Centre for International Research On Tropical Diseases, Ministry of Science and Technology, Key Laboratory of Parasite and Vector Biology, Ministry of Health China",https://pubmed.ncbi.nlm.nih.gov/33549122/
1411,Pfkelch13,Cameroon,CM,,Cases imported from Cameroon to China,4.285116,12.339357,2012,P. falciparum,54,"National Institute of Parasitic Diseases, Chinese Center for Disease Control and Prevention, Chinese Center for Tropical Diseases Research, WHO Collaborating Center for Tropical Diseases, National Centre for International Research On Tropical Diseases, Ministry of Science and Technology, Key Laboratory of Parasite and Vector Biology, Ministry of Health China",https://pubmed.ncbi.nlm.nih.gov/33549122/
1412,Pfkelch13,Central African Republic,CF,,Cases imported from Central African Republic to China,6.407496,19.472531,2012,P. falciparum,3,"National Institute of Parasitic Diseases, Chinese Center for Disease Control and Prevention, Chinese Center for Tropical Diseases Research, WHO Collaborating Center for Tropical Diseases, National Centre for International Research On Tropical Diseases, Ministry of Science and Technology, Key Laboratory of Parasite and Vector Biology, Ministry of Health China",https://pubmed.ncbi.nlm.nih.gov/33549122/
1413,Pfkelch13,Chad,TD,,Cases imported from Chad to China,11.581651,16.949712,2012,P. falciparum,11,"National Institute of Parasitic Diseases, Chinese Center for Disease Control and Prevention, Chinese Center for Tropical Diseases Research, WHO Collaborating Center for Tropical Diseases, National Centre for International Research On Tropical Diseases, Ministry of Science and Technology, Key Laboratory of Parasite and Vector Biology, Ministry of Health China",https://pubmed.ncbi.nlm.nih.gov/33549122/
1414,Pfkelch13,Congo,CG,,Cases imported from Congo to China,-3.230421,14.334146,2012,P. falciparum,35,"National Institute of Parasitic Diseases, Chinese Center for Disease Control and Prevention, Chinese Center for Tropical Diseases Research, WHO Collaborating Center for Tropical Diseases, National Centre for International Research On Tropical Diseases, Ministry of Science and Technology, Key Laboratory of Parasite and Vector Biology, Ministry of Health China",https://pubmed.ncbi.nlm.nih.gov/33549122/
1415,Pfkelch13,Côte d’Ivoire,CI,,Cases imported from Côte d'Ivoire to China,5.716849,-3.933047,2012,P. falciparum,17,"National Institute of Parasitic Diseases, Chinese Center for Disease Control and Prevention, Chinese Center for Tropical Diseases Research, WHO Collaborating Center for Tropical Diseases, National Centre for International Research On Tropical Diseases, Ministry of Science and Technology, Key Laboratory of Parasite and Vector Biology, Ministry of Health China",https://pubmed.ncbi.nlm.nih.gov/33549122/
1416,Pfkelch13,Democratic Republic of the Congo,CD,,Cases imported from Democratic Republic of the Congo to China,-4.918666,15.693593,2012,P. falciparum,32,"National Institute of Parasitic Diseases, Chinese Center for Disease Control and Prevention, Chinese Center for Tropical Diseases Research, WHO Collaborating Center for Tropical Diseases, National Centre for International Research On Tropical Diseases, Ministry of Science and Technology, Key Laboratory of Parasite and Vector Biology, Ministry of Health China",https://pubmed.ncbi.nlm.nih.gov/33549122/
1417,Pfkelch13,Equatorial Guinea,GQ,,Cases imported from Equatorial Guinea to China,1.482120,9.886586,2012,P. falciparum,224,"National Institute of Parasitic Diseases, Chinese Center for Disease Control and Prevention, Chinese Center for Tropical Diseases Research, WHO Collaborating Center for Tropical Diseases, National Centre for International Research On Tropical Diseases, Ministry of Science and Technology, Key Laboratory of Parasite and Vector Biology, Ministry of Health China",https://pubmed.ncbi.nlm.nih.gov/33549122/
1418,Pfkelch13,Ethiopia,ET,,Cases imported from Ethiopia to China,8.761111,41.004500,2012,P. falciparum,8,"National Institute of Parasitic Diseases, Chinese Center for Disease Control and Prevention, Chinese Center for Tropical Diseases Research, WHO Collaborating Center for Tropical Diseases, National Centre for International Research On Tropical Diseases, Ministry of Science and Technology, Key Laboratory of Parasite and Vector Biology, Ministry of Health China",https://pubmed.ncbi.nlm.nih.gov/33549122/
1419,Pfkelch13,Gabon,GA,,Cases imported from Gabon to China,-0.900490,11.231382,2012,P. falciparum,14,"National Institute of Parasitic Diseases, Chinese Center for Disease Control and Prevention, Chinese Center for Tropical Diseases Research, WHO Collaborating Center for Tropical Diseases, National Centre for International Research On Tropical Diseases, Ministry of Science and Technology, Key Laboratory of Parasite and Vector Biology, Ministry of Health China",https://pubmed.ncbi.nlm.nih.gov/33549122/
1420,Pfkelch13,Ghana,GH,,Cases imported from Ghana to China,7.173465,-1.023047,2012,P. falciparum,65,"National Institute of Parasitic Diseases, Chinese Center for Disease Control and Prevention, Chinese Center for Tropical Diseases Research, WHO Collaborating Center for Tropical Diseases, National Centre for International Research On Tropical Diseases, Ministry of Science and Technology, Key Laboratory of Parasite and Vector Biology, Ministry of Health China",https://pubmed.ncbi.nlm.nih.gov/33549122/
1421,Pfkelch13,Guinea,GN,,Cases imported from Guinea to China,10.379586,-13.186744,2012,P. falciparum,55,"National Institute of Parasitic Diseases, Chinese Center for Disease Control and Prevention, Chinese Center for Tropical Diseases Research, WHO Collaborating Center for Tropical Diseases, National Centre for International Research On Tropical Diseases, Ministry of Science and Technology, Key Laboratory of Parasite and Vector Biology, Ministry of Health China",https://pubmed.ncbi.nlm.nih.gov/33549122/
1422,Pfkelch13,Kenya,KE,,Cases imported from Kenya to China,-1.461060,38.588461,2012,P. falciparum,6,"National Institute of Parasitic Diseases, Chinese Center for Disease Control and Prevention, Chinese Center for Tropical Diseases Research, WHO Collaborating Center for Tropical Diseases, National Centre for International Research On Tropical Diseases, Ministry of Science and Technology, Key Laboratory of Parasite and Vector Biology, Ministry of Health China",https://pubmed.ncbi.nlm.nih.gov/33549122/
1423,Pfkelch13,Liberia,LR,,Cases imported from Liberia to China,6.637563,-9.842621,2012,P. falciparum,25,"National Institute of Parasitic Diseases, Chinese Center for Disease Control and Prevention, Chinese Center for Tropical Diseases Research, WHO Collaborating Center for Tropical Diseases, National Centre for International Research On Tropical Diseases, Ministry of Science and Technology, Key Laboratory of Parasite and Vector Biology, Ministry of Health China",https://pubmed.ncbi.nlm.nih.gov/33549122/
1424,Pfkelch13,Madagascar,MG,,Cases imported from Madagascar to China,-18.102935,46.432856,2012,P. falciparum,3,"National Institute of Parasitic Diseases, Chinese Center for Disease Control and Prevention, Chinese Center for Tropical Diseases Research, WHO Collaborating Center for Tropical Diseases, National Centre for International Research On Tropical Diseases, Ministry of Science and Technology, Key Laboratory of Parasite and Vector Biology, Ministry of Health China",https://pubmed.ncbi.nlm.nih.gov/33549122/
1425,Pfkelch13,Malawi,MW,,Cases imported from Malawi to China,-13.850301,34.224225,2012,P. falciparum,8,"National Institute of Parasitic Diseases, Chinese Center for Disease Control and Prevention, Chinese Center for Tropical Diseases Research, WHO Collaborating Center for Tropical Diseases, National Centre for International Research On Tropical Diseases, Ministry of Science and Technology, Key Laboratory of Parasite and Vector Biology, Ministry of Health China",https://pubmed.ncbi.nlm.nih.gov/33549122/
1426,Pfkelch13,Mali,ML,,Cases imported from Mali to China,17.945743,-4.669559,2012,P. falciparum,5,"National Institute of Parasitic Diseases, Chinese Center for Disease Control and Prevention, Chinese Center for Tropical Diseases Research, WHO Collaborating Center for Tropical Diseases, National Centre for International Research On Tropical Diseases, Ministry of Science and Technology, Key Laboratory of Parasite and Vector Biology, Ministry of Health China",https://pubmed.ncbi.nlm.nih.gov/33549122/
1427,Pfkelch13,Mozambique,MZ,,Cases imported from Mozambique to China,-18.407510,34.698216,2012,P. falciparum,28,"National Institute of Parasitic Diseases, Chinese Center for Disease Control and Prevention, Chinese Center for Tropical Diseases Research, WHO Collaborating Center for Tropical Diseases, National Centre for International Research On Tropical Diseases, Ministry of Science and Technology, Key Laboratory of Parasite and Vector Biology, Ministry of Health China",https://pubmed.ncbi.nlm.nih.gov/33549122/
1428,Pfkelch13,Niger,NE,,Cases imported from Niger to China,13.880389,2.759670,2012,P. falciparum,4,"National Institute of Parasitic Diseases, Chinese Center for Disease Control and Prevention, Chinese Center for Tropical Diseases Research, WHO Collaborating Center for Tropical Diseases, National Centre for International Research On Tropical Diseases, Ministry of Science and Technology, Key Laboratory of Parasite and Vector Biology, Ministry of Health China",https://pubmed.ncbi.nlm.nih.gov/33549122/
1429,Pfkelch13,Nigeria,NG,,Cases imported from Nigeria to China,8.006390,7.144729,2012,P. falciparum,152,"National Institute of Parasitic Diseases, Chinese Center for Disease Control and Prevention, Chinese Center for Tropical Diseases Research, WHO Collaborating Center for Tropical Diseases, National Centre for International Research On Tropical Diseases, Ministry of Science and Technology, Key Laboratory of Parasite and Vector Biology, Ministry of Health China",https://pubmed.ncbi.nlm.nih.gov/33549122/
1430,Pfkelch13,Sierra Leone,SL,,Cases imported from Sierra Leone to China,8.534636,-12.579556,2012,P. falciparum,29,"National Institute of Parasitic Diseases, Chinese Center for Disease Control and Prevention, Chinese Center for Tropical Diseases Research, WHO Collaborating Center for Tropical Diseases, National Centre for International Research On Tropical Diseases, Ministry of Science and Technology, Key Laboratory of Parasite and Vector Biology, Ministry of Health China",https://pubmed.ncbi.nlm.nih.gov/33549122/
1431,Pfkelch13,South Africa,ZA,,Cases imported from South Africa to China,-29.910994,22.838014,2012,P. falciparum,1,"National Institute of Parasitic Diseases, Chinese Center for Disease Control and Prevention, Chinese Center for Tropical Diseases Research, WHO Collaborating Center for Tropical Diseases, National Centre for International Research On Tropical Diseases, Ministry of Science and Technology, Key Laboratory of Parasite and Vector Biology, Ministry of Health China",https://pubmed.ncbi.nlm.nih.gov/33549122/
1432,Pfkelch13,Togo,TG,,Cases imported from Togo to China,7.223740,1.232627,2012,P. falciparum,7,"National Institute of Parasitic Diseases, Chinese Center for Disease Control and Prevention, Chinese Center for Tropical Diseases Research, WHO Collaborating Center for Tropical Diseases, National Centre for International Research On Tropical Diseases, Ministry of Science and Technology, Key Laboratory of Parasite and Vector Biology, Ministry of Health China",https://pubmed.ncbi.nlm.nih.gov/33549122/
1433,Pfkelch13,Uganda,UG,,Cases imported from Uganda to China,0.840166,32.334272,2012,P. falciparum,8,"National Institute of Parasitic Diseases, Chinese Center for Disease Control and Prevention, Chinese Center for Tropical Diseases Research, WHO Collaborating Center for Tropical Diseases, National Centre for International Research On Tropical Diseases, Ministry of Science and Technology, Key Laboratory of Parasite and Vector Biology, Ministry of Health China",https://pubmed.ncbi.nlm.nih.gov/33549122/
1434,Pfkelch13,United Republic of Tanzania,TZ,,Cases imported from the United Republic of Tanzania (mainland) to China,-6.170976,37.776350,2012,P. falciparum,20,"National Institute of Parasitic Diseases, Chinese Center for Disease Control and Prevention, Chinese Center for Tropical Diseases Research, WHO Collaborating Center for Tropical Diseases, National Centre for International Research On Tropical Diseases, Ministry of Science and Technology, Key Laboratory of Parasite and Vector Biology, Ministry of Health China",https://pubmed.ncbi.nlm.nih.gov/33549122/
1435,Pfkelch13,Zambia,ZM,,Cases imported from Zambia to China,-14.559050,27.514084,2012,P. falciparum,39,"National Institute of Parasitic Diseases, Chinese Center for Disease Control and Prevention, Chinese Center for Tropical Diseases Research, WHO Collaborating Center for Tropical Diseases, National Centre for International Research On Tropical Diseases, Ministry of Science and Technology, Key Laboratory of Parasite and Vector Biology, Ministry of Health China",https://pubmed.ncbi.nlm.nih.gov/33549122/
1436,Pfkelch13,Zimbabwe,ZW,,Cases imported from Zimbabwe to China,-19.364064,30.453898,2012,P. falciparum,1,"National Institute of Parasitic Diseases, Chinese Center for Disease Control and Prevention, Chinese Center for Tropical Diseases Research, WHO Collaborating Center for Tropical Diseases, National Centre for International Research On Tropical Diseases, Ministry of Science and Technology, Key Laboratory of Parasite and Vector Biology, Ministry of Health China",https://pubmed.ncbi.nlm.nih.gov/33549122/
1437,Pfkelch13,Eritrea,ER,Gash-Barka,Agordat,15.550000,37.883333,2019,P. falciparum,53,"National Malaria Control Program, Disease Prevention and Control Division",
1438,Pfkelch13,Eritrea,ER,Gash-Barka,Goluj,14.743773,36.719984,2019,P. falciparum,82,"National Malaria Control Program, Disease Prevention and Control Division",
1439,Pfkelch13,Eritrea,ER,Gash-Barka,Shambuko,14.925213,37.837964,2019,P. falciparum,74,"National Malaria Control Program, Disease Prevention and Control Division",
1440,Pfkelch13,Eritrea,ER,Gash-Barka,Laelay Gash,14.568531,36.893220,2019,P. falciparum,78,"National Malaria Control Program, Disease Prevention and Control Division",
1441,Pfkelch13,Equatorial Guinea,GQ,,Cases imported from Equatorial Guinea to China,1.482120,9.886586,2015,P. falciparum,70,"Shandong Institute of Parasitic Diseases, Shandong Academy of Medical Sciences, Shandong Provincial Reference Laboratory for Malaria Diagnosis",https://pubmed.ncbi.nlm.nih.gov/33325196/
1442,Pfkelch13,Zambia,ZM,Luapula Province,Nchelenge,-9.000000,29.000000,2014,P. falciparum,14,"Johns Hopkins Malaria Research Institute, Johns Hopkins University Bloomberg School of Public Health",https://pubmed.ncbi.nlm.nih.gov/33078701/
1443,Pfkelch13,Cambodia,KH,Ratanakiri,Veun Sai,14.261043,106.794241,2020,P. falciparum,19,"National Center for Parasitology, Entomology and Malaria Control, Ministry of Health",
1444,Pfkelch13,Cambodia,KH,Kampong Speu,Phnom Sruoch,11.400000,104.400000,2020,P. falciparum,15,"National Center for Parasitology, Entomology and Malaria Control, Ministry of Health",
1445,Pfkelch13,Cambodia,KH,Stung Treng,Siem Pang,14.112548,106.390534,2020,P. falciparum,6,"National Center for Parasitology, Entomology and Malaria Control, Ministry of Health",
1446,Pfkelch13,Cambodia,KH,Kampong Speu,Oral,11.811908,104.007235,2020,P. falciparum,3,"National Center for Parasitology, Entomology and Malaria Control, Ministry of Health",
1447,Pfkelch13,Indonesia,ID,North Sumatra,Batubara,3.000000,99.166700,2015,P. falciparum,66,"Department of Infection Biology, Faculty of Infectious and Tropical Diseases, London School of Hygiene and Tropical Medicine",https://pubmed.ncbi.nlm.nih.gov/32393498/
1448,Pfkelch13,Indonesia,ID,North Sumatra,Langkat,3.766667,98.216667,2015,P. falciparum,60,"Department of Infection Biology, Faculty of Infectious and Tropical Diseases, London School of Hygiene and Tropical Medicine",https://pubmed.ncbi.nlm.nih.gov/32393498/
1449,Pfkelch13,Indonesia,ID,North Sumatra,South Nias,0.770000,97.750000,2015,P. falciparum,106,"Department of Infection Biology, Faculty of Infectious and Tropical Diseases, London School of Hygiene and Tropical Medicine",https://pubmed.ncbi.nlm.nih.gov/32393498/
1450,Pfkelch13,Sudan,SD,,Cases imported from Sudan to China,12.498019,28.690256,2012,P. falciparum,21,"National Institute of Parasitic Diseases, Chinese Center for Disease Control and Prevention, Chinese Center for Tropical Diseases Research, WHO Collaborating Center for Tropical Diseases, National Centre for International Research On Tropical Diseases, Ministry of Science and Technology, Key Laboratory of Parasite and Vector Biology, Ministry of Health China",https://pubmed.ncbi.nlm.nih.gov/33549122/
1451,Pfkelch13,Pakistan,PK,,Sindh and Balochistan Provinces,26.997310,67.139307,2015,P. falciparum,241,"Section of Microbiology, Department of Pathology and Laboratory Medicine, Aga Khan University",https://pubmed.ncbi.nlm.nih.gov/33827592/
1452,Pfkelch13,Democratic Republic of the Congo,CD,Kinshasa,Kingasani,-4.410243,15.411201,2018,P. falciparum,80,"Department of Basic Sciences, Faculty of Medicine, University of Kinshasa",https://pubmed.ncbi.nlm.nih.gov/33706773/
1453,Pfkelch13,Democratic Republic of the Congo,CD,Tshopo,Kisangani,0.516667,25.200000,2018,P. falciparum,17,"Department of Basic Sciences, Faculty of Medicine, University of Kinshasa",https://pubmed.ncbi.nlm.nih.gov/33706773/
1454,Pfkelch13,Democratic Republic of the Congo,CD,Equateur,Bolenge,0.000100,18.216700,2018,P. falciparum,60,"Department of Basic Sciences, Faculty of Medicine, University of Kinshasa",https://pubmed.ncbi.nlm.nih.gov/33706773/
1455,Pfkelch13,Democratic Republic of the Congo,CD,Kwilu,Vanga,-4.414704,18.430939,2018,P. falciparum,24,"Department of Basic Sciences, Faculty of Medicine, University of Kinshasa",https://pubmed.ncbi.nlm.nih.gov/33706773/
1456,Pfkelch13,Democratic Republic of the Congo,CD,Lualaba,Fungurume,-10.616667,26.300000,2018,P. falciparum,58,"Department of Basic Sciences, Faculty of Medicine, University of Kinshasa",https://pubmed.ncbi.nlm.nih.gov/33706773/
1457,Pfkelch13,Democratic Republic of the Congo,CD,Sud-Kivu,Katana,-2.225000,28.831389,2018,P. falciparum,85,"Department of Basic Sciences, Faculty of Medicine, University of Kinshasa",https://pubmed.ncbi.nlm.nih.gov/33706773/
1458,Pfkelch13,Angola,AO,Cabinda,Cabinda (city),-5.560000,12.190000,2018,P. falciparum,50,University of Stanford,https://pubmed.ncbi.nlm.nih.gov/33827587/
1459,Pfkelch13,Ghana,GH,,Cases imported from Ghana to Italy,7.430042,-0.262717,2014,P. falciparum,1,Istituto Superiore di Sanità,https://pubmed.ncbi.nlm.nih.gov/33295621/
1460,Pfkelch13,Senegal,SN,,Cases imported from Senegal to Italy,14.651646,-14.009262,2014,P. falciparum,3,Istituto Superiore di Sanità,https://pubmed.ncbi.nlm.nih.gov/33295621/
1461,Pfkelch13,Guinea,GN,,Cases imported from Guinea to Italy,11.646828,-11.513455,2014,P. falciparum,3,Istituto Superiore di Sanità,https://pubmed.ncbi.nlm.nih.gov/33295621/
1462,Pfkelch13,Sierra Leone,SL,,Cases imported from Sierra Leone to Italy,8.204235,-10.941008,2014,P. falciparum,2,Istituto Superiore di Sanità,https://pubmed.ncbi.nlm.nih.gov/33295621/
1463,Pfkelch13,Mali,ML,,Cases imported from Mali to Italy,19.608660,-1.406221,2014,P. falciparum,2,Istituto Superiore di Sanità,https://pubmed.ncbi.nlm.nih.gov/33295621/
1464,Pfkelch13,Côte d’Ivoire,CI,,Cases imported from Côte d'Ivoire to Italy,9.153874,-4.238944,2014,P. falciparum,5,Istituto Superiore di Sanità,https://pubmed.ncbi.nlm.nih.gov/33295621/
1465,Pfkelch13,Togo,TG,,Cases imported from Togo to Italy,10.040480,0.728976,2014,P. falciparum,3,Istituto Superiore di Sanità,https://pubmed.ncbi.nlm.nih.gov/33295621/
1466,Pfkelch13,Nigeria,NG,,Cases imported from Nigeria to Italy,9.238103,10.004429,2014,P. falciparum,17,Istituto Superiore di Sanità,https://pubmed.ncbi.nlm.nih.gov/33295621/
1467,Pfkelch13,Cameroon,CM,,Cases imported from Cameroon to Italy,5.705724,11.025724,2014,P. falciparum,3,Istituto Superiore di Sanità,https://pubmed.ncbi.nlm.nih.gov/33295621/
1468,Pfkelch13,Chad,TD,,Cases imported from Chad to Italy,14.685451,20.158234,2014,P. falciparum,2,Istituto Superiore di Sanità,https://pubmed.ncbi.nlm.nih.gov/33295621/
1469,Pfkelch13,Central African Republic,CF,,Cases imported from Central African Republic to Italy,7.034318,23.041462,2014,P. falciparum,2,Istituto Superiore di Sanità,https://pubmed.ncbi.nlm.nih.gov/33295621/
1470,Pfkelch13,Eritrea,ER,,Cases imported from Eritrea to Italy,15.953585,38.893203,2014,P. falciparum,3,Istituto Superiore di Sanità,https://pubmed.ncbi.nlm.nih.gov/33295621/
1471,Pfkelch13,Burkina Faso,BF,,Cases imported from Burkina Faso to Italy,12.755428,-0.950949,2014,P. falciparum,1,Istituto Superiore di Sanità,https://pubmed.ncbi.nlm.nih.gov/33295621/
1472,Pfkelch13,Benin,BJ,,Cases imported from Benin to Italy,8.543607,2.537835,2014,P. falciparum,1,Istituto Superiore di Sanità,https://pubmed.ncbi.nlm.nih.gov/33295621/
1473,Pfkelch13,Gabon,GA,,Cases imported from Gabon to Italy,0.584212,12.091441,2014,P. falciparum,1,Istituto Superiore di Sanità,https://pubmed.ncbi.nlm.nih.gov/33295621/
1474,Pfkelch13,Congo,CG,,Cases imported from Congo to Italy,-3.379970,14.335139,2014,P. falciparum,1,Istituto Superiore di Sanità,https://pubmed.ncbi.nlm.nih.gov/33295621/
1475,Pfkelch13,South Sudan,SS,,Cases imported from South Sudan to Italy,7.272652,33.081131,2014,P. falciparum,1,Istituto Superiore di Sanità,https://pubmed.ncbi.nlm.nih.gov/33295621/
1476,Pfkelch13,Uganda,UG,,Cases imported from Uganda to Italy,1.242384,32.754455,2014,P. falciparum,1,Istituto Superiore di Sanità,https://pubmed.ncbi.nlm.nih.gov/33295621/
1477,Pfkelch13,Kenya,KE,,Cases imported from Kenya to Italy,-0.861536,40.486630,2014,P. falciparum,1,Istituto Superiore di Sanità,https://pubmed.ncbi.nlm.nih.gov/33295621/
1478,Pfkelch13,Zambia,ZM,,Cases imported from Zambia to Italy,-16.146048,24.177611,2014,P. falciparum,1,Istituto Superiore di Sanità,https://pubmed.ncbi.nlm.nih.gov/33295621/
1479,Pfkelch13,United Republic of Tanzania,TZ,Geita,Chato,-2.633333,31.766667,2017,P. falciparum,82,University of North Carolina at Chapel Hill,https://pubmed.ncbi.nlm.nih.gov/33107096/
1480,Pfkelch13,United Republic of Tanzania,TZ,Mwanza,Ilemela,-2.583333,32.916667,2017,P. falciparum,81,University of North Carolina at Chapel Hill,https://pubmed.ncbi.nlm.nih.gov/33107096/
1481,Pfkelch13,United Republic of Tanzania,TZ,Kigoma,Buhigwe,-4.448056,29.924167,2017,P. falciparum,70,University of North Carolina at Chapel Hill,https://pubmed.ncbi.nlm.nih.gov/33107096/
1482,Pfkelch13,United Republic of Tanzania,TZ,Kigoma,Kigoma,-4.883333,29.633333,2017,P. falciparum,138,University of North Carolina at Chapel Hill,https://pubmed.ncbi.nlm.nih.gov/33107096/
1483,Pfkelch13,United Republic of Tanzania,TZ,Kigoma,Uvinza,-5.103333,30.390833,2017,P. falciparum,67,University of North Carolina at Chapel Hill,https://pubmed.ncbi.nlm.nih.gov/33107096/
1484,Pfkelch13,United Republic of Tanzania,TZ,Mbeya,Kyela,-9.402053,34.019583,2017,P. falciparum,17,University of North Carolina at Chapel Hill,https://pubmed.ncbi.nlm.nih.gov/33107096/
1485,Pfkelch13,United Republic of Tanzania,TZ,Ruvuma,Nyasa,-11.448158,35.180430,2017,P. falciparum,31,University of North Carolina at Chapel Hill,https://pubmed.ncbi.nlm.nih.gov/33107096/
1486,Pfkelch13,United Republic of Tanzania,TZ,Ruvuma,Tunduru,-11.526042,37.355676,2017,P. falciparum,65,University of North Carolina at Chapel Hill,https://pubmed.ncbi.nlm.nih.gov/33107096/
1487,Pfkelch13,United Republic of Tanzania,TZ,Mtwara,Masasi,-10.717000,38.800000,2017,P. falciparum,82,University of North Carolina at Chapel Hill,https://pubmed.ncbi.nlm.nih.gov/33107096/
1488,Pfkelch13,United Republic of Tanzania,TZ,Mtwara,Nanyumbu,-11.146343,38.518108,2017,P. falciparum,16,University of North Carolina at Chapel Hill,https://pubmed.ncbi.nlm.nih.gov/33107096/
1489,Pfkelch13,United Republic of Tanzania,TZ,Mtwara,Mtwara,-10.273611,40.182778,2017,P. falciparum,13,University of North Carolina at Chapel Hill,https://pubmed.ncbi.nlm.nih.gov/33107096/
1490,Pfkelch13,United Republic of Tanzania,TZ,Pwani,Kibaha,-6.781322,38.992890,2017,P. falciparum,112,University of North Carolina at Chapel Hill,https://pubmed.ncbi.nlm.nih.gov/33107096/
1491,Pfkelch13,Cabo Verde,CV,,Cabo Verde (all country),15.916667,-23.916667,2017,P. falciparum,38,"Laboratório de Entomologia Médica, Largo Do Desastre da Assistência, Instituto Nacional de Saúde Pública",https://pubmed.ncbi.nlm.nih.gov/33789667/
1492,Pfkelch13,Senegal,SN,Sédhiou,Bounkiling,13.021944,-15.413889,2015,P. falciparum,33,"Laboratory of Bacteriology and Virology, Hospital Aristide Le Dantec",https://pubmed.ncbi.nlm.nih.gov/33770151/
1493,Pfkelch13,Senegal,SN,Sédhiou,Bounkiling,13.021944,-15.413889,2016,P. falciparum,59,"Laboratory of Bacteriology and Virology, Hospital Aristide Le Dantec",https://pubmed.ncbi.nlm.nih.gov/33770151/
1494,Pfkelch13,Senegal,SN,Sédhiou,Bounkiling,13.021944,-15.413889,2017,P. falciparum,34,"Laboratory of Bacteriology and Virology, Hospital Aristide Le Dantec",https://pubmed.ncbi.nlm.nih.gov/33770151/
1495,Pfkelch13,Ghana,GH,Upper East Region,Bongo,10.907778,-0.808056,2012,P. falciparum,109,"Department of Epidemiology, Noguchi Memorial Institute for Medical Research, College of Health Sciences, University of Ghana",https://pubmed.ncbi.nlm.nih.gov/32459360/
1496,Pfkelch13,Indonesia,ID,North Sumatra,Batubara,3.000000,99.166700,2015,P. falciparum,66,"Department of Infection Biology, Faculty of Infectious and Tropical Diseases, London School of Hygiene and Tropical Medicine",https://pubmed.ncbi.nlm.nih.gov/32393498/
1497,Pfkelch13,Indonesia,ID,North Sumatra,Langkat,3.766667,98.216667,2015,P. falciparum,60,"Department of Infection Biology, Faculty of Infectious and Tropical Diseases, London School of Hygiene and Tropical Medicine",https://pubmed.ncbi.nlm.nih.gov/32393498/
1498,Pfkelch13,Indonesia,ID,North Sumatra,South Nias,0.770000,97.750000,2015,P. falciparum,106,"Department of Infection Biology, Faculty of Infectious and Tropical Diseases, London School of Hygiene and Tropical Medicine",https://pubmed.ncbi.nlm.nih.gov/32393498/
1499,Pfkelch13,India,IN,Chhattisgarh,Durg-Bhilai,21.193770,81.331885,2015,P. falciparum,180,"Department of Physiology, Faculty of Medicine, Melaka Manipal University College",https://pubmed.ncbi.nlm.nih.gov/33976269/
1500,Pfkelch13,Thailand,TH,,Sisaket and Surin Provinces,14.946688,103.961802,2013,P. falciparum,27,"Department of Bacterial and Parasitic Diseases, Armed Forces Research Institute of Medical Sciences",https://pubmed.ncbi.nlm.nih.gov/34183715/
1501,Pfkelch13,Thailand,TH,,Sisaket and Surin Provinces,14.946688,103.961802,2014,P. falciparum,39,"Department of Bacterial and Parasitic Diseases, Armed Forces Research Institute of Medical Sciences",https://pubmed.ncbi.nlm.nih.gov/34183715/
1502,Pfkelch13,Thailand,TH,,Sisaket and Surin Provinces,14.946688,103.961802,2015,P. falciparum,46,"Department of Bacterial and Parasitic Diseases, Armed Forces Research Institute of Medical Sciences",https://pubmed.ncbi.nlm.nih.gov/34183715/
1503,Pfkelch13,Papua New Guinea,PG,,Sandaun Province,-3.666667,141.500000,2017,P. falciparum,19,"Population Health and Immunity Division, Walter and Eliza Hall Institute of Medical Research, Parkville, Victoria, Australia; Department of Medical Biology, University of Melbourne, Parkville, Victoria, Australia; Vector Borne Diseases Unit, Papua New Guinea Institute of Medical Research, Madang, Madang Province, Papua New Guinea; Life Sciences Discipline, Burnet Institute, Melbourne, Victoria, Australia.",https://pubmed.ncbi.nlm.nih.gov/34271323/
1504,Pfkelch13,Papua New Guinea,PG,,East Sepik Province,-4.315006,143.045893,2016,P. falciparum,351,"Population Health and Immunity Division, Walter and Eliza Hall Institute of Medical Research, Parkville, Victoria, Australia; Department of Medical Biology, University of Melbourne, Parkville, Victoria, Australia; Vector Borne Diseases Unit, Papua New Guinea Institute of Medical Research, Madang, Madang Province, Papua New Guinea; Life Sciences Discipline, Burnet Institute, Melbourne, Victoria, Australia.",https://pubmed.ncbi.nlm.nih.gov/34271323/
1505,Pfkelch13,Papua New Guinea,PG,,Madang Province,-4.984973,145.137583,2016,P. falciparum,209,"Population Health and Immunity Division, Walter and Eliza Hall Institute of Medical Research, Parkville, Victoria, Australia; Department of Medical Biology, University of Melbourne, Parkville, Victoria, Australia; Vector Borne Diseases Unit, Papua New Guinea Institute of Medical Research, Madang, Madang Province, Papua New Guinea; Life Sciences Discipline, Burnet Institute, Melbourne, Victoria, Australia.",https://pubmed.ncbi.nlm.nih.gov/34271323/
1506,Pfkelch13,Papua New Guinea,PG,,Morobe Province,-6.833333,146.666667,2017,P. falciparum,5,"Population Health and Immunity Division, Walter and Eliza Hall Institute of Medical Research, Parkville, Victoria, Australia; Department of Medical Biology, University of Melbourne, Parkville, Victoria, Australia; Vector Borne Diseases Unit, Papua New Guinea Institute of Medical Research, Madang, Madang Province, Papua New Guinea; Life Sciences Discipline, Burnet Institute, Melbourne, Victoria, Australia.",https://pubmed.ncbi.nlm.nih.gov/34271323/
1507,Pfkelch13,Papua New Guinea,PG,,New Ireland Province,-3.000000,151.500000,2017,P. falciparum,10,"Population Health and Immunity Division, Walter and Eliza Hall Institute of Medical Research, Parkville, Victoria, Australia; Department of Medical Biology, University of Melbourne, Parkville, Victoria, Australia; Vector Borne Diseases Unit, Papua New Guinea Institute of Medical Research, Madang, Madang Province, Papua New Guinea; Life Sciences Discipline, Burnet Institute, Melbourne, Victoria, Australia.",https://pubmed.ncbi.nlm.nih.gov/34271323/
1508,Pfkelch13,Papua New Guinea,PG,,East New Britain Province,-5.166667,151.750000,2017,P. falciparum,63,"Population Health and Immunity Division, Walter and Eliza Hall Institute of Medical Research, Parkville, Victoria, Australia; Department of Medical Biology, University of Melbourne, Parkville, Victoria, Australia; Vector Borne Diseases Unit, Papua New Guinea Institute of Medical Research, Madang, Madang Province, Papua New Guinea; Life Sciences Discipline, Burnet Institute, Melbourne, Victoria, Australia.",https://pubmed.ncbi.nlm.nih.gov/34271323/
1509,Pfkelch13,Papua New Guinea,PG,Milne Bay,Milne Bay,-9.522145,150.674965,2017,P. falciparum,3,"Population Health and Immunity Division, Walter and Eliza Hall Institute of Medical Research, Parkville, Victoria, Australia; Department of Medical Biology, University of Melbourne, Parkville, Victoria, Australia; Vector Borne Diseases Unit, Papua New Guinea Institute of Medical Research, Madang, Madang Province, Papua New Guinea; Life Sciences Discipline, Burnet Institute, Melbourne, Victoria, Australia.",https://pubmed.ncbi.nlm.nih.gov/34271323/
1510,Pfkelch13,Rwanda,RW,Kigali,Kigali,-1.970579,30.104429,2018,P. falciparum,73,Novartis Institutes for Biomedical Research,https://pubmed.ncbi.nlm.nih.gov/34216470/
1511,Pfkelch13,Mali,ML,Koulikoro,Faladié,13.135393,-8.334854,2015,P. falciparum,118,"Malaria Research and Training Center, University of Sciences, Techniques and Technologies of Bamako",https://pubmed.ncbi.nlm.nih.gov/32320811/
1512,Pfkelch13,Mali,ML,Sikasso,Bougoula,10.783333,-6.916667,2015,P. falciparum,98,"Malaria Research and Training Center, University of Sciences, Techniques and Technologies of Bamako",https://pubmed.ncbi.nlm.nih.gov/32320811/
1513,Pfkelch13,Mali,ML,Sikasso,Sélingué,11.616667,-8.233333,2015,P. falciparum,248,"Malaria Research and Training Center, University of Sciences, Techniques and Technologies of Bamako",https://pubmed.ncbi.nlm.nih.gov/34034754/
1514,Pfkelch13,Angola,AO,Huambo,Huambo,-12.500000,15.666667,2017,P. falciparum,78,"National Malaria Control Program, Ministry of Health",https://doi.org/10.3390/pathogens11050554
1515,Pfkelch13,Cameroon,CM,Mfoundi,Yaoundé,3.848032,11.502075,2018,P. falciparum,150,"Institut Toulousain des Maladies Infectieuses et Inflammatoires, Université Toulouse",https://pubmed.ncbi.nlm.nih.gov/34453535/
1516,Pfkelch13,Guyana,GY,,Barima-Waini Region,7.667000,-59.750000,2020,P. falciparum,151,Institut Pasteur de la Guyane,
1517,Pfkelch13,Guyana,GY,,Pomeroon-Supenaam Region,7.107778,-58.880556,2020,P. falciparum,17,Institut Pasteur de la Guyane,
1518,Pfkelch13,Guyana,GY,,Essequibo Islands-West Demerara Region,6.715056,-58.549020,2020,P. falciparum,3,Institut Pasteur de la Guyane,
1519,Pfkelch13,Guyana,GY,,Demerara-Mahaica,6.750000,-57.983333,2020,P. falciparum,2,Institut Pasteur de la Guyane,
1520,Pfkelch13,Guyana,GY,,Cuyuni-Mazaruni Region,6.459522,-60.211075,2020,P. falciparum,448,Institut Pasteur de la Guyane,
1521,Pfkelch13,Guyana,GY,,Potaro-Siparuni Region,4.769702,-59.265391,2020,P. falciparum,290,Institut Pasteur de la Guyane,
1522,Pfkelch13,Guyana,GY,,Upper Demerara-Berbice,5.554423,-58.811468,2020,P. falciparum,4,Institut Pasteur de la Guyane,
1523,Pfkelch13,Guyana,GY,,Barima-Waini Region,7.667000,-59.750000,2021,P. falciparum,113,Institut Pasteur de la Guyane,
1524,Pfkelch13,Guyana,GY,,Pomeroon-Supenaam Region,7.107778,-58.880556,2021,P. falciparum,13,Institut Pasteur de la Guyane,
1525,Pfkelch13,Guyana,GY,,Essequibo Islands-West Demerara Region,6.715056,-58.549020,2021,P. falciparum,4,Institut Pasteur de la Guyane,
1526,Pfkelch13,Guyana,GY,,Demerara-Mahaica,6.750000,-57.983333,2021,P. falciparum,1,Institut Pasteur de la Guyane,
1527,Pfkelch13,Guyana,GY,,East Berbice-Corentyne,4.107943,-58.183370,2021,P. falciparum,3,Institut Pasteur de la Guyane,
1528,Pfkelch13,Guyana,GY,,Cuyuni-Mazaruni Region,6.459522,-60.211075,2021,P. falciparum,468,Institut Pasteur de la Guyane,
1529,Pfkelch13,Guyana,GY,,Potaro-Siparuni Region,4.769702,-59.265391,2021,P. falciparum,332,Institut Pasteur de la Guyane,
1530,Pfkelch13,Guyana,GY,,Upper Takutu-Upper Essequibo Region,2.900996,-58.935170,2021,P. falciparum,3,Institut Pasteur de la Guyane,
1531,Pfkelch13,Guyana,GY,,Upper Demerara-Berbice,5.554423,-58.811468,2021,P. falciparum,4,Institut Pasteur de la Guyane,
1532,Pfkelch13,Guyana,GY,,Barima-Waini Region,7.667000,-59.750000,2022,P. falciparum,11,Institut Pasteur de la Guyane,
1533,Pfkelch13,Guyana,GY,,Cuyuni-Mazaruni Region,6.459522,-60.211075,2022,P. falciparum,121,Institut Pasteur de la Guyane,
1534,Pfkelch13,Guyana,GY,,Potaro-Siparuni Region,4.769702,-59.265391,2022,P. falciparum,72,Institut Pasteur de la Guyane,
1535,Pfkelch13,Democratic Republic of the Congo,CD,,Traveller from Democratic Republic of the Congo to India,-2.432525,20.874231,2019,P. falciparum,1,ICMR-National Institute of Malaria Research,https://pubmed.ncbi.nlm.nih.gov/36589765/
1541,Pfkelch13,Somalia,SO,,Afgoi and Balad,2.285877,45.245623,2018,P. falciparum,84,"Chulabhorn International College of Medicine, Thammasat University",https://pubmed.ncbi.nlm.nih.gov/37170467/
1542,Pfkelch13,Ethiopia,ET,Amhara,Addis Zemen,12.123566,37.779562,2013,P. falciparum,28,Ethiopian Public Health Institute,https://pubmed.ncbi.nlm.nih.gov/26483118/
1543,Pfkelch13,Ethiopia,ET,Amhara,Aykel,12.548213,37.064183,2013,P. falciparum,15,Ethiopian Public Health Institute,https://pubmed.ncbi.nlm.nih.gov/26483118/
1544,Pfkelch13,Ethiopia,ET,Amhara,Maksenyit,12.383300,37.550000,2013,P. falciparum,43,Ethiopian Public Health Institute,https://pubmed.ncbi.nlm.nih.gov/26483118/
1545,Pfkelch13,Ethiopia,ET,Amhara,Negade Bahir,11.660800,37.957800,2013,P. falciparum,18,Ethiopian Public Health Institute,https://pubmed.ncbi.nlm.nih.gov/26483118/
1546,Pfkelch13,Ethiopia,ET,Amhara,Sanja,13.333330,36.750000,2013,P. falciparum,21,Ethiopian Public Health Institute,https://pubmed.ncbi.nlm.nih.gov/26483118/
1547,Pfkelch13,Ethiopia,ET,Amhara,Metema,12.954462,36.157256,2017,P. falciparum,105,Ethiopian Public Health Institute,https://pubmed.ncbi.nlm.nih.gov/37640962/
1548,Pfkelch13,Ethiopia,ET,Amhara,Quara,12.299173,36.216239,2017,P. falciparum,60,Ethiopian Public Health Institute,https://pubmed.ncbi.nlm.nih.gov/37640962/
1549,Pfkelch13,Ethiopia,ET,Amhara,Tegede,13.315333,37.009443,2017,P. falciparum,105,Ethiopian Public Health Institute,https://pubmed.ncbi.nlm.nih.gov/37640962/
1550,Pfkelch13,Ethiopia,ET,Amhara,Mirab Armachiho,13.225700,36.439000,2017,P. falciparum,72,Ethiopian Public Health Institute,https://pubmed.ncbi.nlm.nih.gov/37640962/
1551,Pfkelch13,Ethiopia,ET,Gambella,Itang,8.250000,34.166667,2017,P. falciparum,11,Ethiopian Public Health Institute,https://pubmed.ncbi.nlm.nih.gov/37640962/
1552,Pfkelch13,Ethiopia,ET,Gambella,Kule,8.291793,34.264117,2017,P. falciparum,22,Ethiopian Public Health Institute,https://pubmed.ncbi.nlm.nih.gov/37640962/
1553,Pfkelch13,Ethiopia,ET,Tigray,Ahferom,14.333333,39.166667,2017,P. falciparum,13,Ethiopian Public Health Institute,https://pubmed.ncbi.nlm.nih.gov/37640962/
1554,Pfkelch13,Ethiopia,ET,Tigray,Asgede Tsimbla,14.084927,38.153899,2017,P. falciparum,41,Ethiopian Public Health Institute,https://pubmed.ncbi.nlm.nih.gov/37640962/
1555,Pfkelch13,Ethiopia,ET,Tigray,Gulomakeda,14.500000,39.333333,2017,P. falciparum,13,Ethiopian Public Health Institute,https://pubmed.ncbi.nlm.nih.gov/37640962/
1556,Pfkelch13,Ethiopia,ET,Tigray,Kafta Humera,14.280388,36.617490,2017,P. falciparum,28,Ethiopian Public Health Institute,https://pubmed.ncbi.nlm.nih.gov/37640962/
1557,Pfkelch13,Ethiopia,ET,Tigray,La'ilay Adiyabo,14.333333,38.250000,2017,P. falciparum,16,Ethiopian Public Health Institute,https://pubmed.ncbi.nlm.nih.gov/37640962/
1558,Pfkelch13,Ethiopia,ET,Tigray,Tahtay Adiyabo,14.333333,37.833333,2017,P. falciparum,14,Ethiopian Public Health Institute,https://pubmed.ncbi.nlm.nih.gov/37640962/
1559,Pfkelch13,Chad,TD,Pendé,Doba,8.660000,16.850000,2020,P. falciparum,64,Programme National de Lutte contre le Paludisme,https://pubmed.ncbi.nlm.nih.gov/37612601/
1560,Pfkelch13,Chad,TD,Tandjilé Ouest,Kelo,9.310000,15.810000,2020,P. falciparum,81,Programme National de Lutte contre le Paludisme,https://pubmed.ncbi.nlm.nih.gov/37612601/
1561,Pfkelch13,Chad,TD,Mayo-Kebbi Est,Koyom,12.133333,22.250000,2020,P. falciparum,70,Programme National de Lutte contre le Paludisme,https://pubmed.ncbi.nlm.nih.gov/37612601/
1562,Pfkelch13,Chad,TD,Logone Orientale,Kome,8.466422,16.704169,2016,P. falciparum,349,Programme National de Lutte contre le Paludisme,https://pubmed.ncbi.nlm.nih.gov/35279140/
1569,Pfkelch13,Uganda,UG,Northern Region,Gulu,2.781667,32.299167,2017,P. falciparum,87,Juntendo University School of Medicine,https://pubmed.ncbi.nlm.nih.gov/34551228/
1570,Pfkelch13,Uganda,UG,Northern Region,Gulu,2.781667,32.299167,2018,P. falciparum,60,Juntendo University School of Medicine,https://pubmed.ncbi.nlm.nih.gov/34551228/
1571,Pfkelch13,Uganda,UG,Northern Region,Gulu,2.781667,32.299167,2019,P. falciparum,93,Juntendo University School of Medicine,https://pubmed.ncbi.nlm.nih.gov/34551228/
1572,Pfkelch13,Uganda,UG,,"Multiple sites: Arua, Kwania, Busia",3.069982,31.844421,2018,P. falciparum,338,Infectious Diseases Research Collaboration,https://pubmed.ncbi.nlm.nih.gov/34952573/
1603,Pfkelch13,Equatorial Guinea,GQ,,"Multiple sites: Malabo, Anob, Elobey, Corisco",1.204243,9.459617,2013,P. falciparum,170,"National Centre of Tropical Medicine, Institute of Health Carlos III",https://pubmed.ncbi.nlm.nih.gov/34906159/
1604,Pfkelch13,Cambodia,KH,,Battambang,13.028697,102.989615,2022,P. falciparum,4,"Cambodia Malaria Elimination Project 2, University Research Co., LLC",
1605,Pfkelch13,Cambodia,KH,Kampong Speu,Phnom Sruoch,11.400000,104.400000,2021,P. falciparum,20,"National Center for Parasitology, Entomology and Malaria Control, Ministry of Health",
1606,Pfkelch13,Cambodia,KH,Kratié,Sambour,12.742344,105.261533,2022,P. falciparum,9,"National Center for Parasitology, Entomology and Malaria Control, Ministry of Health",
1607,Pfkelch13,Cambodia,KH,Pursat,Phnom Kravanh,12.333333,103.750000,2022,P. falciparum,27,"Mahidol Oxford Tropical Medicine Research Unit, Faculty of Tropical Medicine, Mahidol University, Bangkok, Thailand; Centre for Tropical Medicine and Global Health, Nuffield Department of Medicine, University of Oxford, Oxford, United Kingdom",
1608,Pfkelch13,Cambodia,KH,Pursat,Phnom Kravanh,12.333333,103.750000,2022,P. falciparum,60,"Cambodia Malaria Elimination Project 2, University Research Co., LLC",
1609,Pfkelch13,Cambodia,KH,,Pailin and Pursat Provinces,12.462615,102.986299,2018,P. falciparum,74,"Mahidol Oxford Tropical Medicine Research Unit, Faculty of Tropical Medicine, Mahidol University, Bangkok, Thailand; Centre for Tropical Medicine and Global Health, Nuffield Department of Medicine, University of Oxford, Oxford, United Kingdom",https://pubmed.ncbi.nlm.nih.gov/35276064/
1610,Pfkelch13,Cambodia,KH,,Pursat Province,12.366321,103.636272,2021,P. falciparum,26,"Mahidol Oxford Tropical Medicine Research Unit, Faculty of Tropical Medicine, Mahidol University, Bangkok, Thailand; Centre for Tropical Medicine and Global Health, Nuffield Department of Medicine, University of Oxford, Oxford, United Kingdom",
1611,Pfkelch13,Cambodia,KH,Stung Treng,Siem Pang,14.112548,106.390534,2022,P. falciparum,6,"National Center for Parasitology, Entomology and Malaria Control, Ministry of Health",
1612,Pfkelch13,Cambodia,KH,,Stung Treng Province,13.576473,105.969988,2018,P. falciparum,181,"Mahidol Oxford Tropical Medicine Research Unit, Faculty of Tropical Medicine, Mahidol University, Bangkok, Thailand; Centre for Tropical Medicine and Global Health, Nuffield Department of Medicine, University of Oxford, Oxford, United Kingdom",https://pubmed.ncbi.nlm.nih.gov/35276064/
1613,Pfkelch13,Cambodia,KH,,Stung Treng Province,13.576473,105.969988,2021,P. falciparum,25,"Mahidol Oxford Tropical Medicine Research Unit, Faculty of Tropical Medicine, Mahidol University, Bangkok, Thailand; Centre for Tropical Medicine and Global Health, Nuffield Department of Medicine, University of Oxford, Oxford, United Kingdom",
1614,Pfkelch13,Cambodia,KH,Kampong Speu,Oral,11.811908,104.007235,2021,P. falciparum,1,"National Center for Parasitology, Entomology and Malaria Control, Ministry of Health",
1615,Pfkelch13,Lao People's Democratic Republic,LA,,Savannakhet Province,16.540000,105.780000,2021,P. falciparum,37,"Center of Malariology, Parasitology and Entomology, Ministry of Public Health",
1616,Pfkelch13,Lao People's Democratic Republic,LA,,Attapeu Province,14.936340,107.101193,2021,P. falciparum,36,"Center of Malariology, Parasitology and Entomology, Ministry of Public Health",
1618,Pfkelch13,Myanmar,MM,Rakhine,Buthidaung,20.869510,92.527221,2019,P. falciparum,43,Department of Medical Research (Lower Myanmar),
1619,Pfkelch13,Myanmar,MM,Rakhine,Buthidaung,20.869510,92.527221,2019,P. falciparum,46,Department of Medical Research (Lower Myanmar),
1620,Pfkelch13,Papua New Guinea,PG,East New Britain,Gazelle,-4.350200,152.041800,2019,P. falciparum,58,Papua New Guinea Institute of Medical Research,
1621,Pfkelch13,Papua New Guinea,PG,Madang Province,Madang,-5.209540,145.804616,2020,P. falciparum,71,Papua New Guinea Institute of Medical Research,
1622,Pfkelch13,Papua New Guinea,PG,Sandaun,Vanimo-Green River,-2.683333,141.283333,2021,P. falciparum,62,Papua New Guinea Institute of Medical Research,
1623,Pfkelch13,Papua New Guinea,PG,New Ireland,Kavieng,-2.571800,150.804800,2022,P. falciparum,74,Papua New Guinea Institute of Medical Research,
1624,Pfkelch13,Thailand,TH,,Kanchanaburi Province,14.022780,99.532811,2012,P. falciparum,41,"Department of Tropical Diseases, Faculty of Naval Medicine, Naval Medical University",https://pubmed.ncbi.nlm.nih.gov/35413937/
1625,Pfkelch13,Thailand,TH,,Ranong Province,9.952870,98.608464,2012,P. falciparum,3,"Department of Tropical Diseases, Faculty of Naval Medicine, Naval Medical University",https://pubmed.ncbi.nlm.nih.gov/35413937/
1628,Pfkelch13,Thailand,TH,Tak,Tha Song Yang,17.567484,97.923086,2013,P. falciparum,2,"Faculty of Tropical Medicine, Mahidol University",https://pubmed.ncbi.nlm.nih.gov/36437462/
1629,Pfkelch13,Thailand,TH,Tak,Tha Song Yang,17.567484,97.923086,2014,P. falciparum,20,"Faculty of Tropical Medicine, Mahidol University",https://pubmed.ncbi.nlm.nih.gov/36437462/
1630,Pfkelch13,Thailand,TH,Tak,Tha Song Yang,17.567484,97.923086,2015,P. falciparum,17,"Faculty of Tropical Medicine, Mahidol University",https://pubmed.ncbi.nlm.nih.gov/36437462/
1631,Pfkelch13,Thailand,TH,Tak,Tha Song Yang,17.567484,97.923086,2016,P. falciparum,1,"Faculty of Tropical Medicine, Mahidol University",https://pubmed.ncbi.nlm.nih.gov/36437462/
1632,Pfkelch13,Thailand,TH,Tak,Tha Song Yang,17.567484,97.923086,2018,P. falciparum,6,"Faculty of Tropical Medicine, Mahidol University",https://pubmed.ncbi.nlm.nih.gov/36437462/
1633,Pfkelch13,Thailand,TH,Tak,Tha Song Yang,17.567484,97.923086,2019,P. falciparum,9,"Faculty of Tropical Medicine, Mahidol University",https://pubmed.ncbi.nlm.nih.gov/36437462/
1634,Pfkelch13,Viet Nam,VN,,Binh Phouc and Khanh Hoa Provinces,11.949718,107.336376,2018,P. falciparum,50,"Mahidol Oxford Tropical Medicine Research Unit, Faculty of Tropical Medicine, Mahidol University, Bangkok, Thailand; Centre for Tropical Medicine and Global Health, Nuffield Department of Medicine, University of Oxford, Oxford, United Kingdom",https://pubmed.ncbi.nlm.nih.gov/35276064/
1635,Pfkelch13,Viet Nam,VN,Gia Lai,Krong Pa and Ia Pa Districts,13.343558,108.638600,2021,P. falciparum,43,"National Institute of Malariology, Parasitology and Entomology",
1636,Pfkelch13,Viet Nam,VN,Dak Nong,Tuy Duc and Cu Jut districts,12.342125,107.555663,2018,P. falciparum,36,"Institute of Malariology, Parasitology and Entomology",https://pubmed.ncbi.nlm.nih.gov/33526483/
1637,Pfkelch13,Viet Nam,VN,Dak Lak,Cu M'gar and Lak districts,12.342398,108.242917,2018,P. falciparum,55,"Institute of Malariology, Parasitology and Entomology",https://pubmed.ncbi.nlm.nih.gov/33526483/
1638,Pfkelch13,Viet Nam,VN,Dak Nong,Cu Jut and Dak Mil districts,12.612315,107.728724,2018,P. falciparum,50,"National Institute of Malariology, Parasitology and Entomology",https://pubmed.ncbi.nlm.nih.gov/34570647/
1639,Pfkelch13,Viet Nam,VN,Phu Yen,"Song Hinh, Son Hoa and Dong Xuan districts",13.123581,108.785398,2021,P. falciparum,6,"National Institute of Malariology, Parasitology and Entomology",
1640,Pfkelch13,Viet Nam,VN,Dak Nong,Tuy Duc and Cu Jut districts,12.342125,107.555663,2019,P. falciparum,49,"National Institute of Malariology, Parasitology and Entomology",
1641,Pfkelch13,Viet Nam,VN,Kon Tum,Ia Hdrai and Ngoc Hoi districts,14.419387,107.563205,2018,P. falciparum,23,"Institute of Malariology, Parasitology and Entomology",https://pubmed.ncbi.nlm.nih.gov/33526483/
1642,Pfkelch13,Viet Nam,VN,Gia Lai,Kbang and Kong Chro districts,13.908636,108.593258,2018,P. falciparum,13,"Institute of Malariology, Parasitology and Entomology",https://pubmed.ncbi.nlm.nih.gov/33526483/
1643,Pfkelch13,Viet Nam,VN,Dak Nong,Tuy Duc,12.157612,107.434231,2020,P. falciparum,5,"National Institute of Malariology, Parasitology and Entomology",
1644,Pfkelch13,Viet Nam,VN,Gia Lai,Krong Pa and Ia Pa Districts,13.343558,108.638600,2020,P. falciparum,50,"National Institute of Malariology, Parasitology and Entomology",
1645,Pfkelch13,Viet Nam,VN,Dak Lak,Krong Nang and Ea Kar districts,12.976458,108.473548,2020,P. falciparum,37,"National Institute of Malariology, Parasitology and Entomology",
1646,Pfkelch13,Cambodia,KH,,Kampong Speu and Pursat Provinces,11.867365,104.168474,2023,P. falciparum,9,"National Center for Parasitology, Entomology and Malaria Control, Ministry of Health",
1647,Pfkelch13,Lao People's Democratic Republic,LA,,Champasak Province,14.657866,105.969988,2019,P. falciparum,3,"Center of Malariology, Parasitology and Entomology, Ministry of Public Health",
1648,Pfkelch13,Lao People's Democratic Republic,LA,Savannakhet,"Nong, Vilabouly, Songkhone, Phine and Xaepone",16.155449,105.299053,2019,P. falciparum,82,"Center of Malariology, Parasitology and Entomology, Ministry of Public Health",
1649,Pfkelch13,Lao People's Democratic Republic,LA,Salavan,"Salavan, Taoy, Samoi, Khongsedone, Tomlane and Lakhonpheng",15.817085,105.643586,2019,P. falciparum,20,"Center of Malariology, Parasitology and Entomology, Ministry of Public Health",
1650,Pfkelch13,Lao People's Democratic Republic,LA,,Attapeu and Salavanh provinces,15.319963,106.550601,2022,P. falciparum,8,"Center of Malariology, Parasitology and Entomology, Ministry of Public Health",
1651,Pfkelch13,Viet Nam,VN,Gia Lai,Krong Pa and Kbang districts,13.468723,108.672087,2022,P. falciparum,28,"National Institute of Malariology, Parasitology and Entomology",
1652,Pfkelch13,Myanmar,MM,Kayin,Hpa Pun,18.064576,97.433667,2015,P. falciparum,27,"Shoklo Malaria Research Unit, Mahidol-Oxford Tropical Medicine Research Unit, Faculty of Tropical Medicine, Mahidol University",https://pubmed.ncbi.nlm.nih.gov/38720269/
1653,Pfkelch13,Myanmar,MM,Kayin,Hpa Pun,18.064576,97.433667,2016,P. falciparum,572,"Shoklo Malaria Research Unit, Mahidol-Oxford Tropical Medicine Research Unit, Faculty of Tropical Medicine, Mahidol University",https://pubmed.ncbi.nlm.nih.gov/38720269/
1654,Pfkelch13,Myanmar,MM,Kayin,Hpa Pun,18.064576,97.433667,2017,P. falciparum,1433,"Shoklo Malaria Research Unit, Mahidol-Oxford Tropical Medicine Research Unit, Faculty of Tropical Medicine, Mahidol University",https://pubmed.ncbi.nlm.nih.gov/38720269/
1655,Pfkelch13,Myanmar,MM,Kayin,Hpa Pun,18.064576,97.433667,2018,P. falciparum,896,"Shoklo Malaria Research Unit, Mahidol-Oxford Tropical Medicine Research Unit, Faculty of Tropical Medicine, Mahidol University",https://pubmed.ncbi.nlm.nih.gov/38720269/
1656,Pfkelch13,Myanmar,MM,Kayin,Hpa Pun,18.064576,97.433667,2019,P. falciparum,141,"Shoklo Malaria Research Unit, Mahidol-Oxford Tropical Medicine Research Unit, Faculty of Tropical Medicine, Mahidol University",https://pubmed.ncbi.nlm.nih.gov/38720269/
1657,Pfkelch13,Myanmar,MM,Kayin,Kyain Seikgyi,15.900000,98.183333,2015,P. falciparum,535,"Shoklo Malaria Research Unit, Mahidol-Oxford Tropical Medicine Research Unit, Faculty of Tropical Medicine, Mahidol University",https://pubmed.ncbi.nlm.nih.gov/38720269/
1658,Pfkelch13,Myanmar,MM,Kayin,Kyain Seikgyi,15.900000,98.183333,2016,P. falciparum,462,"Shoklo Malaria Research Unit, Mahidol-Oxford Tropical Medicine Research Unit, Faculty of Tropical Medicine, Mahidol University",https://pubmed.ncbi.nlm.nih.gov/38720269/
1659,Pfkelch13,Myanmar,MM,Kayin,Kyain Seikgyi,15.900000,98.183333,2017,P. falciparum,428,"Shoklo Malaria Research Unit, Mahidol-Oxford Tropical Medicine Research Unit, Faculty of Tropical Medicine, Mahidol University",https://pubmed.ncbi.nlm.nih.gov/38720269/
1660,Pfkelch13,Myanmar,MM,Kayin,"Myawaddy, Kawkareik and Hlaingbwe",16.878315,98.171244,2015,P. falciparum,10,"Shoklo Malaria Research Unit, Mahidol-Oxford Tropical Medicine Research Unit, Faculty of Tropical Medicine, Mahidol University",https://pubmed.ncbi.nlm.nih.gov/38720269/
1661,Pfkelch13,Myanmar,MM,Kayin,"Myawaddy, Kawkareik and Hlaingbwe",16.878315,98.171244,2016,P. falciparum,6,"Shoklo Malaria Research Unit, Mahidol-Oxford Tropical Medicine Research Unit, Faculty of Tropical Medicine, Mahidol University",https://pubmed.ncbi.nlm.nih.gov/38720269/
1662,Pfkelch13,Myanmar,MM,Kayin,"Myawaddy, Kawkareik and Hlaingbwe",16.878315,98.171244,2017,P. falciparum,26,"Shoklo Malaria Research Unit, Mahidol-Oxford Tropical Medicine Research Unit, Faculty of Tropical Medicine, Mahidol University",https://pubmed.ncbi.nlm.nih.gov/38720269/
1663,Pfkelch13,Myanmar,MM,Kayin,"Myawaddy, Kawkareik and Hlaingbwe",16.878315,98.171244,2018,P. falciparum,50,"Shoklo Malaria Research Unit, Mahidol-Oxford Tropical Medicine Research Unit, Faculty of Tropical Medicine, Mahidol University",https://pubmed.ncbi.nlm.nih.gov/38720269/
1664,Pfkelch13,Myanmar,MM,Kayin,"Myawaddy, Kawkareik and Hlaingbwe",16.878315,98.171244,2019,P. falciparum,8,"Shoklo Malaria Research Unit, Mahidol-Oxford Tropical Medicine Research Unit, Faculty of Tropical Medicine, Mahidol University",https://pubmed.ncbi.nlm.nih.gov/38720269/
1665,Pfkelch13,Viet Nam,VN,,Dak Nong Province,12.264648,107.609806,2018,P. falciparum,18,"Institute of Biomedicine and Pharmacy, Vietnam Military Medical University",https://pubmed.ncbi.nlm.nih.gov/38929629/
1666,Pfkelch13,Viet Nam,VN,,Binh Phuoc Province,11.751189,106.723464,2018,P. falciparum,43,"Institute of Biomedicine and Pharmacy, Vietnam Military Medical University",https://pubmed.ncbi.nlm.nih.gov/38929629/
1667,Pfkelch13,Viet Nam,VN,Ninh Thuan,Ninh Son,11.688870,108.736337,2017,P. falciparum,4,"The GenRe-Mekong Project, Mahidol-Oxford Tropical Medicine Research Unit, Faculty of Tropical Medicine, Mahidol University",https://doi.org/10.7554/eLife.62997
1668,Pfkelch13,Cambodia,KH,Kampong Speu,Phnom Sruoch,11.400000,104.400000,2022,P. falciparum,7,"The GenRe-Mekong Project, Mahidol-Oxford Tropical Medicine Research Unit, Faculty of Tropical Medicine, Mahidol University",https://doi.org/10.1038/s41467-025-59946-1
1669,Pfkelch13,Viet Nam,VN,Kon Tum,Ia H' Drai,14.102580,107.454338,2019,P. falciparum,2,"The GenRe-Mekong Project, Mahidol-Oxford Tropical Medicine Research Unit, Faculty of Tropical Medicine, Mahidol University",https://doi.org/10.1038/s41467-025-59946-1
1670,Pfkelch13,Viet Nam,VN,Gia Lai,Ia Grai,14.000000,107.750000,2017,P. falciparum,30,"The GenRe-Mekong Project, Mahidol-Oxford Tropical Medicine Research Unit, Faculty of Tropical Medicine, Mahidol University",https://doi.org/10.7554/eLife.62997
1671,Pfkelch13,Lao People's Democratic Republic,LA,Salavan,Khongxedone,15.578303,105.799796,2022,P. falciparum,2,"The GenRe-Mekong Project, Mahidol-Oxford Tropical Medicine Research Unit, Faculty of Tropical Medicine, Mahidol University",https://doi.org/10.1038/s41467-025-59946-1
1672,Pfkelch13,Lao People's Democratic Republic,LA,Savannakhet,Nong,16.404470,106.627808,2021,P. falciparum,50,"The GenRe-Mekong Project, Mahidol-Oxford Tropical Medicine Research Unit, Faculty of Tropical Medicine, Mahidol University",https://doi.org/10.1038/s41467-025-59946-1
1673,Pfkelch13,Lao People's Democratic Republic,LA,Attapeu,Sanxay,15.085552,107.215261,2021,P. falciparum,44,"The GenRe-Mekong Project, Mahidol-Oxford Tropical Medicine Research Unit, Faculty of Tropical Medicine, Mahidol University",https://doi.org/10.1038/s41467-025-59946-1
1674,Pfkelch13,Lao People's Democratic Republic,LA,Attapeu,Xaysetha,14.814444,106.934444,2022,P. falciparum,1,"The GenRe-Mekong Project, Mahidol-Oxford Tropical Medicine Research Unit, Faculty of Tropical Medicine, Mahidol University",https://doi.org/10.1038/s41467-025-59946-1
1675,Pfkelch13,Lao People's Democratic Republic,LA,Attapeu,Attapeu (city),14.800000,106.833333,2020,P. falciparum,6,"The GenRe-Mekong Project, Mahidol-Oxford Tropical Medicine Research Unit, Faculty of Tropical Medicine, Mahidol University",https://doi.org/10.1038/s41467-025-59946-1
1676,Pfkelch13,Viet Nam,VN,Gia Lai,Pleiku,13.967062,108.012876,2020,P. falciparum,4,"The GenRe-Mekong Project, Mahidol-Oxford Tropical Medicine Research Unit, Faculty of Tropical Medicine, Mahidol University",https://doi.org/10.1038/s41467-025-59946-1
1677,Pfkelch13,Lao People's Democratic Republic,LA,Attapeu,Sanxay,15.085552,107.215261,2022,P. falciparum,32,"The GenRe-Mekong Project, Mahidol-Oxford Tropical Medicine Research Unit, Faculty of Tropical Medicine, Mahidol University",https://doi.org/10.1038/s41467-025-59946-1
1678,Pfkelch13,Viet Nam,VN,Dak Lak,Buon Ma Thuot,12.666667,108.050000,2017,P. falciparum,45,"The GenRe-Mekong Project, Mahidol-Oxford Tropical Medicine Research Unit, Faculty of Tropical Medicine, Mahidol University",https://doi.org/10.1038/s41467-025-59946-1
1679,Pfkelch13,Viet Nam,VN,Khánh Hòa,Khanh Vinh,12.274375,108.917539,2017,P. falciparum,21,"The GenRe-Mekong Project, Mahidol-Oxford Tropical Medicine Research Unit, Faculty of Tropical Medicine, Mahidol University",https://doi.org/10.7554/eLife.62997
1680,Pfkelch13,Viet Nam,VN,Phu Yen,Song Hinh,12.917000,108.917000,2019,P. falciparum,75,"The GenRe-Mekong Project, Mahidol-Oxford Tropical Medicine Research Unit, Faculty of Tropical Medicine, Mahidol University",https://doi.org/10.1038/s41467-025-59946-1
1681,Pfkelch13,Viet Nam,VN,Ninh Thuan,Bac Ai,11.833415,108.855148,2017,P. falciparum,13,"The GenRe-Mekong Project, Mahidol-Oxford Tropical Medicine Research Unit, Faculty of Tropical Medicine, Mahidol University",https://doi.org/10.7554/eLife.62997
1682,Pfkelch13,Viet Nam,VN,Dak Nong,Cu Jut,12.657282,107.865612,2019,P. falciparum,24,"The GenRe-Mekong Project, Mahidol-Oxford Tropical Medicine Research Unit, Faculty of Tropical Medicine, Mahidol University",https://doi.org/10.7554/eLife.62997
1683,Pfkelch13,Lao People's Democratic Republic,LA,Savannakhet,Nong,16.404470,106.627808,2022,P. falciparum,5,"The GenRe-Mekong Project, Mahidol-Oxford Tropical Medicine Research Unit, Faculty of Tropical Medicine, Mahidol University",https://doi.org/10.1038/s41467-025-59946-1
1684,Pfkelch13,Thailand,TH,Sisaket,Phu Sing,14.546667,104.131667,2017,P. falciparum,12,"The GenRe-Mekong Project, Mahidol-Oxford Tropical Medicine Research Unit, Faculty of Tropical Medicine, Mahidol University",https://doi.org/10.7554/eLife.62997
1685,Pfkelch13,Viet Nam,VN,Gia Lai,Krong Pa,13.234560,108.517936,2020,P. falciparum,129,"The GenRe-Mekong Project, Mahidol-Oxford Tropical Medicine Research Unit, Faculty of Tropical Medicine, Mahidol University",https://doi.org/10.1038/s41467-025-59946-1
1686,Pfkelch13,Viet Nam,VN,Dak Lak,Buon Ma Thuot,12.666667,108.050000,2018,P. falciparum,44,"The GenRe-Mekong Project, Mahidol-Oxford Tropical Medicine Research Unit, Faculty of Tropical Medicine, Mahidol University",https://doi.org/10.1038/s41467-025-59946-1
1687,Pfkelch13,Viet Nam,VN,Dak Lak,Ea H'leo,13.244510,108.197886,2018,P. falciparum,5,"The GenRe-Mekong Project, Mahidol-Oxford Tropical Medicine Research Unit, Faculty of Tropical Medicine, Mahidol University",https://doi.org/10.1038/s41467-025-59946-1
1688,Pfkelch13,Lao People's Democratic Republic,LA,Savannakhet,Thaphalanxay,16.700000,105.600000,2017,P. falciparum,3,"The GenRe-Mekong Project, Mahidol-Oxford Tropical Medicine Research Unit, Faculty of Tropical Medicine, Mahidol University",https://doi.org/10.7554/eLife.62997
1689,Pfkelch13,Thailand,TH,Sisaket,Khun Han,14.547273,104.259303,2017,P. falciparum,13,"The GenRe-Mekong Project, Mahidol-Oxford Tropical Medicine Research Unit, Faculty of Tropical Medicine, Mahidol University",https://doi.org/10.7554/eLife.62997
1690,Pfkelch13,Viet Nam,VN,Gia Lai,Pleiku,13.967062,108.012876,2019,P. falciparum,17,"The GenRe-Mekong Project, Mahidol-Oxford Tropical Medicine Research Unit, Faculty of Tropical Medicine, Mahidol University",https://doi.org/10.1038/s41467-025-59946-1
1691,Pfkelch13,Viet Nam,VN,Gia Lai,Ia Pa,13.534257,108.565985,2019,P. falciparum,54,"The GenRe-Mekong Project, Mahidol-Oxford Tropical Medicine Research Unit, Faculty of Tropical Medicine, Mahidol University",https://doi.org/10.7554/eLife.62997
1692,Pfkelch13,Lao People's Democratic Republic,LA,Attapeu,Xaysetha,14.814444,106.934444,2021,P. falciparum,20,"The GenRe-Mekong Project, Mahidol-Oxford Tropical Medicine Research Unit, Faculty of Tropical Medicine, Mahidol University",https://doi.org/10.1038/s41467-025-59946-1
1693,Pfkelch13,Viet Nam,VN,Phu Yen,Dong Xuan,13.425345,109.021389,2020,P. falciparum,16,"The GenRe-Mekong Project, Mahidol-Oxford Tropical Medicine Research Unit, Faculty of Tropical Medicine, Mahidol University",https://doi.org/10.1038/s41467-025-59946-1
1694,Pfkelch13,Viet Nam,VN,Gia Lai,Krong Pa,13.234560,108.517936,2021,P. falciparum,64,"The GenRe-Mekong Project, Mahidol-Oxford Tropical Medicine Research Unit, Faculty of Tropical Medicine, Mahidol University",https://doi.org/10.1038/s41467-025-59946-1
1695,Pfkelch13,Viet Nam,VN,Binh Thuan,Bac Binh,11.255183,108.380131,2020,P. falciparum,5,"The GenRe-Mekong Project, Mahidol-Oxford Tropical Medicine Research Unit, Faculty of Tropical Medicine, Mahidol University",https://doi.org/10.1038/s41467-025-59946-1
1696,Pfkelch13,Viet Nam,VN,Dak Lak,Ea Sup,13.186223,107.763621,2018,P. falciparum,13,"The GenRe-Mekong Project, Mahidol-Oxford Tropical Medicine Research Unit, Faculty of Tropical Medicine, Mahidol University",https://doi.org/10.7554/eLife.62997
1697,Pfkelch13,Viet Nam,VN,Dak Lak,Ea H'leo,13.244510,108.197886,2017,P. falciparum,21,"The GenRe-Mekong Project, Mahidol-Oxford Tropical Medicine Research Unit, Faculty of Tropical Medicine, Mahidol University",https://doi.org/10.1038/s41467-025-59946-1
1698,Pfkelch13,Lao People's Democratic Republic,LA,Attapeu,Sanxay,15.085552,107.215261,2020,P. falciparum,30,"The GenRe-Mekong Project, Mahidol-Oxford Tropical Medicine Research Unit, Faculty of Tropical Medicine, Mahidol University",https://doi.org/10.1038/s41467-025-59946-1
1699,Pfkelch13,Viet Nam,VN,Binh Phuoc,Bu Dop,11.985556,106.763611,2018,P. falciparum,15,"The GenRe-Mekong Project, Mahidol-Oxford Tropical Medicine Research Unit, Faculty of Tropical Medicine, Mahidol University",https://doi.org/10.7554/eLife.62997
1700,Pfkelch13,Viet Nam,VN,Gia Lai,Krong Pa,13.234560,108.517936,2017,P. falciparum,29,"The GenRe-Mekong Project, Mahidol-Oxford Tropical Medicine Research Unit, Faculty of Tropical Medicine, Mahidol University",https://doi.org/10.7554/eLife.62997
1701,Pfkelch13,Lao People's Democratic Republic,LA,Savannakhet,Nong,16.404470,106.627808,2020,P. falciparum,22,"The GenRe-Mekong Project, Mahidol-Oxford Tropical Medicine Research Unit, Faculty of Tropical Medicine, Mahidol University",https://doi.org/10.1038/s41467-025-59946-1
1702,Pfkelch13,Viet Nam,VN,Gia Lai,Ia Grai,14.000000,107.750000,2019,P. falciparum,8,"The GenRe-Mekong Project, Mahidol-Oxford Tropical Medicine Research Unit, Faculty of Tropical Medicine, Mahidol University",https://doi.org/10.1038/s41467-025-59946-1
1703,Pfkelch13,Cambodia,KH,Pursat,Sampov Meas,12.507551,103.937602,2018,P. falciparum,5,"The GenRe-Mekong Project, Mahidol-Oxford Tropical Medicine Research Unit, Faculty of Tropical Medicine, Mahidol University",https://doi.org/10.1038/s41467-025-59946-1
1704,Pfkelch13,Viet Nam,VN,Ninh Thuan,Bac Ai,11.833415,108.855148,2018,P. falciparum,3,"The GenRe-Mekong Project, Mahidol-Oxford Tropical Medicine Research Unit, Faculty of Tropical Medicine, Mahidol University",https://doi.org/10.7554/eLife.62997
1705,Pfkelch13,Viet Nam,VN,Binh Phuoc,Dong Xoai,11.521886,106.860787,2017,P. falciparum,83,"The GenRe-Mekong Project, Mahidol-Oxford Tropical Medicine Research Unit, Faculty of Tropical Medicine, Mahidol University",https://doi.org/10.1038/s41467-025-59946-1
1706,Pfkelch13,Viet Nam,VN,Dak Nong,Cu Jut,12.657282,107.865612,2017,P. falciparum,25,"The GenRe-Mekong Project, Mahidol-Oxford Tropical Medicine Research Unit, Faculty of Tropical Medicine, Mahidol University",https://doi.org/10.7554/eLife.62997
1707,Pfkelch13,Viet Nam,VN,Dak Lak,Buon Don,12.879161,107.716250,2018,P. falciparum,23,"The GenRe-Mekong Project, Mahidol-Oxford Tropical Medicine Research Unit, Faculty of Tropical Medicine, Mahidol University",https://doi.org/10.7554/eLife.62997
1708,Pfkelch13,Cambodia,KH,Pursat,Phnom Kravanh,12.333333,103.750000,2022,P. falciparum,81,"The GenRe-Mekong Project, Mahidol-Oxford Tropical Medicine Research Unit, Faculty of Tropical Medicine, Mahidol University",https://doi.org/10.1038/s41467-025-59946-1
1709,Pfkelch13,Viet Nam,VN,Binh Phuoc,Bu Gia Map,12.039224,107.053943,2017,P. falciparum,112,"The GenRe-Mekong Project, Mahidol-Oxford Tropical Medicine Research Unit, Faculty of Tropical Medicine, Mahidol University",https://doi.org/10.7554/eLife.62997
1710,Pfkelch13,Lao People's Democratic Republic,LA,Savannakhet,Thaphalanxay,16.700000,105.600000,2020,P. falciparum,1,"The GenRe-Mekong Project, Mahidol-Oxford Tropical Medicine Research Unit, Faculty of Tropical Medicine, Mahidol University",https://doi.org/10.1038/s41467-025-59946-1
1711,Pfkelch13,Viet Nam,VN,Binh Phuoc,Bu Gia Map,12.039224,107.053943,2016,P. falciparum,18,"The GenRe-Mekong Project, Mahidol-Oxford Tropical Medicine Research Unit, Faculty of Tropical Medicine, Mahidol University",https://doi.org/10.7554/eLife.62997
1712,Pfkelch13,Viet Nam,VN,Phu Yen,Dong Xuan,13.425345,109.021389,2019,P. falciparum,76,"The GenRe-Mekong Project, Mahidol-Oxford Tropical Medicine Research Unit, Faculty of Tropical Medicine, Mahidol University",https://doi.org/10.1038/s41467-025-59946-1
1713,Pfkelch13,Viet Nam,VN,Binh Phuoc,Dong Xoai,11.521886,106.860787,2016,P. falciparum,21,"The GenRe-Mekong Project, Mahidol-Oxford Tropical Medicine Research Unit, Faculty of Tropical Medicine, Mahidol University",https://doi.org/10.1038/s41467-025-59946-1
1714,Pfkelch13,Viet Nam,VN,Dak Lak,Buon Ma Thuot,12.666667,108.050000,2019,P. falciparum,18,"The GenRe-Mekong Project, Mahidol-Oxford Tropical Medicine Research Unit, Faculty of Tropical Medicine, Mahidol University",https://doi.org/10.1038/s41467-025-59946-1
1715,Pfkelch13,Cambodia,KH,Pursat,Sampov Meas,12.507551,103.937602,2017,P. falciparum,31,"The GenRe-Mekong Project, Mahidol-Oxford Tropical Medicine Research Unit, Faculty of Tropical Medicine, Mahidol University",https://doi.org/10.1038/s41467-025-59946-1
1716,Pfkelch13,Viet Nam,VN,Dak Lak,Krông Năng,13.000000,108.417000,2020,P. falciparum,19,"The GenRe-Mekong Project, Mahidol-Oxford Tropical Medicine Research Unit, Faculty of Tropical Medicine, Mahidol University",https://doi.org/10.1038/s41467-025-59946-1
1717,Pfkelch13,Viet Nam,VN,Quang Tri,Dong Ha,16.796418,107.083517,2018,P. falciparum,2,"The GenRe-Mekong Project, Mahidol-Oxford Tropical Medicine Research Unit, Faculty of Tropical Medicine, Mahidol University",https://doi.org/10.7554/eLife.62997
1718,Pfkelch13,Viet Nam,VN,Dak Nong,Cu Jut,12.657282,107.865612,2018,P. falciparum,27,"The GenRe-Mekong Project, Mahidol-Oxford Tropical Medicine Research Unit, Faculty of Tropical Medicine, Mahidol University",https://doi.org/10.7554/eLife.62997
1719,Pfkelch13,Viet Nam,VN,Phu Yen,Son Hoa,13.148170,108.964386,2021,P. falciparum,5,"The GenRe-Mekong Project, Mahidol-Oxford Tropical Medicine Research Unit, Faculty of Tropical Medicine, Mahidol University",https://doi.org/10.1038/s41467-025-59946-1
1720,Pfkelch13,Viet Nam,VN,Binh Phuoc,Bu Gia Map,12.039224,107.053943,2019,P. falciparum,20,"The GenRe-Mekong Project, Mahidol-Oxford Tropical Medicine Research Unit, Faculty of Tropical Medicine, Mahidol University",https://doi.org/10.7554/eLife.62997
1721,Pfkelch13,Viet Nam,VN,Phu Yen,Song Hinh,12.917000,108.917000,2021,P. falciparum,3,"The GenRe-Mekong Project, Mahidol-Oxford Tropical Medicine Research Unit, Faculty of Tropical Medicine, Mahidol University",https://doi.org/10.1038/s41467-025-59946-1
1722,Pfkelch13,Viet Nam,VN,Ninh Thuan,Bac Ai,11.833415,108.855148,2019,P. falciparum,8,"The GenRe-Mekong Project, Mahidol-Oxford Tropical Medicine Research Unit, Faculty of Tropical Medicine, Mahidol University",https://doi.org/10.1038/s41467-025-59946-1
1723,Pfkelch13,Lao People's Democratic Republic,LA,Savannakhet,Khanthabouly,16.582488,104.867344,2020,P. falciparum,16,"The GenRe-Mekong Project, Mahidol-Oxford Tropical Medicine Research Unit, Faculty of Tropical Medicine, Mahidol University",https://doi.org/10.1038/s41467-025-59946-1
1724,Pfkelch13,Viet Nam,VN,Binh Phuoc,Bu Gia Map,12.039224,107.053943,2018,P. falciparum,286,"The GenRe-Mekong Project, Mahidol-Oxford Tropical Medicine Research Unit, Faculty of Tropical Medicine, Mahidol University",https://doi.org/10.7554/eLife.62997
1725,Pfkelch13,Lao People's Democratic Republic,LA,Sekong Province,Lam Mam,15.309393,106.717319,2018,P. falciparum,3,"The GenRe-Mekong Project, Mahidol-Oxford Tropical Medicine Research Unit, Faculty of Tropical Medicine, Mahidol University",https://doi.org/10.1038/s41467-025-59946-1
1726,Pfkelch13,Lao People's Democratic Republic,LA,Attapeu,Xaysetha,14.814444,106.934444,2019,P. falciparum,12,"The GenRe-Mekong Project, Mahidol-Oxford Tropical Medicine Research Unit, Faculty of Tropical Medicine, Mahidol University",https://doi.org/10.1038/s41467-025-59946-1
1727,Pfkelch13,Viet Nam,VN,Dak Lak,Krông Năng,13.000000,108.417000,2019,P. falciparum,122,"The GenRe-Mekong Project, Mahidol-Oxford Tropical Medicine Research Unit, Faculty of Tropical Medicine, Mahidol University",https://doi.org/10.1038/s41467-025-59946-1
1728,Pfkelch13,Viet Nam,VN,Gia Lai,Kong Chro,13.703722,108.570064,2019,P. falciparum,10,"The GenRe-Mekong Project, Mahidol-Oxford Tropical Medicine Research Unit, Faculty of Tropical Medicine, Mahidol University",https://doi.org/10.7554/eLife.62997
1729,Pfkelch13,Lao People's Democratic Republic,LA,Champasak,Pathouphone,14.841895,105.947956,2019,P. falciparum,13,"The GenRe-Mekong Project, Mahidol-Oxford Tropical Medicine Research Unit, Faculty of Tropical Medicine, Mahidol University",https://doi.org/10.1038/s41467-025-59946-1
1730,Pfkelch13,Thailand,TH,Ubon Ratchathani,Nam Yuen,14.489167,105.000833,2018,P. falciparum,4,"The GenRe-Mekong Project, Mahidol-Oxford Tropical Medicine Research Unit, Faculty of Tropical Medicine, Mahidol University",https://doi.org/10.1038/s41467-025-59946-1
1731,Pfkelch13,Viet Nam,VN,Gia Lai,Duc Co,13.772881,107.654378,2018,P. falciparum,42,"The GenRe-Mekong Project, Mahidol-Oxford Tropical Medicine Research Unit, Faculty of Tropical Medicine, Mahidol University",https://doi.org/10.7554/eLife.62997
1732,Pfkelch13,Viet Nam,VN,Phu Yen,Son Hoa,13.148170,108.964386,2020,P. falciparum,9,"The GenRe-Mekong Project, Mahidol-Oxford Tropical Medicine Research Unit, Faculty of Tropical Medicine, Mahidol University",https://doi.org/10.1038/s41467-025-59946-1
1733,Pfkelch13,Viet Nam,VN,Gia Lai,Krong Pa,13.234560,108.517936,2018,P. falciparum,306,"The GenRe-Mekong Project, Mahidol-Oxford Tropical Medicine Research Unit, Faculty of Tropical Medicine, Mahidol University",https://doi.org/10.7554/eLife.62997
1734,Pfkelch13,India,IN,Tripura,West Tripura,23.916667,91.500000,2017,P. falciparum,1,"The GenRe-Mekong Project, Mahidol-Oxford Tropical Medicine Research Unit, Faculty of Tropical Medicine, Mahidol University",https://doi.org/10.1038/s41467-025-59946-1
1735,Pfkelch13,Viet Nam,VN,Quang Tri,Dong Ha,16.796418,107.083517,2020,P. falciparum,4,"The GenRe-Mekong Project, Mahidol-Oxford Tropical Medicine Research Unit, Faculty of Tropical Medicine, Mahidol University",https://doi.org/10.1038/s41467-025-59946-1
1736,Pfkelch13,Viet Nam,VN,Dak Lak,Ea Kar,12.755440,108.538265,2020,P. falciparum,24,"The GenRe-Mekong Project, Mahidol-Oxford Tropical Medicine Research Unit, Faculty of Tropical Medicine, Mahidol University",https://doi.org/10.1038/s41467-025-59946-1
1737,Pfkelch13,Viet Nam,VN,Phu Yen,Son Hoa,13.148170,108.964386,2019,P. falciparum,29,"The GenRe-Mekong Project, Mahidol-Oxford Tropical Medicine Research Unit, Faculty of Tropical Medicine, Mahidol University",https://doi.org/10.1038/s41467-025-59946-1
1738,Pfkelch13,Viet Nam,VN,Gia Lai,Pleiku,13.967062,108.012876,2018,P. falciparum,29,"The GenRe-Mekong Project, Mahidol-Oxford Tropical Medicine Research Unit, Faculty of Tropical Medicine, Mahidol University",https://doi.org/10.1038/s41467-025-59946-1
1739,Pfkelch13,Cambodia,KH,Mondulkiri,Kaev Seima,12.362800,106.818700,2021,P. falciparum,5,"The GenRe-Mekong Project, Mahidol-Oxford Tropical Medicine Research Unit, Faculty of Tropical Medicine, Mahidol University",https://doi.org/10.1038/s41467-025-59946-1
1740,Pfkelch13,Lao People's Democratic Republic,LA,Savannakhet,Nong,16.404470,106.627808,2018,P. falciparum,4,"The GenRe-Mekong Project, Mahidol-Oxford Tropical Medicine Research Unit, Faculty of Tropical Medicine, Mahidol University",https://doi.org/10.7554/eLife.62997
1741,Pfkelch13,Viet Nam,VN,Dak Nong,Tuy Duc,12.157612,107.434231,2019,P. falciparum,22,"The GenRe-Mekong Project, Mahidol-Oxford Tropical Medicine Research Unit, Faculty of Tropical Medicine, Mahidol University",https://doi.org/10.1038/s41467-025-59946-1
1742,Pfkelch13,Lao People's Democratic Republic,LA,Champasak,Pakse,15.113837,105.816022,2021,P. falciparum,4,"The GenRe-Mekong Project, Mahidol-Oxford Tropical Medicine Research Unit, Faculty of Tropical Medicine, Mahidol University",https://doi.org/10.1038/s41467-025-59946-1
1743,Pfkelch13,Viet Nam,VN,Dak Nong,Tuy Duc,12.157612,107.434231,2018,P. falciparum,34,"The GenRe-Mekong Project, Mahidol-Oxford Tropical Medicine Research Unit, Faculty of Tropical Medicine, Mahidol University",https://doi.org/10.7554/eLife.62997
1744,Pfkelch13,Thailand,TH,Ubon Ratchathani,Na Chaluai,14.503619,105.242885,2017,P. falciparum,3,"The GenRe-Mekong Project, Mahidol-Oxford Tropical Medicine Research Unit, Faculty of Tropical Medicine, Mahidol University",https://doi.org/10.7554/eLife.62997
1745,Pfkelch13,Lao People's Democratic Republic,LA,Savannakhet,Sepone,16.761100,106.337500,2019,P. falciparum,4,"The GenRe-Mekong Project, Mahidol-Oxford Tropical Medicine Research Unit, Faculty of Tropical Medicine, Mahidol University",https://doi.org/10.1038/s41467-025-59946-1
1746,Pfkelch13,Viet Nam,VN,Gia Lai,Duc Co,13.772881,107.654378,2017,P. falciparum,66,"The GenRe-Mekong Project, Mahidol-Oxford Tropical Medicine Research Unit, Faculty of Tropical Medicine, Mahidol University",https://doi.org/10.7554/eLife.62997
1747,Pfkelch13,Viet Nam,VN,Dak Lak,Ea Kar,12.755440,108.538265,2019,P. falciparum,130,"The GenRe-Mekong Project, Mahidol-Oxford Tropical Medicine Research Unit, Faculty of Tropical Medicine, Mahidol University",https://doi.org/10.7554/eLife.62997
1748,Pfkelch13,Lao People's Democratic Republic,LA,Savannakhet,Khanthabouly,16.582488,104.867344,2021,P. falciparum,43,"The GenRe-Mekong Project, Mahidol-Oxford Tropical Medicine Research Unit, Faculty of Tropical Medicine, Mahidol University",https://doi.org/10.1038/s41467-025-59946-1
1749,Pfkelch13,Viet Nam,VN,Gia Lai,Ia Pa,13.534257,108.565985,2017,P. falciparum,36,"The GenRe-Mekong Project, Mahidol-Oxford Tropical Medicine Research Unit, Faculty of Tropical Medicine, Mahidol University",https://doi.org/10.7554/eLife.62997
1750,Pfkelch13,Lao People's Democratic Republic,LA,Attapeu,Attapeu (city),14.800000,106.833333,2018,P. falciparum,2,"The GenRe-Mekong Project, Mahidol-Oxford Tropical Medicine Research Unit, Faculty of Tropical Medicine, Mahidol University",https://doi.org/10.1038/s41467-025-59946-1
1751,Pfkelch13,Lao People's Democratic Republic,LA,Attapeu,Phouvong,14.751294,106.957996,2021,P. falciparum,44,"The GenRe-Mekong Project, Mahidol-Oxford Tropical Medicine Research Unit, Faculty of Tropical Medicine, Mahidol University",https://doi.org/10.1038/s41467-025-59946-1
1752,Pfkelch13,Viet Nam,VN,Khánh Hòa,Khanh Vinh,12.274375,108.917539,2019,P. falciparum,7,"The GenRe-Mekong Project, Mahidol-Oxford Tropical Medicine Research Unit, Faculty of Tropical Medicine, Mahidol University",https://doi.org/10.7554/eLife.62997
1753,Pfkelch13,Viet Nam,VN,Dak Lak,Cu M'gar,12.888894,108.031893,2018,P. falciparum,3,"The GenRe-Mekong Project, Mahidol-Oxford Tropical Medicine Research Unit, Faculty of Tropical Medicine, Mahidol University",https://doi.org/10.1038/s41467-025-59946-1
1754,Pfkelch13,Viet Nam,VN,Gia Lai,Kong Chro,13.703722,108.570064,2020,P. falciparum,7,"The GenRe-Mekong Project, Mahidol-Oxford Tropical Medicine Research Unit, Faculty of Tropical Medicine, Mahidol University",https://doi.org/10.1038/s41467-025-59946-1
1755,Pfkelch13,Viet Nam,VN,Quang Tri,Dong Ha,16.796418,107.083517,2017,P. falciparum,21,"The GenRe-Mekong Project, Mahidol-Oxford Tropical Medicine Research Unit, Faculty of Tropical Medicine, Mahidol University",https://doi.org/10.7554/eLife.62997
1756,Pfkelch13,Lao People's Democratic Republic,LA,Attapeu,Phouvong,14.751294,106.957996,2019,P. falciparum,20,"The GenRe-Mekong Project, Mahidol-Oxford Tropical Medicine Research Unit, Faculty of Tropical Medicine, Mahidol University",https://doi.org/10.1038/s41467-025-59946-1
1757,Pfkelch13,Viet Nam,VN,Dak Lak,Ea Sup,13.186223,107.763621,2017,P. falciparum,19,"The GenRe-Mekong Project, Mahidol-Oxford Tropical Medicine Research Unit, Faculty of Tropical Medicine, Mahidol University",https://doi.org/10.7554/eLife.62997
1758,Pfkelch13,Viet Nam,VN,Phu Yen,Dong Xuan,13.425345,109.021389,2021,P. falciparum,9,"The GenRe-Mekong Project, Mahidol-Oxford Tropical Medicine Research Unit, Faculty of Tropical Medicine, Mahidol University",https://doi.org/10.1038/s41467-025-59946-1
1759,Pfkelch13,Viet Nam,VN,Quang Tri,Da Krong,16.578831,106.976934,2018,P. falciparum,10,"The GenRe-Mekong Project, Mahidol-Oxford Tropical Medicine Research Unit, Faculty of Tropical Medicine, Mahidol University",https://doi.org/10.1038/s41467-025-59946-1
1760,Pfkelch13,Viet Nam,VN,Binh Phuoc,Bu Gia Map,12.039224,107.053943,2020,P. falciparum,7,"The GenRe-Mekong Project, Mahidol-Oxford Tropical Medicine Research Unit, Faculty of Tropical Medicine, Mahidol University",https://doi.org/10.1038/s41467-025-59946-1
1761,Pfkelch13,Viet Nam,VN,Dak Lak,Ea Sup,13.186223,107.763621,2019,P. falciparum,6,"The GenRe-Mekong Project, Mahidol-Oxford Tropical Medicine Research Unit, Faculty of Tropical Medicine, Mahidol University",https://doi.org/10.1038/s41467-025-59946-1
1762,Pfkelch13,Lao People's Democratic Republic,LA,Attapeu,Phouvong,14.751294,106.957996,2022,P. falciparum,19,"The GenRe-Mekong Project, Mahidol-Oxford Tropical Medicine Research Unit, Faculty of Tropical Medicine, Mahidol University",https://doi.org/10.1038/s41467-025-59946-1
1763,Pfkelch13,Viet Nam,VN,Binh Phuoc,Bu Dang,11.769337,107.148452,2018,P. falciparum,14,"The GenRe-Mekong Project, Mahidol-Oxford Tropical Medicine Research Unit, Faculty of Tropical Medicine, Mahidol University",https://doi.org/10.7554/eLife.62997
1764,Pfkelch13,Lao People's Democratic Republic,LA,Salavan,Ta Oy,16.050000,106.583333,2020,P. falciparum,8,"The GenRe-Mekong Project, Mahidol-Oxford Tropical Medicine Research Unit, Faculty of Tropical Medicine, Mahidol University",https://doi.org/10.1038/s41467-025-59946-1
1765,Pfkelch13,Lao People's Democratic Republic,LA,Champasak,Paksong,15.178814,106.239360,2021,P. falciparum,6,"The GenRe-Mekong Project, Mahidol-Oxford Tropical Medicine Research Unit, Faculty of Tropical Medicine, Mahidol University",https://doi.org/10.1038/s41467-025-59946-1
1766,Pfkelch13,Viet Nam,VN,Dak Lak,Ea Kar,12.755440,108.538265,2022,P. falciparum,1,"The GenRe-Mekong Project, Mahidol-Oxford Tropical Medicine Research Unit, Faculty of Tropical Medicine, Mahidol University",https://doi.org/10.1038/s41467-025-59946-1
1767,Pfkelch13,Cambodia,KH,Pursat,Veal Veng,12.546349,103.918749,2022,P. falciparum,2,"The GenRe-Mekong Project, Mahidol-Oxford Tropical Medicine Research Unit, Faculty of Tropical Medicine, Mahidol University",https://doi.org/10.1038/s41467-025-59946-1
1768,Pfkelch13,Lao People's Democratic Republic,LA,Salavan,Salavan (district),15.716667,106.416667,2018,P. falciparum,3,"The GenRe-Mekong Project, Mahidol-Oxford Tropical Medicine Research Unit, Faculty of Tropical Medicine, Mahidol University",https://doi.org/10.7554/eLife.62997
1769,Pfkelch13,Viet Nam,VN,Dak Lak,Buon Don,12.879161,107.716250,2017,P. falciparum,31,"The GenRe-Mekong Project, Mahidol-Oxford Tropical Medicine Research Unit, Faculty of Tropical Medicine, Mahidol University",https://doi.org/10.7554/eLife.62997
1770,Pfkelch13,Viet Nam,VN,Phu Yen,Dong Xuan,13.425345,109.021389,2022,P. falciparum,4,"The GenRe-Mekong Project, Mahidol-Oxford Tropical Medicine Research Unit, Faculty of Tropical Medicine, Mahidol University",https://doi.org/10.1038/s41467-025-59946-1
1771,Pfkelch13,Lao People's Democratic Republic,LA,Attapeu,Sanxay,15.085552,107.215261,2018,P. falciparum,2,"The GenRe-Mekong Project, Mahidol-Oxford Tropical Medicine Research Unit, Faculty of Tropical Medicine, Mahidol University",https://doi.org/10.1038/s41467-025-59946-1
1772,Pfkelch13,Lao People's Democratic Republic,LA,Champasak,Khong,14.047043,105.832683,2019,P. falciparum,4,"The GenRe-Mekong Project, Mahidol-Oxford Tropical Medicine Research Unit, Faculty of Tropical Medicine, Mahidol University",https://doi.org/10.1038/s41467-025-59946-1
1773,Pfkelch13,Lao People's Democratic Republic,LA,Sekong Province,Lam Mam,15.309393,106.717319,2020,P. falciparum,7,"The GenRe-Mekong Project, Mahidol-Oxford Tropical Medicine Research Unit, Faculty of Tropical Medicine, Mahidol University",https://doi.org/10.1038/s41467-025-59946-1
1774,Pfkelch13,Myanmar,MM,Mandalay,Pyin Oo Lwin,22.039177,96.471658,2017,P. falciparum,14,"The GenRe-Mekong Project, Mahidol-Oxford Tropical Medicine Research Unit, Faculty of Tropical Medicine, Mahidol University",https://doi.org/10.1038/s41467-025-59946-1
1775,Pfkelch13,Viet Nam,VN,Dak Lak,Ea H'leo,13.244510,108.197886,2019,P. falciparum,9,"The GenRe-Mekong Project, Mahidol-Oxford Tropical Medicine Research Unit, Faculty of Tropical Medicine, Mahidol University",https://doi.org/10.1038/s41467-025-59946-1
1776,Pfkelch13,Viet Nam,VN,Phu Yen,Song Hinh,12.917000,108.917000,2020,P. falciparum,13,"The GenRe-Mekong Project, Mahidol-Oxford Tropical Medicine Research Unit, Faculty of Tropical Medicine, Mahidol University",https://doi.org/10.1038/s41467-025-59946-1
1777,Pfkelch13,Lao People's Democratic Republic,LA,Champasak,Pathouphone,14.841895,105.947956,2018,P. falciparum,3,"The GenRe-Mekong Project, Mahidol-Oxford Tropical Medicine Research Unit, Faculty of Tropical Medicine, Mahidol University",https://doi.org/10.1038/s41467-025-59946-1
1778,Pfkelch13,Thailand,TH,Sisaket,Phu Sing,14.546667,104.131667,2018,P. falciparum,10,"The GenRe-Mekong Project, Mahidol-Oxford Tropical Medicine Research Unit, Faculty of Tropical Medicine, Mahidol University",https://doi.org/10.7554/eLife.62997
1779,Pfkelch13,Viet Nam,VN,Quang Tri,Dong Ha,16.796418,107.083517,2019,P. falciparum,6,"The GenRe-Mekong Project, Mahidol-Oxford Tropical Medicine Research Unit, Faculty of Tropical Medicine, Mahidol University",https://doi.org/10.1038/s41467-025-59946-1
1780,Pfkelch13,Cambodia,KH,Kampong Speu,Phnom Sruoch,11.400000,104.400000,2021,P. falciparum,20,"The GenRe-Mekong Project, Mahidol-Oxford Tropical Medicine Research Unit, Faculty of Tropical Medicine, Mahidol University",https://doi.org/10.1038/s41467-025-59946-1
1781,Pfkelch13,Lao People's Democratic Republic,LA,Savannakhet,Thapangthong,15.993015,105.792847,2018,P. falciparum,18,"The GenRe-Mekong Project, Mahidol-Oxford Tropical Medicine Research Unit, Faculty of Tropical Medicine, Mahidol University",https://doi.org/10.1038/s41467-025-59946-1
1782,Pfkelch13,Lao People's Democratic Republic,LA,Attapeu,Phouvong,14.751294,106.957996,2018,P. falciparum,7,"The GenRe-Mekong Project, Mahidol-Oxford Tropical Medicine Research Unit, Faculty of Tropical Medicine, Mahidol University",https://doi.org/10.7554/eLife.62997
1783,Pfkelch13,Lao People's Democratic Republic,LA,Champasak,Pakse,15.113837,105.816022,2017,P. falciparum,5,"The GenRe-Mekong Project, Mahidol-Oxford Tropical Medicine Research Unit, Faculty of Tropical Medicine, Mahidol University",https://doi.org/10.7554/eLife.62997
1784,Pfkelch13,Viet Nam,VN,Gia Lai,Ia Grai,14.000000,107.750000,2018,P. falciparum,17,"The GenRe-Mekong Project, Mahidol-Oxford Tropical Medicine Research Unit, Faculty of Tropical Medicine, Mahidol University",https://doi.org/10.7554/eLife.62997
1785,Pfkelch13,Lao People's Democratic Republic,LA,Salavan,Samuoi,16.327332,106.892004,2018,P. falciparum,4,"The GenRe-Mekong Project, Mahidol-Oxford Tropical Medicine Research Unit, Faculty of Tropical Medicine, Mahidol University",https://doi.org/10.7554/eLife.62997
1786,Pfkelch13,Viet Nam,VN,Dak Lak,Cu M'gar,12.888894,108.031893,2017,P. falciparum,4,"The GenRe-Mekong Project, Mahidol-Oxford Tropical Medicine Research Unit, Faculty of Tropical Medicine, Mahidol University",https://doi.org/10.1038/s41467-025-59946-1
1787,Pfkelch13,Viet Nam,VN,Gia Lai,Duc Co,13.772881,107.654378,2019,P. falciparum,8,"The GenRe-Mekong Project, Mahidol-Oxford Tropical Medicine Research Unit, Faculty of Tropical Medicine, Mahidol University",https://doi.org/10.7554/eLife.62997
1788,Pfkelch13,Viet Nam,VN,Gia Lai,Kong Chro,13.703722,108.570064,2021,P. falciparum,9,"The GenRe-Mekong Project, Mahidol-Oxford Tropical Medicine Research Unit, Faculty of Tropical Medicine, Mahidol University",https://doi.org/10.1038/s41467-025-59946-1
1789,Pfkelch13,Thailand,TH,Sisaket,Kantharalak,14.640000,104.650000,2018,P. falciparum,27,"The GenRe-Mekong Project, Mahidol-Oxford Tropical Medicine Research Unit, Faculty of Tropical Medicine, Mahidol University",https://doi.org/10.7554/eLife.62997
1790,Pfkelch13,Viet Nam,VN,Quang Tri,Huong Hoa,16.649551,106.676292,2018,P. falciparum,6,"The GenRe-Mekong Project, Mahidol-Oxford Tropical Medicine Research Unit, Faculty of Tropical Medicine, Mahidol University",https://doi.org/10.7554/eLife.62997
1791,Pfkelch13,Viet Nam,VN,Gia Lai,Pleiku,13.967062,108.012876,2017,P. falciparum,47,"The GenRe-Mekong Project, Mahidol-Oxford Tropical Medicine Research Unit, Faculty of Tropical Medicine, Mahidol University",https://doi.org/10.1038/s41467-025-59946-1
1792,Pfkelch13,Cambodia,KH,Mondulkiri,Kaev Seima,12.362800,106.818700,2022,P. falciparum,7,"The GenRe-Mekong Project, Mahidol-Oxford Tropical Medicine Research Unit, Faculty of Tropical Medicine, Mahidol University",https://doi.org/10.1038/s41467-025-59946-1
1793,Pfkelch13,Lao People's Democratic Republic,LA,Savannakhet,Khanthabouly,16.582488,104.867344,2019,P. falciparum,24,"The GenRe-Mekong Project, Mahidol-Oxford Tropical Medicine Research Unit, Faculty of Tropical Medicine, Mahidol University",https://doi.org/10.1038/s41467-025-59946-1
1794,Pfkelch13,Viet Nam,VN,Dak Lak,M'Drak,12.730783,108.818843,2019,P. falciparum,3,"The GenRe-Mekong Project, Mahidol-Oxford Tropical Medicine Research Unit, Faculty of Tropical Medicine, Mahidol University",https://doi.org/10.1038/s41467-025-59946-1
1795,Pfkelch13,Viet Nam,VN,Dak Lak,Ea Kar,12.755440,108.538265,2017,P. falciparum,26,"The GenRe-Mekong Project, Mahidol-Oxford Tropical Medicine Research Unit, Faculty of Tropical Medicine, Mahidol University",https://doi.org/10.7554/eLife.62997
1796,Pfkelch13,Viet Nam,VN,Khánh Hòa,Khanh Vinh,12.274375,108.917539,2018,P. falciparum,44,"The GenRe-Mekong Project, Mahidol-Oxford Tropical Medicine Research Unit, Faculty of Tropical Medicine, Mahidol University",https://doi.org/10.7554/eLife.62997
1797,Pfkelch13,Viet Nam,VN,Khánh Hòa,Cam Lam,12.001667,109.223333,2017,P. falciparum,2,"The GenRe-Mekong Project, Mahidol-Oxford Tropical Medicine Research Unit, Faculty of Tropical Medicine, Mahidol University",https://doi.org/10.7554/eLife.62997
1798,Pfkelch13,Cambodia,KH,Pursat,Krakor,12.546682,104.172877,2022,P. falciparum,6,"The GenRe-Mekong Project, Mahidol-Oxford Tropical Medicine Research Unit, Faculty of Tropical Medicine, Mahidol University",https://doi.org/10.1038/s41467-025-59946-1
1799,Pfkelch13,Viet Nam,VN,Dak Lak,Krong Bong,12.469506,108.507187,2019,P. falciparum,1,"The GenRe-Mekong Project, Mahidol-Oxford Tropical Medicine Research Unit, Faculty of Tropical Medicine, Mahidol University",https://doi.org/10.1038/s41467-025-59946-1
1800,Pfkelch13,Lao People's Democratic Republic,LA,Salavan,Vapy,15.829298,105.691385,2018,P. falciparum,1,"The GenRe-Mekong Project, Mahidol-Oxford Tropical Medicine Research Unit, Faculty of Tropical Medicine, Mahidol University",https://doi.org/10.7554/eLife.62997
1801,Pfkelch13,Cambodia,KH,Ratanakiri,Ban Lung,13.678894,106.949756,2018,P. falciparum,5,"The GenRe-Mekong Project, Mahidol-Oxford Tropical Medicine Research Unit, Faculty of Tropical Medicine, Mahidol University",https://doi.org/10.7554/eLife.62997
1802,Pfkelch13,Lao People's Democratic Republic,LA,Savannakhet,Sepone,16.761100,106.337500,2020,P. falciparum,9,"The GenRe-Mekong Project, Mahidol-Oxford Tropical Medicine Research Unit, Faculty of Tropical Medicine, Mahidol University",https://doi.org/10.1038/s41467-025-59946-1
1803,Pfkelch13,Viet Nam,VN,Binh Phuoc,Hon Quan,11.587843,106.652452,2018,P. falciparum,1,"The GenRe-Mekong Project, Mahidol-Oxford Tropical Medicine Research Unit, Faculty of Tropical Medicine, Mahidol University",https://doi.org/10.7554/eLife.62997
1804,Pfkelch13,Viet Nam,VN,Gia Lai,Ia Pa,13.534257,108.565985,2018,P. falciparum,27,"The GenRe-Mekong Project, Mahidol-Oxford Tropical Medicine Research Unit, Faculty of Tropical Medicine, Mahidol University",https://doi.org/10.7554/eLife.62997
1805,Pfkelch13,Lao People's Democratic Republic,LA,Attapeu,Xaysetha,14.814444,106.934444,2020,P. falciparum,21,"The GenRe-Mekong Project, Mahidol-Oxford Tropical Medicine Research Unit, Faculty of Tropical Medicine, Mahidol University",https://doi.org/10.1038/s41467-025-59946-1
1806,Pfkelch13,Cambodia,KH,Pailin Province,Pailin,12.741784,102.633104,2017,P. falciparum,22,"The GenRe-Mekong Project, Mahidol-Oxford Tropical Medicine Research Unit, Faculty of Tropical Medicine, Mahidol University",https://doi.org/10.7554/eLife.62997
1807,Pfkelch13,Lao People's Democratic Republic,LA,Attapeu,Phouvong,14.751294,106.957996,2020,P. falciparum,127,"The GenRe-Mekong Project, Mahidol-Oxford Tropical Medicine Research Unit, Faculty of Tropical Medicine, Mahidol University",https://doi.org/10.1038/s41467-025-59946-1
1808,Pfkelch13,Lao People's Democratic Republic,LA,Champasak,Paksong,15.178814,106.239360,2019,P. falciparum,4,"The GenRe-Mekong Project, Mahidol-Oxford Tropical Medicine Research Unit, Faculty of Tropical Medicine, Mahidol University",https://doi.org/10.1038/s41467-025-59946-1
1809,Pfkelch13,Myanmar,MM,Rakhine,Kyaukphyu,19.422155,93.526439,2017,P. falciparum,43,"The GenRe-Mekong Project, Mahidol-Oxford Tropical Medicine Research Unit, Faculty of Tropical Medicine, Mahidol University",https://doi.org/10.1038/s41467-025-59946-1
1810,Pfkelch13,Lao People's Democratic Republic,LA,Savannakhet,Thapangthong,15.993015,105.792847,2020,P. falciparum,5,"The GenRe-Mekong Project, Mahidol-Oxford Tropical Medicine Research Unit, Faculty of Tropical Medicine, Mahidol University",https://doi.org/10.1038/s41467-025-59946-1
1811,Pfkelch13,Viet Nam,VN,Gia Lai,Krong Pa,13.234560,108.517936,2022,P. falciparum,119,"The GenRe-Mekong Project, Mahidol-Oxford Tropical Medicine Research Unit, Faculty of Tropical Medicine, Mahidol University",https://doi.org/10.1038/s41467-025-59946-1
1812,Pfkelch13,Cambodia,KH,Pursat,Phnom Kravanh,12.333333,103.750000,2021,P. falciparum,15,"The GenRe-Mekong Project, Mahidol-Oxford Tropical Medicine Research Unit, Faculty of Tropical Medicine, Mahidol University",https://doi.org/10.1038/s41467-025-59946-1
1813,Pfkelch13,Lao People's Democratic Republic,LA,Salavan,Ta Oy,16.050000,106.583333,2019,P. falciparum,4,"The GenRe-Mekong Project, Mahidol-Oxford Tropical Medicine Research Unit, Faculty of Tropical Medicine, Mahidol University",https://doi.org/10.1038/s41467-025-59946-1
1814,Pfkelch13,Viet Nam,VN,Dak Lak,Krông Năng,13.000000,108.417000,2017,P. falciparum,1,"The GenRe-Mekong Project, Mahidol-Oxford Tropical Medicine Research Unit, Faculty of Tropical Medicine, Mahidol University",https://doi.org/10.7554/eLife.62997
1815,Pfkelch13,Lao People's Democratic Republic,LA,Savannakhet,Phine,16.532760,105.952041,2019,P. falciparum,8,"The GenRe-Mekong Project, Mahidol-Oxford Tropical Medicine Research Unit, Faculty of Tropical Medicine, Mahidol University",https://doi.org/10.1038/s41467-025-59946-1
1816,Pfkelch13,Lao People's Democratic Republic,LA,Savannakhet,Nong,16.404470,106.627808,2019,P. falciparum,46,"The GenRe-Mekong Project, Mahidol-Oxford Tropical Medicine Research Unit, Faculty of Tropical Medicine, Mahidol University",https://doi.org/10.1038/s41467-025-59946-1
1817,Pfkelch13,Viet Nam,VN,Gia Lai,Krong Pa,13.234560,108.517936,2019,P. falciparum,389,"The GenRe-Mekong Project, Mahidol-Oxford Tropical Medicine Research Unit, Faculty of Tropical Medicine, Mahidol University",https://doi.org/10.7554/eLife.62997
1818,Pfkelch13,Cambodia,KH,Ratanakiri,Ban Lung,13.678894,106.949756,2017,P. falciparum,51,"The GenRe-Mekong Project, Mahidol-Oxford Tropical Medicine Research Unit, Faculty of Tropical Medicine, Mahidol University",https://doi.org/10.7554/eLife.62997
1819,Pfkelch13,Lao People's Democratic Republic,LA,Attapeu,Attapeu (city),14.800000,106.833333,2021,P. falciparum,6,"The GenRe-Mekong Project, Mahidol-Oxford Tropical Medicine Research Unit, Faculty of Tropical Medicine, Mahidol University",https://doi.org/10.1038/s41467-025-59946-1
1820,Pfkelch13,Lao People's Democratic Republic,LA,Attapeu,Sanamxay,14.684482,106.575665,2018,P. falciparum,2,"The GenRe-Mekong Project, Mahidol-Oxford Tropical Medicine Research Unit, Faculty of Tropical Medicine, Mahidol University",https://doi.org/10.7554/eLife.62997
1821,Pfkelch13,Viet Nam,VN,Khánh Hòa,Nha Trang,12.238791,109.196749,2017,P. falciparum,2,"The GenRe-Mekong Project, Mahidol-Oxford Tropical Medicine Research Unit, Faculty of Tropical Medicine, Mahidol University",https://doi.org/10.1038/s41467-025-59946-1
1822,Pfkelch13,Lao People's Democratic Republic,LA,Attapeu,Xaysetha,14.814444,106.934444,2018,P. falciparum,8,"The GenRe-Mekong Project, Mahidol-Oxford Tropical Medicine Research Unit, Faculty of Tropical Medicine, Mahidol University",https://doi.org/10.7554/eLife.62997
1823,Pfkelch13,Lao People's Democratic Republic,LA,Savannakhet,Vilabuly,16.941445,105.975349,2017,P. falciparum,15,"The GenRe-Mekong Project, Mahidol-Oxford Tropical Medicine Research Unit, Faculty of Tropical Medicine, Mahidol University",https://doi.org/10.7554/eLife.62997
1824,Pfkelch13,India,IN,Odisha,Sundergarh,22.124002,84.043175,2016,P. falciparum,4,"The GenRe-Mekong Project, Mahidol-Oxford Tropical Medicine Research Unit, Faculty of Tropical Medicine, Mahidol University",https://doi.org/10.1038/s41467-025-59946-1
1825,Pfkelch13,Viet Nam,VN,Binh Thuan,Ham Thuan Bac,11.156316,108.032444,2020,P. falciparum,2,"The GenRe-Mekong Project, Mahidol-Oxford Tropical Medicine Research Unit, Faculty of Tropical Medicine, Mahidol University",https://doi.org/10.1038/s41467-025-59946-1
1826,Pfkelch13,Viet Nam,VN,Dak Nong,Tuy Duc,12.157612,107.434231,2017,P. falciparum,30,"The GenRe-Mekong Project, Mahidol-Oxford Tropical Medicine Research Unit, Faculty of Tropical Medicine, Mahidol University",https://doi.org/10.7554/eLife.62997
1827,Pfkelch13,Viet Nam,VN,Ninh Thuan,Bac Ai,11.833415,108.855148,2020,P. falciparum,3,"The GenRe-Mekong Project, Mahidol-Oxford Tropical Medicine Research Unit, Faculty of Tropical Medicine, Mahidol University",https://doi.org/10.1038/s41467-025-59946-1
1828,Pfkelch13,Myanmar,MM,Bago,Pyay,18.914700,95.172343,2017,P. falciparum,4,"The GenRe-Mekong Project, Mahidol-Oxford Tropical Medicine Research Unit, Faculty of Tropical Medicine, Mahidol University",https://doi.org/10.7554/eLife.62997
1829,Pfkelch13,Viet Nam,VN,Ninh Thuan,Thuan Bac,11.753333,109.069098,2017,P. falciparum,4,"The GenRe-Mekong Project, Mahidol-Oxford Tropical Medicine Research Unit, Faculty of Tropical Medicine, Mahidol University",https://doi.org/10.7554/eLife.62997
1830,Pfkelch13,Thailand,TH,Ubon Ratchathani,Buntharik,14.756667,105.411389,2017,P. falciparum,11,"The GenRe-Mekong Project, Mahidol-Oxford Tropical Medicine Research Unit, Faculty of Tropical Medicine, Mahidol University",https://doi.org/10.7554/eLife.62997
1831,Pfkelch13,Lao People's Democratic Republic,LA,Sekong Province,Lam Mam,15.309393,106.717319,2021,P. falciparum,3,"The GenRe-Mekong Project, Mahidol-Oxford Tropical Medicine Research Unit, Faculty of Tropical Medicine, Mahidol University",https://doi.org/10.1038/s41467-025-59946-1
1832,Pfkelch13,Viet Nam,VN,Gia Lai,Kong Chro,13.703722,108.570064,2017,P. falciparum,10,"The GenRe-Mekong Project, Mahidol-Oxford Tropical Medicine Research Unit, Faculty of Tropical Medicine, Mahidol University",https://doi.org/10.7554/eLife.62997
1833,Pfkelch13,Lao People's Democratic Republic,LA,Sekong Province,Tha Teng,15.428758,106.378984,2017,P. falciparum,2,"The GenRe-Mekong Project, Mahidol-Oxford Tropical Medicine Research Unit, Faculty of Tropical Medicine, Mahidol University",https://doi.org/10.7554/eLife.62997
2024,Pfcrt K76T,Haiti,HT,Ouest,Léogâne,18.512838,-72.623987,2010,P. falciparum,49,Rambam Medical Center,http://www.ncbi.nlm.nih.gov/pubmed/22932030
2025,Pfcrt K76T,Haiti,HT,Ouest,Port-au-Prince,18.594395,-72.307433,2010,P. falciparum,56,"Department of Environmental and Global Health, University of Florida",http://www.ncbi.nlm.nih.gov/pubmed/24252305
2026,Pfcrt K76T,Haiti,HT,Nord,Cap Haitian,19.737036,-72.206768,2010,P. falciparum,3,"Department of Environmental and Global Health, University of Florida",http://www.ncbi.nlm.nih.gov/pubmed/24252305
2027,Pfcrt K76T,Haiti,HT,Sud-Est,Cayes-Jacmel,18.266667,-72.666667,2010,P. falciparum,15,"Department of Environmental and Global Health, University of Florida",http://www.ncbi.nlm.nih.gov/pubmed/24252305
2028,Pfcrt K76T,Haiti,HT,,Artibonite Department,19.450000,-72.683333,2010,P. falciparum,3,"Department of Environmental and Global Health, University of Florida",http://www.ncbi.nlm.nih.gov/pubmed/24252305
2029,Pfcrt K76T,Haiti,HT,,Nippes Department,18.444722,-73.088333,2010,P. falciparum,2,"Department of Environmental and Global Health, University of Florida",http://www.ncbi.nlm.nih.gov/pubmed/24252305
2032,Pfcrt K76T,Honduras,HN,,Multiple sites,13.921859,-87.133779,2011,P. falciparum,28,"Microbiology Research Institute, National Autonomous University of Honduras",http://www.ncbi.nlm.nih.gov/pubmed/25075788
2033,Pfcrt K76T,Nicaragua,NI,Region Autonoma del Atlantico Norte,Waspam,14.733333,-83.966667,2011,P. falciparum,15,"Malaria Branch, Division of Parasitic Diseases and Malaria, Center for Global Health, Center for Disease Control and Prevention",http://www.ncbi.nlm.nih.gov/pubmed/24615126
2034,Pfcrt K76T,Nicaragua,NI,Region Autonoma del Atlantico Norte,Bonanza,14.016667,-84.583333,2011,P. falciparum,1,"Malaria Branch, Division of Parasitic Diseases and Malaria, Center for Global Health, Center for Disease Control and Prevention",http://www.ncbi.nlm.nih.gov/pubmed/24615126
2035,Pfcrt K76T,Nicaragua,NI,Region Autonoma del Atlantico Norte,Siuna,13.733333,-84.766667,2011,P. falciparum,18,"Malaria Branch, Division of Parasitic Diseases and Malaria, Center for Global Health, Center for Disease Control and Prevention",http://www.ncbi.nlm.nih.gov/pubmed/24615126
2036,Pfcrt K76T,Nicaragua,NI,Region Autonoma del Atlantico Norte,Rosita,13.883333,-84.400000,2011,P. falciparum,5,"Malaria Branch, Division of Parasitic Diseases and Malaria, Center for Global Health, Center for Disease Control and Prevention",http://www.ncbi.nlm.nih.gov/pubmed/24615126
2037,Pfcrt K76T,Nicaragua,NI,Region Autonoma del Atlantico Norte,Prinzapolka,13.400000,-83.566667,2011,P. falciparum,6,"Malaria Branch, Division of Parasitic Diseases and Malaria, Center for Global Health, Center for Disease Control and Prevention",http://www.ncbi.nlm.nih.gov/pubmed/24615126
2039,Pfcrt K76T,Honduras,HN,,Multiple sites,13.921859,-87.133779,2012,P. falciparum,32,"Microbiology Research Institute, National Autonomous University of Honduras",http://www.ncbi.nlm.nih.gov/pubmed/25075788
2040,Pfcrt K76T,Honduras,HN,,Multiple sites,13.921859,-87.133779,2013,P. falciparum,32,"Microbiology Research Institute, National Autonomous University of Honduras",http://www.ncbi.nlm.nih.gov/pubmed/25075788
2047,Pfcrt K76T,Nicaragua,NI,,All country (Nicaragua),13.133333,-85.116667,2015,P. falciparum,55,"Laboratorio de Parasitología, Sección de Malaria",
2048,Pfcrt K76T,Honduras,HN,,All country (Honduras),15.000000,-86.500000,2014,P. falciparum,28,"Laboratorio de Parasitología, Sección de Malaria",
2050,Pfcrt K76T,Honduras,HN,,All country (Honduras),15.000000,-86.500000,2015,P. falciparum,28,"Laboratorio de Parasitología, Sección de Malaria",
2051,Pfcrt K76T,Guatemala,GT,,All country (Guatemala),15.500000,-90.250000,2015,P. falciparum,16,"Laboratorio de Parasitología, Sección de Malaria",
2053,Pfcrt K76T,Honduras,HN,,All country (Honduras),15.000000,-86.500000,2016,P. falciparum,4,"Laboratorio de Parasitología, Sección de Malaria",
2054,Pfcrt K76T,Nicaragua,NI,,All country (Nicaragua),13.133333,-85.116667,2016,P. falciparum,23,"Laboratorio de Parasitología, Sección de Malaria",
2055,Pfcrt K76T,Haiti,HT,,Grand'Anse Department,18.519707,-74.227002,2017,P. falciparum,13,National Center for Global Health and Medicine,https://www.ncbi.nlm.nih.gov/pubmed/30334724
2056,Pfcrt K76T,Haiti,HT,,Nippes Department,18.444722,-73.088333,2017,P. falciparum,24,National Center for Global Health and Medicine,https://www.ncbi.nlm.nih.gov/pubmed/30334724
2057,Pfcrt K76T,Haiti,HT,,Sud Department,18.221859,-73.999774,2017,P. falciparum,43,National Center for Global Health and Medicine,https://www.ncbi.nlm.nih.gov/pubmed/30334724
2058,Pfcrt K76T,Haiti,HT,Nord,Pignon,19.336200,-72.114200,2016,P. falciparum,2,"Malaria Branch, Division of Parasitic Diseases and Malaria, Center for Global Health, Center for Disease Control and Prevention",https://pubmed.ncbi.nlm.nih.gov/32310062/
2059,Pfcrt K76T,Haiti,HT,Nord-Est,Capotille,19.450000,-71.700000,2016,P. falciparum,13,"Malaria Branch, Division of Parasitic Diseases and Malaria, Center for Global Health, Center for Disease Control and Prevention",https://pubmed.ncbi.nlm.nih.gov/32310062/
2060,Pfcrt K76T,Haiti,HT,Centre,Thomonde,19.016667,-71.966667,2016,P. falciparum,18,"Malaria Branch, Division of Parasitic Diseases and Malaria, Center for Global Health, Center for Disease Control and Prevention",https://pubmed.ncbi.nlm.nih.gov/32310062/
2061,Pfcrt K76T,Haiti,HT,Ouest,Cazale,18.801389,-72.383611,2016,P. falciparum,23,"Malaria Branch, Division of Parasitic Diseases and Malaria, Center for Global Health, Center for Disease Control and Prevention",https://pubmed.ncbi.nlm.nih.gov/32310062/
2062,Pfcrt K76T,Haiti,HT,Sud-Est,Jacmel,18.243006,-72.526398,2016,P. falciparum,12,"Malaria Branch, Division of Parasitic Diseases and Malaria, Center for Global Health, Center for Disease Control and Prevention",https://pubmed.ncbi.nlm.nih.gov/32310062/
2063,Pfcrt K76T,Haiti,HT,Nippes,Arnaud,18.450000,-73.383333,2016,P. falciparum,211,"Malaria Branch, Division of Parasitic Diseases and Malaria, Center for Global Health, Center for Disease Control and Prevention",https://pubmed.ncbi.nlm.nih.gov/32310062/
2064,Pfcrt K76T,Haiti,HT,Sud,Les Anglais,18.308105,-74.219105,2016,P. falciparum,211,"Malaria Branch, Division of Parasitic Diseases and Malaria, Center for Global Health, Center for Disease Control and Prevention",https://pubmed.ncbi.nlm.nih.gov/32310062/
2065,Pfcrt K76T,Haiti,HT,,Bon Samaritain des Roseaux,18.548926,-74.077010,2016,P. falciparum,68,"Malaria Branch, Division of Parasitic Diseases and Malaria, Center for Global Health, Center for Disease Control and Prevention",https://pubmed.ncbi.nlm.nih.gov/32310062/
2066,Pfcrt K76T,Haiti,HT,Grand'Anse,Jérémie,18.641274,-74.117897,2016,P. falciparum,199,"Malaria Branch, Division of Parasitic Diseases and Malaria, Center for Global Health, Center for Disease Control and Prevention",https://pubmed.ncbi.nlm.nih.gov/32310062/
2067,Pfcrt K76T,Haiti,HT,,Artibonite Department,19.450000,-72.683333,2017,P. falciparum,21,"Malaria Branch, Division of Parasitic Diseases and Malaria, Center for Global Health, Center for Disease Control and Prevention",https://pubmed.ncbi.nlm.nih.gov/32310062/
2068,Pfcrt K76T,Honduras,HN,,All country (Honduras),15.000000,-86.500000,2010,P. falciparum,13,"Department of Parasitology, U.S. Naval Medical Research Unit 6 (NAMRU-6)",https://pubmed.ncbi.nlm.nih.gov/33262482/
2069,Pfcrt K76T,Honduras,HN,,Gracias a Dios / Colón Department,15.595622,-85.000971,2018,P. falciparum,93,"Microbiology Research Institute, National Autonomous University of Honduras",https://pubmed.ncbi.nlm.nih.gov/34906144/
2070,Pfcrt K76T,Honduras,HN,,Islas de la Bahia,16.290833,-86.410833,2020,P. falciparum,1,"Microbiology Research Institute, National Autonomous University of Honduras",https://pubmed.ncbi.nlm.nih.gov/34906144/
2071,Pfcrt K76T,Honduras,HN,,Valle,13.533333,-87.483333,2020,P. falciparum,1,"Microbiology Research Institute, National Autonomous University of Honduras",https://pubmed.ncbi.nlm.nih.gov/34906144/
2072,Pfcrt K76T,Honduras,HN,,All country (Honduras),15.000000,-86.500000,2022,P. falciparum,24,"Microbiology Research Institute, National Autonomous University of Honduras",https://pubmed.ncbi.nlm.nih.gov/37315826/
2073,Pfcrt K76T,Viet Nam,VN,Gia Lai,Duc Co,13.772881,107.654378,2017,P. falciparum,77,"The GenRe-Mekong Project, Mahidol-Oxford Tropical Medicine Research Unit, Faculty of Tropical Medicine, Mahidol University",https://doi.org/10.7554/eLife.62997
2074,Pfcrt K76T,Myanmar,MM,Bago,Pyay,18.914700,95.172343,2017,P. falciparum,4,"The GenRe-Mekong Project, Mahidol-Oxford Tropical Medicine Research Unit, Faculty of Tropical Medicine, Mahidol University",https://doi.org/10.7554/eLife.62997
2075,Pfcrt K76T,Viet Nam,VN,Gia Lai,Kong Chro,13.703722,108.570064,2021,P. falciparum,9,"The GenRe-Mekong Project, Mahidol-Oxford Tropical Medicine Research Unit, Faculty of Tropical Medicine, Mahidol University",https://doi.org/10.1038/s41467-025-59946-1
2076,Pfcrt K76T,Viet Nam,VN,Dak Nong,Cu Jut,12.657282,107.865612,2019,P. falciparum,20,"The GenRe-Mekong Project, Mahidol-Oxford Tropical Medicine Research Unit, Faculty of Tropical Medicine, Mahidol University",https://doi.org/10.7554/eLife.62997
2077,Pfcrt K76T,Lao People's Democratic Republic,LA,Savannakhet,Nong,16.404470,106.627808,2020,P. falciparum,19,"The GenRe-Mekong Project, Mahidol-Oxford Tropical Medicine Research Unit, Faculty of Tropical Medicine, Mahidol University",https://doi.org/10.1038/s41467-025-59946-1
2078,Pfcrt K76T,Lao People's Democratic Republic,LA,Savannakhet,Nong,16.404470,106.627808,2021,P. falciparum,49,"The GenRe-Mekong Project, Mahidol-Oxford Tropical Medicine Research Unit, Faculty of Tropical Medicine, Mahidol University",https://doi.org/10.1038/s41467-025-59946-1
2079,Pfcrt K76T,Viet Nam,VN,Gia Lai,Krong Pa,13.234560,108.517936,2021,P. falciparum,64,"The GenRe-Mekong Project, Mahidol-Oxford Tropical Medicine Research Unit, Faculty of Tropical Medicine, Mahidol University",https://doi.org/10.1038/s41467-025-59946-1
2080,Pfcrt K76T,Viet Nam,VN,Gia Lai,Kong Chro,13.703722,108.570064,2020,P. falciparum,7,"The GenRe-Mekong Project, Mahidol-Oxford Tropical Medicine Research Unit, Faculty of Tropical Medicine, Mahidol University",https://doi.org/10.1038/s41467-025-59946-1
2081,Pfcrt K76T,Lao People's Democratic Republic,LA,Savannakhet,Thapangthong,15.993015,105.792847,2018,P. falciparum,22,"The GenRe-Mekong Project, Mahidol-Oxford Tropical Medicine Research Unit, Faculty of Tropical Medicine, Mahidol University",https://doi.org/10.1038/s41467-025-59946-1
2082,Pfcrt K76T,Lao People's Democratic Republic,LA,Sekong Province,Lam Mam,15.309393,106.717319,2020,P. falciparum,8,"The GenRe-Mekong Project, Mahidol-Oxford Tropical Medicine Research Unit, Faculty of Tropical Medicine, Mahidol University",https://doi.org/10.1038/s41467-025-59946-1
2083,Pfcrt K76T,Lao People's Democratic Republic,LA,Attapeu,Attapeu (city),14.800000,106.833333,2021,P. falciparum,6,"The GenRe-Mekong Project, Mahidol-Oxford Tropical Medicine Research Unit, Faculty of Tropical Medicine, Mahidol University",https://doi.org/10.1038/s41467-025-59946-1
2084,Pfcrt K76T,Viet Nam,VN,Dak Lak,Buon Ma Thuot,12.666667,108.050000,2018,P. falciparum,41,"The GenRe-Mekong Project, Mahidol-Oxford Tropical Medicine Research Unit, Faculty of Tropical Medicine, Mahidol University",https://doi.org/10.1038/s41467-025-59946-1
2085,Pfcrt K76T,Viet Nam,VN,Dak Lak,Ea H'leo,13.244510,108.197886,2018,P. falciparum,3,"The GenRe-Mekong Project, Mahidol-Oxford Tropical Medicine Research Unit, Faculty of Tropical Medicine, Mahidol University",https://doi.org/10.1038/s41467-025-59946-1
2086,Pfcrt K76T,Viet Nam,VN,Phu Yen,Dong Xuan,13.425345,109.021389,2020,P. falciparum,16,"The GenRe-Mekong Project, Mahidol-Oxford Tropical Medicine Research Unit, Faculty of Tropical Medicine, Mahidol University",https://doi.org/10.1038/s41467-025-59946-1
2087,Pfcrt K76T,Viet Nam,VN,Binh Phuoc,Dong Xoai,11.521886,106.860787,2017,P. falciparum,82,"The GenRe-Mekong Project, Mahidol-Oxford Tropical Medicine Research Unit, Faculty of Tropical Medicine, Mahidol University",https://doi.org/10.1038/s41467-025-59946-1
2088,Pfcrt K76T,Viet Nam,VN,Binh Phuoc,Dong Xoai,11.521886,106.860787,2016,P. falciparum,21,"The GenRe-Mekong Project, Mahidol-Oxford Tropical Medicine Research Unit, Faculty of Tropical Medicine, Mahidol University",https://doi.org/10.1038/s41467-025-59946-1
2089,Pfcrt K76T,Viet Nam,VN,Gia Lai,Kong Chro,13.703722,108.570064,2017,P. falciparum,10,"The GenRe-Mekong Project, Mahidol-Oxford Tropical Medicine Research Unit, Faculty of Tropical Medicine, Mahidol University",https://doi.org/10.7554/eLife.62997
2090,Pfcrt K76T,Viet Nam,VN,Gia Lai,Kong Chro,13.703722,108.570064,2019,P. falciparum,9,"The GenRe-Mekong Project, Mahidol-Oxford Tropical Medicine Research Unit, Faculty of Tropical Medicine, Mahidol University",https://doi.org/10.7554/eLife.62997
2091,Pfcrt K76T,Cambodia,KH,Kampong Speu,Phnom Sruoch,11.400000,104.400000,2021,P. falciparum,15,"The GenRe-Mekong Project, Mahidol-Oxford Tropical Medicine Research Unit, Faculty of Tropical Medicine, Mahidol University",https://doi.org/10.1038/s41467-025-59946-1
2092,Pfcrt K76T,Thailand,TH,Ubon Ratchathani,Buntharik,14.756667,105.411389,2017,P. falciparum,11,"The GenRe-Mekong Project, Mahidol-Oxford Tropical Medicine Research Unit, Faculty of Tropical Medicine, Mahidol University",https://doi.org/10.7554/eLife.62997
2093,Pfcrt K76T,Thailand,TH,Sisaket,Phu Sing,14.546667,104.131667,2018,P. falciparum,12,"The GenRe-Mekong Project, Mahidol-Oxford Tropical Medicine Research Unit, Faculty of Tropical Medicine, Mahidol University",https://doi.org/10.7554/eLife.62997
2094,Pfcrt K76T,Viet Nam,VN,Gia Lai,Krong Pa,13.234560,108.517936,2022,P. falciparum,129,"The GenRe-Mekong Project, Mahidol-Oxford Tropical Medicine Research Unit, Faculty of Tropical Medicine, Mahidol University",https://doi.org/10.1038/s41467-025-59946-1
2095,Pfcrt K76T,Lao People's Democratic Republic,LA,Savannakhet,Thaphalanxay,16.700000,105.600000,2017,P. falciparum,4,"The GenRe-Mekong Project, Mahidol-Oxford Tropical Medicine Research Unit, Faculty of Tropical Medicine, Mahidol University",https://doi.org/10.7554/eLife.62997
2096,Pfcrt K76T,Cambodia,KH,Pursat,Phnom Kravanh,12.333333,103.750000,2021,P. falciparum,12,"The GenRe-Mekong Project, Mahidol-Oxford Tropical Medicine Research Unit, Faculty of Tropical Medicine, Mahidol University",https://doi.org/10.1038/s41467-025-59946-1
2097,Pfcrt K76T,Cambodia,KH,Ratanakiri,Ban Lung,13.678894,106.949756,2017,P. falciparum,51,"The GenRe-Mekong Project, Mahidol-Oxford Tropical Medicine Research Unit, Faculty of Tropical Medicine, Mahidol University",https://doi.org/10.7554/eLife.62997
2098,Pfcrt K76T,Viet Nam,VN,Binh Phuoc,Bu Dang,11.769337,107.148452,2018,P. falciparum,16,"The GenRe-Mekong Project, Mahidol-Oxford Tropical Medicine Research Unit, Faculty of Tropical Medicine, Mahidol University",https://doi.org/10.7554/eLife.62997
2099,Pfcrt K76T,Viet Nam,VN,Dak Lak,Krông Năng,13.000000,108.417000,2020,P. falciparum,20,"The GenRe-Mekong Project, Mahidol-Oxford Tropical Medicine Research Unit, Faculty of Tropical Medicine, Mahidol University",https://doi.org/10.1038/s41467-025-59946-1
2100,Pfcrt K76T,Viet Nam,VN,Binh Phuoc,Bu Gia Map,12.039224,107.053943,2019,P. falciparum,21,"The GenRe-Mekong Project, Mahidol-Oxford Tropical Medicine Research Unit, Faculty of Tropical Medicine, Mahidol University",https://doi.org/10.7554/eLife.62997
2101,Pfcrt K76T,Lao People's Democratic Republic,LA,Savannakhet,Nong,16.404470,106.627808,2019,P. falciparum,68,"The GenRe-Mekong Project, Mahidol-Oxford Tropical Medicine Research Unit, Faculty of Tropical Medicine, Mahidol University",https://doi.org/10.1038/s41467-025-59946-1
2102,Pfcrt K76T,Cambodia,KH,Ratanakiri,Ban Lung,13.678894,106.949756,2018,P. falciparum,6,"The GenRe-Mekong Project, Mahidol-Oxford Tropical Medicine Research Unit, Faculty of Tropical Medicine, Mahidol University",https://doi.org/10.7554/eLife.62997
2103,Pfcrt K76T,Viet Nam,VN,Gia Lai,Krong Pa,13.234560,108.517936,2018,P. falciparum,294,"The GenRe-Mekong Project, Mahidol-Oxford Tropical Medicine Research Unit, Faculty of Tropical Medicine, Mahidol University",https://doi.org/10.7554/eLife.62997
2104,Pfcrt K76T,Viet Nam,VN,Gia Lai,Krong Pa,13.234560,108.517936,2017,P. falciparum,29,"The GenRe-Mekong Project, Mahidol-Oxford Tropical Medicine Research Unit, Faculty of Tropical Medicine, Mahidol University",https://doi.org/10.7554/eLife.62997
2105,Pfcrt K76T,Lao People's Democratic Republic,LA,Savannakhet,Khanthabouly,16.582488,104.867344,2021,P. falciparum,43,"The GenRe-Mekong Project, Mahidol-Oxford Tropical Medicine Research Unit, Faculty of Tropical Medicine, Mahidol University",https://doi.org/10.1038/s41467-025-59946-1
2106,Pfcrt K76T,Viet Nam,VN,Dak Lak,Cu M'gar,12.888894,108.031893,2017,P. falciparum,3,"The GenRe-Mekong Project, Mahidol-Oxford Tropical Medicine Research Unit, Faculty of Tropical Medicine, Mahidol University",https://doi.org/10.1038/s41467-025-59946-1
2107,Pfcrt K76T,Lao People's Democratic Republic,LA,Attapeu,Xaysetha,14.814444,106.934444,2019,P. falciparum,19,"The GenRe-Mekong Project, Mahidol-Oxford Tropical Medicine Research Unit, Faculty of Tropical Medicine, Mahidol University",https://doi.org/10.1038/s41467-025-59946-1
2108,Pfcrt K76T,Viet Nam,VN,Binh Phuoc,Bu Gia Map,12.039224,107.053943,2018,P. falciparum,285,"The GenRe-Mekong Project, Mahidol-Oxford Tropical Medicine Research Unit, Faculty of Tropical Medicine, Mahidol University",https://doi.org/10.7554/eLife.62997
2109,Pfcrt K76T,Viet Nam,VN,Dak Lak,Ea H'leo,13.244510,108.197886,2019,P. falciparum,9,"The GenRe-Mekong Project, Mahidol-Oxford Tropical Medicine Research Unit, Faculty of Tropical Medicine, Mahidol University",https://doi.org/10.1038/s41467-025-59946-1
2110,Pfcrt K76T,Cambodia,KH,Pursat,Sampov Meas,12.507551,103.937602,2018,P. falciparum,5,"The GenRe-Mekong Project, Mahidol-Oxford Tropical Medicine Research Unit, Faculty of Tropical Medicine, Mahidol University",https://doi.org/10.1038/s41467-025-59946-1
2111,Pfcrt K76T,Viet Nam,VN,Gia Lai,Ia Grai,14.000000,107.750000,2018,P. falciparum,17,"The GenRe-Mekong Project, Mahidol-Oxford Tropical Medicine Research Unit, Faculty of Tropical Medicine, Mahidol University",https://doi.org/10.7554/eLife.62997
2112,Pfcrt K76T,Viet Nam,VN,Gia Lai,Pleiku,13.967062,108.012876,2020,P. falciparum,5,"The GenRe-Mekong Project, Mahidol-Oxford Tropical Medicine Research Unit, Faculty of Tropical Medicine, Mahidol University",https://doi.org/10.1038/s41467-025-59946-1
2113,Pfcrt K76T,Viet Nam,VN,Gia Lai,Pleiku,13.967062,108.012876,2017,P. falciparum,48,"The GenRe-Mekong Project, Mahidol-Oxford Tropical Medicine Research Unit, Faculty of Tropical Medicine, Mahidol University",https://doi.org/10.1038/s41467-025-59946-1
2114,Pfcrt K76T,Viet Nam,VN,Dak Lak,Buon Ma Thuot,12.666667,108.050000,2019,P. falciparum,18,"The GenRe-Mekong Project, Mahidol-Oxford Tropical Medicine Research Unit, Faculty of Tropical Medicine, Mahidol University",https://doi.org/10.1038/s41467-025-59946-1
2115,Pfcrt K76T,Viet Nam,VN,Quang Tri,Dong Ha,16.796418,107.083517,2019,P. falciparum,5,"The GenRe-Mekong Project, Mahidol-Oxford Tropical Medicine Research Unit, Faculty of Tropical Medicine, Mahidol University",https://doi.org/10.1038/s41467-025-59946-1
2116,Pfcrt K76T,Cambodia,KH,Pursat,Sampov Meas,12.507551,103.937602,2017,P. falciparum,34,"The GenRe-Mekong Project, Mahidol-Oxford Tropical Medicine Research Unit, Faculty of Tropical Medicine, Mahidol University",https://doi.org/10.1038/s41467-025-59946-1
2117,Pfcrt K76T,Viet Nam,VN,Quang Tri,Dong Ha,16.796418,107.083517,2020,P. falciparum,5,"The GenRe-Mekong Project, Mahidol-Oxford Tropical Medicine Research Unit, Faculty of Tropical Medicine, Mahidol University",https://doi.org/10.1038/s41467-025-59946-1
2118,Pfcrt K76T,Lao People's Democratic Republic,LA,Savannakhet,Sepone,16.761100,106.337500,2020,P. falciparum,10,"The GenRe-Mekong Project, Mahidol-Oxford Tropical Medicine Research Unit, Faculty of Tropical Medicine, Mahidol University",https://doi.org/10.1038/s41467-025-59946-1
2119,Pfcrt K76T,Viet Nam,VN,Dak Nong,Tuy Duc,12.157612,107.434231,2019,P. falciparum,23,"The GenRe-Mekong Project, Mahidol-Oxford Tropical Medicine Research Unit, Faculty of Tropical Medicine, Mahidol University",https://doi.org/10.1038/s41467-025-59946-1
2120,Pfcrt K76T,Viet Nam,VN,Dak Lak,Buon Don,12.879161,107.716250,2017,P. falciparum,32,"The GenRe-Mekong Project, Mahidol-Oxford Tropical Medicine Research Unit, Faculty of Tropical Medicine, Mahidol University",https://doi.org/10.7554/eLife.62997
2121,Pfcrt K76T,Viet Nam,VN,Phu Yen,Son Hoa,13.148170,108.964386,2019,P. falciparum,29,"The GenRe-Mekong Project, Mahidol-Oxford Tropical Medicine Research Unit, Faculty of Tropical Medicine, Mahidol University",https://doi.org/10.1038/s41467-025-59946-1
2122,Pfcrt K76T,Viet Nam,VN,Ninh Thuan,Ninh Son,11.688870,108.736337,2017,P. falciparum,4,"The GenRe-Mekong Project, Mahidol-Oxford Tropical Medicine Research Unit, Faculty of Tropical Medicine, Mahidol University",https://doi.org/10.7554/eLife.62997
2123,Pfcrt K76T,Lao People's Democratic Republic,LA,Attapeu,Phouvong,14.751294,106.957996,2022,P. falciparum,20,"The GenRe-Mekong Project, Mahidol-Oxford Tropical Medicine Research Unit, Faculty of Tropical Medicine, Mahidol University",https://doi.org/10.1038/s41467-025-59946-1
2124,Pfcrt K76T,Viet Nam,VN,Binh Phuoc,Bu Gia Map,12.039224,107.053943,2020,P. falciparum,7,"The GenRe-Mekong Project, Mahidol-Oxford Tropical Medicine Research Unit, Faculty of Tropical Medicine, Mahidol University",https://doi.org/10.1038/s41467-025-59946-1
2125,Pfcrt K76T,Thailand,TH,Sisaket,Khun Han,14.547273,104.259303,2017,P. falciparum,13,"The GenRe-Mekong Project, Mahidol-Oxford Tropical Medicine Research Unit, Faculty of Tropical Medicine, Mahidol University",https://doi.org/10.7554/eLife.62997
2126,Pfcrt K76T,Viet Nam,VN,Dak Lak,Cu M'gar,12.888894,108.031893,2018,P. falciparum,3,"The GenRe-Mekong Project, Mahidol-Oxford Tropical Medicine Research Unit, Faculty of Tropical Medicine, Mahidol University",https://doi.org/10.1038/s41467-025-59946-1
2127,Pfcrt K76T,Viet Nam,VN,Gia Lai,Duc Co,13.772881,107.654378,2019,P. falciparum,8,"The GenRe-Mekong Project, Mahidol-Oxford Tropical Medicine Research Unit, Faculty of Tropical Medicine, Mahidol University",https://doi.org/10.7554/eLife.62997
2128,Pfcrt K76T,Thailand,TH,Sisaket,Kantharalak,14.640000,104.650000,2018,P. falciparum,28,"The GenRe-Mekong Project, Mahidol-Oxford Tropical Medicine Research Unit, Faculty of Tropical Medicine, Mahidol University",https://doi.org/10.7554/eLife.62997
2129,Pfcrt K76T,Lao People's Democratic Republic,LA,Savannakhet,Khanthabouly,16.582488,104.867344,2019,P. falciparum,41,"The GenRe-Mekong Project, Mahidol-Oxford Tropical Medicine Research Unit, Faculty of Tropical Medicine, Mahidol University",https://doi.org/10.1038/s41467-025-59946-1
2130,Pfcrt K76T,Viet Nam,VN,Khánh Hòa,Cam Lam,12.001667,109.223333,2017,P. falciparum,4,"The GenRe-Mekong Project, Mahidol-Oxford Tropical Medicine Research Unit, Faculty of Tropical Medicine, Mahidol University",https://doi.org/10.7554/eLife.62997
2131,Pfcrt K76T,Viet Nam,VN,Binh Phuoc,Bu Gia Map,12.039224,107.053943,2016,P. falciparum,35,"The GenRe-Mekong Project, Mahidol-Oxford Tropical Medicine Research Unit, Faculty of Tropical Medicine, Mahidol University",https://doi.org/10.7554/eLife.62997
2132,Pfcrt K76T,India,IN,West Bengal,Pashchim Medinipur,22.460484,87.431224,2017,P. falciparum,1,"The GenRe-Mekong Project, Mahidol-Oxford Tropical Medicine Research Unit, Faculty of Tropical Medicine, Mahidol University",https://doi.org/10.1038/s41467-025-59946-1
2133,Pfcrt K76T,Viet Nam,VN,Dak Lak,Krông Năng,13.000000,108.417000,2017,P. falciparum,2,"The GenRe-Mekong Project, Mahidol-Oxford Tropical Medicine Research Unit, Faculty of Tropical Medicine, Mahidol University",https://doi.org/10.7554/eLife.62997
2134,Pfcrt K76T,Lao People's Democratic Republic,LA,Champasak,Pakse,15.113837,105.816022,2021,P. falciparum,1,"The GenRe-Mekong Project, Mahidol-Oxford Tropical Medicine Research Unit, Faculty of Tropical Medicine, Mahidol University",https://doi.org/10.1038/s41467-025-59946-1
2135,Pfcrt K76T,Viet Nam,VN,Gia Lai,Ia Grai,14.000000,107.750000,2019,P. falciparum,9,"The GenRe-Mekong Project, Mahidol-Oxford Tropical Medicine Research Unit, Faculty of Tropical Medicine, Mahidol University",https://doi.org/10.1038/s41467-025-59946-1
2136,Pfcrt K76T,Viet Nam,VN,Dak Lak,Ea Kar,12.755440,108.538265,2022,P. falciparum,1,"The GenRe-Mekong Project, Mahidol-Oxford Tropical Medicine Research Unit, Faculty of Tropical Medicine, Mahidol University",https://doi.org/10.1038/s41467-025-59946-1
2137,Pfcrt K76T,Viet Nam,VN,Khánh Hòa,Nha Trang,12.238791,109.196749,2017,P. falciparum,3,"The GenRe-Mekong Project, Mahidol-Oxford Tropical Medicine Research Unit, Faculty of Tropical Medicine, Mahidol University",https://doi.org/10.1038/s41467-025-59946-1
2138,Pfcrt K76T,Viet Nam,VN,Phu Yen,Son Hoa,13.148170,108.964386,2021,P. falciparum,6,"The GenRe-Mekong Project, Mahidol-Oxford Tropical Medicine Research Unit, Faculty of Tropical Medicine, Mahidol University",https://doi.org/10.1038/s41467-025-59946-1
2139,Pfcrt K76T,Viet Nam,VN,Quang Binh,Dong Hoi,13.366249,108.983075,2022,P. falciparum,1,"The GenRe-Mekong Project, Mahidol-Oxford Tropical Medicine Research Unit, Faculty of Tropical Medicine, Mahidol University",https://doi.org/10.1038/s41467-025-59946-1
2140,Pfcrt K76T,Viet Nam,VN,Phu Yen,Song Hinh,12.917000,108.917000,2019,P. falciparum,74,"The GenRe-Mekong Project, Mahidol-Oxford Tropical Medicine Research Unit, Faculty of Tropical Medicine, Mahidol University",https://doi.org/10.1038/s41467-025-59946-1
2141,Pfcrt K76T,Viet Nam,VN,Binh Thuan,Ham Thuan Bac,11.156316,108.032444,2020,P. falciparum,2,"The GenRe-Mekong Project, Mahidol-Oxford Tropical Medicine Research Unit, Faculty of Tropical Medicine, Mahidol University",https://doi.org/10.1038/s41467-025-59946-1
2142,Pfcrt K76T,Lao People's Democratic Republic,LA,Champasak,Pathouphone,14.841895,105.947956,2019,P. falciparum,16,"The GenRe-Mekong Project, Mahidol-Oxford Tropical Medicine Research Unit, Faculty of Tropical Medicine, Mahidol University",https://doi.org/10.1038/s41467-025-59946-1
2143,Pfcrt K76T,Lao People's Democratic Republic,LA,Attapeu,Phouvong,14.751294,106.957996,2019,P. falciparum,22,"The GenRe-Mekong Project, Mahidol-Oxford Tropical Medicine Research Unit, Faculty of Tropical Medicine, Mahidol University",https://doi.org/10.1038/s41467-025-59946-1
2144,Pfcrt K76T,Viet Nam,VN,Dak Lak,Buon Don,12.879161,107.716250,2018,P. falciparum,23,"The GenRe-Mekong Project, Mahidol-Oxford Tropical Medicine Research Unit, Faculty of Tropical Medicine, Mahidol University",https://doi.org/10.7554/eLife.62997
2145,Pfcrt K76T,Viet Nam,VN,Khánh Hòa,Khanh Vinh,12.274375,108.917539,2018,P. falciparum,45,"The GenRe-Mekong Project, Mahidol-Oxford Tropical Medicine Research Unit, Faculty of Tropical Medicine, Mahidol University",https://doi.org/10.7554/eLife.62997
2146,Pfcrt K76T,Lao People's Democratic Republic,LA,Savannakhet,Nong,16.404470,106.627808,2018,P. falciparum,10,"The GenRe-Mekong Project, Mahidol-Oxford Tropical Medicine Research Unit, Faculty of Tropical Medicine, Mahidol University",https://doi.org/10.7554/eLife.62997
2147,Pfcrt K76T,Viet Nam,VN,Quang Tri,Huong Hoa,16.649551,106.676292,2018,P. falciparum,6,"The GenRe-Mekong Project, Mahidol-Oxford Tropical Medicine Research Unit, Faculty of Tropical Medicine, Mahidol University",https://doi.org/10.7554/eLife.62997
2148,Pfcrt K76T,Lao People's Democratic Republic,LA,Attapeu,Xaysetha,14.814444,106.934444,2021,P. falciparum,21,"The GenRe-Mekong Project, Mahidol-Oxford Tropical Medicine Research Unit, Faculty of Tropical Medicine, Mahidol University",https://doi.org/10.1038/s41467-025-59946-1
2149,Pfcrt K76T,Myanmar,MM,Mandalay,Pyin Oo Lwin,22.039177,96.471658,2017,P. falciparum,14,"The GenRe-Mekong Project, Mahidol-Oxford Tropical Medicine Research Unit, Faculty of Tropical Medicine, Mahidol University",https://doi.org/10.1038/s41467-025-59946-1
2150,Pfcrt K76T,Lao People's Democratic Republic,LA,Sekong Province,Lam Mam,15.309393,106.717319,2018,P. falciparum,8,"The GenRe-Mekong Project, Mahidol-Oxford Tropical Medicine Research Unit, Faculty of Tropical Medicine, Mahidol University",https://doi.org/10.1038/s41467-025-59946-1
2151,Pfcrt K76T,Lao People's Democratic Republic,LA,Savannakhet,Thaphalanxay,16.700000,105.600000,2020,P. falciparum,1,"The GenRe-Mekong Project, Mahidol-Oxford Tropical Medicine Research Unit, Faculty of Tropical Medicine, Mahidol University",https://doi.org/10.1038/s41467-025-59946-1
2152,Pfcrt K76T,Viet Nam,VN,Dak Lak,Ea Kar,12.755440,108.538265,2020,P. falciparum,25,"The GenRe-Mekong Project, Mahidol-Oxford Tropical Medicine Research Unit, Faculty of Tropical Medicine, Mahidol University",https://doi.org/10.1038/s41467-025-59946-1
2153,Pfcrt K76T,Viet Nam,VN,Dak Nong,Cu Jut,12.657282,107.865612,2017,P. falciparum,22,"The GenRe-Mekong Project, Mahidol-Oxford Tropical Medicine Research Unit, Faculty of Tropical Medicine, Mahidol University",https://doi.org/10.7554/eLife.62997
2154,Pfcrt K76T,Viet Nam,VN,Phu Yen,Song Hinh,12.917000,108.917000,2020,P. falciparum,29,"The GenRe-Mekong Project, Mahidol-Oxford Tropical Medicine Research Unit, Faculty of Tropical Medicine, Mahidol University",https://doi.org/10.1038/s41467-025-59946-1
2155,Pfcrt K76T,Viet Nam,VN,Gia Lai,Duc Co,13.772881,107.654378,2018,P. falciparum,43,"The GenRe-Mekong Project, Mahidol-Oxford Tropical Medicine Research Unit, Faculty of Tropical Medicine, Mahidol University",https://doi.org/10.7554/eLife.62997
2156,Pfcrt K76T,Viet Nam,VN,Gia Lai,Ia Pa,13.534257,108.565985,2019,P. falciparum,54,"The GenRe-Mekong Project, Mahidol-Oxford Tropical Medicine Research Unit, Faculty of Tropical Medicine, Mahidol University",https://doi.org/10.7554/eLife.62997
2157,Pfcrt K76T,Lao People's Democratic Republic,LA,Savannakhet,Nong,16.404470,106.627808,2022,P. falciparum,5,"The GenRe-Mekong Project, Mahidol-Oxford Tropical Medicine Research Unit, Faculty of Tropical Medicine, Mahidol University",https://doi.org/10.1038/s41467-025-59946-1
2158,Pfcrt K76T,Viet Nam,VN,Phu Yen,Son Hoa,13.148170,108.964386,2020,P. falciparum,10,"The GenRe-Mekong Project, Mahidol-Oxford Tropical Medicine Research Unit, Faculty of Tropical Medicine, Mahidol University",https://doi.org/10.1038/s41467-025-59946-1
2159,Pfcrt K76T,Viet Nam,VN,Dak Lak,Ea Kar,12.755440,108.538265,2019,P. falciparum,123,"The GenRe-Mekong Project, Mahidol-Oxford Tropical Medicine Research Unit, Faculty of Tropical Medicine, Mahidol University",https://doi.org/10.7554/eLife.62997
2160,Pfcrt K76T,Viet Nam,VN,Binh Phuoc,Hon Quan,11.587843,106.652452,2018,P. falciparum,1,"The GenRe-Mekong Project, Mahidol-Oxford Tropical Medicine Research Unit, Faculty of Tropical Medicine, Mahidol University",https://doi.org/10.7554/eLife.62997
2161,Pfcrt K76T,Lao People's Democratic Republic,LA,Salavan,Ta Oy,16.050000,106.583333,2020,P. falciparum,6,"The GenRe-Mekong Project, Mahidol-Oxford Tropical Medicine Research Unit, Faculty of Tropical Medicine, Mahidol University",https://doi.org/10.1038/s41467-025-59946-1
2162,Pfcrt K76T,Viet Nam,VN,Dak Nong,Cu Jut,12.657282,107.865612,2018,P. falciparum,24,"The GenRe-Mekong Project, Mahidol-Oxford Tropical Medicine Research Unit, Faculty of Tropical Medicine, Mahidol University",https://doi.org/10.7554/eLife.62997
2163,Pfcrt K76T,Viet Nam,VN,Gia Lai,Krong Pa,13.234560,108.517936,2020,P. falciparum,130,"The GenRe-Mekong Project, Mahidol-Oxford Tropical Medicine Research Unit, Faculty of Tropical Medicine, Mahidol University",https://doi.org/10.1038/s41467-025-59946-1
2164,Pfcrt K76T,Thailand,TH,Sisaket,Phu Sing,14.546667,104.131667,2017,P. falciparum,12,"The GenRe-Mekong Project, Mahidol-Oxford Tropical Medicine Research Unit, Faculty of Tropical Medicine, Mahidol University",https://doi.org/10.7554/eLife.62997
2165,Pfcrt K76T,Lao People's Democratic Republic,LA,Champasak,Paksong,15.178814,106.239360,2021,P. falciparum,6,"The GenRe-Mekong Project, Mahidol-Oxford Tropical Medicine Research Unit, Faculty of Tropical Medicine, Mahidol University",https://doi.org/10.1038/s41467-025-59946-1
2166,Pfcrt K76T,Viet Nam,VN,Phu Yen,Dong Xuan,13.425345,109.021389,2022,P. falciparum,4,"The GenRe-Mekong Project, Mahidol-Oxford Tropical Medicine Research Unit, Faculty of Tropical Medicine, Mahidol University",https://doi.org/10.1038/s41467-025-59946-1
2167,Pfcrt K76T,Viet Nam,VN,Gia Lai,Ia Grai,14.000000,107.750000,2017,P. falciparum,27,"The GenRe-Mekong Project, Mahidol-Oxford Tropical Medicine Research Unit, Faculty of Tropical Medicine, Mahidol University",https://doi.org/10.7554/eLife.62997
2168,Pfcrt K76T,Lao People's Democratic Republic,LA,Salavan,Ta Oy,16.050000,106.583333,2018,P. falciparum,1,"The GenRe-Mekong Project, Mahidol-Oxford Tropical Medicine Research Unit, Faculty of Tropical Medicine, Mahidol University",https://doi.org/10.7554/eLife.62997
2169,Pfcrt K76T,Thailand,TH,Ubon Ratchathani,Nam Yuen,14.489167,105.000833,2018,P. falciparum,4,"The GenRe-Mekong Project, Mahidol-Oxford Tropical Medicine Research Unit, Faculty of Tropical Medicine, Mahidol University",https://doi.org/10.1038/s41467-025-59946-1
2170,Pfcrt K76T,Cambodia,KH,Pailin Province,Pailin,12.741784,102.633104,2017,P. falciparum,22,"The GenRe-Mekong Project, Mahidol-Oxford Tropical Medicine Research Unit, Faculty of Tropical Medicine, Mahidol University",https://doi.org/10.7554/eLife.62997
2171,Pfcrt K76T,Viet Nam,VN,Phu Yen,Song Hinh,12.917000,108.917000,2021,P. falciparum,4,"The GenRe-Mekong Project, Mahidol-Oxford Tropical Medicine Research Unit, Faculty of Tropical Medicine, Mahidol University",https://doi.org/10.1038/s41467-025-59946-1
2172,Pfcrt K76T,Viet Nam,VN,Quang Tri,Dong Ha,16.796418,107.083517,2018,P. falciparum,2,"The GenRe-Mekong Project, Mahidol-Oxford Tropical Medicine Research Unit, Faculty of Tropical Medicine, Mahidol University",https://doi.org/10.7554/eLife.62997
2173,Pfcrt K76T,Viet Nam,VN,Dak Lak,Ea Sup,13.186223,107.763621,2017,P. falciparum,17,"The GenRe-Mekong Project, Mahidol-Oxford Tropical Medicine Research Unit, Faculty of Tropical Medicine, Mahidol University",https://doi.org/10.7554/eLife.62997
2174,Pfcrt K76T,Viet Nam,VN,Binh Phuoc,Bu Dop,11.985556,106.763611,2018,P. falciparum,16,"The GenRe-Mekong Project, Mahidol-Oxford Tropical Medicine Research Unit, Faculty of Tropical Medicine, Mahidol University",https://doi.org/10.7554/eLife.62997
2175,Pfcrt K76T,Lao People's Democratic Republic,LA,Attapeu,Phouvong,14.751294,106.957996,2018,P. falciparum,10,"The GenRe-Mekong Project, Mahidol-Oxford Tropical Medicine Research Unit, Faculty of Tropical Medicine, Mahidol University",https://doi.org/10.7554/eLife.62997
2176,Pfcrt K76T,Lao People's Democratic Republic,LA,Champasak,Khong,14.047043,105.832683,2018,P. falciparum,4,"The GenRe-Mekong Project, Mahidol-Oxford Tropical Medicine Research Unit, Faculty of Tropical Medicine, Mahidol University",https://doi.org/10.7554/eLife.62997
2177,Pfcrt K76T,Viet Nam,VN,Dak Lak,Ea H'leo,13.244510,108.197886,2017,P. falciparum,25,"The GenRe-Mekong Project, Mahidol-Oxford Tropical Medicine Research Unit, Faculty of Tropical Medicine, Mahidol University",https://doi.org/10.1038/s41467-025-59946-1
2178,Pfcrt K76T,Lao People's Democratic Republic,LA,Attapeu,Sanxay,15.085552,107.215261,2020,P. falciparum,31,"The GenRe-Mekong Project, Mahidol-Oxford Tropical Medicine Research Unit, Faculty of Tropical Medicine, Mahidol University",https://doi.org/10.1038/s41467-025-59946-1
2179,Pfcrt K76T,Viet Nam,VN,Quang Tri,Da Krong,16.578831,106.976934,2018,P. falciparum,11,"The GenRe-Mekong Project, Mahidol-Oxford Tropical Medicine Research Unit, Faculty of Tropical Medicine, Mahidol University",https://doi.org/10.1038/s41467-025-59946-1
2180,Pfcrt K76T,India,IN,Odisha,Sundergarh,22.124002,84.043175,2016,P. falciparum,4,"The GenRe-Mekong Project, Mahidol-Oxford Tropical Medicine Research Unit, Faculty of Tropical Medicine, Mahidol University",https://doi.org/10.1038/s41467-025-59946-1
2181,Pfcrt K76T,Viet Nam,VN,Dak Lak,Ea Kar,12.755440,108.538265,2017,P. falciparum,26,"The GenRe-Mekong Project, Mahidol-Oxford Tropical Medicine Research Unit, Faculty of Tropical Medicine, Mahidol University",https://doi.org/10.7554/eLife.62997
2182,Pfcrt K76T,Lao People's Democratic Republic,LA,Savannakhet,Thapangthong,15.993015,105.792847,2020,P. falciparum,5,"The GenRe-Mekong Project, Mahidol-Oxford Tropical Medicine Research Unit, Faculty of Tropical Medicine, Mahidol University",https://doi.org/10.1038/s41467-025-59946-1
2183,Pfcrt K76T,Lao People's Democratic Republic,LA,Attapeu,Phouvong,14.751294,106.957996,2021,P. falciparum,47,"The GenRe-Mekong Project, Mahidol-Oxford Tropical Medicine Research Unit, Faculty of Tropical Medicine, Mahidol University",https://doi.org/10.1038/s41467-025-59946-1
2184,Pfcrt K76T,Lao People's Democratic Republic,LA,Attapeu,Attapeu (city),14.800000,106.833333,2020,P. falciparum,6,"The GenRe-Mekong Project, Mahidol-Oxford Tropical Medicine Research Unit, Faculty of Tropical Medicine, Mahidol University",https://doi.org/10.1038/s41467-025-59946-1
2185,Pfcrt K76T,Viet Nam,VN,Dak Nong,Tuy Duc,12.157612,107.434231,2017,P. falciparum,29,"The GenRe-Mekong Project, Mahidol-Oxford Tropical Medicine Research Unit, Faculty of Tropical Medicine, Mahidol University",https://doi.org/10.7554/eLife.62997
2186,Pfcrt K76T,Lao People's Democratic Republic,LA,Attapeu,Phouvong,14.751294,106.957996,2020,P. falciparum,121,"The GenRe-Mekong Project, Mahidol-Oxford Tropical Medicine Research Unit, Faculty of Tropical Medicine, Mahidol University",https://doi.org/10.1038/s41467-025-59946-1
2187,Pfcrt K76T,Viet Nam,VN,Kon Tum,Kon Tum,14.343823,108.003121,2019,P. falciparum,1,"The GenRe-Mekong Project, Mahidol-Oxford Tropical Medicine Research Unit, Faculty of Tropical Medicine, Mahidol University",https://doi.org/10.1038/s41467-025-59946-1
2188,Pfcrt K76T,Lao People's Democratic Republic,LA,Salavan,Vapy,15.829298,105.691385,2018,P. falciparum,1,"The GenRe-Mekong Project, Mahidol-Oxford Tropical Medicine Research Unit, Faculty of Tropical Medicine, Mahidol University",https://doi.org/10.7554/eLife.62997
2189,Pfcrt K76T,Viet Nam,VN,Dak Lak,Ea Sup,13.186223,107.763621,2019,P. falciparum,6,"The GenRe-Mekong Project, Mahidol-Oxford Tropical Medicine Research Unit, Faculty of Tropical Medicine, Mahidol University",https://doi.org/10.1038/s41467-025-59946-1
2190,Pfcrt K76T,Viet Nam,VN,Gia Lai,Ia Pa,13.534257,108.565985,2017,P. falciparum,41,"The GenRe-Mekong Project, Mahidol-Oxford Tropical Medicine Research Unit, Faculty of Tropical Medicine, Mahidol University",https://doi.org/10.7554/eLife.62997
2191,Pfcrt K76T,Lao People's Democratic Republic,LA,Champasak,Khong,14.047043,105.832683,2019,P. falciparum,3,"The GenRe-Mekong Project, Mahidol-Oxford Tropical Medicine Research Unit, Faculty of Tropical Medicine, Mahidol University",https://doi.org/10.1038/s41467-025-59946-1
2192,Pfcrt K76T,Viet Nam,VN,Gia Lai,Pleiku,13.967062,108.012876,2018,P. falciparum,28,"The GenRe-Mekong Project, Mahidol-Oxford Tropical Medicine Research Unit, Faculty of Tropical Medicine, Mahidol University",https://doi.org/10.1038/s41467-025-59946-1
2193,Pfcrt K76T,Lao People's Democratic Republic,LA,Champasak,Pathouphone,14.841895,105.947956,2018,P. falciparum,3,"The GenRe-Mekong Project, Mahidol-Oxford Tropical Medicine Research Unit, Faculty of Tropical Medicine, Mahidol University",https://doi.org/10.1038/s41467-025-59946-1
2194,Pfcrt K76T,Lao People's Democratic Republic,LA,Attapeu,Xaysetha,14.814444,106.934444,2022,P. falciparum,1,"The GenRe-Mekong Project, Mahidol-Oxford Tropical Medicine Research Unit, Faculty of Tropical Medicine, Mahidol University",https://doi.org/10.1038/s41467-025-59946-1
2195,Pfcrt K76T,Viet Nam,VN,Ninh Thuan,Bac Ai,11.833415,108.855148,2019,P. falciparum,11,"The GenRe-Mekong Project, Mahidol-Oxford Tropical Medicine Research Unit, Faculty of Tropical Medicine, Mahidol University",https://doi.org/10.1038/s41467-025-59946-1
2196,Pfcrt K76T,Cambodia,KH,Mondulkiri,Kaev Seima,12.362800,106.818700,2022,P. falciparum,4,"The GenRe-Mekong Project, Mahidol-Oxford Tropical Medicine Research Unit, Faculty of Tropical Medicine, Mahidol University",https://doi.org/10.1038/s41467-025-59946-1
2197,Pfcrt K76T,Viet Nam,VN,Dak Lak,Krong Bong,12.469506,108.507187,2019,P. falciparum,1,"The GenRe-Mekong Project, Mahidol-Oxford Tropical Medicine Research Unit, Faculty of Tropical Medicine, Mahidol University",https://doi.org/10.1038/s41467-025-59946-1
2198,Pfcrt K76T,Lao People's Democratic Republic,LA,Salavan,Salavan (district),15.716667,106.416667,2018,P. falciparum,5,"The GenRe-Mekong Project, Mahidol-Oxford Tropical Medicine Research Unit, Faculty of Tropical Medicine, Mahidol University",https://doi.org/10.7554/eLife.62997
2199,Pfcrt K76T,Lao People's Democratic Republic,LA,Champasak,Pakse,15.113837,105.816022,2017,P. falciparum,4,"The GenRe-Mekong Project, Mahidol-Oxford Tropical Medicine Research Unit, Faculty of Tropical Medicine, Mahidol University",https://doi.org/10.7554/eLife.62997
2200,Pfcrt K76T,Viet Nam,VN,Binh Phuoc,Bu Gia Map,12.039224,107.053943,2017,P. falciparum,122,"The GenRe-Mekong Project, Mahidol-Oxford Tropical Medicine Research Unit, Faculty of Tropical Medicine, Mahidol University",https://doi.org/10.7554/eLife.62997
2201,Pfcrt K76T,Lao People's Democratic Republic,LA,Sekong Province,Lam Mam,15.309393,106.717319,2021,P. falciparum,3,"The GenRe-Mekong Project, Mahidol-Oxford Tropical Medicine Research Unit, Faculty of Tropical Medicine, Mahidol University",https://doi.org/10.1038/s41467-025-59946-1
2202,Pfcrt K76T,Viet Nam,VN,Gia Lai,Ia Pa,13.534257,108.565985,2018,P. falciparum,27,"The GenRe-Mekong Project, Mahidol-Oxford Tropical Medicine Research Unit, Faculty of Tropical Medicine, Mahidol University",https://doi.org/10.7554/eLife.62997
2203,Pfcrt K76T,Lao People's Democratic Republic,LA,Attapeu,Sanxay,15.085552,107.215261,2021,P. falciparum,47,"The GenRe-Mekong Project, Mahidol-Oxford Tropical Medicine Research Unit, Faculty of Tropical Medicine, Mahidol University",https://doi.org/10.1038/s41467-025-59946-1
2204,Pfcrt K76T,Lao People's Democratic Republic,LA,Champasak,Paksong,15.178814,106.239360,2019,P. falciparum,5,"The GenRe-Mekong Project, Mahidol-Oxford Tropical Medicine Research Unit, Faculty of Tropical Medicine, Mahidol University",https://doi.org/10.1038/s41467-025-59946-1
2205,Pfcrt K76T,Viet Nam,VN,Quang Tri,Dong Ha,16.796418,107.083517,2017,P. falciparum,26,"The GenRe-Mekong Project, Mahidol-Oxford Tropical Medicine Research Unit, Faculty of Tropical Medicine, Mahidol University",https://doi.org/10.7554/eLife.62997
2206,Pfcrt K76T,Lao People's Democratic Republic,LA,Attapeu,Xaysetha,14.814444,106.934444,2020,P. falciparum,20,"The GenRe-Mekong Project, Mahidol-Oxford Tropical Medicine Research Unit, Faculty of Tropical Medicine, Mahidol University",https://doi.org/10.1038/s41467-025-59946-1
2207,Pfcrt K76T,India,IN,Tripura,West Tripura,23.916667,91.500000,2017,P. falciparum,1,"The GenRe-Mekong Project, Mahidol-Oxford Tropical Medicine Research Unit, Faculty of Tropical Medicine, Mahidol University",https://doi.org/10.1038/s41467-025-59946-1
2208,Pfcrt K76T,Lao People's Democratic Republic,LA,Savannakhet,Phine,16.532760,105.952041,2019,P. falciparum,12,"The GenRe-Mekong Project, Mahidol-Oxford Tropical Medicine Research Unit, Faculty of Tropical Medicine, Mahidol University",https://doi.org/10.1038/s41467-025-59946-1
2209,Pfcrt K76T,Viet Nam,VN,Gia Lai,Pleiku,13.967062,108.012876,2019,P. falciparum,15,"The GenRe-Mekong Project, Mahidol-Oxford Tropical Medicine Research Unit, Faculty of Tropical Medicine, Mahidol University",https://doi.org/10.1038/s41467-025-59946-1
2210,Pfcrt K76T,Lao People's Democratic Republic,LA,Salavan,Samuoi,16.327332,106.892004,2018,P. falciparum,7,"The GenRe-Mekong Project, Mahidol-Oxford Tropical Medicine Research Unit, Faculty of Tropical Medicine, Mahidol University",https://doi.org/10.7554/eLife.62997
2211,Pfcrt K76T,Viet Nam,VN,Dak Nong,Tuy Duc,12.157612,107.434231,2018,P. falciparum,33,"The GenRe-Mekong Project, Mahidol-Oxford Tropical Medicine Research Unit, Faculty of Tropical Medicine, Mahidol University",https://doi.org/10.7554/eLife.62997
2212,Pfcrt K76T,Viet Nam,VN,Dak Lak,Krông Năng,13.000000,108.417000,2019,P. falciparum,119,"The GenRe-Mekong Project, Mahidol-Oxford Tropical Medicine Research Unit, Faculty of Tropical Medicine, Mahidol University",https://doi.org/10.1038/s41467-025-59946-1
2213,Pfcrt K76T,Lao People's Democratic Republic,LA,Attapeu,Sanxay,15.085552,107.215261,2018,P. falciparum,4,"The GenRe-Mekong Project, Mahidol-Oxford Tropical Medicine Research Unit, Faculty of Tropical Medicine, Mahidol University",https://doi.org/10.1038/s41467-025-59946-1
2214,Pfcrt K76T,Viet Nam,VN,Khánh Hòa,Khanh Vinh,12.274375,108.917539,2019,P. falciparum,6,"The GenRe-Mekong Project, Mahidol-Oxford Tropical Medicine Research Unit, Faculty of Tropical Medicine, Mahidol University",https://doi.org/10.7554/eLife.62997
2215,Pfcrt K76T,Viet Nam,VN,Gia Lai,Krong Pa,13.234560,108.517936,2019,P. falciparum,383,"The GenRe-Mekong Project, Mahidol-Oxford Tropical Medicine Research Unit, Faculty of Tropical Medicine, Mahidol University",https://doi.org/10.7554/eLife.62997
2216,Pfcrt K76T,Lao People's Democratic Republic,LA,Attapeu,Sanamxay,14.684482,106.575665,2018,P. falciparum,3,"The GenRe-Mekong Project, Mahidol-Oxford Tropical Medicine Research Unit, Faculty of Tropical Medicine, Mahidol University",https://doi.org/10.7554/eLife.62997
2217,Pfcrt K76T,Viet Nam,VN,Ninh Thuan,Thuan Bac,11.753333,109.069098,2017,P. falciparum,3,"The GenRe-Mekong Project, Mahidol-Oxford Tropical Medicine Research Unit, Faculty of Tropical Medicine, Mahidol University",https://doi.org/10.7554/eLife.62997
2218,Pfcrt K76T,Lao People's Democratic Republic,LA,Attapeu,Sanxay,15.085552,107.215261,2022,P. falciparum,36,"The GenRe-Mekong Project, Mahidol-Oxford Tropical Medicine Research Unit, Faculty of Tropical Medicine, Mahidol University",https://doi.org/10.1038/s41467-025-59946-1
2219,Pfcrt K76T,Lao People's Democratic Republic,LA,Attapeu,Attapeu (city),14.800000,106.833333,2018,P. falciparum,4,"The GenRe-Mekong Project, Mahidol-Oxford Tropical Medicine Research Unit, Faculty of Tropical Medicine, Mahidol University",https://doi.org/10.1038/s41467-025-59946-1
2220,Pfcrt K76T,Lao People's Democratic Republic,LA,Attapeu,Xaysetha,14.814444,106.934444,2018,P. falciparum,10,"The GenRe-Mekong Project, Mahidol-Oxford Tropical Medicine Research Unit, Faculty of Tropical Medicine, Mahidol University",https://doi.org/10.7554/eLife.62997
2221,Pfcrt K76T,Cambodia,KH,Pursat,Phnom Kravanh,12.333333,103.750000,2022,P. falciparum,61,"The GenRe-Mekong Project, Mahidol-Oxford Tropical Medicine Research Unit, Faculty of Tropical Medicine, Mahidol University",https://doi.org/10.1038/s41467-025-59946-1
2222,Pfcrt K76T,Lao People's Democratic Republic,LA,Salavan,Toomlarn,16.031009,106.243361,2019,P. falciparum,4,"The GenRe-Mekong Project, Mahidol-Oxford Tropical Medicine Research Unit, Faculty of Tropical Medicine, Mahidol University",https://doi.org/10.1038/s41467-025-59946-1
2223,Pfcrt K76T,Cambodia,KH,Kampong Speu,Phnom Sruoch,11.400000,104.400000,2022,P. falciparum,8,"The GenRe-Mekong Project, Mahidol-Oxford Tropical Medicine Research Unit, Faculty of Tropical Medicine, Mahidol University",https://doi.org/10.1038/s41467-025-59946-1
2224,Pfcrt K76T,Cambodia,KH,Pursat,Veal Veng,12.546349,103.918749,2022,P. falciparum,2,"The GenRe-Mekong Project, Mahidol-Oxford Tropical Medicine Research Unit, Faculty of Tropical Medicine, Mahidol University",https://doi.org/10.1038/s41467-025-59946-1
2225,Pfcrt K76T,Thailand,TH,Ubon Ratchathani,Na Chaluai,14.503619,105.242885,2017,P. falciparum,3,"The GenRe-Mekong Project, Mahidol-Oxford Tropical Medicine Research Unit, Faculty of Tropical Medicine, Mahidol University",https://doi.org/10.7554/eLife.62997
2226,Pfcrt K76T,Viet Nam,VN,Phu Yen,Dong Xuan,13.425345,109.021389,2019,P. falciparum,75,"The GenRe-Mekong Project, Mahidol-Oxford Tropical Medicine Research Unit, Faculty of Tropical Medicine, Mahidol University",https://doi.org/10.1038/s41467-025-59946-1
2227,Pfcrt K76T,Lao People's Democratic Republic,LA,Savannakhet,Sepone,16.761100,106.337500,2019,P. falciparum,8,"The GenRe-Mekong Project, Mahidol-Oxford Tropical Medicine Research Unit, Faculty of Tropical Medicine, Mahidol University",https://doi.org/10.1038/s41467-025-59946-1
2228,Pfcrt K76T,Viet Nam,VN,Khánh Hòa,Khanh Vinh,12.274375,108.917539,2017,P. falciparum,14,"The GenRe-Mekong Project, Mahidol-Oxford Tropical Medicine Research Unit, Faculty of Tropical Medicine, Mahidol University",https://doi.org/10.7554/eLife.62997
2229,Pfcrt K76T,Viet Nam,VN,Kon Tum,Ia H' Drai,14.102580,107.454338,2019,P. falciparum,2,"The GenRe-Mekong Project, Mahidol-Oxford Tropical Medicine Research Unit, Faculty of Tropical Medicine, Mahidol University",https://doi.org/10.1038/s41467-025-59946-1
2230,Pfcrt K76T,Lao People's Democratic Republic,LA,Savannakhet,Vilabuly,16.941445,105.975349,2017,P. falciparum,19,"The GenRe-Mekong Project, Mahidol-Oxford Tropical Medicine Research Unit, Faculty of Tropical Medicine, Mahidol University",https://doi.org/10.7554/eLife.62997
2231,Pfcrt K76T,Viet Nam,VN,Dak Lak,Buon Ma Thuot,12.666667,108.050000,2017,P. falciparum,47,"The GenRe-Mekong Project, Mahidol-Oxford Tropical Medicine Research Unit, Faculty of Tropical Medicine, Mahidol University",https://doi.org/10.1038/s41467-025-59946-1
2232,Pfcrt K76T,Cambodia,KH,Mondulkiri,Kaev Seima,12.362800,106.818700,2021,P. falciparum,4,"The GenRe-Mekong Project, Mahidol-Oxford Tropical Medicine Research Unit, Faculty of Tropical Medicine, Mahidol University",https://doi.org/10.1038/s41467-025-59946-1
2233,Pfcrt K76T,Lao People's Democratic Republic,LA,Salavan,Ta Oy,16.050000,106.583333,2019,P. falciparum,9,"The GenRe-Mekong Project, Mahidol-Oxford Tropical Medicine Research Unit, Faculty of Tropical Medicine, Mahidol University",https://doi.org/10.1038/s41467-025-59946-1
2234,Pfcrt K76T,Viet Nam,VN,Phu Yen,Dong Xuan,13.425345,109.021389,2021,P. falciparum,9,"The GenRe-Mekong Project, Mahidol-Oxford Tropical Medicine Research Unit, Faculty of Tropical Medicine, Mahidol University",https://doi.org/10.1038/s41467-025-59946-1
2235,Pfcrt K76T,Viet Nam,VN,Dak Lak,M'Drak,12.730783,108.818843,2019,P. falciparum,4,"The GenRe-Mekong Project, Mahidol-Oxford Tropical Medicine Research Unit, Faculty of Tropical Medicine, Mahidol University",https://doi.org/10.1038/s41467-025-59946-1
2236,Pfcrt K76T,Myanmar,MM,Rakhine,Kyaukphyu,19.422155,93.526439,2017,P. falciparum,41,"The GenRe-Mekong Project, Mahidol-Oxford Tropical Medicine Research Unit, Faculty of Tropical Medicine, Mahidol University",https://doi.org/10.1038/s41467-025-59946-1
2237,Pfcrt K76T,Viet Nam,VN,Binh Thuan,Bac Binh,11.255183,108.380131,2020,P. falciparum,6,"The GenRe-Mekong Project, Mahidol-Oxford Tropical Medicine Research Unit, Faculty of Tropical Medicine, Mahidol University",https://doi.org/10.1038/s41467-025-59946-1
2238,Pfcrt K76T,Lao People's Democratic Republic,LA,Sekong Province,Tha Teng,15.428758,106.378984,2017,P. falciparum,2,"The GenRe-Mekong Project, Mahidol-Oxford Tropical Medicine Research Unit, Faculty of Tropical Medicine, Mahidol University",https://doi.org/10.7554/eLife.62997
2239,Pfcrt K76T,Viet Nam,VN,Dak Lak,Ea Sup,13.186223,107.763621,2018,P. falciparum,14,"The GenRe-Mekong Project, Mahidol-Oxford Tropical Medicine Research Unit, Faculty of Tropical Medicine, Mahidol University",https://doi.org/10.7554/eLife.62997
2240,Pfcrt K76T,Viet Nam,VN,Ninh Thuan,Bac Ai,11.833415,108.855148,2020,P. falciparum,3,"The GenRe-Mekong Project, Mahidol-Oxford Tropical Medicine Research Unit, Faculty of Tropical Medicine, Mahidol University",https://doi.org/10.1038/s41467-025-59946-1
2241,Pfcrt K76T,Viet Nam,VN,Ninh Thuan,Bac Ai,11.833415,108.855148,2018,P. falciparum,5,"The GenRe-Mekong Project, Mahidol-Oxford Tropical Medicine Research Unit, Faculty of Tropical Medicine, Mahidol University",https://doi.org/10.7554/eLife.62997
2242,Pfcrt K76T,Viet Nam,VN,Ninh Thuan,Bac Ai,11.833415,108.855148,2017,P. falciparum,19,"The GenRe-Mekong Project, Mahidol-Oxford Tropical Medicine Research Unit, Faculty of Tropical Medicine, Mahidol University",https://doi.org/10.7554/eLife.62997
2243,Pfcrt K76T,Cambodia,KH,Pursat,Krakor,12.546682,104.172877,2022,P. falciparum,2,"The GenRe-Mekong Project, Mahidol-Oxford Tropical Medicine Research Unit, Faculty of Tropical Medicine, Mahidol University",https://doi.org/10.1038/s41467-025-59946-1
2244,Pfcrt K76T,Lao People's Democratic Republic,LA,Savannakhet,Khanthabouly,16.582488,104.867344,2020,P. falciparum,17,"The GenRe-Mekong Project, Mahidol-Oxford Tropical Medicine Research Unit, Faculty of Tropical Medicine, Mahidol University",https://doi.org/10.1038/s41467-025-59946-1
3002,Pfmdr1 amplifications,Angola,AO,Benguela Province,Benguela,-12.590516,13.416501,2015,P. falciparum,185,"Malaria Branch and President's Malaria Initiative, Division of Parasitic Diseases and Malaria, Center for Global Health, Centers for Disease Control and Prevention",https://www.ncbi.nlm.nih.gov/pubmed/28153004
3003,Pfmdr1 amplifications,Angola,AO,Zaire,M'Banza-Kongo,-6.269421,14.233780,2015,P. falciparum,99,"Malaria Branch and President's Malaria Initiative, Division of Parasitic Diseases and Malaria, Center for Global Health, Centers for Disease Control and Prevention",https://www.ncbi.nlm.nih.gov/pubmed/28153004
3004,Pfmdr1 amplifications,Angola,AO,Lunda Sul,Saurimo,-9.661217,20.390460,2015,P. falciparum,203,"Malaria Branch and President's Malaria Initiative, Division of Parasitic Diseases and Malaria, Center for Global Health, Centers for Disease Control and Prevention",https://www.ncbi.nlm.nih.gov/pubmed/28153004
3005,Pfmdr1 amplifications,Angola,AO,Luanda Province,Luanda,-8.839988,13.289437,2011,P. falciparum,32,"Unidade de Parasitologia Médica, Instituto de Higiene e Medicina Tropical, Universidade Nova de Lisboa",http://www.ncbi.nlm.nih.gov/pubmed/26670642
3006,Pfmdr1 amplifications,Angola,AO,Luanda Province,Luanda,-8.839988,13.289437,2012,P. falciparum,29,"Unidade de Parasitologia Médica, Instituto de Higiene e Medicina Tropical, Universidade Nova de Lisboa",http://www.ncbi.nlm.nih.gov/pubmed/26670642
3007,Pfmdr1 amplifications,Angola,AO,Luanda Province,Luanda,-8.839988,13.289437,2013,P. falciparum,32,"Unidade de Parasitologia Médica, Instituto de Higiene e Medicina Tropical, Universidade Nova de Lisboa",http://www.ncbi.nlm.nih.gov/pubmed/26670642
3008,Pfmdr1 amplifications,Burundi,BI,Bujumbura Mairie,Bujumbura,-3.361378,29.359878,2015,P. falciparum,55,Programme National Intégré de Lutte contre le Paludisme,
3009,Pfmdr1 amplifications,Comoros,KM,,Grande Comore,-11.583333,43.333333,2013,P. falciparum,46,Programme National de Lutte Contre le Paludisme,
3010,Pfmdr1 amplifications,Democratic Republic of the Congo,CD,Equateur,Bolenge,0.000100,18.216700,2014,P. falciparum,51,"Biochemistry and Molecular Biology Unit, Department of Basic Sciences, School of Medicine, University of Kinshasa",https://www.ncbi.nlm.nih.gov/pubmed/28594879
3011,Pfmdr1 amplifications,Democratic Republic of the Congo,CD,Kasaï,Mweka,-4.850000,21.566667,2014,P. falciparum,31,"Biochemistry and Molecular Biology Unit, Department of Basic Sciences, School of Medicine, University of Kinshasa",https://www.ncbi.nlm.nih.gov/pubmed/28594879
3012,Pfmdr1 amplifications,Democratic Republic of the Congo,CD,Haut-Katanga,Kapolowe,-10.942380,26.952181,2014,P. falciparum,63,"Biochemistry and Molecular Biology Unit, Department of Basic Sciences, School of Medicine, University of Kinshasa",https://www.ncbi.nlm.nih.gov/pubmed/28594879
3013,Pfmdr1 amplifications,Democratic Republic of the Congo,CD,,Kinshasa,-4.325000,15.322222,2014,P. falciparum,62,"Biochemistry and Molecular Biology Unit, Department of Basic Sciences, School of Medicine, University of Kinshasa",https://www.ncbi.nlm.nih.gov/pubmed/28594879
3014,Pfmdr1 amplifications,Democratic Republic of the Congo,CD,Nord Kivu,Butembo,0.150000,29.283333,2014,P. falciparum,22,"Biochemistry and Molecular Biology Unit, Department of Basic Sciences, School of Medicine, University of Kinshasa",https://www.ncbi.nlm.nih.gov/pubmed/28594879
3015,Pfmdr1 amplifications,Democratic Republic of the Congo,CD,Maniema,Punia,-1.466700,26.450000,2014,P. falciparum,51,"Biochemistry and Molecular Biology Unit, Department of Basic Sciences, School of Medicine, University of Kinshasa",https://www.ncbi.nlm.nih.gov/pubmed/28594879
3017,Pfmdr1 amplifications,Equatorial Guinea,GQ,Litoral,Machinda,1.883333,9.966667,2013,P. falciparum,22,"Instituto de Higiene e Medicina Tropical, Universidade Nova de Lisboa",https://www.ncbi.nlm.nih.gov/pubmed/27795385
3018,Pfmdr1 amplifications,Equatorial Guinea,GQ,Centro Sur,Niefang,1.850000,10.250000,2013,P. falciparum,42,"Instituto de Higiene e Medicina Tropical, Universidade Nova de Lisboa",https://www.ncbi.nlm.nih.gov/pubmed/27795385
3020,Pfmdr1 amplifications,Gabon,GA,Ogooué et des Lacs,Lambaréné,-0.701546,10.240386,2011,P. falciparum,114,"Institute of Tropical Medicine, University Tübingen",https://www.ncbi.nlm.nih.gov/pubmed/28535801
3021,Pfmdr1 amplifications,Ghana,GH,Ashanti,Kumasi,6.666600,-1.616271,2011,P. falciparum,89,"Institute of Tropical Medicine, University Tübingen",https://www.ncbi.nlm.nih.gov/pubmed/28535801
3022,Pfmdr1 amplifications,Kenya,KE,,Kisumu,-0.091702,34.767957,2011,P. falciparum,84,"Institute of Tropical Medicine, University Tübingen",https://www.ncbi.nlm.nih.gov/pubmed/28535801
3030,Pfmdr1 amplifications,Iran (Islamic Republic of),IR,Sistan and Baluchestan,Chabahar,25.296878,60.645928,2010,P. falciparum,78,Institut Pasteur d'Iran,https://pubmed.ncbi.nlm.nih.gov/23287027/
3031,Pfmdr1 amplifications,Pakistan,PK,,Khyber Pakhtunkhwa Province,34.000000,71.320000,2011,P. falciparum,91,"Center for Vaccine Development, University of Maryland School of Medicine",https://www.ncbi.nlm.nih.gov/pubmed/23988011
3032,Pfmdr1 amplifications,Pakistan,PK,,Punjab Province,31.000000,72.000000,2011,P. falciparum,43,"Center for Vaccine Development, University of Maryland School of Medicine",https://www.ncbi.nlm.nih.gov/pubmed/23988011
3033,Pfmdr1 amplifications,Pakistan,PK,,Balochistan Province,27.700000,65.700000,2011,P. falciparum,33,"Center for Vaccine Development, University of Maryland School of Medicine",https://www.ncbi.nlm.nih.gov/pubmed/23988011
3034,Pfmdr1 amplifications,Pakistan,PK,Sindh,Hyderabad,25.381751,68.369390,2011,P. falciparum,2,"Center for Vaccine Development, University of Maryland School of Medicine",https://www.ncbi.nlm.nih.gov/pubmed/23988011
3035,Pfmdr1 amplifications,Pakistan,PK,,Islamabad Capital Territory,33.716667,73.066667,2011,P. falciparum,2,"Center for Vaccine Development, University of Maryland School of Medicine",https://www.ncbi.nlm.nih.gov/pubmed/23988011
3036,Pfmdr1 amplifications,Pakistan,PK,Balochistan,Zhob,31.341261,69.448659,2015,P. falciparum,92,"Directorate of Malaria Control, Ministry of National Health Services, Regulations and Coordination",
3037,Pfmdr1 amplifications,Somalia,SO,Middle Shabelle,Jowhar,2.783333,45.500000,2016,P. falciparum,101,"Global Malaria Programme, World Health Organization",https://pubmed.ncbi.nlm.nih.gov/31296223/
3039,Pfmdr1 amplifications,Sudan,SD,,Kassala State,15.451180,36.401031,2012,P. falciparum,68,London School of Hygiene and Tropical Medicine,https://www.ncbi.nlm.nih.gov/pubmed/23870667
3040,Pfmdr1 amplifications,Brazil,BR,Acre,Cruzeiro do Sul,-7.628041,-72.676161,2010,P. falciparum,161,Oswaldo Cruz Foundation,https://www.ncbi.nlm.nih.gov/pubmed/27068396
3043,Pfmdr1 amplifications,Cambodia,KH,,Oddar Meanchey and Preah Vihear Provinces,13.612117,104.448021,2010,P. falciparum,71,Armed Forces Research Institute of Medical Sciences,https://www.ncbi.nlm.nih.gov/pubmed/26014942
3044,Pfmdr1 amplifications,Cambodia,KH,,Battambang and Pailin Provinces,12.430416,103.650001,2010,P. falciparum,37,Armed Forces Research Institute of Medical Sciences,https://www.ncbi.nlm.nih.gov/pubmed/26014942
3045,Pfmdr1 amplifications,Cambodia,KH,,Pursat Province,12.366321,103.636272,2010,P. falciparum,60,"National Institute of Allergy and Infectious Diseases, National Institutes of Health",https://www.ncbi.nlm.nih.gov/pubmed/27818095
3046,Pfmdr1 amplifications,Cambodia,KH,,Ratanakiri Province,13.857661,107.101193,2010,P. falciparum,54,"National Institute of Allergy and Infectious Diseases, National Institutes of Health",https://www.ncbi.nlm.nih.gov/pubmed/27818095
3047,Pfmdr1 amplifications,Cambodia,KH,,Oddar Meanchey and Preah Vihear Provinces,13.612117,104.448021,2011,P. falciparum,57,Armed Forces Research Institute of Medical Sciences,https://www.ncbi.nlm.nih.gov/pubmed/26014942
3048,Pfmdr1 amplifications,Cambodia,KH,,Battambang and Pailin Provinces,12.430416,103.650001,2011,P. falciparum,52,Armed Forces Research Institute of Medical Sciences,https://www.ncbi.nlm.nih.gov/pubmed/26014942
3050,Pfmdr1 amplifications,Cambodia,KH,,Preah Vihear Province,14.008580,104.845462,2011,P. falciparum,81,"National Institute of Allergy and Infectious Diseases, National Institutes of Health",https://www.ncbi.nlm.nih.gov/pubmed/25712365
3051,Pfmdr1 amplifications,Cambodia,KH,,Pursat Province,12.366321,103.636272,2011,P. falciparum,110,"National Institute of Allergy and Infectious Diseases, National Institutes of Health",https://www.ncbi.nlm.nih.gov/pubmed/25712365
3052,Pfmdr1 amplifications,Cambodia,KH,,Ratanakiri Province,13.857661,107.101193,2011,P. falciparum,100,"National Institute of Allergy and Infectious Diseases, National Institutes of Health",https://www.ncbi.nlm.nih.gov/pubmed/25712365
3053,Pfmdr1 amplifications,Cambodia,KH,Kratié,Snuol,12.209614,106.440587,2011,P. falciparum,63,"National Center for Parasitology, Entomology and Malaria Control, Ministry of Health",
3054,Pfmdr1 amplifications,Cambodia,KH,Pailin Province,Pailin,12.741784,102.633104,2011,P. falciparum,29,"National Center for Parasitology, Entomology and Malaria Control, Ministry of Health",
3055,Pfmdr1 amplifications,Cambodia,KH,Preah Vihear,Rovieng,13.408027,105.079123,2011,P. falciparum,60,"National Center for Parasitology, Entomology and Malaria Control, Ministry of Health",
3056,Pfmdr1 amplifications,Cambodia,KH,Pursat,Veal Veng,12.546349,103.918749,2011,P. falciparum,46,"National Center for Parasitology, Entomology and Malaria Control, Ministry of Health",
3057,Pfmdr1 amplifications,Cambodia,KH,,Pailin Province,12.909296,102.667558,2011,P. falciparum,90,"Faculty of Tropical Medicine, Mahidol University",https://www.ncbi.nlm.nih.gov/pubmed/27825353
3058,Pfmdr1 amplifications,Cambodia,KH,Pursat,Pursat Municipality,12.465182,103.891200,2011,P. falciparum,120,"Faculty of Tropical Medicine, Mahidol University",https://www.ncbi.nlm.nih.gov/pubmed/27825353
3059,Pfmdr1 amplifications,Cambodia,KH,,Preah Vihear Province,14.008580,104.845462,2011,P. falciparum,120,"Faculty of Tropical Medicine, Mahidol University",https://www.ncbi.nlm.nih.gov/pubmed/27825353
3060,Pfmdr1 amplifications,Cambodia,KH,,Ratanakiri Province,13.857661,107.101193,2011,P. falciparum,120,"Faculty of Tropical Medicine, Mahidol University",https://www.ncbi.nlm.nih.gov/pubmed/27825353
3061,Pfmdr1 amplifications,Cambodia,KH,,Oddar Meanchey Province,14.171720,103.636272,2012,P. falciparum,8,Armed Forces Research Institute of Medical Sciences,https://www.ncbi.nlm.nih.gov/pubmed/26014942
3063,Pfmdr1 amplifications,Cambodia,KH,,Preah Vihear Province,14.008580,104.845462,2012,P. falciparum,72,"National Institute of Allergy and Infectious Diseases, National Institutes of Health",https://www.ncbi.nlm.nih.gov/pubmed/25712365
3064,Pfmdr1 amplifications,Cambodia,KH,,Pursat Province,12.366321,103.636272,2012,P. falciparum,49,"National Institute of Allergy and Infectious Diseases, National Institutes of Health",https://www.ncbi.nlm.nih.gov/pubmed/25712365
3065,Pfmdr1 amplifications,Cambodia,KH,,Ratanakiri Province,13.857661,107.101193,2012,P. falciparum,52,"National Institute of Allergy and Infectious Diseases, National Institutes of Health",https://www.ncbi.nlm.nih.gov/pubmed/25712365
3066,Pfmdr1 amplifications,Cambodia,KH,Kampong Thom,Sandan,13.169307,105.313119,2012,P. falciparum,23,"National Center for Parasitology, Entomology and Malaria Control, Ministry of Health",
3067,Pfmdr1 amplifications,Cambodia,KH,Battambang,Samlout,12.617326,102.861686,2012,P. falciparum,21,"National Center for Parasitology, Entomology and Malaria Control, Ministry of Health",
3068,Pfmdr1 amplifications,Cambodia,KH,Kampong Speu,Oral,11.811908,104.007235,2012,P. falciparum,60,"National Center for Parasitology, Entomology and Malaria Control, Ministry of Health",
3069,Pfmdr1 amplifications,Cambodia,KH,Pursat,Veal Veng,12.546349,103.918749,2012,P. falciparum,52,"National Center for Parasitology, Entomology and Malaria Control, Ministry of Health",
3070,Pfmdr1 amplifications,Cambodia,KH,,Oddar Meanchey Province,14.171720,103.636272,2013,P. falciparum,42,Armed Forces Research Institute of Medical Sciences,https://www.ncbi.nlm.nih.gov/pubmed/26014942
3071,Pfmdr1 amplifications,Cambodia,KH,,Preah Vihear Province,14.008580,104.845462,2013,P. falciparum,32,"National Institute of Allergy and Infectious Diseases, National Institutes of Health",https://www.ncbi.nlm.nih.gov/pubmed/25712365
3072,Pfmdr1 amplifications,Cambodia,KH,,Pursat Province,12.366321,103.636272,2013,P. falciparum,71,"National Institute of Allergy and Infectious Diseases, National Institutes of Health",https://www.ncbi.nlm.nih.gov/pubmed/25712365
3073,Pfmdr1 amplifications,Cambodia,KH,,Ratanakiri Province,13.857661,107.101193,2013,P. falciparum,34,"National Institute of Allergy and Infectious Diseases, National Institutes of Health",https://www.ncbi.nlm.nih.gov/pubmed/25712365
3074,Pfmdr1 amplifications,Cambodia,KH,Ratanakiri,Veun Sai,14.261043,106.794241,2013,P. falciparum,61,"National Center for Parasitology, Entomology and Malaria Control, Ministry of Health",
3075,Pfmdr1 amplifications,Cambodia,KH,Kratié,Snuol,12.209614,106.440587,2013,P. falciparum,22,"National Center for Parasitology, Entomology and Malaria Control, Ministry of Health",
3076,Pfmdr1 amplifications,Cambodia,KH,Kampot,Chhouk,10.835682,104.456682,2013,P. falciparum,18,"National Center for Parasitology, Entomology and Malaria Control, Ministry of Health",
3077,Pfmdr1 amplifications,Cambodia,KH,Preah Vihear,Rovieng,13.408027,105.079123,2013,P. falciparum,17,"National Center for Parasitology, Entomology and Malaria Control, Ministry of Health",
3078,Pfmdr1 amplifications,Cambodia,KH,Stung Treng,Siem Pang,14.112548,106.390534,2015,P. falciparum,52,"National Center for Parasitology, Entomology and Malaria Control, Ministry of Health",
3079,Pfmdr1 amplifications,Cambodia,KH,Siem Reap,Chi Kraeng,13.224333,104.379191,2015,P. falciparum,53,"National Center for Parasitology, Entomology and Malaria Control, Ministry of Health",
3080,Pfmdr1 amplifications,Cambodia,KH,Kratié,Snuol,12.209614,106.440587,2015,P. falciparum,48,"National Center for Parasitology, Entomology and Malaria Control, Ministry of Health",
3081,Pfmdr1 amplifications,Cambodia,KH,Pursat,Veal Veng,12.546349,103.918749,2015,P. falciparum,48,"National Center for Parasitology, Entomology and Malaria Control, Ministry of Health",
3082,Pfmdr1 amplifications,Cambodia,KH,Kampong Speu,Oral,11.811908,104.007235,2015,P. falciparum,51,"National Center for Parasitology, Entomology and Malaria Control, Ministry of Health",
3083,Pfmdr1 amplifications,Cambodia,KH,Ratanakiri,Veun Sai,14.261043,106.794241,2016,P. falciparum,55,"National Center for Parasitology, Entomology and Malaria Control, Ministry of Health",
3084,Pfmdr1 amplifications,Cambodia,KH,Siem Reap,Chi Kraeng,13.224333,104.379191,2016,P. falciparum,3,"National Center for Parasitology, Entomology and Malaria Control, Ministry of Health",
3085,Pfmdr1 amplifications,Cambodia,KH,Preah Vihear,Choam Khsant,14.166667,104.916667,2016,P. falciparum,4,"National Center for Parasitology, Entomology and Malaria Control, Ministry of Health",
3086,Pfmdr1 amplifications,Cambodia,KH,Pursat,Veal Veng,12.546349,103.918749,2016,P. falciparum,29,"National Center for Parasitology, Entomology and Malaria Control, Ministry of Health",
3087,Pfmdr1 amplifications,Cambodia,KH,Mondulkiri,Kaoh Nheaek,13.075544,107.036227,2016,P. falciparum,31,"National Center for Parasitology, Entomology and Malaria Control, Ministry of Health",
3088,Pfmdr1 amplifications,Cambodia,KH,Kratié,Snuol,12.209614,106.440587,2016,P. falciparum,14,"National Center for Parasitology, Entomology and Malaria Control, Ministry of Health",
3089,Pfmdr1 amplifications,Cambodia,KH,Kampong Speu,Oral,11.811908,104.007235,2016,P. falciparum,40,"National Center for Parasitology, Entomology and Malaria Control, Ministry of Health",
3090,Pfmdr1 amplifications,Cambodia,KH,Stung Treng,Siem Pang,14.112548,106.390534,2016,P. falciparum,44,"National Center for Parasitology, Entomology and Malaria Control, Ministry of Health",
3094,Pfmdr1 amplifications,Cambodia,KH,Battambang,Samlout,12.617326,102.861686,2014,P. falciparum,8,"National Center for Parasitology, Entomology and Malaria Control, Ministry of Health",
3095,Pfmdr1 amplifications,Cambodia,KH,Pursat,Veal Veng,12.546349,103.918749,2014,P. falciparum,53,"National Center for Parasitology, Entomology and Malaria Control, Ministry of Health",
3096,Pfmdr1 amplifications,Cambodia,KH,Pailin Province,Pailin,12.741784,102.633104,2014,P. falciparum,47,"National Center for Parasitology, Entomology and Malaria Control, Ministry of Health",
3097,Pfmdr1 amplifications,Lao People's Democratic Republic,LA,,Attapeu Province,14.936340,107.101193,2011,P. falciparum,86,"Faculty of Tropical Medicine, Mahidol University",https://www.ncbi.nlm.nih.gov/pubmed/27825353
3098,Pfmdr1 amplifications,Lao People's Democratic Republic,LA,Attapeu,Phouvong,14.751294,106.957996,2014,P. falciparum,17,"Center of Malariology, Parasitology and Entomology, Ministry of Public Health",
3099,Pfmdr1 amplifications,Lao People's Democratic Republic,LA,,Champasak Province,14.657866,105.969988,2014,P. falciparum,31,"Center of Malariology, Parasitology and Entomology, Ministry of Public Health",
3100,Pfmdr1 amplifications,Malaysia,MY,Sabah,Kudat,6.886840,116.825311,2011,P. falciparum,22,"Herbal Medicine Research Center, Institute for Medical Research",https://www.ncbi.nlm.nih.gov/pubmed/27788228
3101,Pfmdr1 amplifications,Malaysia,MY,Sabah,Kalabakan,4.416667,117.483333,2011,P. falciparum,16,"Herbal Medicine Research Center, Institute for Medical Research",https://www.ncbi.nlm.nih.gov/pubmed/27788228
3102,Pfmdr1 amplifications,Viet Nam,VN,Binh Phuoc,Bu Gia Map,12.039224,107.053943,2011,P. falciparum,102,"Faculty of Tropical Medicine, Mahidol University",https://www.ncbi.nlm.nih.gov/pubmed/27825353
3103,Pfmdr1 amplifications,Viet Nam,VN,Binh Phuoc,Bu Gia Map,12.039224,107.053943,2015,P. falciparum,46,"National Institute of Malariology, Parasitology and Entomology",
3104,Pfmdr1 amplifications,Bangladesh,BD,Chittagong,Cox's Bazar,21.439464,92.007732,2012,P. falciparum,51,"Faculty of Tropical Medicine, Mahidol University",https://www.ncbi.nlm.nih.gov/pubmed/27825353
3105,Pfmdr1 amplifications,India,IN,Odisha,Sundergarh,22.124002,84.043175,2012,P. falciparum,30,"National Institute of Malaria Research, Indian Council of Medical Research",https://www.ncbi.nlm.nih.gov/pubmed/26113507
3107,Pfmdr1 amplifications,Myanmar,MM,Bago,Shwegyin,17.929317,96.880674,2011,P. falciparum,100,"Department of Medical Environmental Biology and Tropical Medicine, School of Medicine, Kangwon National University",https://www.ncbi.nlm.nih.gov/pubmed/28249583
3108,Pfmdr1 amplifications,Myanmar,MM,Mandalay,Pyin Oo Lwin,22.039177,96.471658,2012,P. falciparum,29,"Faculty of Tropical Medicine, Mahidol University",https://www.ncbi.nlm.nih.gov/pubmed/27825353
3109,Pfmdr1 amplifications,Myanmar,MM,Mandalay,Pyin Oo Lwin,22.039177,96.471658,2013,P. falciparum,30,"Faculty of Tropical Medicine, Mahidol University",https://www.ncbi.nlm.nih.gov/pubmed/27825353
3110,Pfmdr1 amplifications,Myanmar,MM,Kachin,Myitkyina,25.394614,97.384073,2013,P. falciparum,20,"Faculty of Tropical Medicine, Mahidol University",https://www.ncbi.nlm.nih.gov/pubmed/27825353
3111,Pfmdr1 amplifications,Myanmar,MM,Bago,Shwegyin,17.929317,96.880674,2012,P. falciparum,64,"Faculty of Tropical Medicine, Mahidol University",https://www.ncbi.nlm.nih.gov/pubmed/27825353
3112,Pfmdr1 amplifications,Myanmar,MM,Rakhine,Ann,19.850000,94.000000,2013,P. falciparum,65,"Department of Medicine, Institute of Medicine",https://www.ncbi.nlm.nih.gov/pubmed/26911145
3113,Pfmdr1 amplifications,Myanmar,MM,Sagaing,Homalin,24.883333,94.916667,2013,P. falciparum,98,"Department of Medicine, Institute of Medicine",https://www.ncbi.nlm.nih.gov/pubmed/26911145
3114,Pfmdr1 amplifications,Myanmar,MM,Kachin,Myitkyina,25.394614,97.384073,2013,P. falciparum,36,"Department of Medicine, Institute of Medicine",https://www.ncbi.nlm.nih.gov/pubmed/26911145
3115,Pfmdr1 amplifications,Myanmar,MM,Shan,Kyaukme,22.539167,97.028333,2013,P. falciparum,13,"Department of Medicine, Institute of Medicine",https://www.ncbi.nlm.nih.gov/pubmed/26911145
3116,Pfmdr1 amplifications,Myanmar,MM,Kayah,Hpruso,19.050000,97.133300,2013,P. falciparum,6,"Department of Medicine, Institute of Medicine",https://www.ncbi.nlm.nih.gov/pubmed/26911145
3117,Pfmdr1 amplifications,Myanmar,MM,,Kachin State,25.850904,97.438136,2011,P. falciparum,60,University of California at Irvine,https://www.ncbi.nlm.nih.gov/pubmed/27084511
3121,Pfmdr1 amplifications,Myanmar,MM,Kachin,Laiza,24.754011,97.550451,2010,P. falciparum,10,"Department of Pathogen Biology and Immunology, Kunming Medical University",https://www.ncbi.nlm.nih.gov/pubmed/23357760
3122,Pfmdr1 amplifications,Thailand,TH,Tak,Mae Sot,16.712405,98.574665,2011,P. falciparum,107,"Faculty of Tropical Medicine, Mahidol University",https://www.ncbi.nlm.nih.gov/pubmed/27825353
3123,Pfmdr1 amplifications,Thailand,TH,Sisaket,Phu Sing,14.546667,104.131667,2011,P. falciparum,36,"Faculty of Tropical Medicine, Mahidol University",https://www.ncbi.nlm.nih.gov/pubmed/27825353
3124,Pfmdr1 amplifications,Thailand,TH,Ranong,Kra Buri,10.055967,98.640968,2011,P. falciparum,23,"Faculty of Tropical Medicine, Mahidol University",https://www.ncbi.nlm.nih.gov/pubmed/27825353
3126,Pfmdr1 amplifications,Thailand,TH,Ubon Ratchathani,Buntharik,14.756667,105.411389,2014,P. falciparum,101,"Faculty of Tropical Medicine, Mahidol University",https://www.ncbi.nlm.nih.gov/pubmed/26616851
3134,Pfmdr1 amplifications,Thailand,TH,Tak,Mae Sot,16.712405,98.574665,2010,P. falciparum,73,"Faculty of Tropical Medicine, Mahidol University",https://www.ncbi.nlm.nih.gov/pubmed/27313266
3135,Pfmdr1 amplifications,Thailand,TH,Tak,Mae Sot,16.712405,98.574665,2011,P. falciparum,23,"Faculty of Tropical Medicine, Mahidol University",https://www.ncbi.nlm.nih.gov/pubmed/27313266
3136,Pfmdr1 amplifications,Thailand,TH,Tak,Mae Sot,16.712405,98.574665,2012,P. falciparum,110,"Faculty of Tropical Medicine, Mahidol University",https://www.ncbi.nlm.nih.gov/pubmed/27313266
3137,Pfmdr1 amplifications,Thailand,TH,Tak,Mae Sot,16.712405,98.574665,2013,P. falciparum,34,"Faculty of Tropical Medicine, Mahidol University",https://www.ncbi.nlm.nih.gov/pubmed/27313266
3139,Pfmdr1 amplifications,Cambodia,KH,Preah Vihear,Chey Saen,13.570577,105.359957,2015,P. falciparum,54,Médecins Sans Frontières,https://www.ncbi.nlm.nih.gov/pubmed/29173875
3140,Pfmdr1 amplifications,Cambodia,KH,Preah Vihear,Chey Saen,13.570577,105.359957,2016,P. falciparum,75,Médecins Sans Frontières,https://www.ncbi.nlm.nih.gov/pubmed/29173875
3141,Pfmdr1 amplifications,Lao People's Democratic Republic,LA,,Champasak Province,14.657866,105.969988,2016,P. falciparum,42,"Center of Malariology, Parasitology and Entomology, Ministry of Public Health",
3142,Pfmdr1 amplifications,Lao People's Democratic Republic,LA,,Salavan Province,15.716566,106.414087,2017,P. falciparum,26,"Center of Malariology, Parasitology and Entomology, Ministry of Public Health",
3143,Pfmdr1 amplifications,Colombia,CO,,Chocó Department,5.700000,-76.666667,2014,P. falciparum,98,"Grupo Malaria, Universidad de Antioquia",https://www.ncbi.nlm.nih.gov/pubmed/28947476
3144,Pfmdr1 amplifications,Colombia,CO,,Nariño Department,1.166670,-77.266667,2014,P. falciparum,59,"Grupo Malaria, Universidad de Antioquia",https://www.ncbi.nlm.nih.gov/pubmed/28947476
3145,Pfmdr1 amplifications,Colombia,CO,,Antioquia Department,6.216667,-75.566667,2014,P. falciparum,19,"Grupo Malaria, Universidad de Antioquia",https://www.ncbi.nlm.nih.gov/pubmed/28947476
3146,Pfmdr1 amplifications,Colombia,CO,,Córdoba Department,8.750000,-75.883333,2014,P. falciparum,2,"Grupo Malaria, Universidad de Antioquia",https://www.ncbi.nlm.nih.gov/pubmed/28947476
3148,Pfmdr1 amplifications,Cambodia,KH,Mondulkiri,Kaoh Nheaek,13.075544,107.036227,2017,P. falciparum,60,"National Center for Parasitology, Entomology and Malaria Control, Ministry of Health",
3149,Pfmdr1 amplifications,Cambodia,KH,Ratanakiri,Veun Sai,14.261043,106.794241,2017,P. falciparum,59,"National Center for Parasitology, Entomology and Malaria Control, Ministry of Health",
3150,Pfmdr1 amplifications,Myanmar,MM,Kachin,Mohnyin,24.783333,96.366667,2017,P. falciparum,36,Department of Medical Research (Upper Myanmar),
3151,Pfmdr1 amplifications,Myanmar,MM,Shan,Nawnghkio,22.333809,96.801421,2017,P. falciparum,27,Department of Medical Research (Upper Myanmar),
3155,Pfmdr1 amplifications,Ethiopia,ET,,Multiple sites,7.397927,40.480728,2011,P. falciparum,170,"Aklilu Lemma Institute of Pathobiology, Addis Ababa University",https://www.ncbi.nlm.nih.gov/pubmed/24964730
3167,Pfmdr1 amplifications,Sierra Leone,SL,Northern Province,Makeni,8.881667,-12.044167,2016,P. falciparum,50,National Malaria Control Programme,https://www.ncbi.nlm.nih.gov/pubmed/29932931
3168,Pfmdr1 amplifications,Sierra Leone,SL,Southern Province,Bo,7.956389,-11.740000,2016,P. falciparum,51,National Malaria Control Programme,https://www.ncbi.nlm.nih.gov/pubmed/29932931
3171,Pfmdr1 amplifications,Myanmar,MM,,Kayin State,16.945935,97.959286,2016,P. falciparum,437,"Shoklo Malaria Research Unit, Mahidol-Oxford Tropical Medicine Research Unit, Faculty of Tropical Medicine, Mahidol University",https://www.ncbi.nlm.nih.gov/pubmed/29703425
3172,Pfmdr1 amplifications,Afghanistan,AF,,Laghman Province,34.660000,70.200000,2016,P. falciparum,60,National Malaria and Leishmaniasis Control Programme,
3173,Pfmdr1 amplifications,Afghanistan,AF,,Nangarhar Province,34.250000,70.500000,2016,P. falciparum,54,National Malaria and Leishmaniasis Control Programme,
3174,Pfmdr1 amplifications,Pakistan,PK,Balochistan,Zhob,31.341261,69.448659,2017,P. falciparum,175,"Directorate of Malaria Control, Ministry of National Health Services, Regulations and Coordination",
3175,Pfmdr1 amplifications,Pakistan,PK,Khyber Pakhtunkhwa,Khyber District,34.021103,71.287421,2017,P. falciparum,179,"Directorate of Malaria Control, Ministry of National Health Services, Regulations and Coordination",
3178,Pfmdr1 amplifications,Somalia,SO,Middle Shabelle,Jowhar,2.783333,45.500000,2017,P. falciparum,49,"Global Malaria Programme, World Health Organization",https://pubmed.ncbi.nlm.nih.gov/31296223/
3179,Pfmdr1 amplifications,Somalia,SO,Bari,Bosaso,11.284722,49.182500,2017,P. falciparum,86,"Global Malaria Programme, World Health Organization",https://pubmed.ncbi.nlm.nih.gov/31296223/
3180,Pfmdr1 amplifications,Sudan,SD,Al Qadarif,Al Qadarif,14.040000,35.383333,2016,P. falciparum,95,"Federal Ministry of Health, National Malaria Control Programme",
3182,Pfmdr1 amplifications,Sudan,SD,West Darfur,Geneina,13.450000,22.450000,2017,P. falciparum,64,"Federal Ministry of Health, National Malaria Control Programme",
3183,Pfmdr1 amplifications,Sudan,SD,South Darfur,Nyala,12.036389,24.876944,2017,P. falciparum,78,"Federal Ministry of Health, National Malaria Control Programme",
3184,Pfmdr1 amplifications,Sudan,SD,West Darfur,Geneina,13.450000,22.450000,2017,P. falciparum,38,"Federal Ministry of Health, National Malaria Control Programme",
3185,Pfmdr1 amplifications,Sudan,SD,South Darfur,Kas,12.676284,24.060156,2017,P. falciparum,71,"Federal Ministry of Health, National Malaria Control Programme",
3186,Pfmdr1 amplifications,Cambodia,KH,,Stung Treng Province,13.576473,105.969988,2017,P. falciparum,247,"National Center for Parasitology, Entomology and Malaria Control, Ministry of Health",
3188,Pfmdr1 amplifications,Lao People's Democratic Republic,LA,Savannakhet,Nong,16.404470,106.627808,2017,P. falciparum,36,"Center of Malariology, Parasitology and Entomology, Ministry of Public Health",
3189,Pfmdr1 amplifications,Viet Nam,VN,,Binh Phuoc Province,11.751189,106.723464,2014,P. falciparum,28,Medicines for Malaria Venture,https://www.ncbi.nlm.nih.gov/pubmed/30967148
3190,Pfmdr1 amplifications,Viet Nam,VN,,Gia Lai Province,13.807894,108.109375,2014,P. falciparum,18,Medicines for Malaria Venture,https://www.ncbi.nlm.nih.gov/pubmed/30967148
3191,Pfmdr1 amplifications,Viet Nam,VN,,Khanh Hoa Province,12.318141,108.507347,2014,P. falciparum,32,Medicines for Malaria Venture,https://www.ncbi.nlm.nih.gov/pubmed/30967148
3192,Pfmdr1 amplifications,Viet Nam,VN,,Quang Tri Province,16.746900,107.194000,2014,P. falciparum,1,Medicines for Malaria Venture,https://www.ncbi.nlm.nih.gov/pubmed/30967148
3193,Pfmdr1 amplifications,Viet Nam,VN,,Gia Lai Province,13.807894,108.109375,2017,P. falciparum,64,"National Institute of Malariology, Parasitology and Entomology",
3194,Pfmdr1 amplifications,Viet Nam,VN,Khánh Hòa,Khanh Vinh,12.274375,108.917539,2017,P. falciparum,8,"National Institute of Malariology, Parasitology and Entomology",
3195,Pfmdr1 amplifications,Viet Nam,VN,Binh Phuoc,Bu Gia Map,12.039224,107.053943,2017,P. falciparum,38,"National Institute of Malariology, Parasitology and Entomology",
3196,Pfmdr1 amplifications,Viet Nam,VN,Gia Lai,Krong Pa,13.234560,108.517936,2017,P. falciparum,28,"National Institute of Malariology, Parasitology and Entomology",
3197,Pfmdr1 amplifications,Viet Nam,VN,Dak Nong,Cu Jut,12.657282,107.865612,2017,P. falciparum,13,"National Institute of Malariology, Parasitology and Entomology",
3198,Pfmdr1 amplifications,Viet Nam,VN,Ninh Thuan,Bac Ai,11.833415,108.855148,2017,P. falciparum,30,"National Institute of Malariology, Parasitology and Entomology",
3199,Pfmdr1 amplifications,Viet Nam,VN,Binh Phuoc,Bu Dang,11.769337,107.148452,2017,P. falciparum,44,"National Institute of Malariology, Parasitology and Entomology",
3200,Pfmdr1 amplifications,Viet Nam,VN,Ninh Thuan,Bac Ai,11.833415,108.855148,2017,P. falciparum,28,"National Institute of Malariology, Parasitology and Entomology",
3201,Pfmdr1 amplifications,Viet Nam,VN,Dak Nong,Tuy Duc,12.157612,107.434231,2017,P. falciparum,26,"National Institute of Malariology, Parasitology and Entomology",
3202,Pfmdr1 amplifications,Cambodia,KH,,Ratanakiri Province,13.857661,107.101193,2017,P. falciparum,68,"National Center for Parasitology, Entomology and Malaria Control, Ministry of Health",
3203,Pfmdr1 amplifications,Cambodia,KH,,Mondulkiri Province,12.787943,107.101193,2017,P. falciparum,149,"National Center for Parasitology, Entomology and Malaria Control, Ministry of Health",
3204,Pfmdr1 amplifications,Cambodia,KH,,Pursat Province,12.366321,103.636272,2017,P. falciparum,56,"National Center for Parasitology, Entomology and Malaria Control, Ministry of Health",
3205,Pfmdr1 amplifications,Cambodia,KH,Mondulkiri,Kaoh Nheaek,13.075544,107.036227,2018,P. falciparum,44,"National Center for Parasitology, Entomology and Malaria Control, Ministry of Health",
3206,Pfmdr1 amplifications,Cambodia,KH,Pursat,Veal Veng,12.546349,103.918749,2018,P. falciparum,43,"National Center for Parasitology, Entomology and Malaria Control, Ministry of Health",
3207,Pfmdr1 amplifications,Cambodia,KH,Kampong Speu,Oral,11.811908,104.007235,2018,P. falciparum,63,"National Center for Parasitology, Entomology and Malaria Control, Ministry of Health",
3208,Pfmdr1 amplifications,Cambodia,KH,Ratanakiri,Veun Sai,14.261043,106.794241,2018,P. falciparum,53,"National Center for Parasitology, Entomology and Malaria Control, Ministry of Health",
3209,Pfmdr1 amplifications,Cambodia,KH,Kratié,Ksim,12.168061,106.411766,2018,P. falciparum,24,"National Center for Parasitology, Entomology and Malaria Control, Ministry of Health",
3210,Pfmdr1 amplifications,Bangladesh,BD,Chittagong,Bandarban,21.831100,92.368632,2018,P. falciparum,5,"Malaria and Parasitic Disease Control Unit, Directorate General of Health Services",
3211,Pfmdr1 amplifications,Bangladesh,BD,Chittagong,Khagrachari,23.132175,91.949021,2018,P. falciparum,9,"Malaria and Parasitic Disease Control Unit, Directorate General of Health Services",
3212,Pfmdr1 amplifications,Bangladesh,BD,Chittagong,Bandarban,21.831100,92.368632,2018,P. falciparum,58,"Malaria and Parasitic Disease Control Unit, Directorate General of Health Services",
3213,Pfmdr1 amplifications,Burkina Faso,BF,,"Multiple sites in Nanoro, Banfora, Niangoloko",10.545936,-4.717541,2014,P. falciparum,105,Medicines for Malaria Venture,https://www.ncbi.nlm.nih.gov/pubmed/30967148
3214,Pfmdr1 amplifications,Democratic Republic of the Congo,CD,,Kinshasa,-4.325000,15.322222,2014,P. falciparum,2,Medicines for Malaria Venture,https://www.ncbi.nlm.nih.gov/pubmed/30967148
3215,Pfmdr1 amplifications,Eritrea,ER,Gash-Barka,Agordat,15.550000,37.883333,2016,P. falciparum,8,"National Malaria Control Program, Disease Prevention and Control Division",
3216,Pfmdr1 amplifications,Eritrea,ER,Gash-Barka,Goluj,14.743773,36.719984,2016,P. falciparum,13,"National Malaria Control Program, Disease Prevention and Control Division",
3217,Pfmdr1 amplifications,Eritrea,ER,Gash-Barka,Shambuko,14.925213,37.837964,2016,P. falciparum,9,"National Malaria Control Program, Disease Prevention and Control Division",
3218,Pfmdr1 amplifications,Eritrea,ER,Gash-Barka,Laelay Gash,14.568531,36.893220,2016,P. falciparum,12,"National Malaria Control Program, Disease Prevention and Control Division",
3219,Pfmdr1 amplifications,Gabon,GA,,Moyen Ogooué et Estuaire Provinces,-0.923034,9.224126,2014,P. falciparum,72,Medicines for Malaria Venture,https://www.ncbi.nlm.nih.gov/pubmed/30967148
3220,Pfmdr1 amplifications,Mozambique,MZ,Maputo,Manhiça,-25.392301,32.797165,2014,P. falciparum,12,Medicines for Malaria Venture,https://www.ncbi.nlm.nih.gov/pubmed/30967148
3221,Pfmdr1 amplifications,Uganda,UG,Eastern Region,Tororo,0.678227,34.186567,2014,P. falciparum,113,Medicines for Malaria Venture,https://www.ncbi.nlm.nih.gov/pubmed/30967148
3222,Pfmdr1 amplifications,Comoros,KM,,Grande Comore,-11.583333,43.333333,2017,P. falciparum,15,Programme National de Lutte Contre le Paludisme,
3223,Pfmdr1 amplifications,Comoros,KM,,Grande Comore,-11.583333,43.333333,2017,P. falciparum,12,Programme National de Lutte Contre le Paludisme,
3224,Pfmdr1 amplifications,Comoros,KM,Ngazidja,Moroni,-11.717216,43.247315,2017,P. falciparum,60,Programme National de Lutte Contre le Paludisme,
3225,Pfmdr1 amplifications,Sudan,SD,Blue Nile,Damazin,11.785454,34.342140,2017,P. falciparum,83,"Federal Ministry of Health, National Malaria Control Programme",
3226,Pfmdr1 amplifications,Sudan,SD,Kassala State,Kassala,15.455814,36.378670,2017,P. falciparum,75,"Federal Ministry of Health, National Malaria Control Programme",
3227,Pfmdr1 amplifications,Sudan,SD,Sennar,Sennar,13.567469,33.567205,2017,P. falciparum,44,"Federal Ministry of Health, National Malaria Control Programme",
3228,Pfmdr1 amplifications,Papua New Guinea,PG,Milne Bay,Alotau,-10.315703,150.458779,2017,P. falciparum,21,Papua New Guinea Institute of Medical Research,
3229,Pfmdr1 amplifications,Papua New Guinea,PG,Central,Kuriva,-10.620833,151.271935,2018,P. falciparum,12,Papua New Guinea Institute of Medical Research,
3230,Pfmdr1 amplifications,Lao People's Democratic Republic,LA,,Salavan Province,15.716566,106.414087,2018,P. falciparum,29,"Center of Malariology, Parasitology and Entomology, Ministry of Public Health",
3231,Pfmdr1 amplifications,Lao People's Democratic Republic,LA,,Champasak Province,14.657866,105.969988,2018,P. falciparum,12,"Center of Malariology, Parasitology and Entomology, Ministry of Public Health",
3232,Pfmdr1 amplifications,Viet Nam,VN,Dak Lak,Krông Năng,13.000000,108.417000,2019,P. falciparum,92,"National Institute of Malariology, Parasitology and Entomology",
3233,Pfmdr1 amplifications,Bangladesh,BD,Chittagong,Bandarban,21.831100,92.368632,2017,P. falciparum,5,"Malaria and Parasitic Disease Control Unit, Directorate General of Health Services",
3234,Pfmdr1 amplifications,Bangladesh,BD,Chittagong,Khagrachari,23.132175,91.949021,2017,P. falciparum,26,"Malaria and Parasitic Disease Control Unit, Directorate General of Health Services",
3235,Pfmdr1 amplifications,Bangladesh,BD,Chittagong,Rangamati,22.657350,92.173271,2017,P. falciparum,7,"Malaria and Parasitic Disease Control Unit, Directorate General of Health Services",
3236,Pfmdr1 amplifications,Viet Nam,VN,Binh Phuoc,Bu Gia Map,12.039224,107.053943,2015,P. falciparum,120,"Mahidol-Oxford Tropical Medicine Research Unit, Faculty of Tropical Medicine, Mahidol University, Bangkok, Thailand; Centre for Tropical Medicine and Global Health, University of Oxford, Oxford, UK; The Open University, Milton Keynes, UK.",https://pubmed.ncbi.nlm.nih.gov/32171078/
3240,Pfmdr1 amplifications,Papua New Guinea,PG,Madang Province,Madang District,-5.010056,144.471747,2019,P. falciparum,43,Papua New Guinea Institute of Medical Research,
3241,Pfmdr1 amplifications,Burundi,BI,Gitega,Mutaho,-3.156724,29.856081,2019,P. falciparum,72,Programme National Intégré de Lutte contre le Paludisme,
3242,Pfmdr1 amplifications,Burundi,BI,Bujumbura Mairie,Bujumbura,-3.361378,29.359878,2019,P. falciparum,88,Programme National Intégré de Lutte contre le Paludisme,
3243,Pfmdr1 amplifications,Burundi,BI,Karuzi,Buhiga,-3.030708,30.160374,2019,P. falciparum,86,Programme National Intégré de Lutte contre le Paludisme,
3244,Pfmdr1 amplifications,Burundi,BI,Makamba,Nyanza-lac,-4.306201,29.494671,2019,P. falciparum,78,Programme National Intégré de Lutte contre le Paludisme,
3245,Pfmdr1 amplifications,Congo,CG,Sangha,Ouesso,1.614133,16.032615,2019,P. falciparum,58,"Programme National de Lutte contre le Paludisme, Ministère de la Santé et de la Population",
3246,Pfmdr1 amplifications,Brazil,BR,,Roraima,2.050000,-61.400000,2016,P. falciparum,240,Centers for Disease Control and Prevention,https://www.ncbi.nlm.nih.gov/pubmed/31833470
3247,Pfmdr1 amplifications,Equatorial Guinea,GQ,Litoral,Bata,1.853318,9.779023,2017,P. falciparum,88,"Programa Nacional de Lucha contra el Paludismo, Dirección General de Salud Pública y Prevención de Enfermedades",
3248,Pfmdr1 amplifications,Equatorial Guinea,GQ,Kié-Ntem,Ebebiyin,2.065636,11.207047,2017,P. falciparum,87,"Programa Nacional de Lucha contra el Paludismo, Dirección General de Salud Pública y Prevención de Enfermedades",
3249,Pfmdr1 amplifications,Equatorial Guinea,GQ,Bioko Norte,Malabo,3.750412,8.737104,2017,P. falciparum,49,"Programa Nacional de Lucha contra el Paludismo, Dirección General de Salud Pública y Prevención de Enfermedades",
3252,Pfmdr1 amplifications,South Africa,ZA,,Mpumalanga Province,-26.000000,30.000000,2011,P. falciparum,390,"Centre for Emerging Zoonotic and Parasitic Diseases, National Institute for Communicable Diseases",https://www.ncbi.nlm.nih.gov/pubmed/31438951
3253,Pfmdr1 amplifications,South Africa,ZA,,Mpumalanga Province,-26.000000,30.000000,2018,P. falciparum,482,"Centre for Emerging Zoonotic and Parasitic Diseases, National Institute for Communicable Diseases",https://www.ncbi.nlm.nih.gov/pubmed/31438951
3254,Pfmdr1 amplifications,Kenya,KE,,Kisumu,-0.091702,34.767957,2013,P. falciparum,71,Kenya Medical Research Institute/United States Army Medical Research Unit-Kenya,https://pubmed.ncbi.nlm.nih.gov/25655315/
3255,Pfmdr1 amplifications,Mozambique,MZ,Sofala,Dondo,-19.611540,34.740929,2015,P. falciparum,88,"ISGlobal, Barcelona Institute for Global Health, Hospital Clínic-Universitat de Barcelona",https://pubmed.ncbi.nlm.nih.gov/29260689/
3256,Pfmdr1 amplifications,Mozambique,MZ,Tete,Moatize,-16.116667,33.733333,2015,P. falciparum,89,"ISGlobal, Barcelona Institute for Global Health, Hospital Clínic-Universitat de Barcelona",https://pubmed.ncbi.nlm.nih.gov/29260689/
3257,Pfmdr1 amplifications,Mozambique,MZ,Gaza,Chókwè,-24.532317,32.983200,2015,P. falciparum,87,"ISGlobal, Barcelona Institute for Global Health, Hospital Clínic-Universitat de Barcelona",https://pubmed.ncbi.nlm.nih.gov/29260689/
3258,Pfmdr1 amplifications,Mozambique,MZ,Cabo Delgado,Montepuez,-13.134045,38.998105,2015,P. falciparum,87,"ISGlobal, Barcelona Institute for Global Health, Hospital Clínic-Universitat de Barcelona",https://pubmed.ncbi.nlm.nih.gov/29260689/
3259,Pfmdr1 amplifications,Bangladesh,BD,Chittagong,Cox's Bazar,21.439464,92.007732,2015,P. falciparum,119,"Mahidol-Oxford Tropical Medicine Research Unit, Faculty of Tropical Medicine, Mahidol University, Bangkok, Thailand; Centre for Tropical Medicine and Global Health, University of Oxford, Oxford, UK; The Open University, Milton Keynes, UK.",https://pubmed.ncbi.nlm.nih.gov/32171078/
3260,Pfmdr1 amplifications,Cambodia,KH,Ratanakiri,Ban Lung,13.678894,106.949756,2015,P. falciparum,89,"Mahidol-Oxford Tropical Medicine Research Unit, Faculty of Tropical Medicine, Mahidol University, Bangkok, Thailand; Centre for Tropical Medicine and Global Health, University of Oxford, Oxford, UK; The Open University, Milton Keynes, UK.",https://pubmed.ncbi.nlm.nih.gov/32171078/
3261,Pfmdr1 amplifications,Cambodia,KH,Pailin Province,Pailin,12.741784,102.633104,2015,P. falciparum,64,"Mahidol-Oxford Tropical Medicine Research Unit, Faculty of Tropical Medicine, Mahidol University, Bangkok, Thailand; Centre for Tropical Medicine and Global Health, University of Oxford, Oxford, UK; The Open University, Milton Keynes, UK.",https://pubmed.ncbi.nlm.nih.gov/32171078/
3262,Pfmdr1 amplifications,Cambodia,KH,Preah Vihear,Thbaeng Meanchey,13.770100,104.871076,2015,P. falciparum,7,"Mahidol-Oxford Tropical Medicine Research Unit, Faculty of Tropical Medicine, Mahidol University, Bangkok, Thailand; Centre for Tropical Medicine and Global Health, University of Oxford, Oxford, UK; The Open University, Milton Keynes, UK.",https://pubmed.ncbi.nlm.nih.gov/32171078/
3263,Pfmdr1 amplifications,Cambodia,KH,Pursat,Sampov Meas,12.507551,103.937602,2015,P. falciparum,110,"Mahidol-Oxford Tropical Medicine Research Unit, Faculty of Tropical Medicine, Mahidol University, Bangkok, Thailand; Centre for Tropical Medicine and Global Health, University of Oxford, Oxford, UK; The Open University, Milton Keynes, UK.",https://pubmed.ncbi.nlm.nih.gov/32171078/
3264,Pfmdr1 amplifications,Democratic Republic of the Congo,CD,,Kinshasa,-4.325000,15.322222,2015,P. falciparum,103,"Mahidol-Oxford Tropical Medicine Research Unit, Faculty of Tropical Medicine, Mahidol University, Bangkok, Thailand; Centre for Tropical Medicine and Global Health, University of Oxford, Oxford, UK; The Open University, Milton Keynes, UK.",https://pubmed.ncbi.nlm.nih.gov/32171078/
3265,Pfmdr1 amplifications,India,IN,Tripura,Agartala,23.841015,91.291939,2015,P. falciparum,11,"Mahidol-Oxford Tropical Medicine Research Unit, Faculty of Tropical Medicine, Mahidol University, Bangkok, Thailand; Centre for Tropical Medicine and Global Health, University of Oxford, Oxford, UK; The Open University, Milton Keynes, UK.",https://pubmed.ncbi.nlm.nih.gov/32171078/
3266,Pfmdr1 amplifications,India,IN,West Bengal,Midnapur,22.430816,87.283458,2015,P. falciparum,11,"Mahidol-Oxford Tropical Medicine Research Unit, Faculty of Tropical Medicine, Mahidol University, Bangkok, Thailand; Centre for Tropical Medicine and Global Health, University of Oxford, Oxford, UK; The Open University, Milton Keynes, UK.",https://pubmed.ncbi.nlm.nih.gov/32171078/
3267,Pfmdr1 amplifications,India,IN,Odisha,"Rourkela, Sundergarh",22.260423,84.853584,2015,P. falciparum,14,"Mahidol-Oxford Tropical Medicine Research Unit, Faculty of Tropical Medicine, Mahidol University, Bangkok, Thailand; Centre for Tropical Medicine and Global Health, University of Oxford, Oxford, UK; The Open University, Milton Keynes, UK.",https://pubmed.ncbi.nlm.nih.gov/32171078/
3268,Pfmdr1 amplifications,Lao People's Democratic Republic,LA,Sekong Province,Sekong,15.345356,106.673616,2015,P. falciparum,11,"Mahidol-Oxford Tropical Medicine Research Unit, Faculty of Tropical Medicine, Mahidol University, Bangkok, Thailand; Centre for Tropical Medicine and Global Health, University of Oxford, Oxford, UK; The Open University, Milton Keynes, UK.",https://pubmed.ncbi.nlm.nih.gov/32171078/
3269,Pfmdr1 amplifications,Myanmar,MM,Mandalay,Pyin Oo Lwin,22.039177,96.471658,2015,P. falciparum,27,"Mahidol-Oxford Tropical Medicine Research Unit, Faculty of Tropical Medicine, Mahidol University, Bangkok, Thailand; Centre for Tropical Medicine and Global Health, University of Oxford, Oxford, UK; The Open University, Milton Keynes, UK.",https://pubmed.ncbi.nlm.nih.gov/32171078/
3270,Pfmdr1 amplifications,Myanmar,MM,Bago,Pyay,18.914700,95.172343,2015,P. falciparum,32,"Mahidol-Oxford Tropical Medicine Research Unit, Faculty of Tropical Medicine, Mahidol University, Bangkok, Thailand; Centre for Tropical Medicine and Global Health, University of Oxford, Oxford, UK; The Open University, Milton Keynes, UK.",https://pubmed.ncbi.nlm.nih.gov/32171078/
3271,Pfmdr1 amplifications,Myanmar,MM,Rakhine,Ann,19.850000,94.000000,2015,P. falciparum,28,"Mahidol-Oxford Tropical Medicine Research Unit, Faculty of Tropical Medicine, Mahidol University, Bangkok, Thailand; Centre for Tropical Medicine and Global Health, University of Oxford, Oxford, UK; The Open University, Milton Keynes, UK.",https://pubmed.ncbi.nlm.nih.gov/32171078/
3272,Pfmdr1 amplifications,Myanmar,MM,Mandalay,Pyin Oo Lwin,22.039177,96.471658,2015,P. falciparum,27,"Mahidol-Oxford Tropical Medicine Research Unit, Faculty of Tropical Medicine, Mahidol University, Bangkok, Thailand; Centre for Tropical Medicine and Global Health, University of Oxford, Oxford, UK; The Open University, Milton Keynes, UK.",https://pubmed.ncbi.nlm.nih.gov/32171078/
3273,Pfmdr1 amplifications,Thailand,TH,Sisaket,Phu Sing,14.546667,104.131667,2015,P. falciparum,32,"Mahidol-Oxford Tropical Medicine Research Unit, Faculty of Tropical Medicine, Mahidol University, Bangkok, Thailand; Centre for Tropical Medicine and Global Health, University of Oxford, Oxford, UK; The Open University, Milton Keynes, UK.",https://pubmed.ncbi.nlm.nih.gov/32171078/
3274,Pfmdr1 amplifications,Thailand,TH,Sisaket,Khun Han,14.547273,104.259303,2015,P. falciparum,11,"Mahidol-Oxford Tropical Medicine Research Unit, Faculty of Tropical Medicine, Mahidol University, Bangkok, Thailand; Centre for Tropical Medicine and Global Health, University of Oxford, Oxford, UK; The Open University, Milton Keynes, UK.",https://pubmed.ncbi.nlm.nih.gov/32171078/
3276,Pfmdr1 amplifications,Mauritania,MR,Hodh El Gharbi,Ayoun el Atrous,16.666667,-9.616667,2010,P. falciparum,6,"Faculté des sciences et techniques, Université de Nouachkott Al-Aasriya",https://www.ncbi.nlm.nih.gov/pubmed/28381273
3277,Pfmdr1 amplifications,Mauritania,MR,Hodh El Gharbi,Kobeni,15.820832,-9.414496,2010,P. falciparum,88,"Faculté des sciences et techniques, Université de Nouachkott Al-Aasriya",https://www.ncbi.nlm.nih.gov/pubmed/28381273
3278,Pfmdr1 amplifications,Mauritania,MR,Hodh El Gharbi,Tintane,16.400000,-10.166670,2010,P. falciparum,8,"Faculté des sciences et techniques, Université de Nouachkott Al-Aasriya",https://www.ncbi.nlm.nih.gov/pubmed/28381273
3279,Pfmdr1 amplifications,Cambodia,KH,Kampong Speu,Oral,11.811908,104.007235,2019,P. falciparum,13,"National Center for Parasitology, Entomology and Malaria Control, Ministry of Health",
3280,Pfmdr1 amplifications,Cambodia,KH,Kampong Speu,Oral,11.811908,104.007235,2019,P. falciparum,22,"National Center for Parasitology, Entomology and Malaria Control, Ministry of Health",
3281,Pfmdr1 amplifications,Cambodia,KH,Pursat,Krakor,12.546682,104.172877,2019,P. falciparum,16,"National Center for Parasitology, Entomology and Malaria Control, Ministry of Health",
3282,Pfmdr1 amplifications,Cambodia,KH,Kratié,Sambour,12.742344,105.261533,2019,P. falciparum,8,"National Center for Parasitology, Entomology and Malaria Control, Ministry of Health",
3283,Pfmdr1 amplifications,Cambodia,KH,Ratanakiri,Veun Sai,14.261043,106.794241,2019,P. falciparum,52,"National Center for Parasitology, Entomology and Malaria Control, Ministry of Health",
3284,Pfmdr1 amplifications,Rwanda,RW,Kigali,Gasabo,-1.883333,30.133333,2013,P. falciparum,127,"Malaria and Other Parasitic Division, Institute of HIV/AIDS, Disease Prevention & Control (IHDPC), Rwanda Biomedical Center, Ministry of Health",
3285,Pfmdr1 amplifications,Rwanda,RW,Eastern Province,Kayonza,-1.913858,30.619989,2013,P. falciparum,105,"Malaria and Other Parasitic Division, Institute of HIV/AIDS, Disease Prevention & Control (IHDPC), Rwanda Biomedical Center, Ministry of Health",
3286,Pfmdr1 amplifications,Senegal,SN,Kedougou,Kedougou,12.557825,-12.200554,2018,P. falciparum,272,"Faculty of Medicine, University of Cheikh Anta Diop",
3287,Pfmdr1 amplifications,Senegal,SN,Diourbel Region,Diourbel,14.654338,-16.252578,2018,P. falciparum,192,"Faculty of Medicine, University of Cheikh Anta Diop",
3288,Pfmdr1 amplifications,Uganda,UG,Eastern Region,Tororo,0.678227,34.186567,2010,P. falciparum,58,University of California San Francisco,https://pubmed.ncbi.nlm.nih.gov/23796921/
3289,Pfmdr1 amplifications,Viet Nam,VN,,Gia Lai Province,13.807894,108.109375,2019,P. falciparum,52,"National Institute of Malariology, Parasitology and Entomology",
3290,Pfmdr1 amplifications,Senegal,SN,Kolda,Kolda,12.933677,-14.956129,2019,P. falciparum,193,Cheikh Anta Diop University,
3291,Pfmdr1 amplifications,Senegal,SN,Thiès Region,Mbour,14.416536,-16.987211,2019,P. falciparum,176,Cheikh Anta Diop University,
3292,Pfmdr1 amplifications,Burkina Faso,BF,Zondoma,Gourcy,13.203628,-2.356686,2018,P. falciparum,122,Centre National de Recherche et de Formation sur le Paludisme,https://pubmed.ncbi.nlm.nih.gov/33468147/
3293,Pfmdr1 amplifications,Burkina Faso,BF,Boulkiemdé,Nanoro,12.683333,-2.183333,2017,P. falciparum,137,Centre National de Recherche et de Formation sur le Paludisme,https://pubmed.ncbi.nlm.nih.gov/33468147/
3294,Pfmdr1 amplifications,Burkina Faso,BF,Comoé,Banfora,10.640016,-4.758804,2017,P. falciparum,107,Centre National de Recherche et de Formation sur le Paludisme,https://pubmed.ncbi.nlm.nih.gov/33468147/
3295,Pfmdr1 amplifications,Uganda,UG,Eastern Region,Tororo,0.678227,34.186567,2016,P. falciparum,58,"Department of Natural Sciences and Mathematics, Dominican University of California",https://pubmed.ncbi.nlm.nih.gov/28923866/
3296,Pfmdr1 amplifications,Uganda,UG,Northern Region,Agago,2.833333,33.333333,2017,P. falciparum,30,Infectious Diseases Research Collaboration,https://pubmed.ncbi.nlm.nih.gov/30559133/
3297,Pfmdr1 amplifications,Uganda,UG,Northern Region,Amolatar,1.633333,32.833333,2017,P. falciparum,41,Infectious Diseases Research Collaboration,https://pubmed.ncbi.nlm.nih.gov/30559133/
3298,Pfmdr1 amplifications,Uganda,UG,Northern Region,Arua,3.035278,30.910833,2017,P. falciparum,37,Infectious Diseases Research Collaboration,https://pubmed.ncbi.nlm.nih.gov/30559133/
3299,Pfmdr1 amplifications,Uganda,UG,Eastern Region,Jinja,0.447857,33.202612,2017,P. falciparum,37,Infectious Diseases Research Collaboration,https://pubmed.ncbi.nlm.nih.gov/30559133/
3300,Pfmdr1 amplifications,Uganda,UG,Western Region,Kanungu,-0.819525,29.742604,2017,P. falciparum,45,Infectious Diseases Research Collaboration,https://pubmed.ncbi.nlm.nih.gov/30559133/
3301,Pfmdr1 amplifications,Uganda,UG,Northern Region,Kole,2.302006,32.610417,2017,P. falciparum,31,Infectious Diseases Research Collaboration,https://pubmed.ncbi.nlm.nih.gov/30559133/
3302,Pfmdr1 amplifications,Uganda,UG,Northern Region,Lamwo,3.533333,32.800000,2017,P. falciparum,35,Infectious Diseases Research Collaboration,https://pubmed.ncbi.nlm.nih.gov/30559133/
3303,Pfmdr1 amplifications,Uganda,UG,Central Region,Mubende,0.600000,31.400000,2017,P. falciparum,39,Infectious Diseases Research Collaboration,https://pubmed.ncbi.nlm.nih.gov/30559133/
3304,Pfmdr1 amplifications,Uganda,UG,Eastern Region,Tororo,0.678227,34.186567,2017,P. falciparum,40,Infectious Diseases Research Collaboration,https://pubmed.ncbi.nlm.nih.gov/30559133/
3305,Pfmdr1 amplifications,United Republic of Tanzania,TZ,Pwani,Rufiji,-7.773889,39.363889,2015,P. falciparum,22,Ifakara Health Institute,https://pubmed.ncbi.nlm.nih.gov/30333022/
3306,Pfmdr1 amplifications,Colombia,CO,,"Cordoba, Guaviare and Narino departments",2.566667,-72.633333,2011,P. falciparum,81,"Grupo de Bioquímica y Biología Celular, Instituto Nacional de Salud",https://pubmed.ncbi.nlm.nih.gov/28460112/
3307,Pfmdr1 amplifications,Afghanistan,AF,Laghman,Mihtarlam,34.645600,70.181400,2019,P. falciparum,51,National Malaria and Leishmaniasis Control Programme,
3308,Pfmdr1 amplifications,Cambodia,KH,Pursat,Phnom Kravanh,12.333333,103.750000,2018,P. falciparum,10,"National Center for Parasitology, Entomology and Malaria Control, Ministry of Health",
3309,Pfmdr1 amplifications,Cambodia,KH,Stung Treng,Siem Pang,14.112548,106.390534,2018,P. falciparum,30,"National Center for Parasitology, Entomology and Malaria Control, Ministry of Health",
3310,Pfmdr1 amplifications,Cambodia,KH,Ratanakiri,Taveng,14.047334,107.099318,2018,P. falciparum,6,"National Center for Parasitology, Entomology and Malaria Control, Ministry of Health",
3311,Pfmdr1 amplifications,Cambodia,KH,Stung Treng,Sesan,13.503679,106.393478,2018,P. falciparum,11,"National Center for Parasitology, Entomology and Malaria Control, Ministry of Health",
3312,Pfmdr1 amplifications,Cambodia,KH,Stung Treng,Siem Pang,14.112548,106.390534,2018,P. falciparum,10,"National Center for Parasitology, Entomology and Malaria Control, Ministry of Health",
3313,Pfmdr1 amplifications,Cambodia,KH,Mondulkiri,Ou Reang,12.331800,107.168400,2019,P. falciparum,2,"National Center for Parasitology, Entomology and Malaria Control, Ministry of Health",
3314,Pfmdr1 amplifications,Cambodia,KH,Ratanakiri,Veun Sai,14.261043,106.794241,2019,P. falciparum,5,"National Center for Parasitology, Entomology and Malaria Control, Ministry of Health",
3315,Pfmdr1 amplifications,Afghanistan,AF,Nangarhar,Darai Nur and Kama Districts,34.655296,70.685202,2019,P. falciparum,57,National Malaria and Leishmaniasis Control Programme,
3316,Pfmdr1 amplifications,Ecuador,EC,,Multiple sites,-2.156263,-78.744668,2013,P. falciparum,45,"Centro de Investigación para la Salud en América Latina, Facultad de Ciencias Exactas y Naturales, Pontificia Universidad Católica del Ecuador",https://pubmed.ncbi.nlm.nih.gov/31822269/
3317,Pfmdr1 amplifications,Viet Nam,VN,Gia Lai,Krong Pa,13.234560,108.517936,2015,P. falciparum,47,Institute of Tropical Medicine,https://pubmed.ncbi.nlm.nih.gov/32437557/
3318,Pfmdr1 amplifications,Viet Nam,VN,Gia Lai,Krong Pa and Ia Pa Districts,13.343558,108.638600,2019,P. falciparum,19,"National Institute of Malariology, Parasitology and Entomology",
3319,Pfmdr1 amplifications,Viet Nam,VN,Binh Phuoc,Bu Gia Map and Bu Dang Districts,11.972318,107.148275,2019,P. falciparum,4,"National Institute of Malariology, Parasitology and Entomology",
3320,Pfmdr1 amplifications,Viet Nam,VN,,Dak Nong Province,12.264648,107.609806,2019,P. falciparum,38,"National Institute of Malariology, Parasitology and Entomology",
3321,Pfmdr1 amplifications,Mozambique,MZ,Maputo,Magude,-25.023056,32.648056,2015,P. falciparum,61,"ISGlobal, Barcelona Institute for Global Health, Hospital Clínic-Universitat de Barcelona",https://pubmed.ncbi.nlm.nih.gov/33075062/
3322,Pfmdr1 amplifications,Mozambique,MZ,Maputo,Magude,-25.023056,32.648056,2017,P. falciparum,59,"ISGlobal, Barcelona Institute for Global Health, Hospital Clínic-Universitat de Barcelona",https://pubmed.ncbi.nlm.nih.gov/33075062/
3323,Pfmdr1 amplifications,Uganda,UG,,Multiple sites,0.827391,32.258765,2018,P. falciparum,520,University of California San Francisco,https://pubmed.ncbi.nlm.nih.gov/33146722/
3324,Pfmdr1 amplifications,Yemen,YE,Al Hudaydah,Bajil,15.100000,43.466667,2019,P. falciparum,86,"National Malaria Control Programme, Yemen",
3325,Pfmdr1 amplifications,Zambia,ZM,Luapula Province,Nchelenge,-9.000000,29.000000,2014,P. falciparum,9,"Johns Hopkins Malaria Research Institute, Johns Hopkins University Bloomberg School of Public Health",https://pubmed.ncbi.nlm.nih.gov/33078701/
3326,Pfmdr1 amplifications,Colombia,CO,,"Antioquia, Choco and Narino departments",5.556417,-77.036402,2014,P. falciparum,70,"Grupo Malaria, Universidad de Antioquia",https://pubmed.ncbi.nlm.nih.gov/33289466/
3333,Pfmdr1 amplifications,Cambodia,KH,Kampong Speu,Phnom Sruoch,11.400000,104.400000,2020,P. falciparum,15,"National Center for Parasitology, Entomology and Malaria Control, Ministry of Health",
3334,Pfmdr1 amplifications,Cambodia,KH,Stung Treng,Siem Pang,14.112548,106.390534,2020,P. falciparum,6,"National Center for Parasitology, Entomology and Malaria Control, Ministry of Health",
3335,Pfmdr1 amplifications,Cambodia,KH,Kampong Speu,Oral,11.811908,104.007235,2020,P. falciparum,3,"National Center for Parasitology, Entomology and Malaria Control, Ministry of Health",
3336,Pfmdr1 amplifications,Cambodia,KH,Ratanakiri,Veun Sai,14.261043,106.794241,2020,P. falciparum,19,"National Center for Parasitology, Entomology and Malaria Control, Ministry of Health",
3337,Pfmdr1 amplifications,Pakistan,PK,,Sindh and Balochistan Provinces,26.997310,67.139307,2015,P. falciparum,241,"Section of Microbiology, Department of Pathology and Laboratory Medicine, Aga Khan University",https://pubmed.ncbi.nlm.nih.gov/33827592/
3338,Pfmdr1 amplifications,Democratic Republic of the Congo,CD,Kinshasa,Kingasani,-4.410243,15.411201,2018,P. falciparum,80,"Department of Basic Sciences, Faculty of Medicine, University of Kinshasa",https://pubmed.ncbi.nlm.nih.gov/33706773/
3339,Pfmdr1 amplifications,Democratic Republic of the Congo,CD,Tshopo,Kisangani,0.516667,25.200000,2018,P. falciparum,17,"Department of Basic Sciences, Faculty of Medicine, University of Kinshasa",https://pubmed.ncbi.nlm.nih.gov/33706773/
3340,Pfmdr1 amplifications,Democratic Republic of the Congo,CD,Equateur,Bolenge,0.000100,18.216700,2018,P. falciparum,60,"Department of Basic Sciences, Faculty of Medicine, University of Kinshasa",https://pubmed.ncbi.nlm.nih.gov/33706773/
3341,Pfmdr1 amplifications,Democratic Republic of the Congo,CD,Kwilu,Vanga,-4.414704,18.430939,2018,P. falciparum,24,"Department of Basic Sciences, Faculty of Medicine, University of Kinshasa",https://pubmed.ncbi.nlm.nih.gov/33706773/
3342,Pfmdr1 amplifications,Democratic Republic of the Congo,CD,Lualaba,Fungurume,-10.616667,26.300000,2018,P. falciparum,58,"Department of Basic Sciences, Faculty of Medicine, University of Kinshasa",https://pubmed.ncbi.nlm.nih.gov/33706773/
3343,Pfmdr1 amplifications,Democratic Republic of the Congo,CD,Sud-Kivu,Katana,-2.225000,28.831389,2018,P. falciparum,85,"Department of Basic Sciences, Faculty of Medicine, University of Kinshasa",https://pubmed.ncbi.nlm.nih.gov/33706773/
3344,Pfmdr1 amplifications,Thailand,TH,,Sisaket and Surin Provinces,14.946688,103.961802,2013,P. falciparum,27,"Department of Bacterial and Parasitic Diseases, Armed Forces Research Institute of Medical Sciences",https://pubmed.ncbi.nlm.nih.gov/34183715/
3345,Pfmdr1 amplifications,Thailand,TH,,Sisaket and Surin Provinces,14.946688,103.961802,2014,P. falciparum,39,"Department of Bacterial and Parasitic Diseases, Armed Forces Research Institute of Medical Sciences",https://pubmed.ncbi.nlm.nih.gov/34183715/
3346,Pfmdr1 amplifications,Thailand,TH,,Sisaket and Surin Provinces,14.946688,103.961802,2015,P. falciparum,46,"Department of Bacterial and Parasitic Diseases, Armed Forces Research Institute of Medical Sciences",https://pubmed.ncbi.nlm.nih.gov/34183715/
3347,Pfmdr1 amplifications,Cambodia,KH,,Pailin and Pursat Provinces,12.462615,102.986299,2018,P. falciparum,74,"Mahidol Oxford Tropical Medicine Research Unit, Faculty of Tropical Medicine, Mahidol University, Bangkok, Thailand; Centre for Tropical Medicine and Global Health, Nuffield Department of Medicine, University of Oxford, Oxford, United Kingdom",
3348,Pfmdr1 amplifications,Cambodia,KH,,Stung Treng Province,13.576473,105.969988,2018,P. falciparum,181,"Mahidol Oxford Tropical Medicine Research Unit, Faculty of Tropical Medicine, Mahidol University, Bangkok, Thailand; Centre for Tropical Medicine and Global Health, Nuffield Department of Medicine, University of Oxford, Oxford, United Kingdom",
3349,Pfmdr1 amplifications,Cambodia,KH,Kampong Speu,Oral,11.811908,104.007235,2021,P. falciparum,1,"National Center for Parasitology, Entomology and Malaria Control, Ministry of Health",
3350,Pfmdr1 amplifications,Cambodia,KH,Kampong Speu,Phnom Sruoch,11.400000,104.400000,2021,P. falciparum,20,"National Center for Parasitology, Entomology and Malaria Control, Ministry of Health",
3351,Pfmdr1 amplifications,Cambodia,KH,,Pursat Province,12.366321,103.636272,2021,P. falciparum,26,"Mahidol Oxford Tropical Medicine Research Unit, Faculty of Tropical Medicine, Mahidol University, Bangkok, Thailand; Centre for Tropical Medicine and Global Health, Nuffield Department of Medicine, University of Oxford, Oxford, United Kingdom",
3352,Pfmdr1 amplifications,Cambodia,KH,,Stung Treng Province,13.576473,105.969988,2021,P. falciparum,25,"Mahidol Oxford Tropical Medicine Research Unit, Faculty of Tropical Medicine, Mahidol University, Bangkok, Thailand; Centre for Tropical Medicine and Global Health, Nuffield Department of Medicine, University of Oxford, Oxford, United Kingdom",
3353,Pfmdr1 amplifications,Cambodia,KH,Pursat,Phnom Kravanh,12.333333,103.750000,2022,P. falciparum,27,"Mahidol Oxford Tropical Medicine Research Unit, Faculty of Tropical Medicine, Mahidol University, Bangkok, Thailand; Centre for Tropical Medicine and Global Health, Nuffield Department of Medicine, University of Oxford, Oxford, United Kingdom",
3354,Pfmdr1 amplifications,Cambodia,KH,Stung Treng,Siem Pang,14.112548,106.390534,2022,P. falciparum,6,"National Center for Parasitology, Entomology and Malaria Control, Ministry of Health",
3355,Pfmdr1 amplifications,Cambodia,KH,Kratié,Sambour,12.742344,105.261533,2022,P. falciparum,9,"National Center for Parasitology, Entomology and Malaria Control, Ministry of Health",
3356,Pfmdr1 amplifications,Cambodia,KH,,Battambang,13.028697,102.989615,2022,P. falciparum,4,"Cambodia Malaria Elimination Project 2, University Research Co., LLC",
3357,Pfmdr1 amplifications,Cambodia,KH,Pursat,Phnom Kravanh,12.333333,103.750000,2022,P. falciparum,59,"Cambodia Malaria Elimination Project 2, University Research Co., LLC",
3358,Pfmdr1 amplifications,Lao People's Democratic Republic,LA,,Champasak Province,14.657866,105.969988,2019,P. falciparum,3,"Center of Malariology, Parasitology and Entomology, Ministry of Public Health",
3359,Pfmdr1 amplifications,Lao People's Democratic Republic,LA,,Salavan Province,15.716566,106.414087,2019,P. falciparum,17,"Center of Malariology, Parasitology and Entomology, Ministry of Public Health",
3360,Pfmdr1 amplifications,Lao People's Democratic Republic,LA,,Savannakhet Province,16.540000,105.780000,2019,P. falciparum,81,"Center of Malariology, Parasitology and Entomology, Ministry of Public Health",
3361,Pfmdr1 amplifications,Lao People's Democratic Republic,LA,,Savannakhet Province,16.540000,105.780000,2021,P. falciparum,32,"Center of Malariology, Parasitology and Entomology, Ministry of Public Health",
3362,Pfmdr1 amplifications,Lao People's Democratic Republic,LA,,Attapeu Province,14.936340,107.101193,2021,P. falciparum,32,"Center of Malariology, Parasitology and Entomology, Ministry of Public Health",
3363,Pfmdr1 amplifications,Myanmar,MM,Kachin,Myitkyina,25.394614,97.384073,2015,P. falciparum,15,"Department of Medical Research, Ministry of Health and Sports",
3364,Pfmdr1 amplifications,Myanmar,MM,Shan,Mu Se,23.993288,97.910265,2015,P. falciparum,16,"Department of Medical Research, Ministry of Health and Sports",
3365,Pfmdr1 amplifications,Myanmar,MM,Sagaing,Tamu,24.219884,94.310288,2016,P. falciparum,16,"Department of Medical Research, Ministry of Health and Sports",
3366,Pfmdr1 amplifications,Myanmar,MM,Mandalay,Pyin Oo Lwin,22.039177,96.471658,2016,P. falciparum,16,"Department of Medical Research, Ministry of Health and Sports",
3367,Pfmdr1 amplifications,Myanmar,MM,Rakhine,Buthidaung,20.869510,92.527221,2016,P. falciparum,43,"Department of Medical Research, Ministry of Health and Sports",
3368,Pfmdr1 amplifications,Myanmar,MM,Kachin,Mohnyin,24.783333,96.366667,2017,P. falciparum,16,"Department of Medical Research, Ministry of Health and Sports",
3369,Pfmdr1 amplifications,Myanmar,MM,Shan,Nawnghkio,22.333809,96.801421,2017,P. falciparum,16,"Department of Medical Research, Ministry of Health and Sports",
3370,Pfmdr1 amplifications,Myanmar,MM,Tanintharyi,Kawthaung,9.995811,98.552875,2017,P. falciparum,17,"Department of Medical Research, Ministry of Health and Sports",
3371,Pfmdr1 amplifications,Myanmar,MM,Kayin,Kawkareik,16.555556,98.240000,2017,P. falciparum,16,"Department of Medical Research, Ministry of Health and Sports",
3372,Pfmdr1 amplifications,Papua New Guinea,PG,Sandaun,Vanimo-Green River,-2.683333,141.283333,2021,P. falciparum,62,Papua New Guinea Institute of Medical Research,
3373,Pfmdr1 amplifications,Papua New Guinea,PG,New Ireland,Kavieng,-2.571800,150.804800,2022,P. falciparum,57,Papua New Guinea Institute of Medical Research,
3374,Pfmdr1 amplifications,Viet Nam,VN,Dak Nong,Tuy Duc and Cu Jut districts,12.342125,107.555663,2018,P. falciparum,36,"Institute of Malariology, Parasitology and Entomology",
3375,Pfmdr1 amplifications,Viet Nam,VN,Dak Lak,Cu M'gar and Lak districts,12.342398,108.242917,2018,P. falciparum,55,"Institute of Malariology, Parasitology and Entomology",
3376,Pfmdr1 amplifications,Viet Nam,VN,Gia Lai,Kbang and Kong Chro districts,13.908636,108.593258,2018,P. falciparum,13,"Institute of Malariology, Parasitology and Entomology",
3377,Pfmdr1 amplifications,Viet Nam,VN,Kon Tum,Ia Hdrai and Ngoc Hoi districts,14.419387,107.563205,2018,P. falciparum,23,"Institute of Malariology, Parasitology and Entomology",
3378,Pfmdr1 amplifications,Viet Nam,VN,Dak Nong,Cu Jut and Dak Mil districts,12.612315,107.728724,2018,P. falciparum,50,Vietnam People's Army Military Institute of Preventive Medicine,
3379,Pfmdr1 amplifications,Viet Nam,VN,Dak Nong,Tuy Duc and Cu Jut districts,12.342125,107.555663,2019,P. falciparum,50,"National Institute of Malariology, Parasitology and Entomology",
3380,Pfmdr1 amplifications,Viet Nam,VN,Gia Lai,Krong Pa and Ia Pa Districts,13.343558,108.638600,2020,P. falciparum,50,"National Institute of Malariology, Parasitology and Entomology",
3381,Pfmdr1 amplifications,Viet Nam,VN,Dak Lak,Krong Nang and Ea Kar districts,12.976458,108.473548,2020,P. falciparum,35,"National Institute of Malariology, Parasitology and Entomology",
3382,Pfmdr1 amplifications,Viet Nam,VN,Dak Nong,Tuy Duc,12.157612,107.434231,2020,P. falciparum,6,"National Institute of Malariology, Parasitology and Entomology",
3383,Pfmdr1 amplifications,Viet Nam,VN,,Binh Phouc and Khanh Hoa Provinces,11.949718,107.336376,2018,P. falciparum,50,"Mahidol Oxford Tropical Medicine Research Unit, Faculty of Tropical Medicine, Mahidol University, Bangkok, Thailand; Centre for Tropical Medicine and Global Health, Nuffield Department of Medicine, University of Oxford, Oxford, United Kingdom",
3384,Pfmdr1 amplifications,Viet Nam,VN,Gia Lai,Krong Pa and Ia Pa Districts,13.343558,108.638600,2021,P. falciparum,11,"National Institute of Malariology, Parasitology and Entomology",
3385,Pfmdr1 amplifications,Viet Nam,VN,Phu Yen,"Song Hinh, Son Hoa and Dong Xuan districts",13.123581,108.785398,2021,P. falciparum,41,"National Institute of Malariology, Parasitology and Entomology",
3386,Pfmdr1 amplifications,Cambodia,KH,,Pursat Province,12.366321,103.636272,2015,P. falciparum,36,"Wellcome Trust Sanger Institute (Hinxton, UK) and the Centre for Genomics and Global Health, Wellcome Trust Centre for Human Genetics (Oxford, UK)",https://pubmed.ncbi.nlm.nih.gov/32404110/
3387,Pfmdr1 amplifications,Cambodia,KH,,Kampong Speu and Pursat Provinces,11.867365,104.168474,2023,P. falciparum,9,"National Center for Parasitology, Entomology and Malaria Control, Ministry of Health",
3388,Pfmdr1 amplifications,Lao People's Democratic Republic,LA,,Attapeu and Salavanh provinces,15.319963,106.550601,2022,P. falciparum,8,"Center of Malariology, Parasitology and Entomology, Ministry of Public Health",
3389,Pfmdr1 amplifications,Viet Nam,VN,Gia Lai,Krong Pa and Kbang districts,13.468723,108.672087,2022,P. falciparum,32,"National Institute of Malariology, Parasitology and Entomology",
3390,Pfmdr1 amplifications,Viet Nam,VN,Gia Lai,Krong Pa and Ia Pa Districts,13.343558,108.638600,2019,P. falciparum,71,"National Institute of Malariology, Parasitology and Entomology",
3391,Pfmdr1 amplifications,Cambodia,KH,Pursat,Phnom Kravanh,12.333333,103.750000,2022,P. falciparum,74,"The GenRe-Mekong Project, Mahidol-Oxford Tropical Medicine Research Unit, Faculty of Tropical Medicine, Mahidol University",https://doi.org/10.1038/s41467-025-59946-1
3392,Pfmdr1 amplifications,Viet Nam,VN,Khánh Hòa,Khanh Vinh,12.274375,108.917539,2018,P. falciparum,48,"The GenRe-Mekong Project, Mahidol-Oxford Tropical Medicine Research Unit, Faculty of Tropical Medicine, Mahidol University",https://doi.org/10.7554/eLife.62997
3393,Pfmdr1 amplifications,Viet Nam,VN,Gia Lai,Ia Grai,14.000000,107.750000,2019,P. falciparum,10,"The GenRe-Mekong Project, Mahidol-Oxford Tropical Medicine Research Unit, Faculty of Tropical Medicine, Mahidol University",https://doi.org/10.1038/s41467-025-59946-1
3394,Pfmdr1 amplifications,Viet Nam,VN,Phu Yen,Son Hoa,13.148170,108.964386,2020,P. falciparum,11,"The GenRe-Mekong Project, Mahidol-Oxford Tropical Medicine Research Unit, Faculty of Tropical Medicine, Mahidol University",https://doi.org/10.1038/s41467-025-59946-1
3395,Pfmdr1 amplifications,Lao People's Democratic Republic,LA,Attapeu,Attapeu (city),14.800000,106.833333,2021,P. falciparum,5,"The GenRe-Mekong Project, Mahidol-Oxford Tropical Medicine Research Unit, Faculty of Tropical Medicine, Mahidol University",https://doi.org/10.1038/s41467-025-59946-1
3396,Pfmdr1 amplifications,Thailand,TH,Sisaket,Phu Sing,14.546667,104.131667,2018,P. falciparum,9,"The GenRe-Mekong Project, Mahidol-Oxford Tropical Medicine Research Unit, Faculty of Tropical Medicine, Mahidol University",https://doi.org/10.7554/eLife.62997
3397,Pfmdr1 amplifications,Viet Nam,VN,Khánh Hòa,Khanh Vinh,12.274375,108.917539,2019,P. falciparum,6,"The GenRe-Mekong Project, Mahidol-Oxford Tropical Medicine Research Unit, Faculty of Tropical Medicine, Mahidol University",https://doi.org/10.7554/eLife.62997
3398,Pfmdr1 amplifications,Thailand,TH,Ubon Ratchathani,Buntharik,14.756667,105.411389,2017,P. falciparum,9,"The GenRe-Mekong Project, Mahidol-Oxford Tropical Medicine Research Unit, Faculty of Tropical Medicine, Mahidol University",https://doi.org/10.7554/eLife.62997
3399,Pfmdr1 amplifications,Viet Nam,VN,Gia Lai,Krong Pa,13.234560,108.517936,2021,P. falciparum,64,"The GenRe-Mekong Project, Mahidol-Oxford Tropical Medicine Research Unit, Faculty of Tropical Medicine, Mahidol University",https://doi.org/10.1038/s41467-025-59946-1
3400,Pfmdr1 amplifications,Lao People's Democratic Republic,LA,Salavan,Ta Oy,16.050000,106.583333,2019,P. falciparum,3,"The GenRe-Mekong Project, Mahidol-Oxford Tropical Medicine Research Unit, Faculty of Tropical Medicine, Mahidol University",https://doi.org/10.1038/s41467-025-59946-1
3401,Pfmdr1 amplifications,Viet Nam,VN,Binh Thuan,Bac Binh,11.255183,108.380131,2020,P. falciparum,5,"The GenRe-Mekong Project, Mahidol-Oxford Tropical Medicine Research Unit, Faculty of Tropical Medicine, Mahidol University",https://doi.org/10.1038/s41467-025-59946-1
3402,Pfmdr1 amplifications,Viet Nam,VN,Dak Nong,Tuy Duc,12.157612,107.434231,2019,P. falciparum,24,"The GenRe-Mekong Project, Mahidol-Oxford Tropical Medicine Research Unit, Faculty of Tropical Medicine, Mahidol University",https://doi.org/10.1038/s41467-025-59946-1
3403,Pfmdr1 amplifications,Viet Nam,VN,Gia Lai,Pleiku,13.967062,108.012876,2019,P. falciparum,21,"The GenRe-Mekong Project, Mahidol-Oxford Tropical Medicine Research Unit, Faculty of Tropical Medicine, Mahidol University",https://doi.org/10.1038/s41467-025-59946-1
3404,Pfmdr1 amplifications,Viet Nam,VN,Dak Lak,Buon Don,12.879161,107.716250,2018,P. falciparum,24,"The GenRe-Mekong Project, Mahidol-Oxford Tropical Medicine Research Unit, Faculty of Tropical Medicine, Mahidol University",https://doi.org/10.7554/eLife.62997
3405,Pfmdr1 amplifications,Lao People's Democratic Republic,LA,Champasak,Pathouphone,14.841895,105.947956,2019,P. falciparum,7,"The GenRe-Mekong Project, Mahidol-Oxford Tropical Medicine Research Unit, Faculty of Tropical Medicine, Mahidol University",https://doi.org/10.1038/s41467-025-59946-1
3406,Pfmdr1 amplifications,Viet Nam,VN,Binh Phuoc,Bu Gia Map,12.039224,107.053943,2018,P. falciparum,110,"The GenRe-Mekong Project, Mahidol-Oxford Tropical Medicine Research Unit, Faculty of Tropical Medicine, Mahidol University",https://doi.org/10.7554/eLife.62997
3407,Pfmdr1 amplifications,Thailand,TH,Ubon Ratchathani,Nam Yuen,14.489167,105.000833,2018,P. falciparum,4,"The GenRe-Mekong Project, Mahidol-Oxford Tropical Medicine Research Unit, Faculty of Tropical Medicine, Mahidol University",https://doi.org/10.1038/s41467-025-59946-1
3408,Pfmdr1 amplifications,Cambodia,KH,Kampong Speu,Phnom Sruoch,11.400000,104.400000,2021,P. falciparum,25,"The GenRe-Mekong Project, Mahidol-Oxford Tropical Medicine Research Unit, Faculty of Tropical Medicine, Mahidol University",https://doi.org/10.1038/s41467-025-59946-1
3409,Pfmdr1 amplifications,Viet Nam,VN,Dak Lak,Buon Ma Thuot,12.666667,108.050000,2017,P. falciparum,64,"The GenRe-Mekong Project, Mahidol-Oxford Tropical Medicine Research Unit, Faculty of Tropical Medicine, Mahidol University",https://doi.org/10.1038/s41467-025-59946-1
3410,Pfmdr1 amplifications,Viet Nam,VN,Gia Lai,Kong Chro,13.703722,108.570064,2017,P. falciparum,10,"The GenRe-Mekong Project, Mahidol-Oxford Tropical Medicine Research Unit, Faculty of Tropical Medicine, Mahidol University",https://doi.org/10.7554/eLife.62997
3411,Pfmdr1 amplifications,Lao People's Democratic Republic,LA,Savannakhet,Nong,16.404470,106.627808,2019,P. falciparum,20,"The GenRe-Mekong Project, Mahidol-Oxford Tropical Medicine Research Unit, Faculty of Tropical Medicine, Mahidol University",https://doi.org/10.1038/s41467-025-59946-1
3412,Pfmdr1 amplifications,Lao People's Democratic Republic,LA,Attapeu,Phouvong,14.751294,106.957996,2021,P. falciparum,34,"The GenRe-Mekong Project, Mahidol-Oxford Tropical Medicine Research Unit, Faculty of Tropical Medicine, Mahidol University",https://doi.org/10.1038/s41467-025-59946-1
3413,Pfmdr1 amplifications,Lao People's Democratic Republic,LA,Salavan,Ta Oy,16.050000,106.583333,2020,P. falciparum,4,"The GenRe-Mekong Project, Mahidol-Oxford Tropical Medicine Research Unit, Faculty of Tropical Medicine, Mahidol University",https://doi.org/10.1038/s41467-025-59946-1
3414,Pfmdr1 amplifications,Viet Nam,VN,Dak Lak,Krong Bong,12.469506,108.507187,2019,P. falciparum,1,"The GenRe-Mekong Project, Mahidol-Oxford Tropical Medicine Research Unit, Faculty of Tropical Medicine, Mahidol University",https://doi.org/10.1038/s41467-025-59946-1
3415,Pfmdr1 amplifications,Viet Nam,VN,Phu Yen,Dong Xuan,13.425345,109.021389,2020,P. falciparum,16,"The GenRe-Mekong Project, Mahidol-Oxford Tropical Medicine Research Unit, Faculty of Tropical Medicine, Mahidol University",https://doi.org/10.1038/s41467-025-59946-1
3416,Pfmdr1 amplifications,Viet Nam,VN,Ninh Thuan,Bac Ai,11.833415,108.855148,2020,P. falciparum,3,"The GenRe-Mekong Project, Mahidol-Oxford Tropical Medicine Research Unit, Faculty of Tropical Medicine, Mahidol University",https://doi.org/10.1038/s41467-025-59946-1
3417,Pfmdr1 amplifications,Lao People's Democratic Republic,LA,Savannakhet,Thaphalanxay,16.700000,105.600000,2017,P. falciparum,1,"The GenRe-Mekong Project, Mahidol-Oxford Tropical Medicine Research Unit, Faculty of Tropical Medicine, Mahidol University",https://doi.org/10.7554/eLife.62997
3418,Pfmdr1 amplifications,Lao People's Democratic Republic,LA,Salavan,Salavan (district),15.716667,106.416667,2018,P. falciparum,2,"The GenRe-Mekong Project, Mahidol-Oxford Tropical Medicine Research Unit, Faculty of Tropical Medicine, Mahidol University",https://doi.org/10.7554/eLife.62997
3419,Pfmdr1 amplifications,Viet Nam,VN,Dak Lak,Buon Ma Thuot,12.666667,108.050000,2019,P. falciparum,20,"The GenRe-Mekong Project, Mahidol-Oxford Tropical Medicine Research Unit, Faculty of Tropical Medicine, Mahidol University",https://doi.org/10.1038/s41467-025-59946-1
3420,Pfmdr1 amplifications,Lao People's Democratic Republic,LA,Savannakhet,Vilabuly,16.941445,105.975349,2017,P. falciparum,10,"The GenRe-Mekong Project, Mahidol-Oxford Tropical Medicine Research Unit, Faculty of Tropical Medicine, Mahidol University",https://doi.org/10.7554/eLife.62997
3421,Pfmdr1 amplifications,Lao People's Democratic Republic,LA,Champasak,Pakse,15.113837,105.816022,2017,P. falciparum,4,"The GenRe-Mekong Project, Mahidol-Oxford Tropical Medicine Research Unit, Faculty of Tropical Medicine, Mahidol University",https://doi.org/10.7554/eLife.62997
3422,Pfmdr1 amplifications,Viet Nam,VN,Phu Yen,Dong Xuan,13.425345,109.021389,2022,P. falciparum,4,"The GenRe-Mekong Project, Mahidol-Oxford Tropical Medicine Research Unit, Faculty of Tropical Medicine, Mahidol University",https://doi.org/10.1038/s41467-025-59946-1
3423,Pfmdr1 amplifications,Lao People's Democratic Republic,LA,Attapeu,Phouvong,14.751294,106.957996,2019,P. falciparum,16,"The GenRe-Mekong Project, Mahidol-Oxford Tropical Medicine Research Unit, Faculty of Tropical Medicine, Mahidol University",https://doi.org/10.1038/s41467-025-59946-1
3424,Pfmdr1 amplifications,Viet Nam,VN,Gia Lai,Kong Chro,13.703722,108.570064,2019,P. falciparum,13,"The GenRe-Mekong Project, Mahidol-Oxford Tropical Medicine Research Unit, Faculty of Tropical Medicine, Mahidol University",https://doi.org/10.7554/eLife.62997
3425,Pfmdr1 amplifications,Lao People's Democratic Republic,LA,Attapeu,Xaysetha,14.814444,106.934444,2019,P. falciparum,9,"The GenRe-Mekong Project, Mahidol-Oxford Tropical Medicine Research Unit, Faculty of Tropical Medicine, Mahidol University",https://doi.org/10.1038/s41467-025-59946-1
3426,Pfmdr1 amplifications,Viet Nam,VN,Gia Lai,Krong Pa,13.234560,108.517936,2018,P. falciparum,301,"The GenRe-Mekong Project, Mahidol-Oxford Tropical Medicine Research Unit, Faculty of Tropical Medicine, Mahidol University",https://doi.org/10.7554/eLife.62997
3427,Pfmdr1 amplifications,Viet Nam,VN,Dak Nong,Cu Jut,12.657282,107.865612,2018,P. falciparum,33,"The GenRe-Mekong Project, Mahidol-Oxford Tropical Medicine Research Unit, Faculty of Tropical Medicine, Mahidol University",https://doi.org/10.7554/eLife.62997
3428,Pfmdr1 amplifications,Lao People's Democratic Republic,LA,Attapeu,Xaysetha,14.814444,106.934444,2020,P. falciparum,11,"The GenRe-Mekong Project, Mahidol-Oxford Tropical Medicine Research Unit, Faculty of Tropical Medicine, Mahidol University",https://doi.org/10.1038/s41467-025-59946-1
3429,Pfmdr1 amplifications,Viet Nam,VN,Dak Lak,Ea H'leo,13.244510,108.197886,2019,P. falciparum,9,"The GenRe-Mekong Project, Mahidol-Oxford Tropical Medicine Research Unit, Faculty of Tropical Medicine, Mahidol University",https://doi.org/10.1038/s41467-025-59946-1
3430,Pfmdr1 amplifications,Lao People's Democratic Republic,LA,Attapeu,Phouvong,14.751294,106.957996,2018,P. falciparum,6,"The GenRe-Mekong Project, Mahidol-Oxford Tropical Medicine Research Unit, Faculty of Tropical Medicine, Mahidol University",https://doi.org/10.7554/eLife.62997
3431,Pfmdr1 amplifications,Viet Nam,VN,Dak Lak,Buon Ma Thuot,12.666667,108.050000,2018,P. falciparum,50,"The GenRe-Mekong Project, Mahidol-Oxford Tropical Medicine Research Unit, Faculty of Tropical Medicine, Mahidol University",https://doi.org/10.1038/s41467-025-59946-1
3432,Pfmdr1 amplifications,Viet Nam,VN,Dak Lak,Krông Năng,13.000000,108.417000,2020,P. falciparum,21,"The GenRe-Mekong Project, Mahidol-Oxford Tropical Medicine Research Unit, Faculty of Tropical Medicine, Mahidol University",https://doi.org/10.1038/s41467-025-59946-1
3433,Pfmdr1 amplifications,Lao People's Democratic Republic,LA,Attapeu,Sanxay,15.085552,107.215261,2021,P. falciparum,44,"The GenRe-Mekong Project, Mahidol-Oxford Tropical Medicine Research Unit, Faculty of Tropical Medicine, Mahidol University",https://doi.org/10.1038/s41467-025-59946-1
3434,Pfmdr1 amplifications,Viet Nam,VN,Gia Lai,Kong Chro,13.703722,108.570064,2021,P. falciparum,9,"The GenRe-Mekong Project, Mahidol-Oxford Tropical Medicine Research Unit, Faculty of Tropical Medicine, Mahidol University",https://doi.org/10.1038/s41467-025-59946-1
3435,Pfmdr1 amplifications,Viet Nam,VN,Dak Lak,Krông Năng,13.000000,108.417000,2019,P. falciparum,129,"The GenRe-Mekong Project, Mahidol-Oxford Tropical Medicine Research Unit, Faculty of Tropical Medicine, Mahidol University",https://doi.org/10.1038/s41467-025-59946-1
3436,Pfmdr1 amplifications,Lao People's Democratic Republic,LA,Savannakhet,Khanthabouly,16.582488,104.867344,2020,P. falciparum,11,"The GenRe-Mekong Project, Mahidol-Oxford Tropical Medicine Research Unit, Faculty of Tropical Medicine, Mahidol University",https://doi.org/10.1038/s41467-025-59946-1
3437,Pfmdr1 amplifications,Viet Nam,VN,Gia Lai,Krong Pa,13.234560,108.517936,2022,P. falciparum,144,"The GenRe-Mekong Project, Mahidol-Oxford Tropical Medicine Research Unit, Faculty of Tropical Medicine, Mahidol University",https://doi.org/10.1038/s41467-025-59946-1
3438,Pfmdr1 amplifications,Cambodia,KH,Kampong Speu,Phnom Sruoch,11.400000,104.400000,2022,P. falciparum,8,"The GenRe-Mekong Project, Mahidol-Oxford Tropical Medicine Research Unit, Faculty of Tropical Medicine, Mahidol University",https://doi.org/10.1038/s41467-025-59946-1
3439,Pfmdr1 amplifications,Cambodia,KH,Pursat,Veal Veng,12.546349,103.918749,2022,P. falciparum,3,"The GenRe-Mekong Project, Mahidol-Oxford Tropical Medicine Research Unit, Faculty of Tropical Medicine, Mahidol University",https://doi.org/10.1038/s41467-025-59946-1
3440,Pfmdr1 amplifications,Lao People's Democratic Republic,LA,Salavan,Khongxedone,15.578303,105.799796,2022,P. falciparum,2,"The GenRe-Mekong Project, Mahidol-Oxford Tropical Medicine Research Unit, Faculty of Tropical Medicine, Mahidol University",https://doi.org/10.1038/s41467-025-59946-1
3441,Pfmdr1 amplifications,Viet Nam,VN,Dak Lak,Buon Don,12.879161,107.716250,2017,P. falciparum,38,"The GenRe-Mekong Project, Mahidol-Oxford Tropical Medicine Research Unit, Faculty of Tropical Medicine, Mahidol University",https://doi.org/10.7554/eLife.62997
3442,Pfmdr1 amplifications,Viet Nam,VN,Ninh Thuan,Thuan Bac,11.753333,109.069098,2017,P. falciparum,4,"The GenRe-Mekong Project, Mahidol-Oxford Tropical Medicine Research Unit, Faculty of Tropical Medicine, Mahidol University",https://doi.org/10.7554/eLife.62997
3443,Pfmdr1 amplifications,Viet Nam,VN,Dak Lak,Cu M'gar,12.888894,108.031893,2018,P. falciparum,3,"The GenRe-Mekong Project, Mahidol-Oxford Tropical Medicine Research Unit, Faculty of Tropical Medicine, Mahidol University",https://doi.org/10.1038/s41467-025-59946-1
3444,Pfmdr1 amplifications,Viet Nam,VN,Gia Lai,Ia Pa,13.534257,108.565985,2017,P. falciparum,43,"The GenRe-Mekong Project, Mahidol-Oxford Tropical Medicine Research Unit, Faculty of Tropical Medicine, Mahidol University",https://doi.org/10.7554/eLife.62997
3445,Pfmdr1 amplifications,Thailand,TH,Sisaket,Kantharalak,14.640000,104.650000,2018,P. falciparum,26,"The GenRe-Mekong Project, Mahidol-Oxford Tropical Medicine Research Unit, Faculty of Tropical Medicine, Mahidol University",https://doi.org/10.7554/eLife.62997
3446,Pfmdr1 amplifications,Viet Nam,VN,Dak Nong,Tuy Duc,12.157612,107.434231,2018,P. falciparum,28,"The GenRe-Mekong Project, Mahidol-Oxford Tropical Medicine Research Unit, Faculty of Tropical Medicine, Mahidol University",https://doi.org/10.7554/eLife.62997
3447,Pfmdr1 amplifications,Viet Nam,VN,Dak Nong,Cu Jut,12.657282,107.865612,2019,P. falciparum,33,"The GenRe-Mekong Project, Mahidol-Oxford Tropical Medicine Research Unit, Faculty of Tropical Medicine, Mahidol University",https://doi.org/10.7554/eLife.62997
3448,Pfmdr1 amplifications,Viet Nam,VN,Dak Lak,Ea Kar,12.755440,108.538265,2017,P. falciparum,33,"The GenRe-Mekong Project, Mahidol-Oxford Tropical Medicine Research Unit, Faculty of Tropical Medicine, Mahidol University",https://doi.org/10.7554/eLife.62997
3449,Pfmdr1 amplifications,Lao People's Democratic Republic,LA,Attapeu,Sanxay,15.085552,107.215261,2020,P. falciparum,20,"The GenRe-Mekong Project, Mahidol-Oxford Tropical Medicine Research Unit, Faculty of Tropical Medicine, Mahidol University",https://doi.org/10.1038/s41467-025-59946-1
3450,Pfmdr1 amplifications,Viet Nam,VN,Binh Phuoc,Bu Gia Map,12.039224,107.053943,2017,P. falciparum,51,"The GenRe-Mekong Project, Mahidol-Oxford Tropical Medicine Research Unit, Faculty of Tropical Medicine, Mahidol University",https://doi.org/10.7554/eLife.62997
3451,Pfmdr1 amplifications,Lao People's Democratic Republic,LA,Savannakhet,Thapangthong,15.993015,105.792847,2020,P. falciparum,5,"The GenRe-Mekong Project, Mahidol-Oxford Tropical Medicine Research Unit, Faculty of Tropical Medicine, Mahidol University",https://doi.org/10.1038/s41467-025-59946-1
3452,Pfmdr1 amplifications,Lao People's Democratic Republic,LA,Salavan,Samuoi,16.327332,106.892004,2018,P. falciparum,3,"The GenRe-Mekong Project, Mahidol-Oxford Tropical Medicine Research Unit, Faculty of Tropical Medicine, Mahidol University",https://doi.org/10.7554/eLife.62997
3453,Pfmdr1 amplifications,Viet Nam,VN,Gia Lai,Ia Grai,14.000000,107.750000,2017,P. falciparum,30,"The GenRe-Mekong Project, Mahidol-Oxford Tropical Medicine Research Unit, Faculty of Tropical Medicine, Mahidol University",https://doi.org/10.7554/eLife.62997
3454,Pfmdr1 amplifications,Viet Nam,VN,Gia Lai,Pleiku,13.967062,108.012876,2020,P. falciparum,5,"The GenRe-Mekong Project, Mahidol-Oxford Tropical Medicine Research Unit, Faculty of Tropical Medicine, Mahidol University",https://doi.org/10.1038/s41467-025-59946-1
3455,Pfmdr1 amplifications,Viet Nam,VN,Phu Yen,Son Hoa,13.148170,108.964386,2021,P. falciparum,9,"The GenRe-Mekong Project, Mahidol-Oxford Tropical Medicine Research Unit, Faculty of Tropical Medicine, Mahidol University",https://doi.org/10.1038/s41467-025-59946-1
3456,Pfmdr1 amplifications,Lao People's Democratic Republic,LA,Champasak,Khong,14.047043,105.832683,2019,P. falciparum,1,"The GenRe-Mekong Project, Mahidol-Oxford Tropical Medicine Research Unit, Faculty of Tropical Medicine, Mahidol University",https://doi.org/10.1038/s41467-025-59946-1
3457,Pfmdr1 amplifications,Viet Nam,VN,Quang Tri,Dong Ha,16.796418,107.083517,2018,P. falciparum,3,"The GenRe-Mekong Project, Mahidol-Oxford Tropical Medicine Research Unit, Faculty of Tropical Medicine, Mahidol University",https://doi.org/10.7554/eLife.62997
3458,Pfmdr1 amplifications,Lao People's Democratic Republic,LA,Attapeu,Xaysetha,14.814444,106.934444,2022,P. falciparum,1,"The GenRe-Mekong Project, Mahidol-Oxford Tropical Medicine Research Unit, Faculty of Tropical Medicine, Mahidol University",https://doi.org/10.1038/s41467-025-59946-1
3459,Pfmdr1 amplifications,Viet Nam,VN,Gia Lai,Duc Co,13.772881,107.654378,2017,P. falciparum,92,"The GenRe-Mekong Project, Mahidol-Oxford Tropical Medicine Research Unit, Faculty of Tropical Medicine, Mahidol University",https://doi.org/10.7554/eLife.62997
3460,Pfmdr1 amplifications,Lao People's Democratic Republic,LA,Attapeu,Sanxay,15.085552,107.215261,2018,P. falciparum,3,"The GenRe-Mekong Project, Mahidol-Oxford Tropical Medicine Research Unit, Faculty of Tropical Medicine, Mahidol University",https://doi.org/10.1038/s41467-025-59946-1
3461,Pfmdr1 amplifications,Viet Nam,VN,Gia Lai,Pleiku,13.967062,108.012876,2017,P. falciparum,58,"The GenRe-Mekong Project, Mahidol-Oxford Tropical Medicine Research Unit, Faculty of Tropical Medicine, Mahidol University",https://doi.org/10.1038/s41467-025-59946-1
3462,Pfmdr1 amplifications,Viet Nam,VN,Gia Lai,Kong Chro,13.703722,108.570064,2020,P. falciparum,7,"The GenRe-Mekong Project, Mahidol-Oxford Tropical Medicine Research Unit, Faculty of Tropical Medicine, Mahidol University",https://doi.org/10.1038/s41467-025-59946-1
3463,Pfmdr1 amplifications,Viet Nam,VN,Binh Phuoc,Bu Gia Map,12.039224,107.053943,2020,P. falciparum,7,"The GenRe-Mekong Project, Mahidol-Oxford Tropical Medicine Research Unit, Faculty of Tropical Medicine, Mahidol University",https://doi.org/10.1038/s41467-025-59946-1
3464,Pfmdr1 amplifications,Lao People's Democratic Republic,LA,Champasak,Pathouphone,14.841895,105.947956,2018,P. falciparum,2,"The GenRe-Mekong Project, Mahidol-Oxford Tropical Medicine Research Unit, Faculty of Tropical Medicine, Mahidol University",https://doi.org/10.1038/s41467-025-59946-1
3465,Pfmdr1 amplifications,Lao People's Democratic Republic,LA,Champasak,Pakse,15.113837,105.816022,2021,P. falciparum,4,"The GenRe-Mekong Project, Mahidol-Oxford Tropical Medicine Research Unit, Faculty of Tropical Medicine, Mahidol University",https://doi.org/10.1038/s41467-025-59946-1
3466,Pfmdr1 amplifications,Viet Nam,VN,Khánh Hòa,Nha Trang,12.238791,109.196749,2017,P. falciparum,3,"The GenRe-Mekong Project, Mahidol-Oxford Tropical Medicine Research Unit, Faculty of Tropical Medicine, Mahidol University",https://doi.org/10.1038/s41467-025-59946-1
3467,Pfmdr1 amplifications,Viet Nam,VN,Dak Lak,Cu M'gar,12.888894,108.031893,2017,P. falciparum,5,"The GenRe-Mekong Project, Mahidol-Oxford Tropical Medicine Research Unit, Faculty of Tropical Medicine, Mahidol University",https://doi.org/10.1038/s41467-025-59946-1
3468,Pfmdr1 amplifications,Viet Nam,VN,Phu Yen,Song Hinh,12.917000,108.917000,2020,P. falciparum,29,"The GenRe-Mekong Project, Mahidol-Oxford Tropical Medicine Research Unit, Faculty of Tropical Medicine, Mahidol University",https://doi.org/10.1038/s41467-025-59946-1
3469,Pfmdr1 amplifications,Viet Nam,VN,Ninh Thuan,Ninh Son,11.688870,108.736337,2017,P. falciparum,5,"The GenRe-Mekong Project, Mahidol-Oxford Tropical Medicine Research Unit, Faculty of Tropical Medicine, Mahidol University",https://doi.org/10.7554/eLife.62997
3470,Pfmdr1 amplifications,Viet Nam,VN,Khánh Hòa,Cam Lam,12.001667,109.223333,2017,P. falciparum,4,"The GenRe-Mekong Project, Mahidol-Oxford Tropical Medicine Research Unit, Faculty of Tropical Medicine, Mahidol University",https://doi.org/10.7554/eLife.62997
3471,Pfmdr1 amplifications,Thailand,TH,Ubon Ratchathani,Na Chaluai,14.503619,105.242885,2017,P. falciparum,3,"The GenRe-Mekong Project, Mahidol-Oxford Tropical Medicine Research Unit, Faculty of Tropical Medicine, Mahidol University",https://doi.org/10.7554/eLife.62997
3472,Pfmdr1 amplifications,Viet Nam,VN,Binh Phuoc,Bu Gia Map,12.039224,107.053943,2019,P. falciparum,24,"The GenRe-Mekong Project, Mahidol-Oxford Tropical Medicine Research Unit, Faculty of Tropical Medicine, Mahidol University",https://doi.org/10.7554/eLife.62997
3473,Pfmdr1 amplifications,Viet Nam,VN,Gia Lai,Ia Pa,13.534257,108.565985,2019,P. falciparum,55,"The GenRe-Mekong Project, Mahidol-Oxford Tropical Medicine Research Unit, Faculty of Tropical Medicine, Mahidol University",https://doi.org/10.7554/eLife.62997
3474,Pfmdr1 amplifications,Viet Nam,VN,Quang Tri,Da Krong,16.578831,106.976934,2018,P. falciparum,10,"The GenRe-Mekong Project, Mahidol-Oxford Tropical Medicine Research Unit, Faculty of Tropical Medicine, Mahidol University",https://doi.org/10.1038/s41467-025-59946-1
3475,Pfmdr1 amplifications,Viet Nam,VN,Dak Lak,Ea Kar,12.755440,108.538265,2019,P. falciparum,139,"The GenRe-Mekong Project, Mahidol-Oxford Tropical Medicine Research Unit, Faculty of Tropical Medicine, Mahidol University",https://doi.org/10.7554/eLife.62997
3476,Pfmdr1 amplifications,Viet Nam,VN,Quang Binh,Dong Hoi,13.366249,108.983075,2022,P. falciparum,1,"The GenRe-Mekong Project, Mahidol-Oxford Tropical Medicine Research Unit, Faculty of Tropical Medicine, Mahidol University",https://doi.org/10.1038/s41467-025-59946-1
3477,Pfmdr1 amplifications,Viet Nam,VN,Dak Nong,Cu Jut,12.657282,107.865612,2017,P. falciparum,27,"The GenRe-Mekong Project, Mahidol-Oxford Tropical Medicine Research Unit, Faculty of Tropical Medicine, Mahidol University",https://doi.org/10.7554/eLife.62997
3478,Pfmdr1 amplifications,Lao People's Democratic Republic,LA,Attapeu,Xaysetha,14.814444,106.934444,2021,P. falciparum,17,"The GenRe-Mekong Project, Mahidol-Oxford Tropical Medicine Research Unit, Faculty of Tropical Medicine, Mahidol University",https://doi.org/10.1038/s41467-025-59946-1
3479,Pfmdr1 amplifications,Viet Nam,VN,Phu Yen,Dong Xuan,13.425345,109.021389,2019,P. falciparum,76,"The GenRe-Mekong Project, Mahidol-Oxford Tropical Medicine Research Unit, Faculty of Tropical Medicine, Mahidol University",https://doi.org/10.1038/s41467-025-59946-1
3480,Pfmdr1 amplifications,Cambodia,KH,Pursat,Krakor,12.546682,104.172877,2022,P. falciparum,2,"The GenRe-Mekong Project, Mahidol-Oxford Tropical Medicine Research Unit, Faculty of Tropical Medicine, Mahidol University",https://doi.org/10.1038/s41467-025-59946-1
3481,Pfmdr1 amplifications,Viet Nam,VN,Quang Tri,Huong Hoa,16.649551,106.676292,2018,P. falciparum,6,"The GenRe-Mekong Project, Mahidol-Oxford Tropical Medicine Research Unit, Faculty of Tropical Medicine, Mahidol University",https://doi.org/10.7554/eLife.62997
3482,Pfmdr1 amplifications,Viet Nam,VN,Gia Lai,Ia Grai,14.000000,107.750000,2018,P. falciparum,18,"The GenRe-Mekong Project, Mahidol-Oxford Tropical Medicine Research Unit, Faculty of Tropical Medicine, Mahidol University",https://doi.org/10.7554/eLife.62997
3483,Pfmdr1 amplifications,Viet Nam,VN,Dak Lak,Ea Kar,12.755440,108.538265,2022,P. falciparum,1,"The GenRe-Mekong Project, Mahidol-Oxford Tropical Medicine Research Unit, Faculty of Tropical Medicine, Mahidol University",https://doi.org/10.1038/s41467-025-59946-1
3484,Pfmdr1 amplifications,Viet Nam,VN,Gia Lai,Ia Pa,13.534257,108.565985,2018,P. falciparum,32,"The GenRe-Mekong Project, Mahidol-Oxford Tropical Medicine Research Unit, Faculty of Tropical Medicine, Mahidol University",https://doi.org/10.7554/eLife.62997
3485,Pfmdr1 amplifications,Lao People's Democratic Republic,LA,Sekong Province,Lam Mam,15.309393,106.717319,2020,P. falciparum,8,"The GenRe-Mekong Project, Mahidol-Oxford Tropical Medicine Research Unit, Faculty of Tropical Medicine, Mahidol University",https://doi.org/10.1038/s41467-025-59946-1
3486,Pfmdr1 amplifications,Viet Nam,VN,Gia Lai,Krong Pa,13.234560,108.517936,2019,P. falciparum,423,"The GenRe-Mekong Project, Mahidol-Oxford Tropical Medicine Research Unit, Faculty of Tropical Medicine, Mahidol University",https://doi.org/10.7554/eLife.62997
3487,Pfmdr1 amplifications,Viet Nam,VN,Binh Thuan,Ham Thuan Bac,11.156316,108.032444,2020,P. falciparum,2,"The GenRe-Mekong Project, Mahidol-Oxford Tropical Medicine Research Unit, Faculty of Tropical Medicine, Mahidol University",https://doi.org/10.1038/s41467-025-59946-1
3488,Pfmdr1 amplifications,Lao People's Democratic Republic,LA,Salavan,Vapy,15.829298,105.691385,2018,P. falciparum,1,"The GenRe-Mekong Project, Mahidol-Oxford Tropical Medicine Research Unit, Faculty of Tropical Medicine, Mahidol University",https://doi.org/10.7554/eLife.62997
3489,Pfmdr1 amplifications,Viet Nam,VN,Gia Lai,Duc Co,13.772881,107.654378,2019,P. falciparum,14,"The GenRe-Mekong Project, Mahidol-Oxford Tropical Medicine Research Unit, Faculty of Tropical Medicine, Mahidol University",https://doi.org/10.7554/eLife.62997
3490,Pfmdr1 amplifications,Lao People's Democratic Republic,LA,Savannakhet,Khanthabouly,16.582488,104.867344,2019,P. falciparum,6,"The GenRe-Mekong Project, Mahidol-Oxford Tropical Medicine Research Unit, Faculty of Tropical Medicine, Mahidol University",https://doi.org/10.1038/s41467-025-59946-1
3491,Pfmdr1 amplifications,Viet Nam,VN,Dak Lak,Ea Sup,13.186223,107.763621,2019,P. falciparum,6,"The GenRe-Mekong Project, Mahidol-Oxford Tropical Medicine Research Unit, Faculty of Tropical Medicine, Mahidol University",https://doi.org/10.1038/s41467-025-59946-1
3492,Pfmdr1 amplifications,Viet Nam,VN,Dak Lak,M'Drak,12.730783,108.818843,2019,P. falciparum,4,"The GenRe-Mekong Project, Mahidol-Oxford Tropical Medicine Research Unit, Faculty of Tropical Medicine, Mahidol University",https://doi.org/10.1038/s41467-025-59946-1
3493,Pfmdr1 amplifications,Viet Nam,VN,Phu Yen,Son Hoa,13.148170,108.964386,2019,P. falciparum,38,"The GenRe-Mekong Project, Mahidol-Oxford Tropical Medicine Research Unit, Faculty of Tropical Medicine, Mahidol University",https://doi.org/10.1038/s41467-025-59946-1
3494,Pfmdr1 amplifications,Lao People's Democratic Republic,LA,Savannakhet,Thapangthong,15.993015,105.792847,2018,P. falciparum,6,"The GenRe-Mekong Project, Mahidol-Oxford Tropical Medicine Research Unit, Faculty of Tropical Medicine, Mahidol University",https://doi.org/10.1038/s41467-025-59946-1
3495,Pfmdr1 amplifications,Lao People's Democratic Republic,LA,Champasak,Paksong,15.178814,106.239360,2019,P. falciparum,3,"The GenRe-Mekong Project, Mahidol-Oxford Tropical Medicine Research Unit, Faculty of Tropical Medicine, Mahidol University",https://doi.org/10.1038/s41467-025-59946-1
3496,Pfmdr1 amplifications,Viet Nam,VN,Ninh Thuan,Bac Ai,11.833415,108.855148,2019,P. falciparum,13,"The GenRe-Mekong Project, Mahidol-Oxford Tropical Medicine Research Unit, Faculty of Tropical Medicine, Mahidol University",https://doi.org/10.1038/s41467-025-59946-1
3497,Pfmdr1 amplifications,Cambodia,KH,Mondulkiri,Kaev Seima,12.362800,106.818700,2022,P. falciparum,7,"The GenRe-Mekong Project, Mahidol-Oxford Tropical Medicine Research Unit, Faculty of Tropical Medicine, Mahidol University",https://doi.org/10.1038/s41467-025-59946-1
3498,Pfmdr1 amplifications,Lao People's Democratic Republic,LA,Savannakhet,Sepone,16.761100,106.337500,2019,P. falciparum,3,"The GenRe-Mekong Project, Mahidol-Oxford Tropical Medicine Research Unit, Faculty of Tropical Medicine, Mahidol University",https://doi.org/10.1038/s41467-025-59946-1
3499,Pfmdr1 amplifications,Viet Nam,VN,Ninh Thuan,Bac Ai,11.833415,108.855148,2018,P. falciparum,10,"The GenRe-Mekong Project, Mahidol-Oxford Tropical Medicine Research Unit, Faculty of Tropical Medicine, Mahidol University",https://doi.org/10.7554/eLife.62997
3500,Pfmdr1 amplifications,Lao People's Democratic Republic,LA,Champasak,Paksong,15.178814,106.239360,2021,P. falciparum,6,"The GenRe-Mekong Project, Mahidol-Oxford Tropical Medicine Research Unit, Faculty of Tropical Medicine, Mahidol University",https://doi.org/10.1038/s41467-025-59946-1
3501,Pfmdr1 amplifications,Lao People's Democratic Republic,LA,Attapeu,Attapeu (city),14.800000,106.833333,2018,P. falciparum,2,"The GenRe-Mekong Project, Mahidol-Oxford Tropical Medicine Research Unit, Faculty of Tropical Medicine, Mahidol University",https://doi.org/10.1038/s41467-025-59946-1
3502,Pfmdr1 amplifications,Viet Nam,VN,Phu Yen,Dong Xuan,13.425345,109.021389,2021,P. falciparum,9,"The GenRe-Mekong Project, Mahidol-Oxford Tropical Medicine Research Unit, Faculty of Tropical Medicine, Mahidol University",https://doi.org/10.1038/s41467-025-59946-1
3503,Pfmdr1 amplifications,Lao People's Democratic Republic,LA,Attapeu,Phouvong,14.751294,106.957996,2022,P. falciparum,20,"The GenRe-Mekong Project, Mahidol-Oxford Tropical Medicine Research Unit, Faculty of Tropical Medicine, Mahidol University",https://doi.org/10.1038/s41467-025-59946-1
3504,Pfmdr1 amplifications,Viet Nam,VN,Dak Nong,Tuy Duc,12.157612,107.434231,2017,P. falciparum,34,"The GenRe-Mekong Project, Mahidol-Oxford Tropical Medicine Research Unit, Faculty of Tropical Medicine, Mahidol University",https://doi.org/10.7554/eLife.62997
3505,Pfmdr1 amplifications,Viet Nam,VN,Ninh Thuan,Bac Ai,11.833415,108.855148,2017,P. falciparum,34,"The GenRe-Mekong Project, Mahidol-Oxford Tropical Medicine Research Unit, Faculty of Tropical Medicine, Mahidol University",https://doi.org/10.7554/eLife.62997
3506,Pfmdr1 amplifications,Lao People's Democratic Republic,LA,Attapeu,Sanamxay,14.684482,106.575665,2018,P. falciparum,2,"The GenRe-Mekong Project, Mahidol-Oxford Tropical Medicine Research Unit, Faculty of Tropical Medicine, Mahidol University",https://doi.org/10.7554/eLife.62997
3507,Pfmdr1 amplifications,Viet Nam,VN,Gia Lai,Krong Pa,13.234560,108.517936,2020,P. falciparum,131,"The GenRe-Mekong Project, Mahidol-Oxford Tropical Medicine Research Unit, Faculty of Tropical Medicine, Mahidol University",https://doi.org/10.1038/s41467-025-59946-1
3508,Pfmdr1 amplifications,Viet Nam,VN,Gia Lai,Duc Co,13.772881,107.654378,2018,P. falciparum,51,"The GenRe-Mekong Project, Mahidol-Oxford Tropical Medicine Research Unit, Faculty of Tropical Medicine, Mahidol University",https://doi.org/10.7554/eLife.62997
3509,Pfmdr1 amplifications,Viet Nam,VN,Quang Tri,Dong Ha,16.796418,107.083517,2020,P. falciparum,5,"The GenRe-Mekong Project, Mahidol-Oxford Tropical Medicine Research Unit, Faculty of Tropical Medicine, Mahidol University",https://doi.org/10.1038/s41467-025-59946-1
3510,Pfmdr1 amplifications,Viet Nam,VN,Kon Tum,Kon Tum,14.343823,108.003121,2019,P. falciparum,1,"The GenRe-Mekong Project, Mahidol-Oxford Tropical Medicine Research Unit, Faculty of Tropical Medicine, Mahidol University",https://doi.org/10.1038/s41467-025-59946-1
3511,Pfmdr1 amplifications,Cambodia,KH,Pursat,Phnom Kravanh,12.333333,103.750000,2021,P. falciparum,18,"The GenRe-Mekong Project, Mahidol-Oxford Tropical Medicine Research Unit, Faculty of Tropical Medicine, Mahidol University",https://doi.org/10.1038/s41467-025-59946-1
3512,Pfmdr1 amplifications,Viet Nam,VN,Quang Tri,Dong Ha,16.796418,107.083517,2017,P. falciparum,29,"The GenRe-Mekong Project, Mahidol-Oxford Tropical Medicine Research Unit, Faculty of Tropical Medicine, Mahidol University",https://doi.org/10.7554/eLife.62997
3513,Pfmdr1 amplifications,Lao People's Democratic Republic,LA,Savannakhet,Phine,16.532760,105.952041,2019,P. falciparum,8,"The GenRe-Mekong Project, Mahidol-Oxford Tropical Medicine Research Unit, Faculty of Tropical Medicine, Mahidol University",https://doi.org/10.1038/s41467-025-59946-1
3514,Pfmdr1 amplifications,Viet Nam,VN,Dak Lak,Ea H'leo,13.244510,108.197886,2018,P. falciparum,6,"The GenRe-Mekong Project, Mahidol-Oxford Tropical Medicine Research Unit, Faculty of Tropical Medicine, Mahidol University",https://doi.org/10.1038/s41467-025-59946-1
3515,Pfmdr1 amplifications,Viet Nam,VN,Khánh Hòa,Khanh Vinh,12.274375,108.917539,2017,P. falciparum,21,"The GenRe-Mekong Project, Mahidol-Oxford Tropical Medicine Research Unit, Faculty of Tropical Medicine, Mahidol University",https://doi.org/10.7554/eLife.62997
3516,Pfmdr1 amplifications,Viet Nam,VN,Gia Lai,Krong Pa,13.234560,108.517936,2017,P. falciparum,40,"The GenRe-Mekong Project, Mahidol-Oxford Tropical Medicine Research Unit, Faculty of Tropical Medicine, Mahidol University",https://doi.org/10.7554/eLife.62997
3517,Pfmdr1 amplifications,Lao People's Democratic Republic,LA,Savannakhet,Nong,16.404470,106.627808,2020,P. falciparum,13,"The GenRe-Mekong Project, Mahidol-Oxford Tropical Medicine Research Unit, Faculty of Tropical Medicine, Mahidol University",https://doi.org/10.1038/s41467-025-59946-1
3518,Pfmdr1 amplifications,Viet Nam,VN,Dak Lak,Ea Sup,13.186223,107.763621,2017,P. falciparum,29,"The GenRe-Mekong Project, Mahidol-Oxford Tropical Medicine Research Unit, Faculty of Tropical Medicine, Mahidol University",https://doi.org/10.7554/eLife.62997
3519,Pfmdr1 amplifications,Lao People's Democratic Republic,LA,Savannakhet,Khanthabouly,16.582488,104.867344,2021,P. falciparum,50,"The GenRe-Mekong Project, Mahidol-Oxford Tropical Medicine Research Unit, Faculty of Tropical Medicine, Mahidol University",https://doi.org/10.1038/s41467-025-59946-1
3520,Pfmdr1 amplifications,Lao People's Democratic Republic,LA,Champasak,Khong,14.047043,105.832683,2018,P. falciparum,1,"The GenRe-Mekong Project, Mahidol-Oxford Tropical Medicine Research Unit, Faculty of Tropical Medicine, Mahidol University",https://doi.org/10.7554/eLife.62997
3521,Pfmdr1 amplifications,Lao People's Democratic Republic,LA,Attapeu,Xaysetha,14.814444,106.934444,2018,P. falciparum,9,"The GenRe-Mekong Project, Mahidol-Oxford Tropical Medicine Research Unit, Faculty of Tropical Medicine, Mahidol University",https://doi.org/10.7554/eLife.62997
3522,Pfmdr1 amplifications,Lao People's Democratic Republic,LA,Attapeu,Attapeu (city),14.800000,106.833333,2020,P. falciparum,5,"The GenRe-Mekong Project, Mahidol-Oxford Tropical Medicine Research Unit, Faculty of Tropical Medicine, Mahidol University",https://doi.org/10.1038/s41467-025-59946-1
3523,Pfmdr1 amplifications,Viet Nam,VN,Quang Tri,Dong Ha,16.796418,107.083517,2019,P. falciparum,4,"The GenRe-Mekong Project, Mahidol-Oxford Tropical Medicine Research Unit, Faculty of Tropical Medicine, Mahidol University",https://doi.org/10.1038/s41467-025-59946-1
3524,Pfmdr1 amplifications,Cambodia,KH,Mondulkiri,Kaev Seima,12.362800,106.818700,2021,P. falciparum,4,"The GenRe-Mekong Project, Mahidol-Oxford Tropical Medicine Research Unit, Faculty of Tropical Medicine, Mahidol University",https://doi.org/10.1038/s41467-025-59946-1
3525,Pfmdr1 amplifications,Lao People's Democratic Republic,LA,Savannakhet,Thaphalanxay,16.700000,105.600000,2020,P. falciparum,1,"The GenRe-Mekong Project, Mahidol-Oxford Tropical Medicine Research Unit, Faculty of Tropical Medicine, Mahidol University",https://doi.org/10.1038/s41467-025-59946-1
3526,Pfmdr1 amplifications,Viet Nam,VN,Phu Yen,Song Hinh,12.917000,108.917000,2021,P. falciparum,4,"The GenRe-Mekong Project, Mahidol-Oxford Tropical Medicine Research Unit, Faculty of Tropical Medicine, Mahidol University",https://doi.org/10.1038/s41467-025-59946-1
3527,Pfmdr1 amplifications,Viet Nam,VN,Phu Yen,Song Hinh,12.917000,108.917000,2019,P. falciparum,83,"The GenRe-Mekong Project, Mahidol-Oxford Tropical Medicine Research Unit, Faculty of Tropical Medicine, Mahidol University",https://doi.org/10.1038/s41467-025-59946-1
3528,Pfmdr1 amplifications,Viet Nam,VN,Kon Tum,Ia H' Drai,14.102580,107.454338,2019,P. falciparum,2,"The GenRe-Mekong Project, Mahidol-Oxford Tropical Medicine Research Unit, Faculty of Tropical Medicine, Mahidol University",https://doi.org/10.1038/s41467-025-59946-1
3529,Pfmdr1 amplifications,Viet Nam,VN,Dak Lak,Ea H'leo,13.244510,108.197886,2017,P. falciparum,30,"The GenRe-Mekong Project, Mahidol-Oxford Tropical Medicine Research Unit, Faculty of Tropical Medicine, Mahidol University",https://doi.org/10.1038/s41467-025-59946-1
3530,Pfmdr1 amplifications,Viet Nam,VN,Dak Lak,Ea Kar,12.755440,108.538265,2020,P. falciparum,25,"The GenRe-Mekong Project, Mahidol-Oxford Tropical Medicine Research Unit, Faculty of Tropical Medicine, Mahidol University",https://doi.org/10.1038/s41467-025-59946-1
3531,Pfmdr1 amplifications,Lao People's Democratic Republic,LA,Savannakhet,Nong,16.404470,106.627808,2021,P. falciparum,55,"The GenRe-Mekong Project, Mahidol-Oxford Tropical Medicine Research Unit, Faculty of Tropical Medicine, Mahidol University",https://doi.org/10.1038/s41467-025-59946-1
3532,Pfmdr1 amplifications,Viet Nam,VN,Dak Lak,Krông Năng,13.000000,108.417000,2017,P. falciparum,2,"The GenRe-Mekong Project, Mahidol-Oxford Tropical Medicine Research Unit, Faculty of Tropical Medicine, Mahidol University",https://doi.org/10.7554/eLife.62997
3533,Pfmdr1 amplifications,Lao People's Democratic Republic,LA,Savannakhet,Nong,16.404470,106.627808,2022,P. falciparum,5,"The GenRe-Mekong Project, Mahidol-Oxford Tropical Medicine Research Unit, Faculty of Tropical Medicine, Mahidol University",https://doi.org/10.1038/s41467-025-59946-1
3534,Pfmdr1 amplifications,Lao People's Democratic Republic,LA,Attapeu,Phouvong,14.751294,106.957996,2020,P. falciparum,84,"The GenRe-Mekong Project, Mahidol-Oxford Tropical Medicine Research Unit, Faculty of Tropical Medicine, Mahidol University",https://doi.org/10.1038/s41467-025-59946-1
3535,Pfmdr1 amplifications,Lao People's Democratic Republic,LA,Savannakhet,Sepone,16.761100,106.337500,2020,P. falciparum,9,"The GenRe-Mekong Project, Mahidol-Oxford Tropical Medicine Research Unit, Faculty of Tropical Medicine, Mahidol University",https://doi.org/10.1038/s41467-025-59946-1
3536,Pfmdr1 amplifications,Viet Nam,VN,Dak Lak,Ea Sup,13.186223,107.763621,2018,P. falciparum,16,"The GenRe-Mekong Project, Mahidol-Oxford Tropical Medicine Research Unit, Faculty of Tropical Medicine, Mahidol University",https://doi.org/10.7554/eLife.62997
3537,Pfmdr1 amplifications,Lao People's Democratic Republic,LA,Attapeu,Sanxay,15.085552,107.215261,2022,P. falciparum,37,"The GenRe-Mekong Project, Mahidol-Oxford Tropical Medicine Research Unit, Faculty of Tropical Medicine, Mahidol University",https://doi.org/10.1038/s41467-025-59946-1
3538,Pfmdr1 amplifications,Lao People's Democratic Republic,LA,Sekong Province,Lam Mam,15.309393,106.717319,2021,P. falciparum,4,"The GenRe-Mekong Project, Mahidol-Oxford Tropical Medicine Research Unit, Faculty of Tropical Medicine, Mahidol University",https://doi.org/10.1038/s41467-025-59946-1
3539,Pfmdr1 amplifications,Viet Nam,VN,Gia Lai,Pleiku,13.967062,108.012876,2018,P. falciparum,31,"The GenRe-Mekong Project, Mahidol-Oxford Tropical Medicine Research Unit, Faculty of Tropical Medicine, Mahidol University",https://doi.org/10.1038/s41467-025-59946-1
4001,Pfplasmepsin 2-3 amplifications,Myanmar,MM,Kayin,Kawkareik,16.555556,98.240000,2013,P. falciparum,107,"Mahidol Oxford Research Unit, Faculty of Tropical Medicine, Mahidol University",https://www.ncbi.nlm.nih.gov/pubmed/28161569
4002,Pfplasmepsin 2-3 amplifications,Myanmar,MM,,Kayin State,16.945935,97.959286,2013,P. falciparum,53,"Shoklo Malaria Research Unit, Mahidol-Oxford Tropical Medicine Research Unit, Faculty of Tropical Medicine, Mahidol University",https://www.ncbi.nlm.nih.gov/pubmed/29062913
4004,Pfplasmepsin 2-3 amplifications,Thailand,TH,,Ubon Ratchathani Province,15.244845,104.847300,2014,P. falciparum,88,"Mahidol Oxford Research Unit, Faculty of Tropical Medicine, Mahidol University",https://www.ncbi.nlm.nih.gov/pubmed/28161569
4006,Pfplasmepsin 2-3 amplifications,Cambodia,KH,Kratié,Snuol,12.209614,106.440587,2015,P. falciparum,48,"National Center for Parasitology, Entomology and Malaria Control, Ministry of Health",
4007,Pfplasmepsin 2-3 amplifications,Cambodia,KH,Siem Reap,Chi Kraeng,13.224333,104.379191,2015,P. falciparum,53,"National Center for Parasitology, Entomology and Malaria Control, Ministry of Health",
4008,Pfplasmepsin 2-3 amplifications,Cambodia,KH,Pursat,Veal Veng,12.546349,103.918749,2015,P. falciparum,48,"National Center for Parasitology, Entomology and Malaria Control, Ministry of Health",
4009,Pfplasmepsin 2-3 amplifications,Cambodia,KH,Stung Treng,Siem Pang,14.112548,106.390534,2015,P. falciparum,52,"National Center for Parasitology, Entomology and Malaria Control, Ministry of Health",
4010,Pfplasmepsin 2-3 amplifications,Cambodia,KH,Kampong Speu,Oral,11.811908,104.007235,2015,P. falciparum,51,"National Center for Parasitology, Entomology and Malaria Control, Ministry of Health",
4011,Pfplasmepsin 2-3 amplifications,Cambodia,KH,,Ratanakiri Province,13.857661,107.101193,2010,P. falciparum,49,Wellcome Sanger Institute,https://www.ncbi.nlm.nih.gov/pubmed/27818095
4012,Pfplasmepsin 2-3 amplifications,Cambodia,KH,,Ratanakiri Province,13.857661,107.101193,2011,P. falciparum,72,Wellcome Sanger Institute,https://www.ncbi.nlm.nih.gov/pubmed/27818095
4013,Pfplasmepsin 2-3 amplifications,Cambodia,KH,,Ratanakiri Province,13.857661,107.101193,2012,P. falciparum,23,Wellcome Sanger Institute,https://www.ncbi.nlm.nih.gov/pubmed/27818095
4014,Pfplasmepsin 2-3 amplifications,Cambodia,KH,,Ratanakiri Province,13.857661,107.101193,2013,P. falciparum,13,Wellcome Sanger Institute,https://www.ncbi.nlm.nih.gov/pubmed/27818095
4015,Pfplasmepsin 2-3 amplifications,Cambodia,KH,,Preah Vihear Province,14.008580,104.845462,2011,P. falciparum,67,Wellcome Sanger Institute,https://www.ncbi.nlm.nih.gov/pubmed/27818095
4016,Pfplasmepsin 2-3 amplifications,Cambodia,KH,,Preah Vihear Province,14.008580,104.845462,2012,P. falciparum,34,Wellcome Sanger Institute,https://www.ncbi.nlm.nih.gov/pubmed/27818095
4017,Pfplasmepsin 2-3 amplifications,Cambodia,KH,,Preah Vihear Province,14.008580,104.845462,2013,P. falciparum,20,Wellcome Sanger Institute,https://www.ncbi.nlm.nih.gov/pubmed/27818095
4018,Pfplasmepsin 2-3 amplifications,Cambodia,KH,,Pursat Province,12.366321,103.636272,2010,P. falciparum,53,Wellcome Sanger Institute,https://www.ncbi.nlm.nih.gov/pubmed/27818095
4019,Pfplasmepsin 2-3 amplifications,Cambodia,KH,,Pursat Province,12.366321,103.636272,2011,P. falciparum,94,Wellcome Sanger Institute,https://www.ncbi.nlm.nih.gov/pubmed/27818095
4020,Pfplasmepsin 2-3 amplifications,Cambodia,KH,,Pursat Province,12.366321,103.636272,2012,P. falciparum,22,Wellcome Sanger Institute,https://www.ncbi.nlm.nih.gov/pubmed/27818095
4021,Pfplasmepsin 2-3 amplifications,Cambodia,KH,,Pursat Province,12.366321,103.636272,2013,P. falciparum,39,Wellcome Sanger Institute,https://www.ncbi.nlm.nih.gov/pubmed/27818095
4023,Pfplasmepsin 2-3 amplifications,Cambodia,KH,,Pailin Province,12.909296,102.667558,2011,P. falciparum,40,"Mahidol Oxford Research Unit, Faculty of Tropical Medicine, Mahidol University",https://www.ncbi.nlm.nih.gov/pubmed/28161569
4025,Pfplasmepsin 2-3 amplifications,Cambodia,KH,Pursat,Veal Veng,12.546349,103.918749,2016,P. falciparum,29,"National Center for Parasitology, Entomology and Malaria Control, Ministry of Health",
4026,Pfplasmepsin 2-3 amplifications,Cambodia,KH,Mondulkiri,Kaoh Nheaek,13.075544,107.036227,2016,P. falciparum,31,"National Center for Parasitology, Entomology and Malaria Control, Ministry of Health",
4027,Pfplasmepsin 2-3 amplifications,Cambodia,KH,Kratié,Snuol,12.209614,106.440587,2016,P. falciparum,15,"National Center for Parasitology, Entomology and Malaria Control, Ministry of Health",
4028,Pfplasmepsin 2-3 amplifications,Cambodia,KH,Kampong Speu,Oral,11.811908,104.007235,2016,P. falciparum,41,"National Center for Parasitology, Entomology and Malaria Control, Ministry of Health",
4029,Pfplasmepsin 2-3 amplifications,Cambodia,KH,Ratanakiri,Veun Sai,14.261043,106.794241,2016,P. falciparum,53,"National Center for Parasitology, Entomology and Malaria Control, Ministry of Health",
4030,Pfplasmepsin 2-3 amplifications,Cambodia,KH,Stung Treng,Siem Pang,14.112548,106.390534,2016,P. falciparum,45,"National Center for Parasitology, Entomology and Malaria Control, Ministry of Health",
4031,Pfplasmepsin 2-3 amplifications,Cambodia,KH,Siem Reap,Chi Kraeng,13.224333,104.379191,2016,P. falciparum,3,"National Center for Parasitology, Entomology and Malaria Control, Ministry of Health",
4032,Pfplasmepsin 2-3 amplifications,Cambodia,KH,Preah Vihear,Choam Khsant,14.166667,104.916667,2016,P. falciparum,4,"National Center for Parasitology, Entomology and Malaria Control, Ministry of Health",
4033,Pfplasmepsin 2-3 amplifications,Cambodia,KH,Battambang,Samlout,12.617326,102.861686,2014,P. falciparum,7,"National Center for Parasitology, Entomology and Malaria Control, Ministry of Health",
4034,Pfplasmepsin 2-3 amplifications,Cambodia,KH,Pursat,Veal Veng,12.546349,103.918749,2014,P. falciparum,53,"National Center for Parasitology, Entomology and Malaria Control, Ministry of Health",
4035,Pfplasmepsin 2-3 amplifications,Cambodia,KH,Pailin Province,Pailin,12.741784,102.633104,2014,P. falciparum,49,"National Center for Parasitology, Entomology and Malaria Control, Ministry of Health",
4036,Pfplasmepsin 2-3 amplifications,Lao People's Democratic Republic,LA,,Champasak Province,14.657866,105.969988,2014,P. falciparum,31,"Center of Malariology, Parasitology and Entomology, Ministry of Public Health",
4037,Pfplasmepsin 2-3 amplifications,Lao People's Democratic Republic,LA,Attapeu,Phouvong,14.751294,106.957996,2014,P. falciparum,17,"Center of Malariology, Parasitology and Entomology, Ministry of Public Health",
4038,Pfplasmepsin 2-3 amplifications,Lao People's Democratic Republic,LA,,Champasak Province,14.657866,105.969988,2014,P. falciparum,111,"Mahidol Oxford Research Unit, Faculty of Tropical Medicine, Mahidol University",https://www.ncbi.nlm.nih.gov/pubmed/28161569
4039,Pfplasmepsin 2-3 amplifications,Viet Nam,VN,Binh Phuoc,Bu Gia Map,12.039224,107.053943,2015,P. falciparum,46,"National Institute of Malariology, Parasitology and Entomology",
4040,Pfplasmepsin 2-3 amplifications,Viet Nam,VN,Binh Phuoc,Bu Gia Map,12.039224,107.053943,2014,P. falciparum,14,"Oxford University Clinical Research Unit, Wellcome Trust Major Overseas Programme",https://www.ncbi.nlm.nih.gov/pubmed/28086775
4041,Pfplasmepsin 2-3 amplifications,Burundi,BI,Bujumbura Mairie,Bujumbura,-3.361378,29.359878,2015,P. falciparum,55,Programme National Intégré de Lutte contre le Paludisme,
4042,Pfplasmepsin 2-3 amplifications,Comoros,KM,,Grande Comore,-11.583333,43.333333,2013,P. falciparum,46,Programme National de Lutte Contre le Paludisme,
4043,Pfplasmepsin 2-3 amplifications,Somalia,SO,Middle Shabelle,Jowhar,2.783333,45.500000,2016,P. falciparum,100,"Global Malaria Programme, World Health Organization",https://pubmed.ncbi.nlm.nih.gov/31296223/
4045,Pfplasmepsin 2-3 amplifications,Cambodia,KH,Preah Vihear,Chey Saen,13.570577,105.359957,2015,P. falciparum,54,Médecins Sans Frontières,https://www.ncbi.nlm.nih.gov/pubmed/29173875
4046,Pfplasmepsin 2-3 amplifications,Cambodia,KH,Preah Vihear,Chey Saen,13.570577,105.359957,2016,P. falciparum,75,Médecins Sans Frontières,https://www.ncbi.nlm.nih.gov/pubmed/29173875
4047,Pfplasmepsin 2-3 amplifications,Lao People's Democratic Republic,LA,,Champasak Province,14.657866,105.969988,2016,P. falciparum,42,"Center of Malariology, Parasitology and Entomology, Ministry of Public Health",
4048,Pfplasmepsin 2-3 amplifications,Lao People's Democratic Republic,LA,,Salavan Province,15.716566,106.414087,2017,P. falciparum,26,"Center of Malariology, Parasitology and Entomology, Ministry of Public Health",
4049,Pfplasmepsin 2-3 amplifications,Cambodia,KH,Mondulkiri,Kaoh Nheaek,13.075544,107.036227,2017,P. falciparum,60,"National Center for Parasitology, Entomology and Malaria Control, Ministry of Health",
4050,Pfplasmepsin 2-3 amplifications,Cambodia,KH,Ratanakiri,Veun Sai,14.261043,106.794241,2017,P. falciparum,59,"National Center for Parasitology, Entomology and Malaria Control, Ministry of Health",
4053,Pfplasmepsin 2-3 amplifications,Myanmar,MM,,Kayin State,16.945935,97.959286,2015,P. falciparum,51,"Shoklo Malaria Research Unit, Mahidol-Oxford Tropical Medicine Research Unit, Faculty of Tropical Medicine, Mahidol University",https://www.ncbi.nlm.nih.gov/pubmed/29703425
4054,Pfplasmepsin 2-3 amplifications,Myanmar,MM,,Kayin State,16.945935,97.959286,2016,P. falciparum,496,"Shoklo Malaria Research Unit, Mahidol-Oxford Tropical Medicine Research Unit, Faculty of Tropical Medicine, Mahidol University",https://www.ncbi.nlm.nih.gov/pubmed/29703425
4055,Pfplasmepsin 2-3 amplifications,Myanmar,MM,Kachin,Mohnyin,24.783333,96.366667,2017,P. falciparum,36,Department of Medical Research (Upper Myanmar),
4056,Pfplasmepsin 2-3 amplifications,Myanmar,MM,Shan,Nawnghkio,22.333809,96.801421,2017,P. falciparum,27,Department of Medical Research (Upper Myanmar),
4058,Pfplasmepsin 2-3 amplifications,Sierra Leone,SL,Northern Province,Bombali,9.333333,-12.250000,2016,P. falciparum,50,National Malaria Control Programme,https://www.ncbi.nlm.nih.gov/pubmed/29932931
4059,Pfplasmepsin 2-3 amplifications,Sierra Leone,SL,Southern Province,Bo,7.956389,-11.740000,2016,P. falciparum,50,National Malaria Control Programme,https://www.ncbi.nlm.nih.gov/pubmed/29932931
4060,Pfplasmepsin 2-3 amplifications,Afghanistan,AF,,Laghman Province,34.660000,70.200000,2016,P. falciparum,60,National Malaria and Leishmaniasis Control Programme,
4061,Pfplasmepsin 2-3 amplifications,Afghanistan,AF,,Nangarhar Province,34.250000,70.500000,2016,P. falciparum,54,National Malaria and Leishmaniasis Control Programme,
4067,Pfplasmepsin 2-3 amplifications,Somalia,SO,Middle Shabelle,Jowhar,2.783333,45.500000,2017,P. falciparum,49,"Global Malaria Programme, World Health Organization",https://pubmed.ncbi.nlm.nih.gov/31296223/
4068,Pfplasmepsin 2-3 amplifications,Somalia,SO,Bari,Bosaso,11.284722,49.182500,2017,P. falciparum,86,"Global Malaria Programme, World Health Organization",https://pubmed.ncbi.nlm.nih.gov/31296223/
4069,Pfplasmepsin 2-3 amplifications,Sudan,SD,Al Qadarif,Al Qadarif,14.040000,35.383333,2016,P. falciparum,95,"Federal Ministry of Health, National Malaria Control Programme",
4071,Pfplasmepsin 2-3 amplifications,Sudan,SD,West Darfur,Geneina,13.450000,22.450000,2017,P. falciparum,102,"Federal Ministry of Health, National Malaria Control Programme",
4072,Pfplasmepsin 2-3 amplifications,Sudan,SD,South Darfur,Nyala,12.036389,24.876944,2017,P. falciparum,78,"Federal Ministry of Health, National Malaria Control Programme",
4074,Pfplasmepsin 2-3 amplifications,Sudan,SD,South Darfur,Kas,12.676284,24.060156,2017,P. falciparum,71,"Federal Ministry of Health, National Malaria Control Programme",
4076,Pfplasmepsin 2-3 amplifications,Indonesia,ID,Papua,Keerom,-3.300000,140.616700,2017,P. falciparum,81,Eijkman Institute for Molecular Biology,
4078,Pfplasmepsin 2-3 amplifications,Lao People's Democratic Republic,LA,Savannakhet,Nong,16.404470,106.627808,2017,P. falciparum,36,"Center of Malariology, Parasitology and Entomology, Ministry of Public Health",
4079,Pfplasmepsin 2-3 amplifications,Cambodia,KH,,Mondulkiri Province,12.787943,107.101193,2017,P. falciparum,149,"National Center for Parasitology, Entomology and Malaria Control, Ministry of Health",
4080,Pfplasmepsin 2-3 amplifications,Cambodia,KH,,Pursat Province,12.366321,103.636272,2017,P. falciparum,56,"National Center for Parasitology, Entomology and Malaria Control, Ministry of Health",
4081,Pfplasmepsin 2-3 amplifications,Cambodia,KH,,Ratanakiri Province,13.857661,107.101193,2017,P. falciparum,68,"National Center for Parasitology, Entomology and Malaria Control, Ministry of Health",
4082,Pfplasmepsin 2-3 amplifications,Cambodia,KH,,Stung Treng Province,13.576473,105.969988,2017,P. falciparum,247,"National Center for Parasitology, Entomology and Malaria Control, Ministry of Health",
4083,Pfplasmepsin 2-3 amplifications,Viet Nam,VN,Binh Phuoc,Bu Dang,11.769337,107.148452,2017,P. falciparum,44,"National Institute of Malariology, Parasitology and Entomology",
4084,Pfplasmepsin 2-3 amplifications,Viet Nam,VN,Dak Nong,Tuy Duc,12.157612,107.434231,2017,P. falciparum,26,"National Institute of Malariology, Parasitology and Entomology",
4085,Pfplasmepsin 2-3 amplifications,Viet Nam,VN,,Gia Lai Province,13.807894,108.109375,2017,P. falciparum,64,"National Institute of Malariology, Parasitology and Entomology",
4086,Pfplasmepsin 2-3 amplifications,Viet Nam,VN,Khánh Hòa,Khanh Vinh,12.274375,108.917539,2017,P. falciparum,8,"National Institute of Malariology, Parasitology and Entomology",
4087,Pfplasmepsin 2-3 amplifications,Viet Nam,VN,Ninh Thuan,Bac Ai,11.833415,108.855148,2017,P. falciparum,28,"National Institute of Malariology, Parasitology and Entomology",
4088,Pfplasmepsin 2-3 amplifications,Viet Nam,VN,Binh Phuoc,Bu Gia Map,12.039224,107.053943,2017,P. falciparum,38,"National Institute of Malariology, Parasitology and Entomology",
4089,Pfplasmepsin 2-3 amplifications,Viet Nam,VN,Dak Nong,Cu Jut,12.657282,107.865612,2017,P. falciparum,13,"National Institute of Malariology, Parasitology and Entomology",
4090,Pfplasmepsin 2-3 amplifications,Viet Nam,VN,Gia Lai,Krong Pa,13.234560,108.517936,2017,P. falciparum,28,"National Institute of Malariology, Parasitology and Entomology",
4091,Pfplasmepsin 2-3 amplifications,Viet Nam,VN,Ninh Thuan,Bac Ai,11.833415,108.855148,2017,P. falciparum,30,"National Institute of Malariology, Parasitology and Entomology",
4092,Pfplasmepsin 2-3 amplifications,Viet Nam,VN,,Gia Lai Province,13.807894,108.109375,2014,P. falciparum,18,Medicines for Malaria Venture,https://www.ncbi.nlm.nih.gov/pubmed/30967148
4093,Pfplasmepsin 2-3 amplifications,Viet Nam,VN,,Binh Phuoc Province,11.751189,106.723464,2014,P. falciparum,28,Medicines for Malaria Venture,https://www.ncbi.nlm.nih.gov/pubmed/30967148
4094,Pfplasmepsin 2-3 amplifications,Viet Nam,VN,,Quang Tri Province,16.746900,107.194000,2014,P. falciparum,1,Medicines for Malaria Venture,https://www.ncbi.nlm.nih.gov/pubmed/30967148
4095,Pfplasmepsin 2-3 amplifications,Viet Nam,VN,,Khanh Hoa Province,12.318141,108.507347,2014,P. falciparum,32,Medicines for Malaria Venture,https://www.ncbi.nlm.nih.gov/pubmed/30967148
4096,Pfplasmepsin 2-3 amplifications,Viet Nam,VN,Quang Tri,Huong Hoa,16.649551,106.676292,2014,P. falciparum,84,University of Sassari,https://www.ncbi.nlm.nih.gov/pubmed/30939179
4097,Pfplasmepsin 2-3 amplifications,Viet Nam,VN,Gia Lai,Krong Pa,13.234560,108.517936,2015,P. falciparum,29,University of Sassari,https://www.ncbi.nlm.nih.gov/pubmed/30939179
4098,Pfplasmepsin 2-3 amplifications,Viet Nam,VN,Ninh Thuan,Thuan Bac,11.753333,109.069098,2015,P. falciparum,20,University of Sassari,https://www.ncbi.nlm.nih.gov/pubmed/30939179
4099,Pfplasmepsin 2-3 amplifications,Viet Nam,VN,Ninh Thuan,Thuan Bac,11.753333,109.069098,2015,P. falciparum,27,Vietnam People's Army Military Institute of Preventive Medicine,https://www.ncbi.nlm.nih.gov/pubmed/30654808
4100,Pfplasmepsin 2-3 amplifications,Cambodia,KH,Ratanakiri,Veun Sai,14.261043,106.794241,2018,P. falciparum,53,"National Center for Parasitology, Entomology and Malaria Control, Ministry of Health",
4101,Pfplasmepsin 2-3 amplifications,Cambodia,KH,Pursat,Veal Veng,12.546349,103.918749,2018,P. falciparum,43,"National Center for Parasitology, Entomology and Malaria Control, Ministry of Health",
4102,Pfplasmepsin 2-3 amplifications,Cambodia,KH,Kampong Speu,Oral,11.811908,104.007235,2018,P. falciparum,63,"National Center for Parasitology, Entomology and Malaria Control, Ministry of Health",
4103,Pfplasmepsin 2-3 amplifications,Cambodia,KH,Kratié,Ksim,12.168061,106.411766,2018,P. falciparum,24,"National Center for Parasitology, Entomology and Malaria Control, Ministry of Health",
4104,Pfplasmepsin 2-3 amplifications,Cambodia,KH,Mondulkiri,Kaoh Nheaek,13.075544,107.036227,2018,P. falciparum,44,"National Center for Parasitology, Entomology and Malaria Control, Ministry of Health",
4105,Pfplasmepsin 2-3 amplifications,Bangladesh,BD,Chittagong,Bandarban,21.831100,92.368632,2018,P. falciparum,5,"Malaria and Parasitic Disease Control Unit, Directorate General of Health Services",
4106,Pfplasmepsin 2-3 amplifications,Bangladesh,BD,Chittagong,Khagrachari,23.132175,91.949021,2018,P. falciparum,9,"Malaria and Parasitic Disease Control Unit, Directorate General of Health Services",
4107,Pfplasmepsin 2-3 amplifications,Bangladesh,BD,Chittagong,Bandarban,21.831100,92.368632,2018,P. falciparum,58,"Malaria and Parasitic Disease Control Unit, Directorate General of Health Services",
4108,Pfplasmepsin 2-3 amplifications,Burkina Faso,BF,,"Multiple sites in Nanoro, Banfora, Niangoloko",10.545936,-4.717541,2014,P. falciparum,105,Medicines for Malaria Venture,https://www.ncbi.nlm.nih.gov/pubmed/30967148
4109,Pfplasmepsin 2-3 amplifications,Democratic Republic of the Congo,CD,,Kinshasa,-4.325000,15.322222,2014,P. falciparum,2,Medicines for Malaria Venture,https://www.ncbi.nlm.nih.gov/pubmed/30967148
4110,Pfplasmepsin 2-3 amplifications,Gabon,GA,,Moyen Ogooué et Estuaire Provinces,-0.923034,9.224126,2014,P. falciparum,71,Medicines for Malaria Venture,https://www.ncbi.nlm.nih.gov/pubmed/30967148
4111,Pfplasmepsin 2-3 amplifications,Mozambique,MZ,Maputo,Manhiça,-25.392301,32.797165,2014,P. falciparum,8,Medicines for Malaria Venture,https://www.ncbi.nlm.nih.gov/pubmed/30967148
4112,Pfplasmepsin 2-3 amplifications,Uganda,UG,Eastern Region,Tororo,0.678227,34.186567,2014,P. falciparum,112,Medicines for Malaria Venture,https://www.ncbi.nlm.nih.gov/pubmed/30967148
4113,Pfplasmepsin 2-3 amplifications,Comoros,KM,,Grande Comore,-11.583333,43.333333,2017,P. falciparum,15,Programme National de Lutte Contre le Paludisme,
4114,Pfplasmepsin 2-3 amplifications,Comoros,KM,,Grande Comore,-11.583333,43.333333,2017,P. falciparum,12,Programme National de Lutte Contre le Paludisme,
4115,Pfplasmepsin 2-3 amplifications,Comoros,KM,Ngazidja,Moroni,-11.717216,43.247315,2017,P. falciparum,60,Programme National de Lutte Contre le Paludisme,
4116,Pfplasmepsin 2-3 amplifications,Eritrea,ER,Gash-Barka,Agordat,15.550000,37.883333,2016,P. falciparum,8,"National Malaria Control Program, Disease Prevention and Control Division",
4117,Pfplasmepsin 2-3 amplifications,Eritrea,ER,Gash-Barka,Goluj,14.743773,36.719984,2016,P. falciparum,13,"National Malaria Control Program, Disease Prevention and Control Division",
4118,Pfplasmepsin 2-3 amplifications,Eritrea,ER,Gash-Barka,Shambuko,14.925213,37.837964,2016,P. falciparum,9,"National Malaria Control Program, Disease Prevention and Control Division",
4119,Pfplasmepsin 2-3 amplifications,Eritrea,ER,Gash-Barka,Laelay Gash,14.568531,36.893220,2016,P. falciparum,12,"National Malaria Control Program, Disease Prevention and Control Division",
4123,Pfplasmepsin 2-3 amplifications,Sudan,SD,Blue Nile,Damazin,11.785454,34.342140,2017,P. falciparum,83,"Federal Ministry of Health, National Malaria Control Programme",
4124,Pfplasmepsin 2-3 amplifications,Sudan,SD,Kassala State,Kassala,15.455814,36.378670,2017,P. falciparum,75,"Federal Ministry of Health, National Malaria Control Programme",
4125,Pfplasmepsin 2-3 amplifications,Sudan,SD,Sennar,Sennar,13.567469,33.567205,2017,P. falciparum,40,"Federal Ministry of Health, National Malaria Control Programme",
4126,Pfplasmepsin 2-3 amplifications,Papua New Guinea,PG,Milne Bay,Alotau,-10.315703,150.458779,2017,P. falciparum,21,Papua New Guinea Institute of Medical Research,
4127,Pfplasmepsin 2-3 amplifications,Papua New Guinea,PG,Central,Kuriva,-10.620833,151.271935,2018,P. falciparum,12,Papua New Guinea Institute of Medical Research,
4128,Pfplasmepsin 2-3 amplifications,Lao People's Democratic Republic,LA,,Salavan Province,15.716566,106.414087,2018,P. falciparum,29,"Center of Malariology, Parasitology and Entomology, Ministry of Public Health",
4129,Pfplasmepsin 2-3 amplifications,Lao People's Democratic Republic,LA,,Champasak Province,14.657866,105.969988,2018,P. falciparum,12,"Center of Malariology, Parasitology and Entomology, Ministry of Public Health",
4130,Pfplasmepsin 2-3 amplifications,Bangladesh,BD,Chittagong,Bandarban,21.831100,92.368632,2017,P. falciparum,5,"Malaria and Parasitic Disease Control Unit, Directorate General of Health Services",
4131,Pfplasmepsin 2-3 amplifications,Bangladesh,BD,Chittagong,Khagrachari,23.132175,91.949021,2017,P. falciparum,26,"Malaria and Parasitic Disease Control Unit, Directorate General of Health Services",
4132,Pfplasmepsin 2-3 amplifications,Bangladesh,BD,Chittagong,Rangamati,22.657350,92.173271,2017,P. falciparum,7,"Malaria and Parasitic Disease Control Unit, Directorate General of Health Services",
4134,Pfplasmepsin 2-3 amplifications,Viet Nam,VN,Dak Lak,Krông Năng,13.000000,108.417000,2019,P. falciparum,92,"National Institute of Malariology, Parasitology and Entomology",
4135,Pfplasmepsin 2-3 amplifications,Papua New Guinea,PG,Madang Province,Madang,-5.209540,145.804616,2019,P. falciparum,43,Papua New Guinea Institute of Medical Research,
4136,Pfplasmepsin 2-3 amplifications,Burundi,BI,Gitega,Mutaho,-3.156724,29.856081,2019,P. falciparum,74,Programme National Intégré de Lutte contre le Paludisme,
4137,Pfplasmepsin 2-3 amplifications,Burundi,BI,Bujumbura Mairie,Bujumbura,-3.361378,29.359878,2019,P. falciparum,88,Programme National Intégré de Lutte contre le Paludisme,
4138,Pfplasmepsin 2-3 amplifications,Burundi,BI,Karuzi,Buhiga,-3.030708,30.160374,2019,P. falciparum,85,Programme National Intégré de Lutte contre le Paludisme,
4139,Pfplasmepsin 2-3 amplifications,Burundi,BI,Makamba,Nyanza-lac,-4.306201,29.494671,2019,P. falciparum,78,Programme National Intégré de Lutte contre le Paludisme,
4140,Pfplasmepsin 2-3 amplifications,Congo,CG,Sangha,Ouesso,1.614133,16.032615,2019,P. falciparum,58,"Programme National de Lutte contre le Paludisme, Ministère de la Santé et de la Population",
4141,Pfplasmepsin 2-3 amplifications,Equatorial Guinea,GQ,Litoral,Bata,1.853318,9.779023,2017,P. falciparum,37,"Programa Nacional de Lucha contra el Paludismo, Dirección General de Salud Pública y Prevención de Enfermedades",
4142,Pfplasmepsin 2-3 amplifications,Equatorial Guinea,GQ,Kié-Ntem,Ebebiyin,2.065636,11.207047,2017,P. falciparum,38,"Programa Nacional de Lucha contra el Paludismo, Dirección General de Salud Pública y Prevención de Enfermedades",
4143,Pfplasmepsin 2-3 amplifications,Equatorial Guinea,GQ,Bioko Norte,Malabo,3.750412,8.737104,2017,P. falciparum,46,"Programa Nacional de Lucha contra el Paludismo, Dirección General de Salud Pública y Prevención de Enfermedades",
4144,Pfplasmepsin 2-3 amplifications,Eritrea,ER,Gash-Barka,Agordat,15.550000,37.883333,2017,P. falciparum,5,"National Malaria Control Program, Disease Prevention and Control Division",
4145,Pfplasmepsin 2-3 amplifications,Eritrea,ER,North Red Sea,Gīnda,16.000000,39.000000,2017,P. falciparum,2,"National Malaria Control Program, Disease Prevention and Control Division",
4146,Pfplasmepsin 2-3 amplifications,Eritrea,ER,Gash-Barka,Goluj,14.743773,36.719984,2017,P. falciparum,22,"National Malaria Control Program, Disease Prevention and Control Division",
4147,Pfplasmepsin 2-3 amplifications,Eritrea,ER,Gash-Barka,Shambuko,14.925213,37.837964,2017,P. falciparum,52,"National Malaria Control Program, Disease Prevention and Control Division",
4148,Pfplasmepsin 2-3 amplifications,Eritrea,ER,Gash-Barka,Laelay Gash,14.568531,36.893220,2017,P. falciparum,36,"National Malaria Control Program, Disease Prevention and Control Division",
4149,Pfplasmepsin 2-3 amplifications,Gambia,GM,Basse LGA,Basse Fulladu East,13.333333,-14.250000,2016,P. falciparum,73,National Malaria Control Programme,
4150,Pfplasmepsin 2-3 amplifications,Gambia,GM,Brikama LGA,Kombo Central,13.250000,-16.666667,2016,P. falciparum,85,National Malaria Control Programme,
4152,Pfplasmepsin 2-3 amplifications,Cambodia,KH,Ratanakiri,Ban Lung,13.678894,106.949756,2015,P. falciparum,89,"Mahidol-Oxford Tropical Medicine Research Unit, Faculty of Tropical Medicine, Mahidol University, Bangkok, Thailand; Centre for Tropical Medicine and Global Health, University of Oxford, Oxford, UK; The Open University, Milton Keynes, UK.",https://pubmed.ncbi.nlm.nih.gov/32171078/
4153,Pfplasmepsin 2-3 amplifications,Cambodia,KH,Pailin Province,Pailin,12.741784,102.633104,2015,P. falciparum,62,"Mahidol-Oxford Tropical Medicine Research Unit, Faculty of Tropical Medicine, Mahidol University, Bangkok, Thailand; Centre for Tropical Medicine and Global Health, University of Oxford, Oxford, UK; The Open University, Milton Keynes, UK.",https://pubmed.ncbi.nlm.nih.gov/32171078/
4154,Pfplasmepsin 2-3 amplifications,Cambodia,KH,Preah Vihear,Thbaeng Meanchey,13.770100,104.871076,2015,P. falciparum,7,"Mahidol-Oxford Tropical Medicine Research Unit, Faculty of Tropical Medicine, Mahidol University, Bangkok, Thailand; Centre for Tropical Medicine and Global Health, University of Oxford, Oxford, UK; The Open University, Milton Keynes, UK.",https://pubmed.ncbi.nlm.nih.gov/32171078/
4155,Pfplasmepsin 2-3 amplifications,Cambodia,KH,Pursat,Sampov Meas,12.507551,103.937602,2015,P. falciparum,110,"Mahidol-Oxford Tropical Medicine Research Unit, Faculty of Tropical Medicine, Mahidol University, Bangkok, Thailand; Centre for Tropical Medicine and Global Health, University of Oxford, Oxford, UK; The Open University, Milton Keynes, UK.",https://pubmed.ncbi.nlm.nih.gov/32171078/
4156,Pfplasmepsin 2-3 amplifications,Liberia,LR,Montserrado,Careyburg,6.395963,-10.497919,2017,P. falciparum,27,"National Malaria Control Programme, Ministry of Health",
4157,Pfplasmepsin 2-3 amplifications,Liberia,LR,Nimba,Sanniquelleh-Mahn,7.362222,-8.706111,2017,P. falciparum,27,"National Malaria Control Programme, Ministry of Health",
4158,Pfplasmepsin 2-3 amplifications,Liberia,LR,Margibi,Kakata,6.529189,-10.358412,2017,P. falciparum,25,"National Malaria Control Programme, Ministry of Health",
4159,Pfplasmepsin 2-3 amplifications,Liberia,LR,Grand Cape Mount,Garwula,6.749105,-11.137755,2017,P. falciparum,21,"National Malaria Control Programme, Ministry of Health",
4160,Pfplasmepsin 2-3 amplifications,Mali,ML,Sikasso,Sikasso,11.322383,-5.698398,2012,P. falciparum,65,Uppsala University,https://www.ncbi.nlm.nih.gov/pubmed/29798744
4161,Pfplasmepsin 2-3 amplifications,Rwanda,RW,Kigali,Gasabo,-1.883333,30.133333,2013,P. falciparum,130,"Malaria and Other Parasitic Division, Institute of HIV/AIDS, Disease Prevention & Control (IHDPC), Rwanda Biomedical Center, Ministry of Health",
4162,Pfplasmepsin 2-3 amplifications,Rwanda,RW,Eastern Province,Kayonza,-1.913858,30.619989,2013,P. falciparum,103,"Malaria and Other Parasitic Division, Institute of HIV/AIDS, Disease Prevention & Control (IHDPC), Rwanda Biomedical Center, Ministry of Health",
4163,Pfplasmepsin 2-3 amplifications,Sao Tome and Principe,ST,Sao Tome Island,Lobata,0.366667,6.666667,2017,P. falciparum,22,"Centre National des Endémies, Ministère de la Santé",
4164,Pfplasmepsin 2-3 amplifications,Sao Tome and Principe,ST,Sao Tome Island,Água Grande,0.333333,6.733333,2017,P. falciparum,27,"Centre National des Endémies, Ministère de la Santé",
4165,Pfplasmepsin 2-3 amplifications,Cambodia,KH,Kampong Speu,Oral,11.811908,104.007235,2019,P. falciparum,13,"National Center for Parasitology, Entomology and Malaria Control, Ministry of Health",
4166,Pfplasmepsin 2-3 amplifications,Mozambique,MZ,Sofala,Dondo,-19.611540,34.740929,2015,P. falciparum,88,"ISGlobal, Barcelona Institute for Global Health, Hospital Clínic-Universitat de Barcelona",https://pubmed.ncbi.nlm.nih.gov/29260689/
4167,Pfplasmepsin 2-3 amplifications,Mozambique,MZ,Tete,Moatize,-16.116667,33.733333,2015,P. falciparum,89,"ISGlobal, Barcelona Institute for Global Health, Hospital Clínic-Universitat de Barcelona",https://pubmed.ncbi.nlm.nih.gov/29260689/
4168,Pfplasmepsin 2-3 amplifications,Mozambique,MZ,Gaza,Chókwè,-24.532317,32.983200,2015,P. falciparum,87,"ISGlobal, Barcelona Institute for Global Health, Hospital Clínic-Universitat de Barcelona",https://pubmed.ncbi.nlm.nih.gov/29260689/
4169,Pfplasmepsin 2-3 amplifications,Mozambique,MZ,Cabo Delgado,Montepuez,-13.134045,38.998105,2015,P. falciparum,87,"ISGlobal, Barcelona Institute for Global Health, Hospital Clínic-Universitat de Barcelona",https://pubmed.ncbi.nlm.nih.gov/29260689/
4170,Pfplasmepsin 2-3 amplifications,Senegal,SN,Dakar,Dakar,14.764504,-17.366029,2013,P. falciparum,11,Institut de Recherche Biomédicale des Armées,https://pubmed.ncbi.nlm.nih.gov/30782997/
4171,Pfplasmepsin 2-3 amplifications,Senegal,SN,Dakar,Dakar,14.764504,-17.366029,2014,P. falciparum,29,Institut de Recherche Biomédicale des Armées,https://pubmed.ncbi.nlm.nih.gov/30782997/
4172,Pfplasmepsin 2-3 amplifications,Senegal,SN,Dakar,Dakar,14.764504,-17.366029,2015,P. falciparum,24,Institut de Recherche Biomédicale des Armées,https://pubmed.ncbi.nlm.nih.gov/30782997/
4173,Pfplasmepsin 2-3 amplifications,Democratic Republic of the Congo,CD,,Kinshasa,-4.325000,15.322222,2015,P. falciparum,103,"Mahidol-Oxford Tropical Medicine Research Unit, Faculty of Tropical Medicine, Mahidol University, Bangkok, Thailand; Centre for Tropical Medicine and Global Health, University of Oxford, Oxford, UK; The Open University, Milton Keynes, UK.",https://pubmed.ncbi.nlm.nih.gov/32171078/
4174,Pfplasmepsin 2-3 amplifications,Senegal,SN,Kedougou,Kedougou,12.557825,-12.200554,2018,P. falciparum,272,"Faculty of Medicine, University of Cheikh Anta Diop",
4175,Pfplasmepsin 2-3 amplifications,Senegal,SN,Diourbel Region,Diourbel,14.654338,-16.252578,2018,P. falciparum,192,"Faculty of Medicine, University of Cheikh Anta Diop",
4176,Pfplasmepsin 2-3 amplifications,Bangladesh,BD,Chittagong,Cox's Bazar,21.439464,92.007732,2015,P. falciparum,119,"Mahidol-Oxford Tropical Medicine Research Unit, Faculty of Tropical Medicine, Mahidol University, Bangkok, Thailand; Centre for Tropical Medicine and Global Health, University of Oxford, Oxford, UK; The Open University, Milton Keynes, UK.",https://pubmed.ncbi.nlm.nih.gov/32171078/
4177,Pfplasmepsin 2-3 amplifications,India,IN,Tripura,Agartala,23.841015,91.291939,2015,P. falciparum,11,"Mahidol-Oxford Tropical Medicine Research Unit, Faculty of Tropical Medicine, Mahidol University, Bangkok, Thailand; Centre for Tropical Medicine and Global Health, University of Oxford, Oxford, UK; The Open University, Milton Keynes, UK.",https://pubmed.ncbi.nlm.nih.gov/32171078/
4178,Pfplasmepsin 2-3 amplifications,India,IN,West Bengal,Midnapur,22.430816,87.283458,2015,P. falciparum,11,"Mahidol-Oxford Tropical Medicine Research Unit, Faculty of Tropical Medicine, Mahidol University, Bangkok, Thailand; Centre for Tropical Medicine and Global Health, University of Oxford, Oxford, UK; The Open University, Milton Keynes, UK.",https://pubmed.ncbi.nlm.nih.gov/32171078/
4179,Pfplasmepsin 2-3 amplifications,India,IN,Odisha,"Rourkela, Sundergarh",22.260423,84.853584,2015,P. falciparum,14,"Mahidol-Oxford Tropical Medicine Research Unit, Faculty of Tropical Medicine, Mahidol University, Bangkok, Thailand; Centre for Tropical Medicine and Global Health, University of Oxford, Oxford, UK; The Open University, Milton Keynes, UK.",https://pubmed.ncbi.nlm.nih.gov/32171078/
4180,Pfplasmepsin 2-3 amplifications,Myanmar,MM,Mandalay,Pyin Oo Lwin,22.039177,96.471658,2015,P. falciparum,27,"Mahidol-Oxford Tropical Medicine Research Unit, Faculty of Tropical Medicine, Mahidol University, Bangkok, Thailand; Centre for Tropical Medicine and Global Health, University of Oxford, Oxford, UK; The Open University, Milton Keynes, UK.",https://pubmed.ncbi.nlm.nih.gov/32171078/
4181,Pfplasmepsin 2-3 amplifications,Myanmar,MM,Bago,Pyay,18.914700,95.172343,2015,P. falciparum,32,"Mahidol-Oxford Tropical Medicine Research Unit, Faculty of Tropical Medicine, Mahidol University, Bangkok, Thailand; Centre for Tropical Medicine and Global Health, University of Oxford, Oxford, UK; The Open University, Milton Keynes, UK.",https://pubmed.ncbi.nlm.nih.gov/32171078/
4182,Pfplasmepsin 2-3 amplifications,Myanmar,MM,Rakhine,Ann,19.850000,94.000000,2015,P. falciparum,28,"Mahidol-Oxford Tropical Medicine Research Unit, Faculty of Tropical Medicine, Mahidol University, Bangkok, Thailand; Centre for Tropical Medicine and Global Health, University of Oxford, Oxford, UK; The Open University, Milton Keynes, UK.",https://pubmed.ncbi.nlm.nih.gov/32171078/
4183,Pfplasmepsin 2-3 amplifications,Myanmar,MM,Mandalay,Pyin Oo Lwin,22.039177,96.471658,2015,P. falciparum,27,"Mahidol-Oxford Tropical Medicine Research Unit, Faculty of Tropical Medicine, Mahidol University, Bangkok, Thailand; Centre for Tropical Medicine and Global Health, University of Oxford, Oxford, UK; The Open University, Milton Keynes, UK.",https://pubmed.ncbi.nlm.nih.gov/32171078/
4184,Pfplasmepsin 2-3 amplifications,Thailand,TH,Sisaket,Phu Sing,14.546667,104.131667,2015,P. falciparum,32,"Mahidol-Oxford Tropical Medicine Research Unit, Faculty of Tropical Medicine, Mahidol University, Bangkok, Thailand; Centre for Tropical Medicine and Global Health, University of Oxford, Oxford, UK; The Open University, Milton Keynes, UK.",https://pubmed.ncbi.nlm.nih.gov/32171078/
4185,Pfplasmepsin 2-3 amplifications,Thailand,TH,Sisaket,Khun Han,14.547273,104.259303,2015,P. falciparum,11,"Mahidol-Oxford Tropical Medicine Research Unit, Faculty of Tropical Medicine, Mahidol University, Bangkok, Thailand; Centre for Tropical Medicine and Global Health, University of Oxford, Oxford, UK; The Open University, Milton Keynes, UK.",https://pubmed.ncbi.nlm.nih.gov/32171078/
4186,Pfplasmepsin 2-3 amplifications,Cambodia,KH,Kampong Speu,Oral,11.811908,104.007235,2019,P. falciparum,22,"National Center for Parasitology, Entomology and Malaria Control, Ministry of Health",
4187,Pfplasmepsin 2-3 amplifications,Cambodia,KH,Pursat,Krakor,12.546682,104.172877,2019,P. falciparum,16,"National Center for Parasitology, Entomology and Malaria Control, Ministry of Health",
4188,Pfplasmepsin 2-3 amplifications,Cambodia,KH,Kratié,Sambour,12.742344,105.261533,2019,P. falciparum,8,"National Center for Parasitology, Entomology and Malaria Control, Ministry of Health",
4189,Pfplasmepsin 2-3 amplifications,Cambodia,KH,Ratanakiri,Veun Sai,14.261043,106.794241,2019,P. falciparum,52,"National Center for Parasitology, Entomology and Malaria Control, Ministry of Health",
4190,Pfplasmepsin 2-3 amplifications,Lao People's Democratic Republic,LA,Sekong Province,Lam Mam,15.309393,106.717319,2015,P. falciparum,11,"Mahidol-Oxford Tropical Medicine Research Unit, Faculty of Tropical Medicine, Mahidol University, Bangkok, Thailand; Centre for Tropical Medicine and Global Health, University of Oxford, Oxford, UK; The Open University, Milton Keynes, UK.",https://pubmed.ncbi.nlm.nih.gov/32171078/
4191,Pfplasmepsin 2-3 amplifications,Viet Nam,VN,,Binh Phuoc Province,11.751189,106.723464,2015,P. falciparum,120,"Mahidol-Oxford Tropical Medicine Research Unit, Faculty of Tropical Medicine, Mahidol University, Bangkok, Thailand; Centre for Tropical Medicine and Global Health, University of Oxford, Oxford, UK; The Open University, Milton Keynes, UK.",https://pubmed.ncbi.nlm.nih.gov/32171078/
4192,Pfplasmepsin 2-3 amplifications,Viet Nam,VN,,Gia Lai Province,13.807894,108.109375,2019,P. falciparum,52,"National Institute of Malariology, Parasitology and Entomology",
4193,Pfplasmepsin 2-3 amplifications,Senegal,SN,Kolda,Kolda,12.933677,-14.956129,2019,P. falciparum,193,"Faculty of Medicine, University of Cheikh Anta Diop",
4194,Pfplasmepsin 2-3 amplifications,Senegal,SN,Thiès Region,Mbour,14.416536,-16.987211,2019,P. falciparum,176,"Faculty of Medicine, University of Cheikh Anta Diop",
4195,Pfplasmepsin 2-3 amplifications,Burkina Faso,BF,Zondoma,Gourcy,13.203628,-2.356686,2018,P. falciparum,122,Centre National de Recherche et de Formation sur le Paludisme,https://pubmed.ncbi.nlm.nih.gov/33468147/
4196,Pfplasmepsin 2-3 amplifications,Burkina Faso,BF,Boulkiemdé,Nanoro,12.683333,-2.183333,2017,P. falciparum,135,Centre National de Recherche et de Formation sur le Paludisme,https://pubmed.ncbi.nlm.nih.gov/33468147/
4197,Pfplasmepsin 2-3 amplifications,Burkina Faso,BF,Comoé,Banfora,10.640016,-4.758804,2017,P. falciparum,107,Centre National de Recherche et de Formation sur le Paludisme,https://pubmed.ncbi.nlm.nih.gov/33468147/
4198,Pfplasmepsin 2-3 amplifications,Uganda,UG,Eastern Region,Tororo,0.678227,34.186567,2016,P. falciparum,58,"Department of Natural Sciences and Mathematics, Dominican University of California",https://pubmed.ncbi.nlm.nih.gov/28923866/
4199,Pfplasmepsin 2-3 amplifications,Uganda,UG,Eastern Region,Tororo,0.678227,34.186567,2010,P. falciparum,58,"Department of Natural Sciences and Mathematics, Dominican University of California",https://pubmed.ncbi.nlm.nih.gov/28923866/
4200,Pfplasmepsin 2-3 amplifications,Uganda,UG,Northern Region,Agago,2.833333,33.333333,2017,P. falciparum,30,Infectious Diseases Research Collaboration,https://pubmed.ncbi.nlm.nih.gov/30559133/
4201,Pfplasmepsin 2-3 amplifications,Uganda,UG,Northern Region,Amolatar,1.633333,32.833333,2017,P. falciparum,41,Infectious Diseases Research Collaboration,https://pubmed.ncbi.nlm.nih.gov/30559133/
4202,Pfplasmepsin 2-3 amplifications,Uganda,UG,Northern Region,Arua,3.035278,30.910833,2017,P. falciparum,37,Infectious Diseases Research Collaboration,https://pubmed.ncbi.nlm.nih.gov/30559133/
4203,Pfplasmepsin 2-3 amplifications,Uganda,UG,Eastern Region,Jinja,0.447857,33.202612,2017,P. falciparum,37,Infectious Diseases Research Collaboration,https://pubmed.ncbi.nlm.nih.gov/30559133/
4204,Pfplasmepsin 2-3 amplifications,Uganda,UG,Western Region,Kanungu,-0.819525,29.742604,2017,P. falciparum,45,Infectious Diseases Research Collaboration,https://pubmed.ncbi.nlm.nih.gov/30559133/
4205,Pfplasmepsin 2-3 amplifications,Uganda,UG,Northern Region,Kole,2.302006,32.610417,2017,P. falciparum,31,Infectious Diseases Research Collaboration,https://pubmed.ncbi.nlm.nih.gov/30559133/
4206,Pfplasmepsin 2-3 amplifications,Uganda,UG,Northern Region,Lamwo,3.533333,32.800000,2017,P. falciparum,35,Infectious Diseases Research Collaboration,https://pubmed.ncbi.nlm.nih.gov/30559133/
4207,Pfplasmepsin 2-3 amplifications,Uganda,UG,Central Region,Mubende,0.600000,31.400000,2017,P. falciparum,39,Infectious Diseases Research Collaboration,https://pubmed.ncbi.nlm.nih.gov/30559133/
4208,Pfplasmepsin 2-3 amplifications,Uganda,UG,Eastern Region,Tororo,0.678227,34.186567,2017,P. falciparum,40,Infectious Diseases Research Collaboration,https://pubmed.ncbi.nlm.nih.gov/30559133/
4209,Pfplasmepsin 2-3 amplifications,Uganda,UG,,Multiple sites,0.827391,32.258765,2018,P. falciparum,95,"National Malaria Control Division, Ministry of Health",
4210,Pfplasmepsin 2-3 amplifications,United Republic of Tanzania,TZ,Pwani,Rufiji,-7.773889,39.363889,2015,P. falciparum,30,Ifakara Health Institute,https://pubmed.ncbi.nlm.nih.gov/30333022/
4211,Pfplasmepsin 2-3 amplifications,Afghanistan,AF,Laghman,Mihtarlam,34.645600,70.181400,2019,P. falciparum,51,National Malaria and Leishmaniasis Control Programme,
4212,Pfplasmepsin 2-3 amplifications,Afghanistan,AF,,Nangarhar Province,34.250000,70.500000,2019,P. falciparum,57,National Malaria and Leishmaniasis Control Programme,
4213,Pfplasmepsin 2-3 amplifications,Cambodia,KH,Pursat,Phnom Kravanh,12.333333,103.750000,2018,P. falciparum,10,"National Center for Parasitology, Entomology and Malaria Control, Ministry of Health",
4214,Pfplasmepsin 2-3 amplifications,Cambodia,KH,Stung Treng,Siem Pang,14.112548,106.390534,2018,P. falciparum,30,"National Center for Parasitology, Entomology and Malaria Control, Ministry of Health",
4215,Pfplasmepsin 2-3 amplifications,Cambodia,KH,Ratanakiri,Taveng,14.047334,107.099318,2018,P. falciparum,6,"National Center for Parasitology, Entomology and Malaria Control, Ministry of Health",
4216,Pfplasmepsin 2-3 amplifications,Cambodia,KH,Stung Treng,Sesan,13.503679,106.393478,2018,P. falciparum,11,"National Center for Parasitology, Entomology and Malaria Control, Ministry of Health",
4217,Pfplasmepsin 2-3 amplifications,Cambodia,KH,Stung Treng,Siem Pang,14.112548,106.390534,2018,P. falciparum,10,"National Center for Parasitology, Entomology and Malaria Control, Ministry of Health",
4218,Pfplasmepsin 2-3 amplifications,Cambodia,KH,Mondulkiri,Ou Reang,12.331800,107.168400,2019,P. falciparum,2,"National Center for Parasitology, Entomology and Malaria Control, Ministry of Health",
4219,Pfplasmepsin 2-3 amplifications,Cambodia,KH,Ratanakiri,Veun Sai,14.261043,106.794241,2019,P. falciparum,5,"National Center for Parasitology, Entomology and Malaria Control, Ministry of Health",
4220,Pfplasmepsin 2-3 amplifications,Viet Nam,VN,Gia Lai,Krong Pa,13.234560,108.517936,2015,P. falciparum,48,Institute of Tropical Medicine,https://pubmed.ncbi.nlm.nih.gov/32437557/
4221,Pfplasmepsin 2-3 amplifications,Viet Nam,VN,Gia Lai,Krong Pa and Ia Pa Districts,13.343558,108.638600,2019,P. falciparum,19,"National Institute of Malariology, Parasitology and Entomology",
4222,Pfplasmepsin 2-3 amplifications,Viet Nam,VN,Binh Phuoc,Bu Gia Map and Bu Dang Districts,11.972318,107.148275,2019,P. falciparum,4,"National Institute of Malariology, Parasitology and Entomology",
4223,Pfplasmepsin 2-3 amplifications,Viet Nam,VN,Dak Nong,Tuy Duc and Cu Jut districts,12.342125,107.555663,2019,P. falciparum,50,"National Institute of Malariology, Parasitology and Entomology",
4224,Pfplasmepsin 2-3 amplifications,China,CN,Yunnan,Yingjiang,24.705211,97.931955,2012,P. falciparum,20,"National Institute of Parasitic Diseases, Chinese Center for Disease Control and Prevention, WHO Collaborating Center for Malaria, Schistosomiasis and Filariasis",https://pubmed.ncbi.nlm.nih.gov/32928233/
4225,Pfplasmepsin 2-3 amplifications,China,CN,Yunnan,Tengchong,25.020439,98.490967,2012,P. falciparum,10,"National Institute of Parasitic Diseases, Chinese Center for Disease Control and Prevention, WHO Collaborating Center for Malaria, Schistosomiasis and Filariasis",https://pubmed.ncbi.nlm.nih.gov/32928233/
4226,Pfplasmepsin 2-3 amplifications,China,CN,Yunnan,Yingjiang,24.705211,97.931955,2013,P. falciparum,19,"National Institute of Parasitic Diseases, Chinese Center for Disease Control and Prevention, WHO Collaborating Center for Malaria, Schistosomiasis and Filariasis",https://pubmed.ncbi.nlm.nih.gov/32928233/
4227,Pfplasmepsin 2-3 amplifications,China,CN,Yunnan,Menglian,22.329099,99.584157,2014,P. falciparum,10,"National Institute of Parasitic Diseases, Chinese Center for Disease Control and Prevention, WHO Collaborating Center for Malaria, Schistosomiasis and Filariasis",https://pubmed.ncbi.nlm.nih.gov/32928233/
4228,Pfplasmepsin 2-3 amplifications,China,CN,Yunnan,Yingjiang,24.705211,97.931955,2010,P. falciparum,20,"National Institute of Parasitic Diseases, Chinese Center for Disease Control and Prevention, WHO Collaborating Center for Malaria, Schistosomiasis and Filariasis",https://pubmed.ncbi.nlm.nih.gov/32928233/
4229,Pfplasmepsin 2-3 amplifications,China,CN,Yunnan,Tengchong,25.020439,98.490967,2011,P. falciparum,105,"National Institute of Parasitic Diseases, Chinese Center for Disease Control and Prevention, WHO Collaborating Center for Malaria, Schistosomiasis and Filariasis",https://pubmed.ncbi.nlm.nih.gov/32928233/
4230,Pfplasmepsin 2-3 amplifications,China,CN,Yunnan,Yingjiang,24.705211,97.931955,2012,P. falciparum,3,"National Institute of Parasitic Diseases, Chinese Center for Disease Control and Prevention, WHO Collaborating Center for Malaria, Schistosomiasis and Filariasis",https://pubmed.ncbi.nlm.nih.gov/32928233/
4231,Pfplasmepsin 2-3 amplifications,China,CN,Yunnan,Tengchong,25.020439,98.490967,2013,P. falciparum,6,"National Institute of Parasitic Diseases, Chinese Center for Disease Control and Prevention, WHO Collaborating Center for Malaria, Schistosomiasis and Filariasis",https://pubmed.ncbi.nlm.nih.gov/32928233/
4232,Pfplasmepsin 2-3 amplifications,China,CN,Yunnan,Yingjiang,24.705211,97.931955,2013,P. falciparum,12,"National Institute of Parasitic Diseases, Chinese Center for Disease Control and Prevention, WHO Collaborating Center for Malaria, Schistosomiasis and Filariasis",https://pubmed.ncbi.nlm.nih.gov/32928233/
4233,Pfplasmepsin 2-3 amplifications,China,CN,Yunnan,Yingjiang,24.705211,97.931955,2014,P. falciparum,13,"National Institute of Parasitic Diseases, Chinese Center for Disease Control and Prevention, WHO Collaborating Center for Malaria, Schistosomiasis and Filariasis",https://pubmed.ncbi.nlm.nih.gov/32928233/
4234,Pfplasmepsin 2-3 amplifications,Mozambique,MZ,Maputo,Magude,-25.023056,32.648056,2015,P. falciparum,61,"ISGlobal, Barcelona Institute for Global Health, Hospital Clínic-Universitat de Barcelona",https://pubmed.ncbi.nlm.nih.gov/33075062/
4235,Pfplasmepsin 2-3 amplifications,Mozambique,MZ,Maputo,Magude,-25.023056,32.648056,2017,P. falciparum,59,"ISGlobal, Barcelona Institute for Global Health, Hospital Clínic-Universitat de Barcelona",https://pubmed.ncbi.nlm.nih.gov/33075062/
4236,Pfplasmepsin 2-3 amplifications,Kenya,KE,,Siaya,-0.099824,34.274700,2016,P. falciparum,8,"Kenya Medical Research Institute, Centre for Global Health Research",https://pubmed.ncbi.nlm.nih.gov/32795367/
4237,Pfplasmepsin 2-3 amplifications,Uganda,UG,,Multiple sites,0.827391,32.258765,2018,P. falciparum,462,University of California San Francisco,https://pubmed.ncbi.nlm.nih.gov/33146722/
4238,Pfplasmepsin 2-3 amplifications,Yemen,YE,Al Hudaydah,Bajil,15.100000,43.466667,2019,P. falciparum,86,"National Malaria Control Programme, Yemen",
4239,Pfplasmepsin 2-3 amplifications,China,CN,Yunnan,"Ruili City, Dehong",24.014599,97.835291,2013,P. falciparum,6,"National Institute of Parasitic Diseases, Chinese Center for Disease Control and Prevention",https://pubmed.ncbi.nlm.nih.gov/32928233/
4240,Pfplasmepsin 2-3 amplifications,Indonesia,ID,Papua,Mimika,-4.550000,136.890000,2015,P. falciparum,74,Mimika District Hospital,https://pubmed.ncbi.nlm.nih.gov/29345221/
4241,Pfplasmepsin 2-3 amplifications,Cambodia,KH,Kampong Speu,Phnom Sruoch,11.400000,104.400000,2020,P. falciparum,15,"National Center for Parasitology, Entomology and Malaria Control, Ministry of Health",
4242,Pfplasmepsin 2-3 amplifications,Cambodia,KH,Stung Treng,Siem Pang,14.112548,106.390534,2020,P. falciparum,6,"National Center for Parasitology, Entomology and Malaria Control, Ministry of Health",
4243,Pfplasmepsin 2-3 amplifications,Cambodia,KH,Kampong Speu,Oral,11.811908,104.007235,2020,P. falciparum,3,"National Center for Parasitology, Entomology and Malaria Control, Ministry of Health",
4244,Pfplasmepsin 2-3 amplifications,Cambodia,KH,Ratanakiri,Veun Sai,14.261043,106.794241,2020,P. falciparum,19,"National Center for Parasitology, Entomology and Malaria Control, Ministry of Health",
4248,Pfplasmepsin 2-3 amplifications,Indonesia,ID,Papua,Mimika,-4.550000,136.890000,2011,P. falciparum,16,"Global and Tropical Health Division, Menzies School of Health Research and Charles Darwin University",https://pubmed.ncbi.nlm.nih.gov/34193398/
4249,Pfplasmepsin 2-3 amplifications,Indonesia,ID,Papua,Mimika,-4.550000,136.890000,2012,P. falciparum,9,"Global and Tropical Health Division, Menzies School of Health Research and Charles Darwin University",https://pubmed.ncbi.nlm.nih.gov/34193398/
4250,Pfplasmepsin 2-3 amplifications,Indonesia,ID,Papua,Mimika,-4.550000,136.890000,2013,P. falciparum,13,"Global and Tropical Health Division, Menzies School of Health Research and Charles Darwin University",https://pubmed.ncbi.nlm.nih.gov/34193398/
4251,Pfplasmepsin 2-3 amplifications,Indonesia,ID,Papua,Mimika,-4.550000,136.890000,2014,P. falciparum,37,"Global and Tropical Health Division, Menzies School of Health Research and Charles Darwin University",https://pubmed.ncbi.nlm.nih.gov/34193398/
4252,Pfplasmepsin 2-3 amplifications,Indonesia,ID,Papua,Mimika,-4.550000,136.890000,2015,P. falciparum,10,"Global and Tropical Health Division, Menzies School of Health Research and Charles Darwin University",https://pubmed.ncbi.nlm.nih.gov/34193398/
4253,Pfplasmepsin 2-3 amplifications,Indonesia,ID,Papua,Mimika,-4.550000,136.890000,2016,P. falciparum,13,"Global and Tropical Health Division, Menzies School of Health Research and Charles Darwin University",https://pubmed.ncbi.nlm.nih.gov/34193398/
4254,Pfplasmepsin 2-3 amplifications,Indonesia,ID,Papua,Mimika,-4.550000,136.890000,2017,P. falciparum,16,"Global and Tropical Health Division, Menzies School of Health Research and Charles Darwin University",https://pubmed.ncbi.nlm.nih.gov/34193398/
4255,Pfplasmepsin 2-3 amplifications,Thailand,TH,,Sisaket and Surin Provinces,14.946688,103.961802,2013,P. falciparum,27,"Department of Bacterial and Parasitic Diseases, Armed Forces Research Institute of Medical Sciences",https://pubmed.ncbi.nlm.nih.gov/34183715/
4256,Pfplasmepsin 2-3 amplifications,Thailand,TH,,Sisaket and Surin Provinces,14.946688,103.961802,2014,P. falciparum,39,"Department of Bacterial and Parasitic Diseases, Armed Forces Research Institute of Medical Sciences",https://pubmed.ncbi.nlm.nih.gov/34183715/
4257,Pfplasmepsin 2-3 amplifications,Thailand,TH,,Sisaket and Surin Provinces,14.946688,103.961802,2015,P. falciparum,46,"Department of Bacterial and Parasitic Diseases, Armed Forces Research Institute of Medical Sciences",https://pubmed.ncbi.nlm.nih.gov/34183715/
4258,Pfplasmepsin 2-3 amplifications,Cameroon,CM,Mfoundi,Yaoundé,3.848032,11.502075,2018,P. falciparum,148,"Institut Toulousain des Maladies Infectieuses et Inflammatoires, Université Toulouse",https://pubmed.ncbi.nlm.nih.gov/34453535/
4259,Pfplasmepsin 2-3 amplifications,Papua New Guinea,PG,Sandaun,Vanimo-Green River,-2.683333,141.283333,2021,P. falciparum,62,Papua New Guinea Institute of Medical Research,
4260,Pfplasmepsin 2-3 amplifications,Papua New Guinea,PG,New Ireland,Kavieng,-2.571800,150.804800,2022,P. falciparum,57,Papua New Guinea Institute of Medical Research,
4261,Pfplasmepsin 2-3 amplifications,Cambodia,KH,,Pailin and Pursat Provinces,12.462615,102.986299,2018,P. falciparum,74,"Mahidol Oxford Tropical Medicine Research Unit, Faculty of Tropical Medicine, Mahidol University, Bangkok, Thailand; Centre for Tropical Medicine and Global Health, Nuffield Department of Medicine, University of Oxford, Oxford, United Kingdom",https://pubmed.ncbi.nlm.nih.gov/35276064/
4262,Pfplasmepsin 2-3 amplifications,Cambodia,KH,,Stung Treng Province,13.576473,105.969988,2018,P. falciparum,181,"Mahidol Oxford Tropical Medicine Research Unit, Faculty of Tropical Medicine, Mahidol University, Bangkok, Thailand; Centre for Tropical Medicine and Global Health, Nuffield Department of Medicine, University of Oxford, Oxford, United Kingdom",https://pubmed.ncbi.nlm.nih.gov/35276064/
4267,Pfplasmepsin 2-3 amplifications,Cambodia,KH,Kampong Speu,Oral,11.811908,104.007235,2021,P. falciparum,1,"National Center for Parasitology, Entomology and Malaria Control, Ministry of Health",
4268,Pfplasmepsin 2-3 amplifications,Cambodia,KH,Kampong Speu,Phnom Sruoch,11.400000,104.400000,2021,P. falciparum,20,"National Center for Parasitology, Entomology and Malaria Control, Ministry of Health",
4269,Pfplasmepsin 2-3 amplifications,Cambodia,KH,Stung Treng,Siem Pang,14.112548,106.390534,2022,P. falciparum,6,"National Center for Parasitology, Entomology and Malaria Control, Ministry of Health",
4270,Pfplasmepsin 2-3 amplifications,Cambodia,KH,Kratié,Sambour,12.742344,105.261533,2022,P. falciparum,9,"National Center for Parasitology, Entomology and Malaria Control, Ministry of Health",
4271,Pfplasmepsin 2-3 amplifications,Cambodia,KH,,Battambang,13.028697,102.989615,2022,P. falciparum,4,"Cambodia Malaria Elimination Project 2, University Research Co., LLC",
4272,Pfplasmepsin 2-3 amplifications,Cambodia,KH,Pursat,Phnom Kravanh,12.333333,103.750000,2022,P. falciparum,54,"Cambodia Malaria Elimination Project 2, University Research Co., LLC",
4273,Pfplasmepsin 2-3 amplifications,Lao People's Democratic Republic,LA,Savannakhet,"Nong, Vilabouly, Phine and Xaepone districts",16.866667,106.033333,2021,P. falciparum,32,"Center of Malariology, Parasitology and Entomology, Ministry of Public Health",
4274,Pfplasmepsin 2-3 amplifications,Lao People's Democratic Republic,LA,Attapeu,"Sanxay, Saysetha, Sanamxay and Phouvong districts",14.680608,106.512035,2021,P. falciparum,32,"Center of Malariology, Parasitology and Entomology, Ministry of Public Health",
4276,Pfplasmepsin 2-3 amplifications,Myanmar,MM,Kachin,Myitkyina,25.394614,97.384073,2015,P. falciparum,15,"Department of Medical Research, Ministry of Health and Sports",
4277,Pfplasmepsin 2-3 amplifications,Myanmar,MM,Shan,Mu Se,23.993288,97.910265,2015,P. falciparum,16,"Department of Medical Research, Ministry of Health and Sports",
4278,Pfplasmepsin 2-3 amplifications,Myanmar,MM,Rakhine,Buthidaung,20.869510,92.527221,2016,P. falciparum,43,"Department of Medical Research, Ministry of Health and Sports",
4279,Pfplasmepsin 2-3 amplifications,Myanmar,MM,Sagaing,Tamu,24.219884,94.310288,2016,P. falciparum,16,"Department of Medical Research, Ministry of Health and Sports",
4280,Pfplasmepsin 2-3 amplifications,Myanmar,MM,Mandalay,Pyin Oo Lwin,22.039177,96.471658,2016,P. falciparum,16,"Department of Medical Research, Ministry of Health and Sports",
4281,Pfplasmepsin 2-3 amplifications,Myanmar,MM,Kachin,Mohnyin,24.783333,96.366667,2017,P. falciparum,16,"Department of Medical Research, Ministry of Health and Sports",
4282,Pfplasmepsin 2-3 amplifications,Myanmar,MM,Shan,Nawnghkio,22.333809,96.801421,2017,P. falciparum,16,"Department of Medical Research, Ministry of Health and Sports",
4283,Pfplasmepsin 2-3 amplifications,Myanmar,MM,Tanintharyi,Kawthaung,9.995811,98.552875,2017,P. falciparum,17,"Department of Medical Research, Ministry of Health and Sports",
4284,Pfplasmepsin 2-3 amplifications,Myanmar,MM,Kayin,Kawkareik,16.555556,98.240000,2017,P. falciparum,16,"Department of Medical Research, Ministry of Health and Sports",
4285,Pfplasmepsin 2-3 amplifications,Thailand,TH,Tak,Tha Song Yang,17.567484,97.923086,2013,P. falciparum,2,"Faculty of Tropical Medicine, Mahidol University",https://pubmed.ncbi.nlm.nih.gov/36437462/
4286,Pfplasmepsin 2-3 amplifications,Thailand,TH,Tak,Tha Song Yang,17.567484,97.923086,2014,P. falciparum,21,"Faculty of Tropical Medicine, Mahidol University",https://pubmed.ncbi.nlm.nih.gov/36437462/
4287,Pfplasmepsin 2-3 amplifications,Thailand,TH,Tak,Tha Song Yang,17.567484,97.923086,2015,P. falciparum,17,"Faculty of Tropical Medicine, Mahidol University",https://pubmed.ncbi.nlm.nih.gov/36437462/
4288,Pfplasmepsin 2-3 amplifications,Thailand,TH,Tak,Tha Song Yang,17.567484,97.923086,2016,P. falciparum,1,"Faculty of Tropical Medicine, Mahidol University",https://pubmed.ncbi.nlm.nih.gov/36437462/
4289,Pfplasmepsin 2-3 amplifications,Thailand,TH,Tak,Tha Song Yang,17.567484,97.923086,2018,P. falciparum,5,"Faculty of Tropical Medicine, Mahidol University",https://pubmed.ncbi.nlm.nih.gov/36437462/
4290,Pfplasmepsin 2-3 amplifications,Thailand,TH,Tak,Tha Song Yang,17.567484,97.923086,2019,P. falciparum,5,"Faculty of Tropical Medicine, Mahidol University",https://pubmed.ncbi.nlm.nih.gov/36437462/
4291,Pfplasmepsin 2-3 amplifications,Thailand,TH,,Kanchanaburi Province,14.022780,99.532811,2012,P. falciparum,41,"Department of Tropical Diseases, Faculty of Naval Medicine, Naval Medical University",https://pubmed.ncbi.nlm.nih.gov/35413937/
4292,Pfplasmepsin 2-3 amplifications,Thailand,TH,,Ranong Province,9.952870,98.608464,2012,P. falciparum,3,"Department of Tropical Diseases, Faculty of Naval Medicine, Naval Medical University",https://pubmed.ncbi.nlm.nih.gov/35413937/
4295,Pfplasmepsin 2-3 amplifications,Viet Nam,VN,Dak Nong,Cu Jut and Dak Mil districts,12.612315,107.728724,2018,P. falciparum,50,Vietnam People's Army Military Institute of Preventive Medicine,https://pubmed.ncbi.nlm.nih.gov/34570647/
4296,Pfplasmepsin 2-3 amplifications,Viet Nam,VN,,Binh Phouc and Khanh Hoa Provinces,11.949718,107.336376,2018,P. falciparum,50,"Mahidol Oxford Tropical Medicine Research Unit, Faculty of Tropical Medicine, Mahidol University, Bangkok, Thailand; Centre for Tropical Medicine and Global Health, Nuffield Department of Medicine, University of Oxford, Oxford, United Kingdom",https://pubmed.ncbi.nlm.nih.gov/35276064/
4297,Pfplasmepsin 2-3 amplifications,Viet Nam,VN,Dak Nong,Tuy Duc and Cu Jut districts,12.342125,107.555663,2018,P. falciparum,36,"Institute of Malariology, Parasitology and Entomology",https://pubmed.ncbi.nlm.nih.gov/33526483/
4298,Pfplasmepsin 2-3 amplifications,Viet Nam,VN,Dak Lak,Cu M'gar and Lak districts,12.342398,108.242917,2018,P. falciparum,55,"Institute of Malariology, Parasitology and Entomology",https://pubmed.ncbi.nlm.nih.gov/33526483/
4299,Pfplasmepsin 2-3 amplifications,Viet Nam,VN,Kon Tum,Ia Hdrai and Ngoc Hoi districts,14.419387,107.563205,2018,P. falciparum,23,"Institute of Malariology, Parasitology and Entomology",https://pubmed.ncbi.nlm.nih.gov/33526483/
4300,Pfplasmepsin 2-3 amplifications,Viet Nam,VN,Gia Lai,Kbang and Kong Chro districts,13.908636,108.593258,2018,P. falciparum,13,"Institute of Malariology, Parasitology and Entomology",https://pubmed.ncbi.nlm.nih.gov/33526483/
4301,Pfplasmepsin 2-3 amplifications,Viet Nam,VN,Dak Nong,Tuy Duc,12.157612,107.434231,2020,P. falciparum,6,"National Institute of Malariology, Parasitology and Entomology",
4302,Pfplasmepsin 2-3 amplifications,Viet Nam,VN,Gia Lai,Krong Pa and Ia Pa Districts,13.343558,108.638600,2020,P. falciparum,50,"National Institute of Malariology, Parasitology and Entomology",
4303,Pfplasmepsin 2-3 amplifications,Viet Nam,VN,Dak Lak,Krong Nang and Ea Kar districts,12.976458,108.473548,2020,P. falciparum,35,"National Institute of Malariology, Parasitology and Entomology",
4304,Pfplasmepsin 2-3 amplifications,Viet Nam,VN,Gia Lai,Krong Pa and Ia Pa Districts,13.343558,108.638600,2021,P. falciparum,11,"National Institute of Malariology, Parasitology and Entomology",
4305,Pfplasmepsin 2-3 amplifications,Viet Nam,VN,Phu Yen,"Song Hinh, Son Hoa and Dong Xuan districts",13.123581,108.785398,2021,P. falciparum,41,"National Institute of Malariology, Parasitology and Entomology",
4306,Pfplasmepsin 2-3 amplifications,Cambodia,KH,,Pursat Province,12.366321,103.636272,2015,P. falciparum,36,"Wellcome Trust Sanger Institute (Hinxton, UK) and the Centre for Genomics and Global Health, Wellcome Trust Centre for Human Genetics (Oxford, UK)",https://pubmed.ncbi.nlm.nih.gov/32404110/
4307,Pfplasmepsin 2-3 amplifications,Cambodia,KH,,Kampong Speu and Pursat Provinces,11.867365,104.168474,2023,P. falciparum,9,"National Center for Parasitology, Entomology and Malaria Control, Ministry of Health",
4308,Pfplasmepsin 2-3 amplifications,Lao People's Democratic Republic,LA,,Champasak Province,14.657866,105.969988,2019,P. falciparum,3,"Center of Malariology, Parasitology and Entomology, Ministry of Public Health",
4309,Pfplasmepsin 2-3 amplifications,Lao People's Democratic Republic,LA,,Attapeu and Salavanh provinces,15.319963,106.550601,2022,P. falciparum,8,"Center of Malariology, Parasitology and Entomology, Ministry of Public Health",
4310,Pfplasmepsin 2-3 amplifications,Lao People's Democratic Republic,LA,Salavan,"Salavan, Taoy, Samoi, Khongsedone, Tomlane and Lakhonpheng",15.817085,105.643586,2019,P. falciparum,17,"Center of Malariology, Parasitology and Entomology, Ministry of Public Health",
4311,Pfplasmepsin 2-3 amplifications,Lao People's Democratic Republic,LA,Savannakhet,"Nong, Vilabouly, Songkhone, Phine and Xaepone",16.155449,105.299053,2019,P. falciparum,81,"Center of Malariology, Parasitology and Entomology, Ministry of Public Health",
4312,Pfplasmepsin 2-3 amplifications,Myanmar,MM,Shan,Nawnghkio,22.333809,96.801421,2017,P. falciparum,43,"Department of Medical Research, Ministry of Health and Sports",
4313,Pfplasmepsin 2-3 amplifications,Myanmar,MM,Kachin,Mohnyin,24.783333,96.366667,2017,P. falciparum,52,"Department of Medical Research, Ministry of Health and Sports",
4314,Pfplasmepsin 2-3 amplifications,Viet Nam,VN,Gia Lai,Krong Pa and Ia Pa Districts,13.343558,108.638600,2019,P. falciparum,71,"National Institute of Malariology, Parasitology and Entomology",
4315,Pfplasmepsin 2-3 amplifications,Viet Nam,VN,Gia Lai,Krong Pa and Kbang districts,13.468723,108.672087,2022,P. falciparum,32,"National Institute of Malariology, Parasitology and Entomology",
4316,Pfplasmepsin 2-3 amplifications,Viet Nam,VN,,Dak Nong Province,12.264648,107.609806,2018,P. falciparum,13,"Institute of Biomedicine and Pharmacy, Vietnam Military Medical University",https://pubmed.ncbi.nlm.nih.gov/38929629/
4317,Pfplasmepsin 2-3 amplifications,Viet Nam,VN,,Binh Phuoc Province,11.751189,106.723464,2018,P. falciparum,38,"Institute of Biomedicine and Pharmacy, Vietnam Military Medical University",https://pubmed.ncbi.nlm.nih.gov/38929629/
4318,Pfplasmepsin 2-3 amplifications,Thailand,TH,Sisaket,Khun Han,14.547273,104.259303,2017,P. falciparum,12,"The GenRe-Mekong Project, Mahidol-Oxford Tropical Medicine Research Unit, Faculty of Tropical Medicine, Mahidol University",https://doi.org/10.7554/eLife.62997
4319,Pfplasmepsin 2-3 amplifications,Viet Nam,VN,Ninh Thuan,Bac Ai,11.833415,108.855148,2020,P. falciparum,3,"The GenRe-Mekong Project, Mahidol-Oxford Tropical Medicine Research Unit, Faculty of Tropical Medicine, Mahidol University",https://doi.org/10.1038/s41467-025-59946-1
4320,Pfplasmepsin 2-3 amplifications,Viet Nam,VN,Gia Lai,Pleiku,13.967062,108.012876,2017,P. falciparum,58,"The GenRe-Mekong Project, Mahidol-Oxford Tropical Medicine Research Unit, Faculty of Tropical Medicine, Mahidol University",https://doi.org/10.1038/s41467-025-59946-1
4321,Pfplasmepsin 2-3 amplifications,Lao People's Democratic Republic,LA,Attapeu,Phouvong,14.751294,106.957996,2022,P. falciparum,20,"The GenRe-Mekong Project, Mahidol-Oxford Tropical Medicine Research Unit, Faculty of Tropical Medicine, Mahidol University",https://doi.org/10.1038/s41467-025-59946-1
4322,Pfplasmepsin 2-3 amplifications,Lao People's Democratic Republic,LA,Salavan,Salavan (district),15.716667,106.416667,2018,P. falciparum,3,"The GenRe-Mekong Project, Mahidol-Oxford Tropical Medicine Research Unit, Faculty of Tropical Medicine, Mahidol University",https://doi.org/10.7554/eLife.62997
4323,Pfplasmepsin 2-3 amplifications,Viet Nam,VN,Gia Lai,Krong Pa,13.234560,108.517936,2018,P. falciparum,284,"The GenRe-Mekong Project, Mahidol-Oxford Tropical Medicine Research Unit, Faculty of Tropical Medicine, Mahidol University",https://doi.org/10.7554/eLife.62997
4324,Pfplasmepsin 2-3 amplifications,Viet Nam,VN,Ninh Thuan,Bac Ai,11.833415,108.855148,2017,P. falciparum,32,"The GenRe-Mekong Project, Mahidol-Oxford Tropical Medicine Research Unit, Faculty of Tropical Medicine, Mahidol University",https://doi.org/10.7554/eLife.62997
4325,Pfplasmepsin 2-3 amplifications,Viet Nam,VN,Gia Lai,Ia Grai,14.000000,107.750000,2018,P. falciparum,18,"The GenRe-Mekong Project, Mahidol-Oxford Tropical Medicine Research Unit, Faculty of Tropical Medicine, Mahidol University",https://doi.org/10.7554/eLife.62997
4326,Pfplasmepsin 2-3 amplifications,Viet Nam,VN,Dak Lak,Buon Don,12.879161,107.716250,2017,P. falciparum,37,"The GenRe-Mekong Project, Mahidol-Oxford Tropical Medicine Research Unit, Faculty of Tropical Medicine, Mahidol University",https://doi.org/10.7554/eLife.62997
4327,Pfplasmepsin 2-3 amplifications,Thailand,TH,Ubon Ratchathani,Na Chaluai,14.503619,105.242885,2017,P. falciparum,1,"The GenRe-Mekong Project, Mahidol-Oxford Tropical Medicine Research Unit, Faculty of Tropical Medicine, Mahidol University",https://doi.org/10.7554/eLife.62997
4328,Pfplasmepsin 2-3 amplifications,Viet Nam,VN,Gia Lai,Pleiku,13.967062,108.012876,2020,P. falciparum,5,"The GenRe-Mekong Project, Mahidol-Oxford Tropical Medicine Research Unit, Faculty of Tropical Medicine, Mahidol University",https://doi.org/10.1038/s41467-025-59946-1
4329,Pfplasmepsin 2-3 amplifications,Cambodia,KH,Ratanakiri,Ban Lung,13.678894,106.949756,2018,P. falciparum,5,"The GenRe-Mekong Project, Mahidol-Oxford Tropical Medicine Research Unit, Faculty of Tropical Medicine, Mahidol University",https://doi.org/10.7554/eLife.62997
4330,Pfplasmepsin 2-3 amplifications,Lao People's Democratic Republic,LA,Attapeu,Sanxay,15.085552,107.215261,2021,P. falciparum,20,"The GenRe-Mekong Project, Mahidol-Oxford Tropical Medicine Research Unit, Faculty of Tropical Medicine, Mahidol University",https://doi.org/10.1038/s41467-025-59946-1
4331,Pfplasmepsin 2-3 amplifications,Viet Nam,VN,Quang Tri,Dong Ha,16.796418,107.083517,2018,P. falciparum,3,"The GenRe-Mekong Project, Mahidol-Oxford Tropical Medicine Research Unit, Faculty of Tropical Medicine, Mahidol University",https://doi.org/10.7554/eLife.62997
4332,Pfplasmepsin 2-3 amplifications,Viet Nam,VN,Ninh Thuan,Bac Ai,11.833415,108.855148,2019,P. falciparum,14,"The GenRe-Mekong Project, Mahidol-Oxford Tropical Medicine Research Unit, Faculty of Tropical Medicine, Mahidol University",https://doi.org/10.1038/s41467-025-59946-1
4333,Pfplasmepsin 2-3 amplifications,Lao People's Democratic Republic,LA,Champasak,Khong,14.047043,105.832683,2018,P. falciparum,1,"The GenRe-Mekong Project, Mahidol-Oxford Tropical Medicine Research Unit, Faculty of Tropical Medicine, Mahidol University",https://doi.org/10.7554/eLife.62997
4334,Pfplasmepsin 2-3 amplifications,Viet Nam,VN,Binh Thuan,Bac Binh,11.255183,108.380131,2020,P. falciparum,5,"The GenRe-Mekong Project, Mahidol-Oxford Tropical Medicine Research Unit, Faculty of Tropical Medicine, Mahidol University",https://doi.org/10.1038/s41467-025-59946-1
4335,Pfplasmepsin 2-3 amplifications,Lao People's Democratic Republic,LA,Attapeu,Phouvong,14.751294,106.957996,2018,P. falciparum,4,"The GenRe-Mekong Project, Mahidol-Oxford Tropical Medicine Research Unit, Faculty of Tropical Medicine, Mahidol University",https://doi.org/10.7554/eLife.62997
4336,Pfplasmepsin 2-3 amplifications,Lao People's Democratic Republic,LA,Attapeu,Phouvong,14.751294,106.957996,2019,P. falciparum,15,"The GenRe-Mekong Project, Mahidol-Oxford Tropical Medicine Research Unit, Faculty of Tropical Medicine, Mahidol University",https://doi.org/10.1038/s41467-025-59946-1
4337,Pfplasmepsin 2-3 amplifications,Cambodia,KH,Pursat,Phnom Kravanh,12.333333,103.750000,2022,P. falciparum,74,"The GenRe-Mekong Project, Mahidol-Oxford Tropical Medicine Research Unit, Faculty of Tropical Medicine, Mahidol University",https://doi.org/10.1038/s41467-025-59946-1
4338,Pfplasmepsin 2-3 amplifications,Viet Nam,VN,Dak Nong,Cu Jut,12.657282,107.865612,2017,P. falciparum,27,"The GenRe-Mekong Project, Mahidol-Oxford Tropical Medicine Research Unit, Faculty of Tropical Medicine, Mahidol University",https://doi.org/10.7554/eLife.62997
4339,Pfplasmepsin 2-3 amplifications,Viet Nam,VN,Ninh Thuan,Thuan Bac,11.753333,109.069098,2017,P. falciparum,4,"The GenRe-Mekong Project, Mahidol-Oxford Tropical Medicine Research Unit, Faculty of Tropical Medicine, Mahidol University",https://doi.org/10.7554/eLife.62997
4340,Pfplasmepsin 2-3 amplifications,Lao People's Democratic Republic,LA,Attapeu,Phouvong,14.751294,106.957996,2020,P. falciparum,94,"The GenRe-Mekong Project, Mahidol-Oxford Tropical Medicine Research Unit, Faculty of Tropical Medicine, Mahidol University",https://doi.org/10.1038/s41467-025-59946-1
4341,Pfplasmepsin 2-3 amplifications,Viet Nam,VN,Phu Yen,Song Hinh,12.917000,108.917000,2019,P. falciparum,80,"The GenRe-Mekong Project, Mahidol-Oxford Tropical Medicine Research Unit, Faculty of Tropical Medicine, Mahidol University",https://doi.org/10.1038/s41467-025-59946-1
4342,Pfplasmepsin 2-3 amplifications,Lao People's Democratic Republic,LA,Salavan,Ta Oy,16.050000,106.583333,2019,P. falciparum,6,"The GenRe-Mekong Project, Mahidol-Oxford Tropical Medicine Research Unit, Faculty of Tropical Medicine, Mahidol University",https://doi.org/10.1038/s41467-025-59946-1
4343,Pfplasmepsin 2-3 amplifications,Lao People's Democratic Republic,LA,Savannakhet,Khanthabouly,16.582488,104.867344,2019,P. falciparum,17,"The GenRe-Mekong Project, Mahidol-Oxford Tropical Medicine Research Unit, Faculty of Tropical Medicine, Mahidol University",https://doi.org/10.1038/s41467-025-59946-1
4344,Pfplasmepsin 2-3 amplifications,Viet Nam,VN,Phu Yen,Dong Xuan,13.425345,109.021389,2020,P. falciparum,16,"The GenRe-Mekong Project, Mahidol-Oxford Tropical Medicine Research Unit, Faculty of Tropical Medicine, Mahidol University",https://doi.org/10.1038/s41467-025-59946-1
4345,Pfplasmepsin 2-3 amplifications,Cambodia,KH,Pursat,Krakor,12.546682,104.172877,2022,P. falciparum,2,"The GenRe-Mekong Project, Mahidol-Oxford Tropical Medicine Research Unit, Faculty of Tropical Medicine, Mahidol University",https://doi.org/10.1038/s41467-025-59946-1
4346,Pfplasmepsin 2-3 amplifications,Viet Nam,VN,Dak Lak,Krong Bong,12.469506,108.507187,2019,P. falciparum,1,"The GenRe-Mekong Project, Mahidol-Oxford Tropical Medicine Research Unit, Faculty of Tropical Medicine, Mahidol University",https://doi.org/10.1038/s41467-025-59946-1
4347,Pfplasmepsin 2-3 amplifications,Viet Nam,VN,Dak Lak,Ea Kar,12.755440,108.538265,2019,P. falciparum,133,"The GenRe-Mekong Project, Mahidol-Oxford Tropical Medicine Research Unit, Faculty of Tropical Medicine, Mahidol University",https://doi.org/10.7554/eLife.62997
4348,Pfplasmepsin 2-3 amplifications,Thailand,TH,Sisaket,Phu Sing,14.546667,104.131667,2017,P. falciparum,11,"The GenRe-Mekong Project, Mahidol-Oxford Tropical Medicine Research Unit, Faculty of Tropical Medicine, Mahidol University",https://doi.org/10.7554/eLife.62997
4349,Pfplasmepsin 2-3 amplifications,Viet Nam,VN,Dak Nong,Tuy Duc,12.157612,107.434231,2019,P. falciparum,21,"The GenRe-Mekong Project, Mahidol-Oxford Tropical Medicine Research Unit, Faculty of Tropical Medicine, Mahidol University",https://doi.org/10.1038/s41467-025-59946-1
4350,Pfplasmepsin 2-3 amplifications,Viet Nam,VN,Kon Tum,Ia H' Drai,14.102580,107.454338,2019,P. falciparum,2,"The GenRe-Mekong Project, Mahidol-Oxford Tropical Medicine Research Unit, Faculty of Tropical Medicine, Mahidol University",https://doi.org/10.1038/s41467-025-59946-1
4351,Pfplasmepsin 2-3 amplifications,Viet Nam,VN,Dak Nong,Tuy Duc,12.157612,107.434231,2017,P. falciparum,32,"The GenRe-Mekong Project, Mahidol-Oxford Tropical Medicine Research Unit, Faculty of Tropical Medicine, Mahidol University",https://doi.org/10.7554/eLife.62997
4352,Pfplasmepsin 2-3 amplifications,Viet Nam,VN,Quang Tri,Da Krong,16.578831,106.976934,2018,P. falciparum,10,"The GenRe-Mekong Project, Mahidol-Oxford Tropical Medicine Research Unit, Faculty of Tropical Medicine, Mahidol University",https://doi.org/10.1038/s41467-025-59946-1
4353,Pfplasmepsin 2-3 amplifications,Lao People's Democratic Republic,LA,Attapeu,Phouvong,14.751294,106.957996,2021,P. falciparum,35,"The GenRe-Mekong Project, Mahidol-Oxford Tropical Medicine Research Unit, Faculty of Tropical Medicine, Mahidol University",https://doi.org/10.1038/s41467-025-59946-1
4354,Pfplasmepsin 2-3 amplifications,Viet Nam,VN,Dak Lak,Cu M'gar,12.888894,108.031893,2017,P. falciparum,3,"The GenRe-Mekong Project, Mahidol-Oxford Tropical Medicine Research Unit, Faculty of Tropical Medicine, Mahidol University",https://doi.org/10.1038/s41467-025-59946-1
4355,Pfplasmepsin 2-3 amplifications,Viet Nam,VN,Kon Tum,Kon Tum,14.343823,108.003121,2019,P. falciparum,1,"The GenRe-Mekong Project, Mahidol-Oxford Tropical Medicine Research Unit, Faculty of Tropical Medicine, Mahidol University",https://doi.org/10.1038/s41467-025-59946-1
4356,Pfplasmepsin 2-3 amplifications,Lao People's Democratic Republic,LA,Attapeu,Xaysetha,14.814444,106.934444,2022,P. falciparum,1,"The GenRe-Mekong Project, Mahidol-Oxford Tropical Medicine Research Unit, Faculty of Tropical Medicine, Mahidol University",https://doi.org/10.1038/s41467-025-59946-1
4357,Pfplasmepsin 2-3 amplifications,Viet Nam,VN,Dak Lak,Cu M'gar,12.888894,108.031893,2018,P. falciparum,2,"The GenRe-Mekong Project, Mahidol-Oxford Tropical Medicine Research Unit, Faculty of Tropical Medicine, Mahidol University",https://doi.org/10.1038/s41467-025-59946-1
4358,Pfplasmepsin 2-3 amplifications,Viet Nam,VN,Khánh Hòa,Khanh Vinh,12.274375,108.917539,2018,P. falciparum,48,"The GenRe-Mekong Project, Mahidol-Oxford Tropical Medicine Research Unit, Faculty of Tropical Medicine, Mahidol University",https://doi.org/10.7554/eLife.62997
4359,Pfplasmepsin 2-3 amplifications,Viet Nam,VN,Binh Phuoc,Dong Xoai,11.521886,106.860787,2017,P. falciparum,77,"The GenRe-Mekong Project, Mahidol-Oxford Tropical Medicine Research Unit, Faculty of Tropical Medicine, Mahidol University",https://doi.org/10.1038/s41467-025-59946-1
4360,Pfplasmepsin 2-3 amplifications,Thailand,TH,Ubon Ratchathani,Buntharik,14.756667,105.411389,2017,P. falciparum,10,"The GenRe-Mekong Project, Mahidol-Oxford Tropical Medicine Research Unit, Faculty of Tropical Medicine, Mahidol University",https://doi.org/10.7554/eLife.62997
4361,Pfplasmepsin 2-3 amplifications,Lao People's Democratic Republic,LA,Attapeu,Attapeu (city),14.800000,106.833333,2018,P. falciparum,1,"The GenRe-Mekong Project, Mahidol-Oxford Tropical Medicine Research Unit, Faculty of Tropical Medicine, Mahidol University",https://doi.org/10.1038/s41467-025-59946-1
4362,Pfplasmepsin 2-3 amplifications,Viet Nam,VN,Dak Lak,Ea H'leo,13.244510,108.197886,2018,P. falciparum,5,"The GenRe-Mekong Project, Mahidol-Oxford Tropical Medicine Research Unit, Faculty of Tropical Medicine, Mahidol University",https://doi.org/10.1038/s41467-025-59946-1
4363,Pfplasmepsin 2-3 amplifications,Viet Nam,VN,Binh Phuoc,Dong Xoai,11.521886,106.860787,2016,P. falciparum,18,"The GenRe-Mekong Project, Mahidol-Oxford Tropical Medicine Research Unit, Faculty of Tropical Medicine, Mahidol University",https://doi.org/10.1038/s41467-025-59946-1
4364,Pfplasmepsin 2-3 amplifications,Viet Nam,VN,Phu Yen,Dong Xuan,13.425345,109.021389,2021,P. falciparum,8,"The GenRe-Mekong Project, Mahidol-Oxford Tropical Medicine Research Unit, Faculty of Tropical Medicine, Mahidol University",https://doi.org/10.1038/s41467-025-59946-1
4365,Pfplasmepsin 2-3 amplifications,Lao People's Democratic Republic,LA,Attapeu,Xaysetha,14.814444,106.934444,2021,P. falciparum,9,"The GenRe-Mekong Project, Mahidol-Oxford Tropical Medicine Research Unit, Faculty of Tropical Medicine, Mahidol University",https://doi.org/10.1038/s41467-025-59946-1
4366,Pfplasmepsin 2-3 amplifications,Cambodia,KH,Mondulkiri,Kaev Seima,12.362800,106.818700,2022,P. falciparum,7,"The GenRe-Mekong Project, Mahidol-Oxford Tropical Medicine Research Unit, Faculty of Tropical Medicine, Mahidol University",https://doi.org/10.1038/s41467-025-59946-1
4367,Pfplasmepsin 2-3 amplifications,Cambodia,KH,Pursat,Veal Veng,12.546349,103.918749,2022,P. falciparum,3,"The GenRe-Mekong Project, Mahidol-Oxford Tropical Medicine Research Unit, Faculty of Tropical Medicine, Mahidol University",https://doi.org/10.1038/s41467-025-59946-1
4368,Pfplasmepsin 2-3 amplifications,Myanmar,MM,Rakhine,Kyaukphyu,19.422155,93.526439,2017,P. falciparum,31,"The GenRe-Mekong Project, Mahidol-Oxford Tropical Medicine Research Unit, Faculty of Tropical Medicine, Mahidol University",https://doi.org/10.1038/s41467-025-59946-1
4369,Pfplasmepsin 2-3 amplifications,Viet Nam,VN,Binh Thuan,Ham Thuan Bac,11.156316,108.032444,2020,P. falciparum,2,"The GenRe-Mekong Project, Mahidol-Oxford Tropical Medicine Research Unit, Faculty of Tropical Medicine, Mahidol University",https://doi.org/10.1038/s41467-025-59946-1
4370,Pfplasmepsin 2-3 amplifications,Viet Nam,VN,Dak Lak,Ea H'leo,13.244510,108.197886,2019,P. falciparum,10,"The GenRe-Mekong Project, Mahidol-Oxford Tropical Medicine Research Unit, Faculty of Tropical Medicine, Mahidol University",https://doi.org/10.1038/s41467-025-59946-1
4371,Pfplasmepsin 2-3 amplifications,Viet Nam,VN,Binh Phuoc,Bu Gia Map,12.039224,107.053943,2020,P. falciparum,7,"The GenRe-Mekong Project, Mahidol-Oxford Tropical Medicine Research Unit, Faculty of Tropical Medicine, Mahidol University",https://doi.org/10.1038/s41467-025-59946-1
4372,Pfplasmepsin 2-3 amplifications,Lao People's Democratic Republic,LA,Savannakhet,Thaphalanxay,16.700000,105.600000,2017,P. falciparum,2,"The GenRe-Mekong Project, Mahidol-Oxford Tropical Medicine Research Unit, Faculty of Tropical Medicine, Mahidol University",https://doi.org/10.7554/eLife.62997
4373,Pfplasmepsin 2-3 amplifications,Viet Nam,VN,Phu Yen,Son Hoa,13.148170,108.964386,2021,P. falciparum,9,"The GenRe-Mekong Project, Mahidol-Oxford Tropical Medicine Research Unit, Faculty of Tropical Medicine, Mahidol University",https://doi.org/10.1038/s41467-025-59946-1
4374,Pfplasmepsin 2-3 amplifications,Viet Nam,VN,Gia Lai,Duc Co,13.772881,107.654378,2018,P. falciparum,47,"The GenRe-Mekong Project, Mahidol-Oxford Tropical Medicine Research Unit, Faculty of Tropical Medicine, Mahidol University",https://doi.org/10.7554/eLife.62997
4375,Pfplasmepsin 2-3 amplifications,Viet Nam,VN,Dak Lak,M'Drak,12.730783,108.818843,2019,P. falciparum,4,"The GenRe-Mekong Project, Mahidol-Oxford Tropical Medicine Research Unit, Faculty of Tropical Medicine, Mahidol University",https://doi.org/10.1038/s41467-025-59946-1
4376,Pfplasmepsin 2-3 amplifications,Lao People's Democratic Republic,LA,Savannakhet,Phine,16.532760,105.952041,2019,P. falciparum,7,"The GenRe-Mekong Project, Mahidol-Oxford Tropical Medicine Research Unit, Faculty of Tropical Medicine, Mahidol University",https://doi.org/10.1038/s41467-025-59946-1
4377,Pfplasmepsin 2-3 amplifications,Viet Nam,VN,Dak Lak,Buon Ma Thuot,12.666667,108.050000,2017,P. falciparum,60,"The GenRe-Mekong Project, Mahidol-Oxford Tropical Medicine Research Unit, Faculty of Tropical Medicine, Mahidol University",https://doi.org/10.1038/s41467-025-59946-1
4378,Pfplasmepsin 2-3 amplifications,Viet Nam,VN,Dak Lak,Ea Kar,12.755440,108.538265,2017,P. falciparum,28,"The GenRe-Mekong Project, Mahidol-Oxford Tropical Medicine Research Unit, Faculty of Tropical Medicine, Mahidol University",https://doi.org/10.7554/eLife.62997
4379,Pfplasmepsin 2-3 amplifications,Myanmar,MM,Mandalay,Pyin Oo Lwin,22.039177,96.471658,2017,P. falciparum,12,"The GenRe-Mekong Project, Mahidol-Oxford Tropical Medicine Research Unit, Faculty of Tropical Medicine, Mahidol University",https://doi.org/10.1038/s41467-025-59946-1
4380,Pfplasmepsin 2-3 amplifications,Cambodia,KH,Pursat,Sampov Meas,12.507551,103.937602,2017,P. falciparum,32,"The GenRe-Mekong Project, Mahidol-Oxford Tropical Medicine Research Unit, Faculty of Tropical Medicine, Mahidol University",https://doi.org/10.1038/s41467-025-59946-1
4381,Pfplasmepsin 2-3 amplifications,Lao People's Democratic Republic,LA,Savannakhet,Vilabuly,16.941445,105.975349,2017,P. falciparum,6,"The GenRe-Mekong Project, Mahidol-Oxford Tropical Medicine Research Unit, Faculty of Tropical Medicine, Mahidol University",https://doi.org/10.7554/eLife.62997
4382,Pfplasmepsin 2-3 amplifications,Lao People's Democratic Republic,LA,Champasak,Khong,14.047043,105.832683,2019,P. falciparum,3,"The GenRe-Mekong Project, Mahidol-Oxford Tropical Medicine Research Unit, Faculty of Tropical Medicine, Mahidol University",https://doi.org/10.1038/s41467-025-59946-1
4383,Pfplasmepsin 2-3 amplifications,Lao People's Democratic Republic,LA,Salavan,Ta Oy,16.050000,106.583333,2020,P. falciparum,6,"The GenRe-Mekong Project, Mahidol-Oxford Tropical Medicine Research Unit, Faculty of Tropical Medicine, Mahidol University",https://doi.org/10.1038/s41467-025-59946-1
4384,Pfplasmepsin 2-3 amplifications,Viet Nam,VN,Dak Nong,Cu Jut,12.657282,107.865612,2018,P. falciparum,36,"The GenRe-Mekong Project, Mahidol-Oxford Tropical Medicine Research Unit, Faculty of Tropical Medicine, Mahidol University",https://doi.org/10.7554/eLife.62997
4385,Pfplasmepsin 2-3 amplifications,Viet Nam,VN,Gia Lai,Krong Pa,13.234560,108.517936,2019,P. falciparum,420,"The GenRe-Mekong Project, Mahidol-Oxford Tropical Medicine Research Unit, Faculty of Tropical Medicine, Mahidol University",https://doi.org/10.7554/eLife.62997
4386,Pfplasmepsin 2-3 amplifications,Lao People's Democratic Republic,LA,Attapeu,Sanamxay,14.684482,106.575665,2018,P. falciparum,1,"The GenRe-Mekong Project, Mahidol-Oxford Tropical Medicine Research Unit, Faculty of Tropical Medicine, Mahidol University",https://doi.org/10.7554/eLife.62997
4387,Pfplasmepsin 2-3 amplifications,Viet Nam,VN,Phu Yen,Dong Xuan,13.425345,109.021389,2019,P. falciparum,75,"The GenRe-Mekong Project, Mahidol-Oxford Tropical Medicine Research Unit, Faculty of Tropical Medicine, Mahidol University",https://doi.org/10.1038/s41467-025-59946-1
4388,Pfplasmepsin 2-3 amplifications,Viet Nam,VN,Gia Lai,Duc Co,13.772881,107.654378,2019,P. falciparum,15,"The GenRe-Mekong Project, Mahidol-Oxford Tropical Medicine Research Unit, Faculty of Tropical Medicine, Mahidol University",https://doi.org/10.7554/eLife.62997
4389,Pfplasmepsin 2-3 amplifications,Lao People's Democratic Republic,LA,Salavan,Khongxedone,15.578303,105.799796,2022,P. falciparum,2,"The GenRe-Mekong Project, Mahidol-Oxford Tropical Medicine Research Unit, Faculty of Tropical Medicine, Mahidol University",https://doi.org/10.1038/s41467-025-59946-1
4390,Pfplasmepsin 2-3 amplifications,Viet Nam,VN,Dak Nong,Tuy Duc,12.157612,107.434231,2018,P. falciparum,32,"The GenRe-Mekong Project, Mahidol-Oxford Tropical Medicine Research Unit, Faculty of Tropical Medicine, Mahidol University",https://doi.org/10.7554/eLife.62997
4391,Pfplasmepsin 2-3 amplifications,Viet Nam,VN,Gia Lai,Ia Grai,14.000000,107.750000,2017,P. falciparum,29,"The GenRe-Mekong Project, Mahidol-Oxford Tropical Medicine Research Unit, Faculty of Tropical Medicine, Mahidol University",https://doi.org/10.7554/eLife.62997
4392,Pfplasmepsin 2-3 amplifications,Viet Nam,VN,Quang Tri,Huong Hoa,16.649551,106.676292,2018,P. falciparum,6,"The GenRe-Mekong Project, Mahidol-Oxford Tropical Medicine Research Unit, Faculty of Tropical Medicine, Mahidol University",https://doi.org/10.7554/eLife.62997
4393,Pfplasmepsin 2-3 amplifications,Viet Nam,VN,Dak Lak,Buon Don,12.879161,107.716250,2018,P. falciparum,21,"The GenRe-Mekong Project, Mahidol-Oxford Tropical Medicine Research Unit, Faculty of Tropical Medicine, Mahidol University",https://doi.org/10.7554/eLife.62997
4394,Pfplasmepsin 2-3 amplifications,Viet Nam,VN,Binh Phuoc,Bu Dop,11.985556,106.763611,2018,P. falciparum,12,"The GenRe-Mekong Project, Mahidol-Oxford Tropical Medicine Research Unit, Faculty of Tropical Medicine, Mahidol University",https://doi.org/10.7554/eLife.62997
4395,Pfplasmepsin 2-3 amplifications,Lao People's Democratic Republic,LA,Savannakhet,Sepone,16.761100,106.337500,2019,P. falciparum,5,"The GenRe-Mekong Project, Mahidol-Oxford Tropical Medicine Research Unit, Faculty of Tropical Medicine, Mahidol University",https://doi.org/10.1038/s41467-025-59946-1
4396,Pfplasmepsin 2-3 amplifications,Lao People's Democratic Republic,LA,Attapeu,Sanxay,15.085552,107.215261,2018,P. falciparum,2,"The GenRe-Mekong Project, Mahidol-Oxford Tropical Medicine Research Unit, Faculty of Tropical Medicine, Mahidol University",https://doi.org/10.1038/s41467-025-59946-1
4397,Pfplasmepsin 2-3 amplifications,Lao People's Democratic Republic,LA,Salavan,Samuoi,16.327332,106.892004,2018,P. falciparum,2,"The GenRe-Mekong Project, Mahidol-Oxford Tropical Medicine Research Unit, Faculty of Tropical Medicine, Mahidol University",https://doi.org/10.7554/eLife.62997
4398,Pfplasmepsin 2-3 amplifications,Viet Nam,VN,Dak Lak,Ea H'leo,13.244510,108.197886,2017,P. falciparum,27,"The GenRe-Mekong Project, Mahidol-Oxford Tropical Medicine Research Unit, Faculty of Tropical Medicine, Mahidol University",https://doi.org/10.1038/s41467-025-59946-1
4399,Pfplasmepsin 2-3 amplifications,Viet Nam,VN,Binh Phuoc,Bu Dang,11.769337,107.148452,2018,P. falciparum,10,"The GenRe-Mekong Project, Mahidol-Oxford Tropical Medicine Research Unit, Faculty of Tropical Medicine, Mahidol University",https://doi.org/10.7554/eLife.62997
4400,Pfplasmepsin 2-3 amplifications,Viet Nam,VN,Dak Lak,Ea Sup,13.186223,107.763621,2018,P. falciparum,14,"The GenRe-Mekong Project, Mahidol-Oxford Tropical Medicine Research Unit, Faculty of Tropical Medicine, Mahidol University",https://doi.org/10.7554/eLife.62997
4401,Pfplasmepsin 2-3 amplifications,Viet Nam,VN,Gia Lai,Kong Chro,13.703722,108.570064,2020,P. falciparum,7,"The GenRe-Mekong Project, Mahidol-Oxford Tropical Medicine Research Unit, Faculty of Tropical Medicine, Mahidol University",https://doi.org/10.1038/s41467-025-59946-1
4402,Pfplasmepsin 2-3 amplifications,Lao People's Democratic Republic,LA,Savannakhet,Nong,16.404470,106.627808,2020,P. falciparum,16,"The GenRe-Mekong Project, Mahidol-Oxford Tropical Medicine Research Unit, Faculty of Tropical Medicine, Mahidol University",https://doi.org/10.1038/s41467-025-59946-1
4403,Pfplasmepsin 2-3 amplifications,Lao People's Democratic Republic,LA,Champasak,Pathouphone,14.841895,105.947956,2018,P. falciparum,2,"The GenRe-Mekong Project, Mahidol-Oxford Tropical Medicine Research Unit, Faculty of Tropical Medicine, Mahidol University",https://doi.org/10.1038/s41467-025-59946-1
4404,Pfplasmepsin 2-3 amplifications,Myanmar,MM,Bago,Pyay,18.914700,95.172343,2017,P. falciparum,3,"The GenRe-Mekong Project, Mahidol-Oxford Tropical Medicine Research Unit, Faculty of Tropical Medicine, Mahidol University",https://doi.org/10.7554/eLife.62997
4405,Pfplasmepsin 2-3 amplifications,Lao People's Democratic Republic,LA,Savannakhet,Khanthabouly,16.582488,104.867344,2021,P. falciparum,9,"The GenRe-Mekong Project, Mahidol-Oxford Tropical Medicine Research Unit, Faculty of Tropical Medicine, Mahidol University",https://doi.org/10.1038/s41467-025-59946-1
4406,Pfplasmepsin 2-3 amplifications,Viet Nam,VN,Binh Phuoc,Bu Gia Map,12.039224,107.053943,2018,P. falciparum,221,"The GenRe-Mekong Project, Mahidol-Oxford Tropical Medicine Research Unit, Faculty of Tropical Medicine, Mahidol University",https://doi.org/10.7554/eLife.62997
4407,Pfplasmepsin 2-3 amplifications,Cambodia,KH,Pailin Province,Pailin,12.741784,102.633104,2017,P. falciparum,22,"The GenRe-Mekong Project, Mahidol-Oxford Tropical Medicine Research Unit, Faculty of Tropical Medicine, Mahidol University",https://doi.org/10.7554/eLife.62997
4408,Pfplasmepsin 2-3 amplifications,Lao People's Democratic Republic,LA,Attapeu,Xaysetha,14.814444,106.934444,2020,P. falciparum,14,"The GenRe-Mekong Project, Mahidol-Oxford Tropical Medicine Research Unit, Faculty of Tropical Medicine, Mahidol University",https://doi.org/10.1038/s41467-025-59946-1
4409,Pfplasmepsin 2-3 amplifications,Cambodia,KH,Mondulkiri,Kaev Seima,12.362800,106.818700,2021,P. falciparum,4,"The GenRe-Mekong Project, Mahidol-Oxford Tropical Medicine Research Unit, Faculty of Tropical Medicine, Mahidol University",https://doi.org/10.1038/s41467-025-59946-1
4410,Pfplasmepsin 2-3 amplifications,Viet Nam,VN,Gia Lai,Kong Chro,13.703722,108.570064,2017,P. falciparum,8,"The GenRe-Mekong Project, Mahidol-Oxford Tropical Medicine Research Unit, Faculty of Tropical Medicine, Mahidol University",https://doi.org/10.7554/eLife.62997
4411,Pfplasmepsin 2-3 amplifications,Lao People's Democratic Republic,LA,Savannakhet,Thapangthong,15.993015,105.792847,2020,P. falciparum,5,"The GenRe-Mekong Project, Mahidol-Oxford Tropical Medicine Research Unit, Faculty of Tropical Medicine, Mahidol University",https://doi.org/10.1038/s41467-025-59946-1
4412,Pfplasmepsin 2-3 amplifications,Thailand,TH,Sisaket,Kantharalak,14.640000,104.650000,2018,P. falciparum,24,"The GenRe-Mekong Project, Mahidol-Oxford Tropical Medicine Research Unit, Faculty of Tropical Medicine, Mahidol University",https://doi.org/10.7554/eLife.62997
4413,Pfplasmepsin 2-3 amplifications,Lao People's Democratic Republic,LA,Savannakhet,Thapangthong,15.993015,105.792847,2018,P. falciparum,6,"The GenRe-Mekong Project, Mahidol-Oxford Tropical Medicine Research Unit, Faculty of Tropical Medicine, Mahidol University",https://doi.org/10.1038/s41467-025-59946-1
4414,Pfplasmepsin 2-3 amplifications,Lao People's Democratic Republic,LA,Sekong Province,Tha Teng,15.428758,106.378984,2017,P. falciparum,2,"The GenRe-Mekong Project, Mahidol-Oxford Tropical Medicine Research Unit, Faculty of Tropical Medicine, Mahidol University",https://doi.org/10.7554/eLife.62997
4415,Pfplasmepsin 2-3 amplifications,Viet Nam,VN,Ninh Thuan,Ninh Son,11.688870,108.736337,2017,P. falciparum,5,"The GenRe-Mekong Project, Mahidol-Oxford Tropical Medicine Research Unit, Faculty of Tropical Medicine, Mahidol University",https://doi.org/10.7554/eLife.62997
4416,Pfplasmepsin 2-3 amplifications,Viet Nam,VN,Quang Tri,Dong Ha,16.796418,107.083517,2017,P. falciparum,26,"The GenRe-Mekong Project, Mahidol-Oxford Tropical Medicine Research Unit, Faculty of Tropical Medicine, Mahidol University",https://doi.org/10.7554/eLife.62997
4417,Pfplasmepsin 2-3 amplifications,Thailand,TH,Sisaket,Phu Sing,14.546667,104.131667,2018,P. falciparum,7,"The GenRe-Mekong Project, Mahidol-Oxford Tropical Medicine Research Unit, Faculty of Tropical Medicine, Mahidol University",https://doi.org/10.7554/eLife.62997
4418,Pfplasmepsin 2-3 amplifications,Lao People's Democratic Republic,LA,Sekong Province,Lam Mam,15.309393,106.717319,2018,P. falciparum,3,"The GenRe-Mekong Project, Mahidol-Oxford Tropical Medicine Research Unit, Faculty of Tropical Medicine, Mahidol University",https://doi.org/10.1038/s41467-025-59946-1
4419,Pfplasmepsin 2-3 amplifications,Viet Nam,VN,Gia Lai,Krong Pa,13.234560,108.517936,2021,P. falciparum,63,"The GenRe-Mekong Project, Mahidol-Oxford Tropical Medicine Research Unit, Faculty of Tropical Medicine, Mahidol University",https://doi.org/10.1038/s41467-025-59946-1
4420,Pfplasmepsin 2-3 amplifications,Viet Nam,VN,Gia Lai,Ia Grai,14.000000,107.750000,2019,P. falciparum,10,"The GenRe-Mekong Project, Mahidol-Oxford Tropical Medicine Research Unit, Faculty of Tropical Medicine, Mahidol University",https://doi.org/10.1038/s41467-025-59946-1
4421,Pfplasmepsin 2-3 amplifications,Viet Nam,VN,Gia Lai,Krong Pa,13.234560,108.517936,2017,P. falciparum,40,"The GenRe-Mekong Project, Mahidol-Oxford Tropical Medicine Research Unit, Faculty of Tropical Medicine, Mahidol University",https://doi.org/10.7554/eLife.62997
4422,Pfplasmepsin 2-3 amplifications,Viet Nam,VN,Dak Lak,Ea Sup,13.186223,107.763621,2017,P. falciparum,27,"The GenRe-Mekong Project, Mahidol-Oxford Tropical Medicine Research Unit, Faculty of Tropical Medicine, Mahidol University",https://doi.org/10.7554/eLife.62997
4423,Pfplasmepsin 2-3 amplifications,Lao People's Democratic Republic,LA,Attapeu,Xaysetha,14.814444,106.934444,2018,P. falciparum,7,"The GenRe-Mekong Project, Mahidol-Oxford Tropical Medicine Research Unit, Faculty of Tropical Medicine, Mahidol University",https://doi.org/10.7554/eLife.62997
4424,Pfplasmepsin 2-3 amplifications,Lao People's Democratic Republic,LA,Savannakhet,Khanthabouly,16.582488,104.867344,2020,P. falciparum,11,"The GenRe-Mekong Project, Mahidol-Oxford Tropical Medicine Research Unit, Faculty of Tropical Medicine, Mahidol University",https://doi.org/10.1038/s41467-025-59946-1
4425,Pfplasmepsin 2-3 amplifications,Cambodia,KH,Pursat,Sampov Meas,12.507551,103.937602,2018,P. falciparum,5,"The GenRe-Mekong Project, Mahidol-Oxford Tropical Medicine Research Unit, Faculty of Tropical Medicine, Mahidol University",https://doi.org/10.1038/s41467-025-59946-1
4426,Pfplasmepsin 2-3 amplifications,Viet Nam,VN,Phu Yen,Dong Xuan,13.425345,109.021389,2022,P. falciparum,4,"The GenRe-Mekong Project, Mahidol-Oxford Tropical Medicine Research Unit, Faculty of Tropical Medicine, Mahidol University",https://doi.org/10.1038/s41467-025-59946-1
4427,Pfplasmepsin 2-3 amplifications,Viet Nam,VN,Phu Yen,Song Hinh,12.917000,108.917000,2020,P. falciparum,29,"The GenRe-Mekong Project, Mahidol-Oxford Tropical Medicine Research Unit, Faculty of Tropical Medicine, Mahidol University",https://doi.org/10.1038/s41467-025-59946-1
4428,Pfplasmepsin 2-3 amplifications,Lao People's Democratic Republic,LA,Champasak,Paksong,15.178814,106.239360,2019,P. falciparum,2,"The GenRe-Mekong Project, Mahidol-Oxford Tropical Medicine Research Unit, Faculty of Tropical Medicine, Mahidol University",https://doi.org/10.1038/s41467-025-59946-1
4429,Pfplasmepsin 2-3 amplifications,Viet Nam,VN,Gia Lai,Ia Pa,13.534257,108.565985,2017,P. falciparum,35,"The GenRe-Mekong Project, Mahidol-Oxford Tropical Medicine Research Unit, Faculty of Tropical Medicine, Mahidol University",https://doi.org/10.7554/eLife.62997
4430,Pfplasmepsin 2-3 amplifications,Viet Nam,VN,Khánh Hòa,Nha Trang,12.238791,109.196749,2017,P. falciparum,3,"The GenRe-Mekong Project, Mahidol-Oxford Tropical Medicine Research Unit, Faculty of Tropical Medicine, Mahidol University",https://doi.org/10.1038/s41467-025-59946-1
4431,Pfplasmepsin 2-3 amplifications,Lao People's Democratic Republic,LA,Champasak,Pakse,15.113837,105.816022,2021,P. falciparum,4,"The GenRe-Mekong Project, Mahidol-Oxford Tropical Medicine Research Unit, Faculty of Tropical Medicine, Mahidol University",https://doi.org/10.1038/s41467-025-59946-1
4432,Pfplasmepsin 2-3 amplifications,Lao People's Democratic Republic,LA,Champasak,Pakse,15.113837,105.816022,2017,P. falciparum,4,"The GenRe-Mekong Project, Mahidol-Oxford Tropical Medicine Research Unit, Faculty of Tropical Medicine, Mahidol University",https://doi.org/10.7554/eLife.62997
4433,Pfplasmepsin 2-3 amplifications,Lao People's Democratic Republic,LA,Attapeu,Xaysetha,14.814444,106.934444,2019,P. falciparum,11,"The GenRe-Mekong Project, Mahidol-Oxford Tropical Medicine Research Unit, Faculty of Tropical Medicine, Mahidol University",https://doi.org/10.1038/s41467-025-59946-1
4434,Pfplasmepsin 2-3 amplifications,Viet Nam,VN,Binh Phuoc,Bu Gia Map,12.039224,107.053943,2016,P. falciparum,29,"The GenRe-Mekong Project, Mahidol-Oxford Tropical Medicine Research Unit, Faculty of Tropical Medicine, Mahidol University",https://doi.org/10.7554/eLife.62997
4435,Pfplasmepsin 2-3 amplifications,Viet Nam,VN,Khánh Hòa,Khanh Vinh,12.274375,108.917539,2019,P. falciparum,7,"The GenRe-Mekong Project, Mahidol-Oxford Tropical Medicine Research Unit, Faculty of Tropical Medicine, Mahidol University",https://doi.org/10.7554/eLife.62997
4436,Pfplasmepsin 2-3 amplifications,Viet Nam,VN,Binh Phuoc,Bu Gia Map,12.039224,107.053943,2017,P. falciparum,125,"The GenRe-Mekong Project, Mahidol-Oxford Tropical Medicine Research Unit, Faculty of Tropical Medicine, Mahidol University",https://doi.org/10.7554/eLife.62997
4437,Pfplasmepsin 2-3 amplifications,Lao People's Democratic Republic,LA,Attapeu,Attapeu (city),14.800000,106.833333,2020,P. falciparum,5,"The GenRe-Mekong Project, Mahidol-Oxford Tropical Medicine Research Unit, Faculty of Tropical Medicine, Mahidol University",https://doi.org/10.1038/s41467-025-59946-1
4438,Pfplasmepsin 2-3 amplifications,Lao People's Democratic Republic,LA,Sekong Province,Lam Mam,15.309393,106.717319,2021,P. falciparum,1,"The GenRe-Mekong Project, Mahidol-Oxford Tropical Medicine Research Unit, Faculty of Tropical Medicine, Mahidol University",https://doi.org/10.1038/s41467-025-59946-1
4439,Pfplasmepsin 2-3 amplifications,Viet Nam,VN,Gia Lai,Krong Pa,13.234560,108.517936,2022,P. falciparum,143,"The GenRe-Mekong Project, Mahidol-Oxford Tropical Medicine Research Unit, Faculty of Tropical Medicine, Mahidol University",https://doi.org/10.1038/s41467-025-59946-1
4440,Pfplasmepsin 2-3 amplifications,Viet Nam,VN,Gia Lai,Ia Pa,13.534257,108.565985,2019,P. falciparum,55,"The GenRe-Mekong Project, Mahidol-Oxford Tropical Medicine Research Unit, Faculty of Tropical Medicine, Mahidol University",https://doi.org/10.7554/eLife.62997
4441,Pfplasmepsin 2-3 amplifications,Viet Nam,VN,Gia Lai,Krong Pa,13.234560,108.517936,2020,P. falciparum,131,"The GenRe-Mekong Project, Mahidol-Oxford Tropical Medicine Research Unit, Faculty of Tropical Medicine, Mahidol University",https://doi.org/10.1038/s41467-025-59946-1
4442,Pfplasmepsin 2-3 amplifications,Viet Nam,VN,Binh Phuoc,Bu Gia Map,12.039224,107.053943,2019,P. falciparum,24,"The GenRe-Mekong Project, Mahidol-Oxford Tropical Medicine Research Unit, Faculty of Tropical Medicine, Mahidol University",https://doi.org/10.7554/eLife.62997
4443,Pfplasmepsin 2-3 amplifications,Viet Nam,VN,Dak Lak,Krông Năng,13.000000,108.417000,2020,P. falciparum,21,"The GenRe-Mekong Project, Mahidol-Oxford Tropical Medicine Research Unit, Faculty of Tropical Medicine, Mahidol University",https://doi.org/10.1038/s41467-025-59946-1
4444,Pfplasmepsin 2-3 amplifications,Lao People's Democratic Republic,LA,Champasak,Pathouphone,14.841895,105.947956,2019,P. falciparum,8,"The GenRe-Mekong Project, Mahidol-Oxford Tropical Medicine Research Unit, Faculty of Tropical Medicine, Mahidol University",https://doi.org/10.1038/s41467-025-59946-1
4445,Pfplasmepsin 2-3 amplifications,Viet Nam,VN,Dak Lak,Ea Kar,12.755440,108.538265,2020,P. falciparum,25,"The GenRe-Mekong Project, Mahidol-Oxford Tropical Medicine Research Unit, Faculty of Tropical Medicine, Mahidol University",https://doi.org/10.1038/s41467-025-59946-1
4446,Pfplasmepsin 2-3 amplifications,Thailand,TH,Ubon Ratchathani,Nam Yuen,14.489167,105.000833,2018,P. falciparum,4,"The GenRe-Mekong Project, Mahidol-Oxford Tropical Medicine Research Unit, Faculty of Tropical Medicine, Mahidol University",https://doi.org/10.1038/s41467-025-59946-1
4447,Pfplasmepsin 2-3 amplifications,Viet Nam,VN,Dak Lak,Buon Ma Thuot,12.666667,108.050000,2018,P. falciparum,46,"The GenRe-Mekong Project, Mahidol-Oxford Tropical Medicine Research Unit, Faculty of Tropical Medicine, Mahidol University",https://doi.org/10.1038/s41467-025-59946-1
4448,Pfplasmepsin 2-3 amplifications,Viet Nam,VN,Quang Binh,Dong Hoi,13.366249,108.983075,2022,P. falciparum,1,"The GenRe-Mekong Project, Mahidol-Oxford Tropical Medicine Research Unit, Faculty of Tropical Medicine, Mahidol University",https://doi.org/10.1038/s41467-025-59946-1
4449,Pfplasmepsin 2-3 amplifications,Lao People's Democratic Republic,LA,Attapeu,Sanxay,15.085552,107.215261,2020,P. falciparum,17,"The GenRe-Mekong Project, Mahidol-Oxford Tropical Medicine Research Unit, Faculty of Tropical Medicine, Mahidol University",https://doi.org/10.1038/s41467-025-59946-1
4450,Pfplasmepsin 2-3 amplifications,Viet Nam,VN,Gia Lai,Pleiku,13.967062,108.012876,2019,P. falciparum,21,"The GenRe-Mekong Project, Mahidol-Oxford Tropical Medicine Research Unit, Faculty of Tropical Medicine, Mahidol University",https://doi.org/10.1038/s41467-025-59946-1
4451,Pfplasmepsin 2-3 amplifications,Lao People's Democratic Republic,LA,Champasak,Paksong,15.178814,106.239360,2021,P. falciparum,6,"The GenRe-Mekong Project, Mahidol-Oxford Tropical Medicine Research Unit, Faculty of Tropical Medicine, Mahidol University",https://doi.org/10.1038/s41467-025-59946-1
4452,Pfplasmepsin 2-3 amplifications,Viet Nam,VN,Gia Lai,Duc Co,13.772881,107.654378,2017,P. falciparum,75,"The GenRe-Mekong Project, Mahidol-Oxford Tropical Medicine Research Unit, Faculty of Tropical Medicine, Mahidol University",https://doi.org/10.7554/eLife.62997
4453,Pfplasmepsin 2-3 amplifications,Cambodia,KH,Ratanakiri,Ban Lung,13.678894,106.949756,2017,P. falciparum,46,"The GenRe-Mekong Project, Mahidol-Oxford Tropical Medicine Research Unit, Faculty of Tropical Medicine, Mahidol University",https://doi.org/10.7554/eLife.62997
4454,Pfplasmepsin 2-3 amplifications,Viet Nam,VN,Phu Yen,Son Hoa,13.148170,108.964386,2019,P. falciparum,38,"The GenRe-Mekong Project, Mahidol-Oxford Tropical Medicine Research Unit, Faculty of Tropical Medicine, Mahidol University",https://doi.org/10.1038/s41467-025-59946-1
4455,Pfplasmepsin 2-3 amplifications,Viet Nam,VN,Phu Yen,Son Hoa,13.148170,108.964386,2020,P. falciparum,11,"The GenRe-Mekong Project, Mahidol-Oxford Tropical Medicine Research Unit, Faculty of Tropical Medicine, Mahidol University",https://doi.org/10.1038/s41467-025-59946-1
4456,Pfplasmepsin 2-3 amplifications,Viet Nam,VN,Dak Nong,Cu Jut,12.657282,107.865612,2019,P. falciparum,31,"The GenRe-Mekong Project, Mahidol-Oxford Tropical Medicine Research Unit, Faculty of Tropical Medicine, Mahidol University",https://doi.org/10.7554/eLife.62997
4457,Pfplasmepsin 2-3 amplifications,Viet Nam,VN,Gia Lai,Kong Chro,13.703722,108.570064,2021,P. falciparum,9,"The GenRe-Mekong Project, Mahidol-Oxford Tropical Medicine Research Unit, Faculty of Tropical Medicine, Mahidol University",https://doi.org/10.1038/s41467-025-59946-1
4458,Pfplasmepsin 2-3 amplifications,Viet Nam,VN,Quang Tri,Dong Ha,16.796418,107.083517,2019,P. falciparum,9,"The GenRe-Mekong Project, Mahidol-Oxford Tropical Medicine Research Unit, Faculty of Tropical Medicine, Mahidol University",https://doi.org/10.1038/s41467-025-59946-1
4459,Pfplasmepsin 2-3 amplifications,Viet Nam,VN,Dak Lak,Krông Năng,13.000000,108.417000,2017,P. falciparum,2,"The GenRe-Mekong Project, Mahidol-Oxford Tropical Medicine Research Unit, Faculty of Tropical Medicine, Mahidol University",https://doi.org/10.7554/eLife.62997
4460,Pfplasmepsin 2-3 amplifications,Viet Nam,VN,Dak Lak,Ea Kar,12.755440,108.538265,2022,P. falciparum,1,"The GenRe-Mekong Project, Mahidol-Oxford Tropical Medicine Research Unit, Faculty of Tropical Medicine, Mahidol University",https://doi.org/10.1038/s41467-025-59946-1
4461,Pfplasmepsin 2-3 amplifications,Cambodia,KH,Kampong Speu,Phnom Sruoch,11.400000,104.400000,2021,P. falciparum,25,"The GenRe-Mekong Project, Mahidol-Oxford Tropical Medicine Research Unit, Faculty of Tropical Medicine, Mahidol University",https://doi.org/10.1038/s41467-025-59946-1
4462,Pfplasmepsin 2-3 amplifications,Viet Nam,VN,Gia Lai,Pleiku,13.967062,108.012876,2018,P. falciparum,28,"The GenRe-Mekong Project, Mahidol-Oxford Tropical Medicine Research Unit, Faculty of Tropical Medicine, Mahidol University",https://doi.org/10.1038/s41467-025-59946-1
4463,Pfplasmepsin 2-3 amplifications,Lao People's Democratic Republic,LA,Savannakhet,Thaphalanxay,16.700000,105.600000,2020,P. falciparum,1,"The GenRe-Mekong Project, Mahidol-Oxford Tropical Medicine Research Unit, Faculty of Tropical Medicine, Mahidol University",https://doi.org/10.1038/s41467-025-59946-1
4464,Pfplasmepsin 2-3 amplifications,Cambodia,KH,Pursat,Phnom Kravanh,12.333333,103.750000,2021,P. falciparum,18,"The GenRe-Mekong Project, Mahidol-Oxford Tropical Medicine Research Unit, Faculty of Tropical Medicine, Mahidol University",https://doi.org/10.1038/s41467-025-59946-1
4465,Pfplasmepsin 2-3 amplifications,Viet Nam,VN,Dak Lak,Buon Ma Thuot,12.666667,108.050000,2019,P. falciparum,17,"The GenRe-Mekong Project, Mahidol-Oxford Tropical Medicine Research Unit, Faculty of Tropical Medicine, Mahidol University",https://doi.org/10.1038/s41467-025-59946-1
4466,Pfplasmepsin 2-3 amplifications,Viet Nam,VN,Ninh Thuan,Bac Ai,11.833415,108.855148,2018,P. falciparum,10,"The GenRe-Mekong Project, Mahidol-Oxford Tropical Medicine Research Unit, Faculty of Tropical Medicine, Mahidol University",https://doi.org/10.7554/eLife.62997
4467,Pfplasmepsin 2-3 amplifications,Lao People's Democratic Republic,LA,Sekong Province,Lam Mam,15.309393,106.717319,2020,P. falciparum,3,"The GenRe-Mekong Project, Mahidol-Oxford Tropical Medicine Research Unit, Faculty of Tropical Medicine, Mahidol University",https://doi.org/10.1038/s41467-025-59946-1
4468,Pfplasmepsin 2-3 amplifications,Viet Nam,VN,Khánh Hòa,Cam Lam,12.001667,109.223333,2017,P. falciparum,4,"The GenRe-Mekong Project, Mahidol-Oxford Tropical Medicine Research Unit, Faculty of Tropical Medicine, Mahidol University",https://doi.org/10.7554/eLife.62997
4469,Pfplasmepsin 2-3 amplifications,Viet Nam,VN,Quang Tri,Dong Ha,16.796418,107.083517,2020,P. falciparum,5,"The GenRe-Mekong Project, Mahidol-Oxford Tropical Medicine Research Unit, Faculty of Tropical Medicine, Mahidol University",https://doi.org/10.1038/s41467-025-59946-1
4470,Pfplasmepsin 2-3 amplifications,Viet Nam,VN,Dak Lak,Krông Năng,13.000000,108.417000,2019,P. falciparum,127,"The GenRe-Mekong Project, Mahidol-Oxford Tropical Medicine Research Unit, Faculty of Tropical Medicine, Mahidol University",https://doi.org/10.1038/s41467-025-59946-1
4471,Pfplasmepsin 2-3 amplifications,Viet Nam,VN,Gia Lai,Ia Pa,13.534257,108.565985,2018,P. falciparum,31,"The GenRe-Mekong Project, Mahidol-Oxford Tropical Medicine Research Unit, Faculty of Tropical Medicine, Mahidol University",https://doi.org/10.7554/eLife.62997
4472,Pfplasmepsin 2-3 amplifications,Viet Nam,VN,Phu Yen,Song Hinh,12.917000,108.917000,2021,P. falciparum,4,"The GenRe-Mekong Project, Mahidol-Oxford Tropical Medicine Research Unit, Faculty of Tropical Medicine, Mahidol University",https://doi.org/10.1038/s41467-025-59946-1
4473,Pfplasmepsin 2-3 amplifications,Lao People's Democratic Republic,LA,Savannakhet,Sepone,16.761100,106.337500,2020,P. falciparum,4,"The GenRe-Mekong Project, Mahidol-Oxford Tropical Medicine Research Unit, Faculty of Tropical Medicine, Mahidol University",https://doi.org/10.1038/s41467-025-59946-1
4474,Pfplasmepsin 2-3 amplifications,Viet Nam,VN,Dak Lak,Ea Sup,13.186223,107.763621,2019,P. falciparum,6,"The GenRe-Mekong Project, Mahidol-Oxford Tropical Medicine Research Unit, Faculty of Tropical Medicine, Mahidol University",https://doi.org/10.1038/s41467-025-59946-1
4475,Pfplasmepsin 2-3 amplifications,Cambodia,KH,Kampong Speu,Phnom Sruoch,11.400000,104.400000,2022,P. falciparum,8,"The GenRe-Mekong Project, Mahidol-Oxford Tropical Medicine Research Unit, Faculty of Tropical Medicine, Mahidol University",https://doi.org/10.1038/s41467-025-59946-1
4476,Pfplasmepsin 2-3 amplifications,Lao People's Democratic Republic,LA,Savannakhet,Nong,16.404470,106.627808,2022,P. falciparum,5,"The GenRe-Mekong Project, Mahidol-Oxford Tropical Medicine Research Unit, Faculty of Tropical Medicine, Mahidol University",https://doi.org/10.1038/s41467-025-59946-1
4477,Pfplasmepsin 2-3 amplifications,Lao People's Democratic Republic,LA,Savannakhet,Nong,16.404470,106.627808,2021,P. falciparum,22,"The GenRe-Mekong Project, Mahidol-Oxford Tropical Medicine Research Unit, Faculty of Tropical Medicine, Mahidol University",https://doi.org/10.1038/s41467-025-59946-1
4478,Pfplasmepsin 2-3 amplifications,Viet Nam,VN,Gia Lai,Kong Chro,13.703722,108.570064,2019,P. falciparum,13,"The GenRe-Mekong Project, Mahidol-Oxford Tropical Medicine Research Unit, Faculty of Tropical Medicine, Mahidol University",https://doi.org/10.7554/eLife.62997
4479,Pfplasmepsin 2-3 amplifications,Viet Nam,VN,Khánh Hòa,Khanh Vinh,12.274375,108.917539,2017,P. falciparum,17,"The GenRe-Mekong Project, Mahidol-Oxford Tropical Medicine Research Unit, Faculty of Tropical Medicine, Mahidol University",https://doi.org/10.7554/eLife.62997
4480,Pfplasmepsin 2-3 amplifications,Lao People's Democratic Republic,LA,Savannakhet,Nong,16.404470,106.627808,2018,P. falciparum,5,"The GenRe-Mekong Project, Mahidol-Oxford Tropical Medicine Research Unit, Faculty of Tropical Medicine, Mahidol University",https://doi.org/10.7554/eLife.62997
4481,Pfplasmepsin 2-3 amplifications,India,IN,Odisha,Sundergarh,22.124002,84.043175,2016,P. falciparum,1,"The GenRe-Mekong Project, Mahidol-Oxford Tropical Medicine Research Unit, Faculty of Tropical Medicine, Mahidol University",https://doi.org/10.1038/s41467-025-59946-1
4482,Pfplasmepsin 2-3 amplifications,Lao People's Democratic Republic,LA,Savannakhet,Nong,16.404470,106.627808,2019,P. falciparum,37,"The GenRe-Mekong Project, Mahidol-Oxford Tropical Medicine Research Unit, Faculty of Tropical Medicine, Mahidol University",https://doi.org/10.1038/s41467-025-59946-1
4483,Pfplasmepsin 2-3 amplifications,Lao People's Democratic Republic,LA,Attapeu,Attapeu (city),14.800000,106.833333,2021,P. falciparum,4,"The GenRe-Mekong Project, Mahidol-Oxford Tropical Medicine Research Unit, Faculty of Tropical Medicine, Mahidol University",https://doi.org/10.1038/s41467-025-59946-1
4484,Pfplasmepsin 2-3 amplifications,Lao People's Democratic Republic,LA,Attapeu,Sanxay,15.085552,107.215261,2022,P. falciparum,37,"The GenRe-Mekong Project, Mahidol-Oxford Tropical Medicine Research Unit, Faculty of Tropical Medicine, Mahidol University",https://doi.org/10.1038/s41467-025-59946-1
104320,Pfkelch13,India,IN,,Multiple sites: not specified,21.000000,78.000000,1993,P. falciparum,133,"National Institute of Malaria Research, Indian Council of Medical Research",https://pubmed.ncbi.nlm.nih.gov/38636585/
104322,Pfkelch13,India,IN,Madhya Pradesh,Mandla,22.597778,80.371389,2019,P. falciparum,235,"Global Health Fellowship Program, Public Health Institute",https://pubmed.ncbi.nlm.nih.gov/38072967/
104325,Pfkelch13,Thailand,TH,Tak,Mae Sot,16.712405,98.574665,1993,P. falciparum,68,"Drug Discovery and Development Center, Office of Advanced Science and Technology, Thammasat University",https://pubmed.ncbi.nlm.nih.gov/38468205/
104328,Pfkelch13,Thailand,TH,Tak,Mae Sot,16.712405,98.574665,2002,P. falciparum,68,"Drug Discovery and Development Center, Office of Advanced Science and Technology, Thammasat University",https://pubmed.ncbi.nlm.nih.gov/38468205/
104334,Pfkelch13,Cameroon,CM,Mfoundi,Yaoundé,3.848032,11.502075,2014,P. falciparum,128,"Laboratory for Public Health Research Biotechnologies, University of Yaoundé",https://pubmed.ncbi.nlm.nih.gov/37028468/
104337,Pfkelch13,Cameroon,CM,Mfoundi,Yaoundé,3.848032,11.502075,2019,P. falciparum,115,"Laboratory for Public Health Research Biotechnologies, University of Yaoundé",https://pubmed.ncbi.nlm.nih.gov/37028468/
104344,Pfkelch13,United Republic of Tanzania,TZ,Mbeya,Ipinda,-9.480560,33.882991,2019,P. falciparum,85,"National Institute for Medical Research, Tanga Research Centre",https://pubmed.ncbi.nlm.nih.gov/38594679/
104345,Pfkelch13,United Republic of Tanzania,TZ,Mtwara,Nagaga,-10.732390,38.810085,2019,P. falciparum,88,"National Institute for Medical Research, Tanga Research Centre",https://pubmed.ncbi.nlm.nih.gov/38594679/
104346,Pfkelch13,United Republic of Tanzania,TZ,Mwanza,Karume,-2.400077,32.971135,2019,P. falciparum,79,"National Institute for Medical Research, Tanga Research Centre",https://pubmed.ncbi.nlm.nih.gov/38594679/
104347,Pfkelch13,United Republic of Tanzania,TZ,Tabora,Simbo,-4.895073,29.746116,2019,P. falciparum,94,"National Institute for Medical Research, Tanga Research Centre",https://pubmed.ncbi.nlm.nih.gov/38594679/
104348,Pfkelch13,South Sudan,SS,,Yambio County,4.565000,28.375000,2019,P. falciparum,86,"Department of Biomedicine and Biotechnology, School of Pharmacy, University of Alcalá",https://pubmed.ncbi.nlm.nih.gov/37748765/
104349,Pfkelch13,South Sudan,SS,,Yambio County,4.565000,28.375000,2019,P. falciparum,55,"Department of Biomedicine and Biotechnology, School of Pharmacy, University of Alcalá",https://pubmed.ncbi.nlm.nih.gov/37748765/
104350,Pfkelch13,South Sudan,SS,,Yambio County,4.565000,28.375000,2019,P. falciparum,50,"Department of Biomedicine and Biotechnology, School of Pharmacy, University of Alcalá",https://pubmed.ncbi.nlm.nih.gov/37748765/
104351,Pfkelch13,South Sudan,SS,,Yambio County,4.565000,28.375000,2019,P. falciparum,57,"Department of Biomedicine and Biotechnology, School of Pharmacy, University of Alcalá",https://pubmed.ncbi.nlm.nih.gov/37748765/
104352,Pfkelch13,South Sudan,SS,,Yambio County,4.565000,28.375000,2019,P. falciparum,26,"Department of Biomedicine and Biotechnology, School of Pharmacy, University of Alcalá",https://pubmed.ncbi.nlm.nih.gov/37748765/
104353,Pfkelch13,South Sudan,SS,,Yambio County,4.565000,28.375000,2019,P. falciparum,50,"Department of Biomedicine and Biotechnology, School of Pharmacy, University of Alcalá",https://pubmed.ncbi.nlm.nih.gov/37748765/
104354,Pfkelch13,South Sudan,SS,,Yambio County,4.565000,28.375000,2019,P. falciparum,51,"Department of Biomedicine and Biotechnology, School of Pharmacy, University of Alcalá",https://pubmed.ncbi.nlm.nih.gov/37748765/
104355,Pfkelch13,South Sudan,SS,,Yambio County,4.565000,28.375000,2019,P. falciparum,43,"Department of Biomedicine and Biotechnology, School of Pharmacy, University of Alcalá",https://pubmed.ncbi.nlm.nih.gov/37748765/
104356,Pfkelch13,Niger,NE,Agadez,Agadez,16.966667,7.983333,2020,P. falciparum,75,Centre de Recherche Médicale et Sanitaire,https://pubmed.ncbi.nlm.nih.gov/38741101/
104357,Pfkelch13,Niger,NE,Maradi,Tessaoua,13.755862,7.986535,2020,P. falciparum,88,Centre de Recherche Médicale et Sanitaire,https://pubmed.ncbi.nlm.nih.gov/38741101/
104358,Pfkelch13,Niger,NE,Dosso,Gaya,11.885260,3.454883,2020,P. falciparum,85,Centre de Recherche Médicale et Sanitaire,https://pubmed.ncbi.nlm.nih.gov/38741101/
104359,Pfkelch13,Afghanistan,AF,,Laghman Province,34.660000,70.200000,2016,P. falciparum,,Afghanistan National Public Health Institute,https://pubmed.ncbi.nlm.nih.gov/37705047/
104360,Pfkelch13,Pakistan,PK,Khyber Pakhtunkhwa,Khyber District,34.021103,71.287421,2017,P. falciparum,95,"Ministry of Health, Pakistan",https://pubmed.ncbi.nlm.nih.gov/37705047/
104361,Pfkelch13,Pakistan,PK,Balochistan,Zhob,31.341261,69.448659,2017,P. falciparum,98,"Ministry of Health, Pakistan",https://pubmed.ncbi.nlm.nih.gov/37705047/
104362,Pfkelch13,Afghanistan,AF,,Laghman Province,34.660000,70.200000,2019,P. falciparum,57,Afghanistan National Public Health Institute,https://pubmed.ncbi.nlm.nih.gov/37705047/
104363,Pfkelch13,Afghanistan,AF,,Nangarhar Province,34.250000,70.500000,2019,P. falciparum,54,Afghanistan National Public Health Institute,https://pubmed.ncbi.nlm.nih.gov/37705047/
104364,Pfkelch13,Pakistan,PK,Khyber Pakhtunkhwa,Khyber District,34.021103,71.287421,2017,P. falciparum,,"Ministry of Health, Pakistan",https://pubmed.ncbi.nlm.nih.gov/37705047/
104365,Pfkelch13,Pakistan,PK,Balochistan,Zhob,31.341261,69.448659,2017,P. falciparum,,"Ministry of Health, Pakistan",https://pubmed.ncbi.nlm.nih.gov/37705047/
104366,Pfkelch13,Pakistan,PK,Khyber Pakhtunkhwa,Khyber District,34.021103,71.287421,2019,P. falciparum,88,"Ministry of Health, Pakistan",https://pubmed.ncbi.nlm.nih.gov/37705047/
104367,Pfkelch13,Pakistan,PK,Balochistan,Zhob,31.341261,69.448659,2019,P. falciparum,87,"Ministry of Health, Pakistan",https://pubmed.ncbi.nlm.nih.gov/37705047/
104368,Pfkelch13,Sudan,SD,Al Qadarif,Al Qadarif,14.040000,35.383333,2016,P. falciparum,,"Directorate of Research, Federal Ministry of Health, Sudan",https://pubmed.ncbi.nlm.nih.gov/37705047/
104369,Pfkelch13,Sudan,SD,,South Darfur,11.516667,25.033333,2016,P. falciparum,,"Directorate of Research, Federal Ministry of Health, Sudan",https://pubmed.ncbi.nlm.nih.gov/37705047/
104370,Pfkelch13,Sudan,SD,,West Darfur,12.883333,22.966667,2016,P. falciparum,,"Directorate of Research, Federal Ministry of Health, Sudan",https://pubmed.ncbi.nlm.nih.gov/37705047/
104371,Pfkelch13,Sudan,SD,,Blue Nile,11.266667,34.066667,2017,P. falciparum,,"Directorate of Research, Federal Ministry of Health, Sudan",https://pubmed.ncbi.nlm.nih.gov/37705047/
104372,Pfkelch13,Sudan,SD,Kassala State,Kassala,15.455814,36.378670,2017,P. falciparum,,"Directorate of Research, Federal Ministry of Health, Sudan",https://pubmed.ncbi.nlm.nih.gov/37705047/
104373,Pfkelch13,Sudan,SD,Sennar,Sennar,13.567469,33.567205,2017,P. falciparum,,"Directorate of Research, Federal Ministry of Health, Sudan",https://pubmed.ncbi.nlm.nih.gov/37705047/
104374,Pfkelch13,Sudan,SD,Sennar,Sennar,13.567469,33.567205,2019,P. falciparum,91,"Directorate of Research, Federal Ministry of Health, Sudan",https://pubmed.ncbi.nlm.nih.gov/37705047/
104375,Pfkelch13,Yemen,YE,Al Hudaydah,Bajil,15.100000,43.466667,2019,P. falciparum,99,,https://pubmed.ncbi.nlm.nih.gov/37705047/
104376,Pfkelch13,Sudan,SD,,Blue Nile,11.266667,34.066667,2019,P. falciparum,99,"Directorate of Research, Federal Ministry of Health, Sudan",https://pubmed.ncbi.nlm.nih.gov/37705047/
104377,Pfkelch13,Sudan,SD,Al Qadarif,Al Qadarif,14.040000,35.383333,2019,P. falciparum,95,"Directorate of Research, Federal Ministry of Health, Sudan",https://pubmed.ncbi.nlm.nih.gov/37705047/
104378,Pfkelch13,Sudan,SD,,South Darfur,11.516667,25.033333,2019,P. falciparum,90,"Directorate of Research, Federal Ministry of Health, Sudan",https://pubmed.ncbi.nlm.nih.gov/37705047/
104379,Pfkelch13,Rwanda,RW,Southern Province,Huye,-2.532133,29.574627,2010,P. falciparum,75,University Teaching Hospital of Butare,https://pmc.ncbi.nlm.nih.gov/articles/PMC7774571/
104380,Pfkelch13,Rwanda,RW,Southern Province,Huye,-2.532133,29.574627,2014,P. falciparum,81,University Teaching Hospital of Butare,https://pmc.ncbi.nlm.nih.gov/articles/PMC7774571/
104381,Pfkelch13,Rwanda,RW,Southern Province,Huye,-2.532133,29.574627,2015,P. falciparum,66,University Teaching Hospital of Butare,https://pmc.ncbi.nlm.nih.gov/articles/PMC7774571/
104382,Pfkelch13,Rwanda,RW,Southern Province,Huye,-2.532133,29.574627,2019,P. falciparum,66,University Teaching Hospital of Butare,https://pmc.ncbi.nlm.nih.gov/articles/PMC7774571/
104383,Pfkelch13,Rwanda,RW,Southern Province,Huye,-2.532133,29.574627,2023,P. falciparum,212,University Teaching Hospital of Butare,https://pubmed.ncbi.nlm.nih.gov/38092677/
104384,Pfkelch13,Togo,TG,Plateaux,Anié,7.761111,1.191667,2021,P. falciparum,165,"Faculté des Sciences de la Santé, Université de Lomé",https://pubmed.ncbi.nlm.nih.gov/38570791/
104385,Pfkelch13,Togo,TG,Maritime,Kouvé,6.656442,1.419312,2021,P. falciparum,192,"Faculté des Sciences de la Santé, Université de Lomé",https://pubmed.ncbi.nlm.nih.gov/38570791/
104386,Pfkelch13,United Republic of Tanzania,TZ,Kagera,Karagwe,-1.502000,30.990000,2022,P. falciparum,87,National Insititute for Medical Research,https://pubmed.ncbi.nlm.nih.gov/38352311/
104387,Pfkelch13,United Republic of Tanzania,TZ,Kagera,Karagwe,-1.502000,30.990000,2022,P. falciparum,86,National Insititute for Medical Research,https://pubmed.ncbi.nlm.nih.gov/38352311/
104388,Pfkelch13,Myanmar,MM,,China-Myanmar border area,24.254452,97.657165,2014,P. falciparum,171,Yunnan International Joint Laboratory of Tropical Infectious Diseases,https://pubmed.ncbi.nlm.nih.gov/37816434/
104389,Pfplasmepsin 2-3 amplifications,Myanmar,MM,,China-Myanmar border area,24.254452,97.657165,2014,P. falciparum,171,Yunnan International Joint Laboratory of Tropical Infectious Diseases,https://pubmed.ncbi.nlm.nih.gov/37816434/
104390,Pfkelch13,Democratic Republic of the Congo,CD,Tshuapa,Boende,-0.281000,20.876000,2021,P. falciparum,177,"School of Public Health, Faculty of Medicine, University of Kinshasa",https://pubmed.ncbi.nlm.nih.gov/38016502/
104391,Pfkelch13,Democratic Republic of the Congo,CD,Tshopo,Kabondo,0.512874,25.218944,2021,P. falciparum,176,"School of Public Health, Faculty of Medicine, University of Kinshasa",https://pubmed.ncbi.nlm.nih.gov/38016502/
104392,Pfkelch13,Democratic Republic of the Congo,CD,Haut-Katanga,Kapolowe,-10.942380,26.952181,2021,P. falciparum,178,"School of Public Health, Faculty of Medicine, University of Kinshasa",https://pubmed.ncbi.nlm.nih.gov/38016502/
104393,Pfkelch13,Democratic Republic of the Congo,CD,Kongo Central,Kimpese,-5.563056,14.445833,2020,P. falciparum,178,"School of Public Health, Faculty of Medicine, University of Kinshasa",https://pubmed.ncbi.nlm.nih.gov/38016502/
104394,Pfkelch13,Democratic Republic of the Congo,CD,Kasaï-Oriental,Mikalayi,-6.024568,22.317696,2021,P. falciparum,178,"School of Public Health, Faculty of Medicine, University of Kinshasa",https://pubmed.ncbi.nlm.nih.gov/38016502/
104395,Pfkelch13,Democratic Republic of the Congo,CD,Nord Kivu,Rutshuru,-1.183333,29.450000,2020,P. falciparum,178,"School of Public Health, Faculty of Medicine, University of Kinshasa",https://pubmed.ncbi.nlm.nih.gov/38016502/
104396,Pfkelch13,Democratic Republic of the Congo,CD,,Bukavu,-2.506111,28.860833,2022,P. falciparum,256,Université Catholique de Bukavu,https://pubmed.ncbi.nlm.nih.gov/38377612/
104397,Pfkelch13,Mozambique,MZ,,Niassa Province,-13.250000,36.500000,2021,P. falciparum,98,"Instituto de Higiene e Medicina Tropical, Universidade Nova de Lisboa",https://pubmed.ncbi.nlm.nih.gov/37208708/
104398,Pfkelch13,Mozambique,MZ,Maputo,Manhiça,-25.392301,32.797165,2021,P. falciparum,100,"Instituto de Higiene e Medicina Tropical, Universidade Nova de Lisboa",https://pubmed.ncbi.nlm.nih.gov/37208708/
104399,Pfkelch13,Mozambique,MZ,,Maputo Province,-25.966667,32.583333,2021,P. falciparum,100,"Instituto de Higiene e Medicina Tropical, Universidade Nova de Lisboa",https://pubmed.ncbi.nlm.nih.gov/37208708/
104400,Pfkelch13,Kenya,KE,,Homa Bay,-0.535043,34.453097,2018,P. falciparum,466,University of California at Irvine,https://pubmed.ncbi.nlm.nih.gov/38287365/
104401,Pfkelch13,Kenya,KE,,Kakamega,0.283333,34.750000,2018,P. falciparum,126,University of California at Irvine,https://pubmed.ncbi.nlm.nih.gov/38287365/
104402,Pfkelch13,Kenya,KE,Kisumu,Kombewa,-0.100000,34.516667,2018,P. falciparum,179,University of California at Irvine,https://pubmed.ncbi.nlm.nih.gov/38287365/
104403,Pfkelch13,Kenya,KE,,Kisii,-0.677334,34.779603,2018,P. falciparum,12,University of California at Irvine,https://pubmed.ncbi.nlm.nih.gov/38287365/
104404,Pfkelch13,Ethiopia,ET,,Arjo,8.816365,36.466339,2018,P. falciparum,91,University of California at Irvine,https://pubmed.ncbi.nlm.nih.gov/38287365/
104405,Pfkelch13,Ethiopia,ET,,Awash,8.989532,40.158276,2018,P. falciparum,23,University of California at Irvine,https://pubmed.ncbi.nlm.nih.gov/38287365/
104406,Pfkelch13,Ethiopia,ET,,Dire Diwa,9.600000,41.866667,2018,P. falciparum,50,University of California at Irvine,https://pubmed.ncbi.nlm.nih.gov/38287365/
104407,Pfkelch13,Ethiopia,ET,,Gambella,7.676038,34.328952,2018,P. falciparum,133,University of California at Irvine,https://pubmed.ncbi.nlm.nih.gov/38287365/
104408,Pfkelch13,Ethiopia,ET,Afar,Semera,11.792222,41.008611,2018,P. falciparum,22,University of California at Irvine,https://pubmed.ncbi.nlm.nih.gov/38287365/
104409,Pfkelch13,Uganda,UG,Northern Region,Adjumani,3.166667,31.783333,2022,P. falciparum,80,,https://pubmed.ncbi.nlm.nih.gov/38837973/
104410,Pfkelch13,United Republic of Tanzania,TZ,Kigoma,Kigoma,-4.883333,29.633333,2016,P. falciparum,101,National Insititute for Medical Research,https://pubmed.ncbi.nlm.nih.gov/38461239/
104411,Pfkelch13,United Republic of Tanzania,TZ,Morogoro,Morogoro,-6.824167,37.663333,2016,P. falciparum,96,National Insititute for Medical Research,https://pubmed.ncbi.nlm.nih.gov/38461239/
104412,Pfkelch13,United Republic of Tanzania,TZ,,Pwani,-7.323800,38.820500,2016,P. falciparum,79,National Insititute for Medical Research,https://pubmed.ncbi.nlm.nih.gov/38461239/
104413,Pfkelch13,United Republic of Tanzania,TZ,Tanga,Tanga,-5.088875,39.102323,2016,P. falciparum,100,National Insititute for Medical Research,https://pubmed.ncbi.nlm.nih.gov/38461239/
104414,Pfkelch13,United Republic of Tanzania,TZ,Kigoma,Kigoma,-4.883333,29.633333,2018,P. falciparum,96,National Insititute for Medical Research,https://pubmed.ncbi.nlm.nih.gov/38461239/
104415,Pfkelch13,United Republic of Tanzania,TZ,Morogoro,Morogoro,-6.824167,37.663333,2018,P. falciparum,87,National Insititute for Medical Research,https://pubmed.ncbi.nlm.nih.gov/38461239/
104416,Pfkelch13,United Republic of Tanzania,TZ,,Pwani,-7.323800,38.820500,2018,P. falciparum,79,National Insititute for Medical Research,https://pubmed.ncbi.nlm.nih.gov/38461239/
104417,Pfkelch13,United Republic of Tanzania,TZ,Tanga,Tanga,-5.088875,39.102323,2018,P. falciparum,97,National Insititute for Medical Research,https://pubmed.ncbi.nlm.nih.gov/38461239/
104418,Pfkelch13,United Republic of Tanzania,TZ,,Mbeya,-8.900000,33.450000,2019,P. falciparum,90,National Insititute for Medical Research,https://pubmed.ncbi.nlm.nih.gov/38461239/
104419,Pfkelch13,United Republic of Tanzania,TZ,Mtwara,Mtwara,-10.273611,40.182778,2019,P. falciparum,88,National Insititute for Medical Research,https://pubmed.ncbi.nlm.nih.gov/38461239/
104420,Pfkelch13,United Republic of Tanzania,TZ,Tabora,Tabora,-5.016667,32.800000,2019,P. falciparum,96,National Insititute for Medical Research,https://pubmed.ncbi.nlm.nih.gov/38461239/
104421,Pfkelch13,United Republic of Tanzania,TZ,Mwanza,Mwanza,-2.509407,32.916863,2019,P. falciparum,79,National Insititute for Medical Research,https://pubmed.ncbi.nlm.nih.gov/38461239/
104422,Pfkelch13,United Republic of Tanzania,TZ,,Pwani,-7.323800,38.820500,2020,P. falciparum,83,National Insititute for Medical Research,https://pubmed.ncbi.nlm.nih.gov/38461239/
104423,Pfkelch13,United Republic of Tanzania,TZ,Kigoma,Kigoma,-4.883333,29.633333,2020,P. falciparum,70,National Insititute for Medical Research,https://pubmed.ncbi.nlm.nih.gov/38461239/
104424,Pfkelch13,United Republic of Tanzania,TZ,Morogoro,Morogoro,-6.824167,37.663333,2020,P. falciparum,95,National Insititute for Medical Research,https://pubmed.ncbi.nlm.nih.gov/38461239/
104425,Pfkelch13,United Republic of Tanzania,TZ,Tanga,Tanga,-5.088875,39.102323,2020,P. falciparum,100,National Insititute for Medical Research,https://pubmed.ncbi.nlm.nih.gov/38461239/
104426,Pfkelch13,United Republic of Tanzania,TZ,,Mbeya,-8.900000,33.450000,2021,P. falciparum,43,National Insititute for Medical Research,https://pubmed.ncbi.nlm.nih.gov/38461239/
104427,Pfkelch13,United Republic of Tanzania,TZ,Mtwara,Mtwara,-10.273611,40.182778,2021,P. falciparum,87,National Insititute for Medical Research,https://pubmed.ncbi.nlm.nih.gov/38461239/
104428,Pfkelch13,United Republic of Tanzania,TZ,Mwanza,Mwanza,-2.509407,32.916863,2021,P. falciparum,96,National Insititute for Medical Research,https://pubmed.ncbi.nlm.nih.gov/38461239/
104429,Pfkelch13,United Republic of Tanzania,TZ,Tabora,Tabora,-5.016667,32.800000,2021,P. falciparum,107,National Insititute for Medical Research,https://pubmed.ncbi.nlm.nih.gov/38461239/
104430,Pfkelch13,Papua New Guinea,PG,,"Wewak, Manus Island, Vanimo",-3.076920,142.139246,2019,P. falciparum,68,,https://pubmed.ncbi.nlm.nih.gov/38377613/
104431,Pfkelch13,Viet Nam,VN,,Binh Phuoc Province,11.751189,106.723464,2000,P. falciparum,18,Institute of Tropical Medicine,https://pubmed.ncbi.nlm.nih.gov/37626131/
104432,Pfkelch13,Viet Nam,VN,,Binh Phuoc Province,11.751189,106.723464,2011,P. falciparum,20,Institute of Tropical Medicine,https://pubmed.ncbi.nlm.nih.gov/37626131/
104433,Pfkelch13,Viet Nam,VN,,Binh Phuoc Province,11.751189,106.723464,2013,P. falciparum,47,Institute of Tropical Medicine,https://pubmed.ncbi.nlm.nih.gov/37626131/
104434,Pfkelch13,Viet Nam,VN,,Binh Phuoc Province,11.751189,106.723464,2015,P. falciparum,11,Institute of Tropical Medicine,https://pubmed.ncbi.nlm.nih.gov/37626131/
104435,Pfkelch13,Viet Nam,VN,Binh Thuan,Binh Thuan Province,10.933333,108.100000,2000,P. falciparum,19,Institute of Tropical Medicine,https://pubmed.ncbi.nlm.nih.gov/37626131/
104436,Pfkelch13,Viet Nam,VN,,Gia Lai Province,13.807894,108.109375,2006,P. falciparum,23,Institute of Tropical Medicine,https://pubmed.ncbi.nlm.nih.gov/37626131/
104437,Pfkelch13,Viet Nam,VN,,Gia Lai Province,13.807894,108.109375,2011,P. falciparum,18,Institute of Tropical Medicine,https://pubmed.ncbi.nlm.nih.gov/37626131/
104438,Pfkelch13,Viet Nam,VN,,Gia Lai Province,13.807894,108.109375,2015,P. falciparum,18,Institute of Tropical Medicine,https://pubmed.ncbi.nlm.nih.gov/37626131/
104439,Pfkelch13,Viet Nam,VN,,Khanh Hoa Province,12.318141,108.507347,2011,P. falciparum,116,Institute of Tropical Medicine,https://pubmed.ncbi.nlm.nih.gov/37626131/
104440,Pfkelch13,Viet Nam,VN,,Khanh Hoa Province,12.318141,108.507347,2013,P. falciparum,27,Institute of Tropical Medicine,https://pubmed.ncbi.nlm.nih.gov/37626131/
104441,Pfkelch13,Viet Nam,VN,,Ninh Thuan Province,11.582568,108.991207,2000,P. falciparum,20,Institute of Tropical Medicine,https://pubmed.ncbi.nlm.nih.gov/37626131/
104442,Pfkelch13,Viet Nam,VN,,Ninh Thuan Province,11.582568,108.991207,2006,P. falciparum,10,Institute of Tropical Medicine,https://pubmed.ncbi.nlm.nih.gov/37626131/
104443,Pfkelch13,Viet Nam,VN,,Ninh Thuan Province,11.582568,108.991207,2011,P. falciparum,80,Institute of Tropical Medicine,https://pubmed.ncbi.nlm.nih.gov/37626131/
104444,Pfkelch13,Viet Nam,VN,,Ninh Thuan Province,11.582568,108.991207,2013,P. falciparum,75,Institute of Tropical Medicine,https://pubmed.ncbi.nlm.nih.gov/37626131/
104445,Pfkelch13,Viet Nam,VN,,Quang Nam Province,15.583333,107.916667,2006,P. falciparum,46,Institute of Tropical Medicine,https://pubmed.ncbi.nlm.nih.gov/37626131/
104446,Pfkelch13,Viet Nam,VN,,Quang Nam Province,15.583333,107.916667,2011,P. falciparum,2,Institute of Tropical Medicine,https://pubmed.ncbi.nlm.nih.gov/37626131/
104447,Pfkelch13,Viet Nam,VN,,Quang Nam Province,15.583333,107.916667,2013,P. falciparum,6,Institute of Tropical Medicine,https://pubmed.ncbi.nlm.nih.gov/37626131/
104448,Pfkelch13,Viet Nam,VN,,Quang Tri Province,16.746900,107.194000,2006,P. falciparum,19,Institute of Tropical Medicine,https://pubmed.ncbi.nlm.nih.gov/37626131/
104449,Pfkelch13,Cambodia,KH,,Ratanakiri Province,13.857661,107.101193,2006,P. falciparum,60,Institute of Tropical Medicine,https://pubmed.ncbi.nlm.nih.gov/37626131/
104450,Pfkelch13,India,IN,West Bengal,Kolkata,22.572646,88.363895,2019,P. falciparum,40,,https://pubmed.ncbi.nlm.nih.gov/38444799/
104451,Pfkelch13,Nigeria,NG,Ondo,Akure,7.250000,5.195000,2019,P. falciparum,200,,https://pubmed.ncbi.nlm.nih.gov/36910307/
104452,Pfkelch13,Uganda,UG,Northern Region,Agago,2.833333,33.333333,2016,P. falciparum,31,Infectious Diseases Research Collaboration,https://pubmed.ncbi.nlm.nih.gov/38352505/
104453,Pfkelch13,Uganda,UG,Northern Region,Agago,2.833333,33.333333,2017,P. falciparum,44,Infectious Diseases Research Collaboration,https://pubmed.ncbi.nlm.nih.gov/38352505/
104454,Pfkelch13,Uganda,UG,Northern Region,Agago,2.833333,33.333333,2018,P. falciparum,35,Infectious Diseases Research Collaboration,https://pubmed.ncbi.nlm.nih.gov/38352505/
104455,Pfkelch13,Uganda,UG,Northern Region,Agago,2.833333,33.333333,2019,P. falciparum,48,Infectious Diseases Research Collaboration,https://pubmed.ncbi.nlm.nih.gov/38352505/
104456,Pfkelch13,Uganda,UG,Northern Region,Agago,2.833333,33.333333,2020,P. falciparum,79,Infectious Diseases Research Collaboration,https://pubmed.ncbi.nlm.nih.gov/38352505/
104457,Pfkelch13,Uganda,UG,Northern Region,Agago,2.833333,33.333333,2021,P. falciparum,54,Infectious Diseases Research Collaboration,https://pubmed.ncbi.nlm.nih.gov/38352505/
104458,Pfkelch13,Uganda,UG,Northern Region,Agago,2.833333,33.333333,2022,P. falciparum,68,Infectious Diseases Research Collaboration,https://pubmed.ncbi.nlm.nih.gov/38352505/
104459,Pfkelch13,Uganda,UG,Northern Region,Amolatar,1.633333,32.833333,2016,P. falciparum,30,Infectious Diseases Research Collaboration,https://pubmed.ncbi.nlm.nih.gov/38352505/
104460,Pfkelch13,Uganda,UG,Northern Region,Amolatar,1.633333,32.833333,2017,P. falciparum,49,Infectious Diseases Research Collaboration,https://pubmed.ncbi.nlm.nih.gov/38352505/
104461,Pfkelch13,Uganda,UG,Northern Region,Amolatar,1.633333,32.833333,2018,P. falciparum,27,Infectious Diseases Research Collaboration,https://pubmed.ncbi.nlm.nih.gov/38352505/
104462,Pfkelch13,Uganda,UG,Northern Region,Amolatar,1.633333,32.833333,2019,P. falciparum,28,Infectious Diseases Research Collaboration,https://pubmed.ncbi.nlm.nih.gov/38352505/
104463,Pfkelch13,Uganda,UG,Northern Region,Amolatar,1.633333,32.833333,2020,P. falciparum,85,Infectious Diseases Research Collaboration,https://pubmed.ncbi.nlm.nih.gov/38352505/
104464,Pfkelch13,Uganda,UG,Northern Region,Amolatar,1.633333,32.833333,2021,P. falciparum,50,Infectious Diseases Research Collaboration,https://pubmed.ncbi.nlm.nih.gov/38352505/
104465,Pfkelch13,Uganda,UG,Northern Region,Amolatar,1.633333,32.833333,2022,P. falciparum,13,Infectious Diseases Research Collaboration,https://pubmed.ncbi.nlm.nih.gov/38352505/
104466,Pfkelch13,Uganda,UG,Northern Region,Arua,3.035278,30.910833,2016,P. falciparum,33,Infectious Diseases Research Collaboration,https://pubmed.ncbi.nlm.nih.gov/38352505/
104467,Pfkelch13,Uganda,UG,Northern Region,Arua,3.035278,30.910833,2017,P. falciparum,45,Infectious Diseases Research Collaboration,https://pubmed.ncbi.nlm.nih.gov/38352505/
104468,Pfkelch13,Uganda,UG,Northern Region,Arua,3.035278,30.910833,2018,P. falciparum,30,Infectious Diseases Research Collaboration,https://pubmed.ncbi.nlm.nih.gov/38352505/
104469,Pfkelch13,Uganda,UG,Northern Region,Arua,3.035278,30.910833,2019,P. falciparum,29,Infectious Diseases Research Collaboration,https://pubmed.ncbi.nlm.nih.gov/38352505/
104470,Pfkelch13,Uganda,UG,Northern Region,Arua,3.035278,30.910833,2020,P. falciparum,81,Infectious Diseases Research Collaboration,https://pubmed.ncbi.nlm.nih.gov/38352505/
104471,Pfkelch13,Uganda,UG,Northern Region,Arua,3.035278,30.910833,2021,P. falciparum,69,Infectious Diseases Research Collaboration,https://pubmed.ncbi.nlm.nih.gov/38352505/
104472,Pfkelch13,Uganda,UG,Northern Region,Arua,3.035278,30.910833,2022,P. falciparum,78,Infectious Diseases Research Collaboration,https://pubmed.ncbi.nlm.nih.gov/38352505/
104473,Pfkelch13,Uganda,UG,Western Region,Hoima,1.431944,31.352500,2018,P. falciparum,45,Infectious Diseases Research Collaboration,https://pubmed.ncbi.nlm.nih.gov/38352505/
104474,Pfkelch13,Uganda,UG,Western Region,Hoima,1.431944,31.352500,2019,P. falciparum,83,Infectious Diseases Research Collaboration,https://pubmed.ncbi.nlm.nih.gov/38352505/
104475,Pfkelch13,Uganda,UG,Western Region,Hoima,1.431944,31.352500,2020,P. falciparum,92,Infectious Diseases Research Collaboration,https://pubmed.ncbi.nlm.nih.gov/38352505/
104476,Pfkelch13,Uganda,UG,Western Region,Hoima,1.431944,31.352500,2021,P. falciparum,82,Infectious Diseases Research Collaboration,https://pubmed.ncbi.nlm.nih.gov/38352505/
104477,Pfkelch13,Uganda,UG,Western Region,Hoima,1.431944,31.352500,2022,P. falciparum,63,Infectious Diseases Research Collaboration,https://pubmed.ncbi.nlm.nih.gov/38352505/
104478,Pfkelch13,Uganda,UG,Eastern Region,Jinja,0.447857,33.202612,2016,P. falciparum,29,Infectious Diseases Research Collaboration,https://pubmed.ncbi.nlm.nih.gov/38352505/
104479,Pfkelch13,Uganda,UG,Eastern Region,Jinja,0.447857,33.202612,2017,P. falciparum,48,Infectious Diseases Research Collaboration,https://pubmed.ncbi.nlm.nih.gov/38352505/
104480,Pfkelch13,Uganda,UG,Eastern Region,Jinja,0.447857,33.202612,2018,P. falciparum,40,Infectious Diseases Research Collaboration,https://pubmed.ncbi.nlm.nih.gov/38352505/
104481,Pfkelch13,Uganda,UG,Eastern Region,Jinja,0.447857,33.202612,2019,P. falciparum,91,Infectious Diseases Research Collaboration,https://pubmed.ncbi.nlm.nih.gov/38352505/
104482,Pfkelch13,Uganda,UG,Eastern Region,Jinja,0.447857,33.202612,2020,P. falciparum,96,Infectious Diseases Research Collaboration,https://pubmed.ncbi.nlm.nih.gov/38352505/
104483,Pfkelch13,Uganda,UG,Eastern Region,Jinja,0.447857,33.202612,2021,P. falciparum,95,Infectious Diseases Research Collaboration,https://pubmed.ncbi.nlm.nih.gov/38352505/
104484,Pfkelch13,Uganda,UG,Eastern Region,Jinja,0.447857,33.202612,2022,P. falciparum,99,Infectious Diseases Research Collaboration,https://pubmed.ncbi.nlm.nih.gov/38352505/
104485,Pfkelch13,Uganda,UG,Northern Region,Kaabong,3.520000,34.120000,2018,P. falciparum,34,Infectious Diseases Research Collaboration,https://pubmed.ncbi.nlm.nih.gov/38352505/
104486,Pfkelch13,Uganda,UG,Northern Region,Kaabong,3.520000,34.120000,2019,P. falciparum,46,Infectious Diseases Research Collaboration,https://pubmed.ncbi.nlm.nih.gov/38352505/
104487,Pfkelch13,Uganda,UG,Northern Region,Kaabong,3.520000,34.120000,2020,P. falciparum,75,Infectious Diseases Research Collaboration,https://pubmed.ncbi.nlm.nih.gov/38352505/
104488,Pfkelch13,Uganda,UG,Northern Region,Kaabong,3.520000,34.120000,2021,P. falciparum,60,Infectious Diseases Research Collaboration,https://pubmed.ncbi.nlm.nih.gov/38352505/
104489,Pfkelch13,Uganda,UG,Northern Region,Kaabong,3.520000,34.120000,2022,P. falciparum,68,Infectious Diseases Research Collaboration,https://pubmed.ncbi.nlm.nih.gov/38352505/
104490,Pfkelch13,Uganda,UG,Western Region,Kanungu,-0.819525,29.742604,2016,P. falciparum,37,Infectious Diseases Research Collaboration,https://pubmed.ncbi.nlm.nih.gov/38352505/
104491,Pfkelch13,Uganda,UG,Western Region,Kanungu,-0.819525,29.742604,2017,P. falciparum,48,Infectious Diseases Research Collaboration,https://pubmed.ncbi.nlm.nih.gov/38352505/
104492,Pfkelch13,Uganda,UG,Western Region,Kanungu,-0.819525,29.742604,2018,P. falciparum,36,Infectious Diseases Research Collaboration,https://pubmed.ncbi.nlm.nih.gov/38352505/
104493,Pfkelch13,Uganda,UG,Western Region,Kanungu,-0.819525,29.742604,2019,P. falciparum,64,Infectious Diseases Research Collaboration,https://pubmed.ncbi.nlm.nih.gov/38352505/
104494,Pfkelch13,Uganda,UG,Western Region,Kanungu,-0.819525,29.742604,2020,P. falciparum,94,Infectious Diseases Research Collaboration,https://pubmed.ncbi.nlm.nih.gov/38352505/
104495,Pfkelch13,Uganda,UG,Western Region,Kanungu,-0.819525,29.742604,2021,P. falciparum,50,Infectious Diseases Research Collaboration,https://pubmed.ncbi.nlm.nih.gov/38352505/
104496,Pfkelch13,Uganda,UG,Western Region,Kanungu,-0.819525,29.742604,2022,P. falciparum,65,Infectious Diseases Research Collaboration,https://pubmed.ncbi.nlm.nih.gov/38352505/
104497,Pfkelch13,Uganda,UG,Eastern Region,Kapchorwa,1.400000,34.450000,2019,P. falciparum,16,Infectious Diseases Research Collaboration,https://pubmed.ncbi.nlm.nih.gov/38352505/
104498,Pfkelch13,Uganda,UG,Eastern Region,Kapchorwa,1.400000,34.450000,2021,P. falciparum,77,Infectious Diseases Research Collaboration,https://pubmed.ncbi.nlm.nih.gov/38352505/
104499,Pfkelch13,Uganda,UG,Eastern Region,Kapchorwa,1.400000,34.450000,2022,P. falciparum,30,Infectious Diseases Research Collaboration,https://pubmed.ncbi.nlm.nih.gov/38352505/
104500,Pfkelch13,Uganda,UG,Western Region,Kasese,0.186667,30.088056,2018,P. falciparum,24,Infectious Diseases Research Collaboration,https://pubmed.ncbi.nlm.nih.gov/38352505/
104501,Pfkelch13,Uganda,UG,Western Region,Kasese,0.186667,30.088056,2019,P. falciparum,64,Infectious Diseases Research Collaboration,https://pubmed.ncbi.nlm.nih.gov/38352505/
104502,Pfkelch13,Uganda,UG,Western Region,Kasese,0.186667,30.088056,2020,P. falciparum,92,Infectious Diseases Research Collaboration,https://pubmed.ncbi.nlm.nih.gov/38352505/
104503,Pfkelch13,Uganda,UG,Western Region,Kasese,0.186667,30.088056,2021,P. falciparum,78,Infectious Diseases Research Collaboration,https://pubmed.ncbi.nlm.nih.gov/38352505/
104504,Pfkelch13,Uganda,UG,Western Region,Kasese,0.186667,30.088056,2022,P. falciparum,92,Infectious Diseases Research Collaboration,https://pubmed.ncbi.nlm.nih.gov/38352505/
104505,Pfkelch13,Uganda,UG,Eastern Region,Katakwi,1.915000,33.955000,2018,P. falciparum,45,Infectious Diseases Research Collaboration,https://pubmed.ncbi.nlm.nih.gov/38352505/
104506,Pfkelch13,Uganda,UG,Eastern Region,Katakwi,1.915000,33.955000,2019,P. falciparum,61,Infectious Diseases Research Collaboration,https://pubmed.ncbi.nlm.nih.gov/38352505/
104507,Pfkelch13,Uganda,UG,Eastern Region,Katakwi,1.915000,33.955000,2020,P. falciparum,88,Infectious Diseases Research Collaboration,https://pubmed.ncbi.nlm.nih.gov/38352505/
104508,Pfkelch13,Uganda,UG,Eastern Region,Katakwi,1.915000,33.955000,2021,P. falciparum,58,Infectious Diseases Research Collaboration,https://pubmed.ncbi.nlm.nih.gov/38352505/
104509,Pfkelch13,Uganda,UG,Eastern Region,Katakwi,1.915000,33.955000,2022,P. falciparum,78,Infectious Diseases Research Collaboration,https://pubmed.ncbi.nlm.nih.gov/38352505/
104510,Pfkelch13,Uganda,UG,Northern Region,Koboko,3.410000,30.960000,2018,P. falciparum,34,Infectious Diseases Research Collaboration,https://pubmed.ncbi.nlm.nih.gov/38352505/
104511,Pfkelch13,Uganda,UG,Northern Region,Koboko,3.410000,30.960000,2019,P. falciparum,5,Infectious Diseases Research Collaboration,https://pubmed.ncbi.nlm.nih.gov/38352505/
104512,Pfkelch13,Uganda,UG,Northern Region,Koboko,3.410000,30.960000,2020,P. falciparum,64,Infectious Diseases Research Collaboration,https://pubmed.ncbi.nlm.nih.gov/38352505/
104513,Pfkelch13,Uganda,UG,Northern Region,Koboko,3.410000,30.960000,2021,P. falciparum,47,Infectious Diseases Research Collaboration,https://pubmed.ncbi.nlm.nih.gov/38352505/
104514,Pfkelch13,Uganda,UG,Northern Region,Koboko,3.410000,30.960000,2022,P. falciparum,48,Infectious Diseases Research Collaboration,https://pubmed.ncbi.nlm.nih.gov/38352505/
104515,Pfkelch13,Uganda,UG,Northern Region,Kole,2.302006,32.610417,2016,P. falciparum,26,Infectious Diseases Research Collaboration,https://pubmed.ncbi.nlm.nih.gov/38352505/
104516,Pfkelch13,Uganda,UG,Northern Region,Kole,2.302006,32.610417,2017,P. falciparum,47,Infectious Diseases Research Collaboration,https://pubmed.ncbi.nlm.nih.gov/38352505/
104517,Pfkelch13,Uganda,UG,Northern Region,Kole,2.302006,32.610417,2018,P. falciparum,36,Infectious Diseases Research Collaboration,https://pubmed.ncbi.nlm.nih.gov/38352505/
104518,Pfkelch13,Uganda,UG,Northern Region,Kole,2.302006,32.610417,2019,P. falciparum,60,Infectious Diseases Research Collaboration,https://pubmed.ncbi.nlm.nih.gov/38352505/
104519,Pfkelch13,Uganda,UG,Northern Region,Kole,2.302006,32.610417,2020,P. falciparum,86,Infectious Diseases Research Collaboration,https://pubmed.ncbi.nlm.nih.gov/38352505/
104520,Pfkelch13,Uganda,UG,Northern Region,Kole,2.302006,32.610417,2021,P. falciparum,58,Infectious Diseases Research Collaboration,https://pubmed.ncbi.nlm.nih.gov/38352505/
104521,Pfkelch13,Uganda,UG,Northern Region,Kole,2.302006,32.610417,2022,P. falciparum,78,Infectious Diseases Research Collaboration,https://pubmed.ncbi.nlm.nih.gov/38352505/
104522,Pfkelch13,Uganda,UG,Northern Region,Lamwo,3.533333,32.800000,2016,P. falciparum,37,Infectious Diseases Research Collaboration,https://pubmed.ncbi.nlm.nih.gov/38352505/
104523,Pfkelch13,Uganda,UG,Northern Region,Lamwo,3.533333,32.800000,2017,P. falciparum,44,Infectious Diseases Research Collaboration,https://pubmed.ncbi.nlm.nih.gov/38352505/
104524,Pfkelch13,Uganda,UG,Northern Region,Lamwo,3.533333,32.800000,2018,P. falciparum,36,Infectious Diseases Research Collaboration,https://pubmed.ncbi.nlm.nih.gov/38352505/
104525,Pfkelch13,Uganda,UG,Northern Region,Lamwo,3.533333,32.800000,2019,P. falciparum,50,Infectious Diseases Research Collaboration,https://pubmed.ncbi.nlm.nih.gov/38352505/
104526,Pfkelch13,Uganda,UG,Northern Region,Lamwo,3.533333,32.800000,2020,P. falciparum,84,Infectious Diseases Research Collaboration,https://pubmed.ncbi.nlm.nih.gov/38352505/
104527,Pfkelch13,Uganda,UG,Northern Region,Lamwo,3.533333,32.800000,2021,P. falciparum,58,Infectious Diseases Research Collaboration,https://pubmed.ncbi.nlm.nih.gov/38352505/
104528,Pfkelch13,Uganda,UG,Northern Region,Lamwo,3.533333,32.800000,2022,P. falciparum,53,Infectious Diseases Research Collaboration,https://pubmed.ncbi.nlm.nih.gov/38352505/
104529,Pfkelch13,Uganda,UG,Central Region,Mubende,0.600000,31.400000,2016,P. falciparum,28,Infectious Diseases Research Collaboration,https://pubmed.ncbi.nlm.nih.gov/38352505/
104530,Pfkelch13,Uganda,UG,Central Region,Mubende,0.600000,31.400000,2017,P. falciparum,46,Infectious Diseases Research Collaboration,https://pubmed.ncbi.nlm.nih.gov/38352505/
104531,Pfkelch13,Uganda,UG,Central Region,Mubende,0.600000,31.400000,2018,P. falciparum,41,Infectious Diseases Research Collaboration,https://pubmed.ncbi.nlm.nih.gov/38352505/
104532,Pfkelch13,Uganda,UG,Central Region,Mubende,0.600000,31.400000,2019,P. falciparum,24,Infectious Diseases Research Collaboration,https://pubmed.ncbi.nlm.nih.gov/38352505/
104533,Pfkelch13,Uganda,UG,Central Region,Mubende,0.600000,31.400000,2020,P. falciparum,88,Infectious Diseases Research Collaboration,https://pubmed.ncbi.nlm.nih.gov/38352505/
104534,Pfkelch13,Uganda,UG,Central Region,Mubende,0.600000,31.400000,2021,P. falciparum,19,Infectious Diseases Research Collaboration,https://pubmed.ncbi.nlm.nih.gov/38352505/
104535,Pfkelch13,Uganda,UG,Central Region,Mubende,0.600000,31.400000,2022,P. falciparum,53,Infectious Diseases Research Collaboration,https://pubmed.ncbi.nlm.nih.gov/38352505/
104536,Pfkelch13,Uganda,UG,Western Region,Rukiga,-1.183333,30.100000,2016,P. falciparum,42,Infectious Diseases Research Collaboration,https://pubmed.ncbi.nlm.nih.gov/38352505/
104537,Pfkelch13,Uganda,UG,Western Region,Rukiga,-1.183333,30.100000,2019,P. falciparum,26,Infectious Diseases Research Collaboration,https://pubmed.ncbi.nlm.nih.gov/38352505/
104538,Pfkelch13,Uganda,UG,Western Region,Rukiga,-1.183333,30.100000,2020,P. falciparum,39,Infectious Diseases Research Collaboration,https://pubmed.ncbi.nlm.nih.gov/38352505/
104539,Pfkelch13,Uganda,UG,Western Region,Rukiga,-1.183333,30.100000,2021,P. falciparum,83,Infectious Diseases Research Collaboration,https://pubmed.ncbi.nlm.nih.gov/38352505/
104540,Pfkelch13,Uganda,UG,Western Region,Rukiga,-1.183333,30.100000,2022,P. falciparum,60,Infectious Diseases Research Collaboration,https://pubmed.ncbi.nlm.nih.gov/38352505/
104541,Pfkelch13,Uganda,UG,Eastern Region,Tororo,0.678227,34.186567,2016,P. falciparum,37,Infectious Diseases Research Collaboration,https://pubmed.ncbi.nlm.nih.gov/38352505/
104542,Pfkelch13,Uganda,UG,Eastern Region,Tororo,0.678227,34.186567,2017,P. falciparum,48,Infectious Diseases Research Collaboration,https://pubmed.ncbi.nlm.nih.gov/38352505/
104543,Pfkelch13,Uganda,UG,Eastern Region,Tororo,0.678227,34.186567,2018,P. falciparum,43,Infectious Diseases Research Collaboration,https://pubmed.ncbi.nlm.nih.gov/38352505/
104544,Pfkelch13,Uganda,UG,Eastern Region,Tororo,0.678227,34.186567,2019,P. falciparum,73,Infectious Diseases Research Collaboration,https://pubmed.ncbi.nlm.nih.gov/38352505/
104545,Pfkelch13,Uganda,UG,Eastern Region,Tororo,0.678227,34.186567,2020,P. falciparum,41,Infectious Diseases Research Collaboration,https://pubmed.ncbi.nlm.nih.gov/38352505/
104546,Pfkelch13,Uganda,UG,Eastern Region,Tororo,0.678227,34.186567,2021,P. falciparum,74,Infectious Diseases Research Collaboration,https://pubmed.ncbi.nlm.nih.gov/38352505/
104547,Pfkelch13,Uganda,UG,Eastern Region,Tororo,0.678227,34.186567,2022,P. falciparum,57,Infectious Diseases Research Collaboration,https://pubmed.ncbi.nlm.nih.gov/38352505/
104548,Pfkelch13,United Republic of Tanzania,TZ,Pwani,Dar es Salaam,-6.800000,39.283333,2021,P. falciparum,161,University of North Carolina at Chapel Hill,https://pubmed.ncbi.nlm.nih.gov/39159629/
104549,Pfkelch13,United Republic of Tanzania,TZ,Dodoma,Dodoma,-6.162959,35.751607,2021,P. falciparum,188,University of North Carolina at Chapel Hill,https://pubmed.ncbi.nlm.nih.gov/39159629/
104550,Pfkelch13,United Republic of Tanzania,TZ,,Kagera Region,-1.916667,31.300000,2021,P. falciparum,709,University of North Carolina at Chapel Hill,https://pubmed.ncbi.nlm.nih.gov/39159629/
104551,Pfkelch13,United Republic of Tanzania,TZ,Kigoma,Kigoma,-4.883333,29.633333,2021,P. falciparum,100,University of North Carolina at Chapel Hill,https://pubmed.ncbi.nlm.nih.gov/39159629/
104552,Pfkelch13,United Republic of Tanzania,TZ,,Kilimanjaro,-3.341250,37.330000,2021,P. falciparum,204,University of North Carolina at Chapel Hill,https://pubmed.ncbi.nlm.nih.gov/39159629/
104553,Pfkelch13,United Republic of Tanzania,TZ,,Manyara Region,-4.315000,36.954100,2021,P. falciparum,202,University of North Carolina at Chapel Hill,https://pubmed.ncbi.nlm.nih.gov/39159629/
104554,Pfkelch13,United Republic of Tanzania,TZ,,Mara Region,-1.775400,34.153200,2021,P. falciparum,585,University of North Carolina at Chapel Hill,https://pubmed.ncbi.nlm.nih.gov/39159629/
104555,Pfkelch13,United Republic of Tanzania,TZ,Mtwara,Mtwara,-10.273611,40.182778,2021,P. falciparum,170,University of North Carolina at Chapel Hill,https://pubmed.ncbi.nlm.nih.gov/39159629/
104556,Pfkelch13,United Republic of Tanzania,TZ,,Njombe,-9.333333,34.766667,2021,P. falciparum,345,University of North Carolina at Chapel Hill,https://pubmed.ncbi.nlm.nih.gov/39159629/
104557,Pfkelch13,United Republic of Tanzania,TZ,,Ruvuma Region,-10.687900,36.263100,2021,P. falciparum,68,University of North Carolina at Chapel Hill,https://pubmed.ncbi.nlm.nih.gov/39159629/
104558,Pfkelch13,United Republic of Tanzania,TZ,,Songwe,-8.423800,33.029000,2021,P. falciparum,377,University of North Carolina at Chapel Hill,https://pubmed.ncbi.nlm.nih.gov/39159629/
104559,Pfkelch13,United Republic of Tanzania,TZ,Tabora,Tabora,-5.016667,32.800000,2021,P. falciparum,498,University of North Carolina at Chapel Hill,https://pubmed.ncbi.nlm.nih.gov/39159629/
104560,Pfkelch13,United Republic of Tanzania,TZ,Tanga,Tanga,-5.088875,39.102323,2021,P. falciparum,56,University of North Carolina at Chapel Hill,https://pubmed.ncbi.nlm.nih.gov/39159629/
104561,Pfkelch13,Thailand,TH,,Tak Province,16.883990,99.125850,1998,P. falciparum,30,"US Army Medical Component, Armed Forces Research Institute of Medical Sciences, Department of Immunology & Medicine",https://pubmed.ncbi.nlm.nih.gov/39136466/
104562,Pfkelch13,Thailand,TH,,Tak Province,16.883990,99.125850,1999,P. falciparum,206,"US Army Medical Component, Armed Forces Research Institute of Medical Sciences, Department of Immunology & Medicine",https://pubmed.ncbi.nlm.nih.gov/39136466/
104563,Pfkelch13,Thailand,TH,,Tak Province,16.883990,99.125850,2001,P. falciparum,460,"US Army Medical Component, Armed Forces Research Institute of Medical Sciences, Department of Immunology & Medicine",https://pubmed.ncbi.nlm.nih.gov/39136466/
104564,Pfkelch13,United Republic of Tanzania,TZ,Kagera,Karagwe,-1.502000,30.990000,2022,P. falciparum,173,,https://pubmed.ncbi.nlm.nih.gov/39159633/
104565,Pfkelch13,Uganda,UG,,Acholi,3.215670,32.724469,2021,P. falciparum,59,Mbarara University of Science and Technology,https://pubmed.ncbi.nlm.nih.gov/39501325/
104566,Pfkelch13,Uganda,UG,,West Nile,3.010211,31.236843,2021,P. falciparum,59,Mbarara University of Science and Technology,https://pubmed.ncbi.nlm.nih.gov/39501325/
104567,Pfkelch13,Uganda,UG,,Karamoja,2.845228,34.010183,2021,P. falciparum,60,Mbarara University of Science and Technology,https://pubmed.ncbi.nlm.nih.gov/39501325/
104568,Pfkelch13,Uganda,UG,,Lango,2.322960,33.018403,2021,P. falciparum,60,Mbarara University of Science and Technology,https://pubmed.ncbi.nlm.nih.gov/39501325/
104569,Pfkelch13,Congo,CG,,"Madibou Health District, Brazzaville, Goma Tsé-Tsé",-4.231122,15.195696,2021,P. falciparum,142,Fondation Congolaise pour la Recherche Médicale,https://pubmed.ncbi.nlm.nih.gov/39543235/
104570,Pfkelch13,Congo,CG,,"Mayanga and Massissia, Brazzaville",-4.308139,15.182083,2021,P. falciparum,58,Fondation Congolaise pour la Recherche Médicale,https://pubmed.ncbi.nlm.nih.gov/39543235/
104571,Pfkelch13,Congo,CG,,"Ntoula and Djoumouna, Goma Tsé-Tsé",-4.232256,15.102367,2021,P. falciparum,157,Fondation Congolaise pour la Recherche Médicale,https://pubmed.ncbi.nlm.nih.gov/39543235/
104572,Pfkelch13,Eritrea,ER,,Northern Red Sea Region,16.126578,39.092686,2016,P. falciparum,50,"National Malaria Control Program, Ministry of Health, Eritrea",https://pubmed.ncbi.nlm.nih.gov/39653047/
104573,Pfkelch13,Eritrea,ER,,Gash-Barka Region,15.250000,37.500000,2018,P. falciparum,373,"National Malaria Control Program, Ministry of Health, Eritrea",https://pubmed.ncbi.nlm.nih.gov/39653047/
104574,Pfkelch13,Eritrea,ER,,Anseba,16.425698,37.797403,2018,P. falciparum,116,"National Malaria Control Program, Ministry of Health, Eritrea",https://pubmed.ncbi.nlm.nih.gov/39653047/
104575,Pfkelch13,Eritrea,ER,,Debub,14.821123,38.940006,2018,P. falciparum,98,"National Malaria Control Program, Ministry of Health, Eritrea",https://pubmed.ncbi.nlm.nih.gov/39653047/
104576,Pfkelch13,United Republic of Tanzania,TZ,Kigoma,Kigoma,-4.883333,29.633333,2022,P. falciparum,88,National Institute for Research in Tribal Health (NIRTH),https://pubmed.ncbi.nlm.nih.gov/39186698/
104577,Pfkelch13,United Republic of Tanzania,TZ,Morogoro,Morogoro,-6.824167,37.663333,2022,P. falciparum,88,National Institute for Research in Tribal Health (NIRTH),https://pubmed.ncbi.nlm.nih.gov/39186698/
104578,Pfkelch13,United Republic of Tanzania,TZ,,Pwani,-7.323800,38.820500,2022,P. falciparum,88,National Institute for Research in Tribal Health (NIRTH),https://pubmed.ncbi.nlm.nih.gov/39186698/
104579,Pfkelch13,United Republic of Tanzania,TZ,Tanga,Tanga,-5.088875,39.102323,2022,P. falciparum,88,National Institute for Research in Tribal Health (NIRTH),https://pubmed.ncbi.nlm.nih.gov/39186698/
104580,Pfkelch13,Afghanistan,AF,,Nangarhar Province,34.250000,70.500000,2016,P. falciparum,,Afghanistan National Public Health Institute,https://pubmed.ncbi.nlm.nih.gov/37705047/
