iso3,country,marker,species,year,resistant_pct,any_mutation_pct,top_genotype,sample_size,site,region,latitude,longitude,data_source,citation_url
GTM,Guatemala,Pfcrt K76T,P. falciparum,2015,0,0,Pfcrt,16,All country (Guatemala),,15.5,-90.25,"Laboratorio de Parasitología, Sección de Malaria",
HND,Honduras,Pfcrt K76T,P. falciparum,2022,0,0,Pfcrt,24,All country (Honduras),,15,-86.5,"Microbiology Research Institute, National Autonomous University of Honduras",https://pubmed.ncbi.nlm.nih.gov/37315826/
HND,Honduras,Pfcrt K76T,P. falciparum,2020,0,0,Pfcrt,1,Islas de la Bahia,,16.2908,-86.4108,"Microbiology Research Institute, National Autonomous University of Honduras",https://pubmed.ncbi.nlm.nih.gov/34906144/
HND,Honduras,Pfcrt K76T,P. falciparum,2020,0,0,Pfcrt,1,Valle,,13.5333,-87.4833,"Microbiology Research Institute, National Autonomous University of Honduras",https://pubmed.ncbi.nlm.nih.gov/34906144/
HND,Honduras,Pfcrt K76T,P. falciparum,2018,0,0,Pfcrt,93,Gracias a Dios / Colón Department,,15.5956,-85.001,"Microbiology Research Institute, National Autonomous University of Honduras",https://pubmed.ncbi.nlm.nih.gov/34906144/
HND,Honduras,Pfcrt K76T,P. falciparum,2016,0,0,Pfcrt,4,All country (Honduras),,15,-86.5,"Laboratorio de Parasitología, Sección de Malaria",
HND,Honduras,Pfcrt K76T,P. falciparum,2015,0,0,Pfcrt,28,All country (Honduras),,15,-86.5,"Laboratorio de Parasitología, Sección de Malaria",
HND,Honduras,Pfcrt K76T,P. falciparum,2014,7.1,7.1,Pfcrt,28,All country (Honduras),,15,-86.5,"Laboratorio de Parasitología, Sección de Malaria",
HND,Honduras,Pfcrt K76T,P. falciparum,2013,0,0,Pfcrt,32,Multiple sites,,13.9219,-87.1338,"Microbiology Research Institute, National Autonomous University of Honduras",http://www.ncbi.nlm.nih.gov/pubmed/25075788
HND,Honduras,Pfcrt K76T,P. falciparum,2012,0,0,Pfcrt,32,Multiple sites,,13.9219,-87.1338,"Microbiology Research Institute, National Autonomous University of Honduras",http://www.ncbi.nlm.nih.gov/pubmed/25075788
HND,Honduras,Pfcrt K76T,P. falciparum,2011,0,0,Pfcrt,28,Multiple sites,,13.9219,-87.1338,"Microbiology Research Institute, National Autonomous University of Honduras",http://www.ncbi.nlm.nih.gov/pubmed/25075788
HND,Honduras,Pfcrt K76T,P. falciparum,2010,7.7,7.7,Pfcrt,13,All country (Honduras),,15,-86.5,"Department of Parasitology, U.S. Naval Medical Research Unit 6 (NAMRU-6)",https://pubmed.ncbi.nlm.nih.gov/33262482/
HTI,Haiti,Pfcrt K76T,P. falciparum,2017,0,0,Pfcrt,21,Artibonite Department,,19.45,-72.6833,"Malaria Branch, Division of Parasitic Diseases and Malaria, Center for Global Health, Center for Disease Control and Prevention",https://pubmed.ncbi.nlm.nih.gov/32310062/
HTI,Haiti,Pfcrt K76T,P. falciparum,2017,0,0,Pfcrt,13,Grand'Anse Department,,18.5197,-74.227,National Center for Global Health and Medicine,https://www.ncbi.nlm.nih.gov/pubmed/30334724
HTI,Haiti,Pfcrt K76T,P. falciparum,2017,0,0,Pfcrt,24,Nippes Department,,18.4447,-73.0883,National Center for Global Health and Medicine,https://www.ncbi.nlm.nih.gov/pubmed/30334724
HTI,Haiti,Pfcrt K76T,P. falciparum,2017,0,0,Pfcrt,43,Sud Department,,18.2219,-73.9998,National Center for Global Health and Medicine,https://www.ncbi.nlm.nih.gov/pubmed/30334724
HTI,Haiti,Pfcrt K76T,P. falciparum,2016,0,0,Pfcrt,211,Arnaud,Nippes,18.45,-73.3833,"Malaria Branch, Division of Parasitic Diseases and Malaria, Center for Global Health, Center for Disease Control and Prevention",https://pubmed.ncbi.nlm.nih.gov/32310062/
HTI,Haiti,Pfcrt K76T,P. falciparum,2016,0,0,Pfcrt,68,Bon Samaritain des Roseaux,,18.5489,-74.077,"Malaria Branch, Division of Parasitic Diseases and Malaria, Center for Global Health, Center for Disease Control and Prevention",https://pubmed.ncbi.nlm.nih.gov/32310062/
HTI,Haiti,Pfcrt K76T,P. falciparum,2016,0,0,Pfcrt,13,Capotille,Nord-Est,19.45,-71.7,"Malaria Branch, Division of Parasitic Diseases and Malaria, Center for Global Health, Center for Disease Control and Prevention",https://pubmed.ncbi.nlm.nih.gov/32310062/
HTI,Haiti,Pfcrt K76T,P. falciparum,2016,0,0,Pfcrt,23,Cazale,Ouest,18.8014,-72.3836,"Malaria Branch, Division of Parasitic Diseases and Malaria, Center for Global Health, Center for Disease Control and Prevention",https://pubmed.ncbi.nlm.nih.gov/32310062/
HTI,Haiti,Pfcrt K76T,P. falciparum,2016,0,0,Pfcrt,12,Jacmel,Sud-Est,18.243,-72.5264,"Malaria Branch, Division of Parasitic Diseases and Malaria, Center for Global Health, Center for Disease Control and Prevention",https://pubmed.ncbi.nlm.nih.gov/32310062/
HTI,Haiti,Pfcrt K76T,P. falciparum,2016,0,0,Pfcrt,199,Jérémie,Grand'Anse,18.6413,-74.1179,"Malaria Branch, Division of Parasitic Diseases and Malaria, Center for Global Health, Center for Disease Control and Prevention",https://pubmed.ncbi.nlm.nih.gov/32310062/
HTI,Haiti,Pfcrt K76T,P. falciparum,2016,0,0,Pfcrt,211,Les Anglais,Sud,18.3081,-74.2191,"Malaria Branch, Division of Parasitic Diseases and Malaria, Center for Global Health, Center for Disease Control and Prevention",https://pubmed.ncbi.nlm.nih.gov/32310062/
HTI,Haiti,Pfcrt K76T,P. falciparum,2016,0,0,Pfcrt,2,Pignon,Nord,19.3362,-72.1142,"Malaria Branch, Division of Parasitic Diseases and Malaria, Center for Global Health, Center for Disease Control and Prevention",https://pubmed.ncbi.nlm.nih.gov/32310062/
HTI,Haiti,Pfcrt K76T,P. falciparum,2016,0,0,Pfcrt,18,Thomonde,Centre,19.0167,-71.9667,"Malaria Branch, Division of Parasitic Diseases and Malaria, Center for Global Health, Center for Disease Control and Prevention",https://pubmed.ncbi.nlm.nih.gov/32310062/
HTI,Haiti,Pfcrt K76T,P. falciparum,2010,0,0,Pfcrt,3,Artibonite Department,,19.45,-72.6833,"Department of Environmental and Global Health, University of Florida",http://www.ncbi.nlm.nih.gov/pubmed/24252305
HTI,Haiti,Pfcrt K76T,P. falciparum,2010,0,0,Pfcrt,3,Cap Haitian,Nord,19.737,-72.2068,"Department of Environmental and Global Health, University of Florida",http://www.ncbi.nlm.nih.gov/pubmed/24252305
HTI,Haiti,Pfcrt K76T,P. falciparum,2010,0,0,Pfcrt,15,Cayes-Jacmel,Sud-Est,18.2667,-72.6667,"Department of Environmental and Global Health, University of Florida",http://www.ncbi.nlm.nih.gov/pubmed/24252305
HTI,Haiti,Pfcrt K76T,P. falciparum,2010,0,0,Pfcrt,49,Léogâne,Ouest,18.5128,-72.624,Rambam Medical Center,http://www.ncbi.nlm.nih.gov/pubmed/22932030
HTI,Haiti,Pfcrt K76T,P. falciparum,2010,0,0,Pfcrt,2,Nippes Department,,18.4447,-73.0883,"Department of Environmental and Global Health, University of Florida",http://www.ncbi.nlm.nih.gov/pubmed/24252305
HTI,Haiti,Pfcrt K76T,P. falciparum,2010,0,0,Pfcrt,56,Port-au-Prince,Ouest,18.5944,-72.3074,"Department of Environmental and Global Health, University of Florida",http://www.ncbi.nlm.nih.gov/pubmed/24252305
IND,India,Pfcrt K76T,P. falciparum,2017,0,0,,1,Pashchim Medinipur,West Bengal,22.4605,87.4312,"The GenRe-Mekong Project, Mahidol-Oxford Tropical Medicine Research Unit, Faculty of Tropical Medicine, Mahidol University",https://doi.org/10.1038/s41467-025-59946-1
IND,India,Pfcrt K76T,P. falciparum,2017,100,100,Pfcrt,1,West Tripura,Tripura,23.9167,91.5,"The GenRe-Mekong Project, Mahidol-Oxford Tropical Medicine Research Unit, Faculty of Tropical Medicine, Mahidol University",https://doi.org/10.1038/s41467-025-59946-1
IND,India,Pfcrt K76T,P. falciparum,2016,0,0,,4,Sundergarh,Odisha,22.124,84.0432,"The GenRe-Mekong Project, Mahidol-Oxford Tropical Medicine Research Unit, Faculty of Tropical Medicine, Mahidol University",https://doi.org/10.1038/s41467-025-59946-1
KHM,Cambodia,Pfcrt K76T,P. falciparum,2022,100,100,Pfcrt,4,Kaev Seima,Mondulkiri,12.3628,106.8187,"The GenRe-Mekong Project, Mahidol-Oxford Tropical Medicine Research Unit, Faculty of Tropical Medicine, Mahidol University",https://doi.org/10.1038/s41467-025-59946-1
KHM,Cambodia,Pfcrt K76T,P. falciparum,2022,100,100,Pfcrt,2,Krakor,Pursat,12.5467,104.1729,"The GenRe-Mekong Project, Mahidol-Oxford Tropical Medicine Research Unit, Faculty of Tropical Medicine, Mahidol University",https://doi.org/10.1038/s41467-025-59946-1
KHM,Cambodia,Pfcrt K76T,P. falciparum,2022,100,100,Pfcrt,61,Phnom Kravanh,Pursat,12.3333,103.75,"The GenRe-Mekong Project, Mahidol-Oxford Tropical Medicine Research Unit, Faculty of Tropical Medicine, Mahidol University",https://doi.org/10.1038/s41467-025-59946-1
KHM,Cambodia,Pfcrt K76T,P. falciparum,2022,100,100,Pfcrt,8,Phnom Sruoch,Kampong Speu,11.4,104.4,"The GenRe-Mekong Project, Mahidol-Oxford Tropical Medicine Research Unit, Faculty of Tropical Medicine, Mahidol University",https://doi.org/10.1038/s41467-025-59946-1
KHM,Cambodia,Pfcrt K76T,P. falciparum,2022,100,100,Pfcrt,2,Veal Veng,Pursat,12.5463,103.9187,"The GenRe-Mekong Project, Mahidol-Oxford Tropical Medicine Research Unit, Faculty of Tropical Medicine, Mahidol University",https://doi.org/10.1038/s41467-025-59946-1
KHM,Cambodia,Pfcrt K76T,P. falciparum,2021,100,100,Pfcrt,4,Kaev Seima,Mondulkiri,12.3628,106.8187,"The GenRe-Mekong Project, Mahidol-Oxford Tropical Medicine Research Unit, Faculty of Tropical Medicine, Mahidol University",https://doi.org/10.1038/s41467-025-59946-1
KHM,Cambodia,Pfcrt K76T,P. falciparum,2021,100,100,Pfcrt,12,Phnom Kravanh,Pursat,12.3333,103.75,"The GenRe-Mekong Project, Mahidol-Oxford Tropical Medicine Research Unit, Faculty of Tropical Medicine, Mahidol University",https://doi.org/10.1038/s41467-025-59946-1
KHM,Cambodia,Pfcrt K76T,P. falciparum,2021,100,100,Pfcrt,15,Phnom Sruoch,Kampong Speu,11.4,104.4,"The GenRe-Mekong Project, Mahidol-Oxford Tropical Medicine Research Unit, Faculty of Tropical Medicine, Mahidol University",https://doi.org/10.1038/s41467-025-59946-1
KHM,Cambodia,Pfcrt K76T,P. falciparum,2018,100,100,Pfcrt,6,Ban Lung,Ratanakiri,13.6789,106.9498,"The GenRe-Mekong Project, Mahidol-Oxford Tropical Medicine Research Unit, Faculty of Tropical Medicine, Mahidol University",https://doi.org/10.7554/eLife.62997
KHM,Cambodia,Pfcrt K76T,P. falciparum,2018,100,100,Pfcrt,5,Sampov Meas,Pursat,12.5076,103.9376,"The GenRe-Mekong Project, Mahidol-Oxford Tropical Medicine Research Unit, Faculty of Tropical Medicine, Mahidol University",https://doi.org/10.1038/s41467-025-59946-1
KHM,Cambodia,Pfcrt K76T,P. falciparum,2017,100,100,Pfcrt,51,Ban Lung,Ratanakiri,13.6789,106.9498,"The GenRe-Mekong Project, Mahidol-Oxford Tropical Medicine Research Unit, Faculty of Tropical Medicine, Mahidol University",https://doi.org/10.7554/eLife.62997
KHM,Cambodia,Pfcrt K76T,P. falciparum,2017,100,100,Pfcrt,22,Pailin,Pailin Province,12.7418,102.6331,"The GenRe-Mekong Project, Mahidol-Oxford Tropical Medicine Research Unit, Faculty of Tropical Medicine, Mahidol University",https://doi.org/10.7554/eLife.62997
KHM,Cambodia,Pfcrt K76T,P. falciparum,2017,100,100,Pfcrt,34,Sampov Meas,Pursat,12.5076,103.9376,"The GenRe-Mekong Project, Mahidol-Oxford Tropical Medicine Research Unit, Faculty of Tropical Medicine, Mahidol University",https://doi.org/10.1038/s41467-025-59946-1
LAO,Lao People's Democratic Republic,Pfcrt K76T,P. falciparum,2022,100,100,Pfcrt,5,Nong,Savannakhet,16.4045,106.6278,"The GenRe-Mekong Project, Mahidol-Oxford Tropical Medicine Research Unit, Faculty of Tropical Medicine, Mahidol University",https://doi.org/10.1038/s41467-025-59946-1
LAO,Lao People's Democratic Republic,Pfcrt K76T,P. falciparum,2022,100,100,Pfcrt,20,Phouvong,Attapeu,14.7513,106.958,"The GenRe-Mekong Project, Mahidol-Oxford Tropical Medicine Research Unit, Faculty of Tropical Medicine, Mahidol University",https://doi.org/10.1038/s41467-025-59946-1
LAO,Lao People's Democratic Republic,Pfcrt K76T,P. falciparum,2022,100,100,Pfcrt,36,Sanxay,Attapeu,15.0856,107.2153,"The GenRe-Mekong Project, Mahidol-Oxford Tropical Medicine Research Unit, Faculty of Tropical Medicine, Mahidol University",https://doi.org/10.1038/s41467-025-59946-1
LAO,Lao People's Democratic Republic,Pfcrt K76T,P. falciparum,2022,100,100,Pfcrt,1,Xaysetha,Attapeu,14.8144,106.9344,"The GenRe-Mekong Project, Mahidol-Oxford Tropical Medicine Research Unit, Faculty of Tropical Medicine, Mahidol University",https://doi.org/10.1038/s41467-025-59946-1
LAO,Lao People's Democratic Republic,Pfcrt K76T,P. falciparum,2021,100,100,Pfcrt,6,Attapeu (city),Attapeu,14.8,106.8333,"The GenRe-Mekong Project, Mahidol-Oxford Tropical Medicine Research Unit, Faculty of Tropical Medicine, Mahidol University",https://doi.org/10.1038/s41467-025-59946-1
LAO,Lao People's Democratic Republic,Pfcrt K76T,P. falciparum,2021,26,26,Pfcrt,43,Khanthabouly,Savannakhet,16.5825,104.8673,"The GenRe-Mekong Project, Mahidol-Oxford Tropical Medicine Research Unit, Faculty of Tropical Medicine, Mahidol University",https://doi.org/10.1038/s41467-025-59946-1
LAO,Lao People's Democratic Republic,Pfcrt K76T,P. falciparum,2021,100,100,Pfcrt,3,Lam Mam,Sekong Province,15.3094,106.7173,"The GenRe-Mekong Project, Mahidol-Oxford Tropical Medicine Research Unit, Faculty of Tropical Medicine, Mahidol University",https://doi.org/10.1038/s41467-025-59946-1
LAO,Lao People's Democratic Republic,Pfcrt K76T,P. falciparum,2021,31,31,Pfcrt,49,Nong,Savannakhet,16.4045,106.6278,"The GenRe-Mekong Project, Mahidol-Oxford Tropical Medicine Research Unit, Faculty of Tropical Medicine, Mahidol University",https://doi.org/10.1038/s41467-025-59946-1
LAO,Lao People's Democratic Republic,Pfcrt K76T,P. falciparum,2021,100,100,Pfcrt,1,Pakse,Champasak,15.1138,105.816,"The GenRe-Mekong Project, Mahidol-Oxford Tropical Medicine Research Unit, Faculty of Tropical Medicine, Mahidol University",https://doi.org/10.1038/s41467-025-59946-1
LAO,Lao People's Democratic Republic,Pfcrt K76T,P. falciparum,2021,100,100,Pfcrt,6,Paksong,Champasak,15.1788,106.2394,"The GenRe-Mekong Project, Mahidol-Oxford Tropical Medicine Research Unit, Faculty of Tropical Medicine, Mahidol University",https://doi.org/10.1038/s41467-025-59946-1
LAO,Lao People's Democratic Republic,Pfcrt K76T,P. falciparum,2021,100,100,Pfcrt,47,Phouvong,Attapeu,14.7513,106.958,"The GenRe-Mekong Project, Mahidol-Oxford Tropical Medicine Research Unit, Faculty of Tropical Medicine, Mahidol University",https://doi.org/10.1038/s41467-025-59946-1
LAO,Lao People's Democratic Republic,Pfcrt K76T,P. falciparum,2021,100,100,Pfcrt,47,Sanxay,Attapeu,15.0856,107.2153,"The GenRe-Mekong Project, Mahidol-Oxford Tropical Medicine Research Unit, Faculty of Tropical Medicine, Mahidol University",https://doi.org/10.1038/s41467-025-59946-1
LAO,Lao People's Democratic Republic,Pfcrt K76T,P. falciparum,2021,100,100,Pfcrt,21,Xaysetha,Attapeu,14.8144,106.9344,"The GenRe-Mekong Project, Mahidol-Oxford Tropical Medicine Research Unit, Faculty of Tropical Medicine, Mahidol University",https://doi.org/10.1038/s41467-025-59946-1
LAO,Lao People's Democratic Republic,Pfcrt K76T,P. falciparum,2020,100,100,Pfcrt,6,Attapeu (city),Attapeu,14.8,106.8333,"The GenRe-Mekong Project, Mahidol-Oxford Tropical Medicine Research Unit, Faculty of Tropical Medicine, Mahidol University",https://doi.org/10.1038/s41467-025-59946-1
LAO,Lao People's Democratic Republic,Pfcrt K76T,P. falciparum,2020,88,88,Pfcrt,17,Khanthabouly,Savannakhet,16.5825,104.8673,"The GenRe-Mekong Project, Mahidol-Oxford Tropical Medicine Research Unit, Faculty of Tropical Medicine, Mahidol University",https://doi.org/10.1038/s41467-025-59946-1
LAO,Lao People's Democratic Republic,Pfcrt K76T,P. falciparum,2020,100,100,Pfcrt,8,Lam Mam,Sekong Province,15.3094,106.7173,"The GenRe-Mekong Project, Mahidol-Oxford Tropical Medicine Research Unit, Faculty of Tropical Medicine, Mahidol University",https://doi.org/10.1038/s41467-025-59946-1
LAO,Lao People's Democratic Republic,Pfcrt K76T,P. falciparum,2020,100,100,Pfcrt,19,Nong,Savannakhet,16.4045,106.6278,"The GenRe-Mekong Project, Mahidol-Oxford Tropical Medicine Research Unit, Faculty of Tropical Medicine, Mahidol University",https://doi.org/10.1038/s41467-025-59946-1
LAO,Lao People's Democratic Republic,Pfcrt K76T,P. falciparum,2020,100,100,Pfcrt,121,Phouvong,Attapeu,14.7513,106.958,"The GenRe-Mekong Project, Mahidol-Oxford Tropical Medicine Research Unit, Faculty of Tropical Medicine, Mahidol University",https://doi.org/10.1038/s41467-025-59946-1
LAO,Lao People's Democratic Republic,Pfcrt K76T,P. falciparum,2020,100,100,Pfcrt,31,Sanxay,Attapeu,15.0856,107.2153,"The GenRe-Mekong Project, Mahidol-Oxford Tropical Medicine Research Unit, Faculty of Tropical Medicine, Mahidol University",https://doi.org/10.1038/s41467-025-59946-1
LAO,Lao People's Democratic Republic,Pfcrt K76T,P. falciparum,2020,50,50,Pfcrt,10,Sepone,Savannakhet,16.7611,106.3375,"The GenRe-Mekong Project, Mahidol-Oxford Tropical Medicine Research Unit, Faculty of Tropical Medicine, Mahidol University",https://doi.org/10.1038/s41467-025-59946-1
LAO,Lao People's Democratic Republic,Pfcrt K76T,P. falciparum,2020,100,100,Pfcrt,6,Ta Oy,Salavan,16.05,106.5833,"The GenRe-Mekong Project, Mahidol-Oxford Tropical Medicine Research Unit, Faculty of Tropical Medicine, Mahidol University",https://doi.org/10.1038/s41467-025-59946-1
LAO,Lao People's Democratic Republic,Pfcrt K76T,P. falciparum,2020,100,100,Pfcrt,5,Thapangthong,Savannakhet,15.993,105.7928,"The GenRe-Mekong Project, Mahidol-Oxford Tropical Medicine Research Unit, Faculty of Tropical Medicine, Mahidol University",https://doi.org/10.1038/s41467-025-59946-1
LAO,Lao People's Democratic Republic,Pfcrt K76T,P. falciparum,2020,100,100,Pfcrt,1,Thaphalanxay,Savannakhet,16.7,105.6,"The GenRe-Mekong Project, Mahidol-Oxford Tropical Medicine Research Unit, Faculty of Tropical Medicine, Mahidol University",https://doi.org/10.1038/s41467-025-59946-1
LAO,Lao People's Democratic Republic,Pfcrt K76T,P. falciparum,2020,100,100,Pfcrt,20,Xaysetha,Attapeu,14.8144,106.9344,"The GenRe-Mekong Project, Mahidol-Oxford Tropical Medicine Research Unit, Faculty of Tropical Medicine, Mahidol University",https://doi.org/10.1038/s41467-025-59946-1
LAO,Lao People's Democratic Republic,Pfcrt K76T,P. falciparum,2019,88,88,Pfcrt,41,Khanthabouly,Savannakhet,16.5825,104.8673,"The GenRe-Mekong Project, Mahidol-Oxford Tropical Medicine Research Unit, Faculty of Tropical Medicine, Mahidol University",https://doi.org/10.1038/s41467-025-59946-1
LAO,Lao People's Democratic Republic,Pfcrt K76T,P. falciparum,2019,100,100,Pfcrt,3,Khong,Champasak,14.047,105.8327,"The GenRe-Mekong Project, Mahidol-Oxford Tropical Medicine Research Unit, Faculty of Tropical Medicine, Mahidol University",https://doi.org/10.1038/s41467-025-59946-1
LAO,Lao People's Democratic Republic,Pfcrt K76T,P. falciparum,2019,79,79,Pfcrt,68,Nong,Savannakhet,16.4045,106.6278,"The GenRe-Mekong Project, Mahidol-Oxford Tropical Medicine Research Unit, Faculty of Tropical Medicine, Mahidol University",https://doi.org/10.1038/s41467-025-59946-1
LAO,Lao People's Democratic Republic,Pfcrt K76T,P. falciparum,2019,80,80,Pfcrt,5,Paksong,Champasak,15.1788,106.2394,"The GenRe-Mekong Project, Mahidol-Oxford Tropical Medicine Research Unit, Faculty of Tropical Medicine, Mahidol University",https://doi.org/10.1038/s41467-025-59946-1
LAO,Lao People's Democratic Republic,Pfcrt K76T,P. falciparum,2019,100,100,Pfcrt,16,Pathouphone,Champasak,14.8419,105.948,"The GenRe-Mekong Project, Mahidol-Oxford Tropical Medicine Research Unit, Faculty of Tropical Medicine, Mahidol University",https://doi.org/10.1038/s41467-025-59946-1
LAO,Lao People's Democratic Republic,Pfcrt K76T,P. falciparum,2019,67,67,Pfcrt,12,Phine,Savannakhet,16.5328,105.952,"The GenRe-Mekong Project, Mahidol-Oxford Tropical Medicine Research Unit, Faculty of Tropical Medicine, Mahidol University",https://doi.org/10.1038/s41467-025-59946-1
LAO,Lao People's Democratic Republic,Pfcrt K76T,P. falciparum,2019,100,100,Pfcrt,22,Phouvong,Attapeu,14.7513,106.958,"The GenRe-Mekong Project, Mahidol-Oxford Tropical Medicine Research Unit, Faculty of Tropical Medicine, Mahidol University",https://doi.org/10.1038/s41467-025-59946-1
LAO,Lao People's Democratic Republic,Pfcrt K76T,P. falciparum,2019,100,100,Pfcrt,8,Sepone,Savannakhet,16.7611,106.3375,"The GenRe-Mekong Project, Mahidol-Oxford Tropical Medicine Research Unit, Faculty of Tropical Medicine, Mahidol University",https://doi.org/10.1038/s41467-025-59946-1
LAO,Lao People's Democratic Republic,Pfcrt K76T,P. falciparum,2019,89,89,Pfcrt,9,Ta Oy,Salavan,16.05,106.5833,"The GenRe-Mekong Project, Mahidol-Oxford Tropical Medicine Research Unit, Faculty of Tropical Medicine, Mahidol University",https://doi.org/10.1038/s41467-025-59946-1
LAO,Lao People's Democratic Republic,Pfcrt K76T,P. falciparum,2019,100,100,Pfcrt,4,Toomlarn,Salavan,16.031,106.2434,"The GenRe-Mekong Project, Mahidol-Oxford Tropical Medicine Research Unit, Faculty of Tropical Medicine, Mahidol University",https://doi.org/10.1038/s41467-025-59946-1
LAO,Lao People's Democratic Republic,Pfcrt K76T,P. falciparum,2019,100,100,Pfcrt,19,Xaysetha,Attapeu,14.8144,106.9344,"The GenRe-Mekong Project, Mahidol-Oxford Tropical Medicine Research Unit, Faculty of Tropical Medicine, Mahidol University",https://doi.org/10.1038/s41467-025-59946-1
LAO,Lao People's Democratic Republic,Pfcrt K76T,P. falciparum,2018,100,100,Pfcrt,4,Attapeu (city),Attapeu,14.8,106.8333,"The GenRe-Mekong Project, Mahidol-Oxford Tropical Medicine Research Unit, Faculty of Tropical Medicine, Mahidol University",https://doi.org/10.1038/s41467-025-59946-1
LAO,Lao People's Democratic Republic,Pfcrt K76T,P. falciparum,2018,100,100,Pfcrt,4,Khong,Champasak,14.047,105.8327,"The GenRe-Mekong Project, Mahidol-Oxford Tropical Medicine Research Unit, Faculty of Tropical Medicine, Mahidol University",https://doi.org/10.7554/eLife.62997
LAO,Lao People's Democratic Republic,Pfcrt K76T,P. falciparum,2018,100,100,Pfcrt,8,Lam Mam,Sekong Province,15.3094,106.7173,"The GenRe-Mekong Project, Mahidol-Oxford Tropical Medicine Research Unit, Faculty of Tropical Medicine, Mahidol University",https://doi.org/10.1038/s41467-025-59946-1
LAO,Lao People's Democratic Republic,Pfcrt K76T,P. falciparum,2018,100,100,Pfcrt,10,Nong,Savannakhet,16.4045,106.6278,"The GenRe-Mekong Project, Mahidol-Oxford Tropical Medicine Research Unit, Faculty of Tropical Medicine, Mahidol University",https://doi.org/10.7554/eLife.62997
LAO,Lao People's Democratic Republic,Pfcrt K76T,P. falciparum,2018,100,100,Pfcrt,3,Pathouphone,Champasak,14.8419,105.948,"The GenRe-Mekong Project, Mahidol-Oxford Tropical Medicine Research Unit, Faculty of Tropical Medicine, Mahidol University",https://doi.org/10.1038/s41467-025-59946-1
LAO,Lao People's Democratic Republic,Pfcrt K76T,P. falciparum,2018,100,100,Pfcrt,10,Phouvong,Attapeu,14.7513,106.958,"The GenRe-Mekong Project, Mahidol-Oxford Tropical Medicine Research Unit, Faculty of Tropical Medicine, Mahidol University",https://doi.org/10.7554/eLife.62997
LAO,Lao People's Democratic Republic,Pfcrt K76T,P. falciparum,2018,100,100,Pfcrt,5,Salavan (district),Salavan,15.7167,106.4167,"The GenRe-Mekong Project, Mahidol-Oxford Tropical Medicine Research Unit, Faculty of Tropical Medicine, Mahidol University",https://doi.org/10.7554/eLife.62997
LAO,Lao People's Democratic Republic,Pfcrt K76T,P. falciparum,2018,100,100,Pfcrt,7,Samuoi,Salavan,16.3273,106.892,"The GenRe-Mekong Project, Mahidol-Oxford Tropical Medicine Research Unit, Faculty of Tropical Medicine, Mahidol University",https://doi.org/10.7554/eLife.62997
LAO,Lao People's Democratic Republic,Pfcrt K76T,P. falciparum,2018,100,100,Pfcrt,3,Sanamxay,Attapeu,14.6845,106.5757,"The GenRe-Mekong Project, Mahidol-Oxford Tropical Medicine Research Unit, Faculty of Tropical Medicine, Mahidol University",https://doi.org/10.7554/eLife.62997
LAO,Lao People's Democratic Republic,Pfcrt K76T,P. falciparum,2018,100,100,Pfcrt,4,Sanxay,Attapeu,15.0856,107.2153,"The GenRe-Mekong Project, Mahidol-Oxford Tropical Medicine Research Unit, Faculty of Tropical Medicine, Mahidol University",https://doi.org/10.1038/s41467-025-59946-1
LAO,Lao People's Democratic Republic,Pfcrt K76T,P. falciparum,2018,100,100,Pfcrt,1,Ta Oy,Salavan,16.05,106.5833,"The GenRe-Mekong Project, Mahidol-Oxford Tropical Medicine Research Unit, Faculty of Tropical Medicine, Mahidol University",https://doi.org/10.7554/eLife.62997
LAO,Lao People's Democratic Republic,Pfcrt K76T,P. falciparum,2018,100,100,Pfcrt,22,Thapangthong,Savannakhet,15.993,105.7928,"The GenRe-Mekong Project, Mahidol-Oxford Tropical Medicine Research Unit, Faculty of Tropical Medicine, Mahidol University",https://doi.org/10.1038/s41467-025-59946-1
LAO,Lao People's Democratic Republic,Pfcrt K76T,P. falciparum,2018,100,100,Pfcrt,1,Vapy,Salavan,15.8293,105.6914,"The GenRe-Mekong Project, Mahidol-Oxford Tropical Medicine Research Unit, Faculty of Tropical Medicine, Mahidol University",https://doi.org/10.7554/eLife.62997
LAO,Lao People's Democratic Republic,Pfcrt K76T,P. falciparum,2018,100,100,Pfcrt,10,Xaysetha,Attapeu,14.8144,106.9344,"The GenRe-Mekong Project, Mahidol-Oxford Tropical Medicine Research Unit, Faculty of Tropical Medicine, Mahidol University",https://doi.org/10.7554/eLife.62997
LAO,Lao People's Democratic Republic,Pfcrt K76T,P. falciparum,2017,100,100,Pfcrt,4,Pakse,Champasak,15.1138,105.816,"The GenRe-Mekong Project, Mahidol-Oxford Tropical Medicine Research Unit, Faculty of Tropical Medicine, Mahidol University",https://doi.org/10.7554/eLife.62997
LAO,Lao People's Democratic Republic,Pfcrt K76T,P. falciparum,2017,100,100,Pfcrt,2,Tha Teng,Sekong Province,15.4288,106.379,"The GenRe-Mekong Project, Mahidol-Oxford Tropical Medicine Research Unit, Faculty of Tropical Medicine, Mahidol University",https://doi.org/10.7554/eLife.62997
LAO,Lao People's Democratic Republic,Pfcrt K76T,P. falciparum,2017,100,100,Pfcrt,4,Thaphalanxay,Savannakhet,16.7,105.6,"The GenRe-Mekong Project, Mahidol-Oxford Tropical Medicine Research Unit, Faculty of Tropical Medicine, Mahidol University",https://doi.org/10.7554/eLife.62997
LAO,Lao People's Democratic Republic,Pfcrt K76T,P. falciparum,2017,100,100,Pfcrt,19,Vilabuly,Savannakhet,16.9414,105.9753,"The GenRe-Mekong Project, Mahidol-Oxford Tropical Medicine Research Unit, Faculty of Tropical Medicine, Mahidol University",https://doi.org/10.7554/eLife.62997
MMR,Myanmar,Pfcrt K76T,P. falciparum,2017,71,71,Pfcrt,41,Kyaukphyu,Rakhine,19.4222,93.5264,"The GenRe-Mekong Project, Mahidol-Oxford Tropical Medicine Research Unit, Faculty of Tropical Medicine, Mahidol University",https://doi.org/10.1038/s41467-025-59946-1
MMR,Myanmar,Pfcrt K76T,P. falciparum,2017,50,50,Pfcrt,4,Pyay,Bago,18.9147,95.1723,"The GenRe-Mekong Project, Mahidol-Oxford Tropical Medicine Research Unit, Faculty of Tropical Medicine, Mahidol University",https://doi.org/10.7554/eLife.62997
MMR,Myanmar,Pfcrt K76T,P. falciparum,2017,100,100,Pfcrt,14,Pyin Oo Lwin,Mandalay,22.0392,96.4717,"The GenRe-Mekong Project, Mahidol-Oxford Tropical Medicine Research Unit, Faculty of Tropical Medicine, Mahidol University",https://doi.org/10.1038/s41467-025-59946-1
NIC,Nicaragua,Pfcrt K76T,P. falciparum,2016,4.3,4.3,Pfcrt,23,All country (Nicaragua),,13.1333,-85.1167,"Laboratorio de Parasitología, Sección de Malaria",
NIC,Nicaragua,Pfcrt K76T,P. falciparum,2015,0,0,Pfcrt,55,All country (Nicaragua),,13.1333,-85.1167,"Laboratorio de Parasitología, Sección de Malaria",
NIC,Nicaragua,Pfcrt K76T,P. falciparum,2011,0,0,Pfcrt,1,Bonanza,Region Autonoma del Atlantico Norte,14.0167,-84.5833,"Malaria Branch, Division of Parasitic Diseases and Malaria, Center for Global Health, Center for Disease Control and Prevention",http://www.ncbi.nlm.nih.gov/pubmed/24615126
NIC,Nicaragua,Pfcrt K76T,P. falciparum,2011,0,0,Pfcrt,6,Prinzapolka,Region Autonoma del Atlantico Norte,13.4,-83.5667,"Malaria Branch, Division of Parasitic Diseases and Malaria, Center for Global Health, Center for Disease Control and Prevention",http://www.ncbi.nlm.nih.gov/pubmed/24615126
NIC,Nicaragua,Pfcrt K76T,P. falciparum,2011,0,0,Pfcrt,5,Rosita,Region Autonoma del Atlantico Norte,13.8833,-84.4,"Malaria Branch, Division of Parasitic Diseases and Malaria, Center for Global Health, Center for Disease Control and Prevention",http://www.ncbi.nlm.nih.gov/pubmed/24615126
NIC,Nicaragua,Pfcrt K76T,P. falciparum,2011,0,0,Pfcrt,18,Siuna,Region Autonoma del Atlantico Norte,13.7333,-84.7667,"Malaria Branch, Division of Parasitic Diseases and Malaria, Center for Global Health, Center for Disease Control and Prevention",http://www.ncbi.nlm.nih.gov/pubmed/24615126
NIC,Nicaragua,Pfcrt K76T,P. falciparum,2011,0,0,Pfcrt,15,Waspam,Region Autonoma del Atlantico Norte,14.7333,-83.9667,"Malaria Branch, Division of Parasitic Diseases and Malaria, Center for Global Health, Center for Disease Control and Prevention",http://www.ncbi.nlm.nih.gov/pubmed/24615126
THA,Thailand,Pfcrt K76T,P. falciparum,2018,100,100,Pfcrt,28,Kantharalak,Sisaket,14.64,104.65,"The GenRe-Mekong Project, Mahidol-Oxford Tropical Medicine Research Unit, Faculty of Tropical Medicine, Mahidol University",https://doi.org/10.7554/eLife.62997
THA,Thailand,Pfcrt K76T,P. falciparum,2018,100,100,Pfcrt,4,Nam Yuen,Ubon Ratchathani,14.4892,105.0008,"The GenRe-Mekong Project, Mahidol-Oxford Tropical Medicine Research Unit, Faculty of Tropical Medicine, Mahidol University",https://doi.org/10.1038/s41467-025-59946-1
THA,Thailand,Pfcrt K76T,P. falciparum,2018,100,100,Pfcrt,12,Phu Sing,Sisaket,14.5467,104.1317,"The GenRe-Mekong Project, Mahidol-Oxford Tropical Medicine Research Unit, Faculty of Tropical Medicine, Mahidol University",https://doi.org/10.7554/eLife.62997
THA,Thailand,Pfcrt K76T,P. falciparum,2017,100,100,Pfcrt,11,Buntharik,Ubon Ratchathani,14.7567,105.4114,"The GenRe-Mekong Project, Mahidol-Oxford Tropical Medicine Research Unit, Faculty of Tropical Medicine, Mahidol University",https://doi.org/10.7554/eLife.62997
THA,Thailand,Pfcrt K76T,P. falciparum,2017,100,100,Pfcrt,13,Khun Han,Sisaket,14.5473,104.2593,"The GenRe-Mekong Project, Mahidol-Oxford Tropical Medicine Research Unit, Faculty of Tropical Medicine, Mahidol University",https://doi.org/10.7554/eLife.62997
THA,Thailand,Pfcrt K76T,P. falciparum,2017,100,100,Pfcrt,3,Na Chaluai,Ubon Ratchathani,14.5036,105.2429,"The GenRe-Mekong Project, Mahidol-Oxford Tropical Medicine Research Unit, Faculty of Tropical Medicine, Mahidol University",https://doi.org/10.7554/eLife.62997
THA,Thailand,Pfcrt K76T,P. falciparum,2017,100,100,Pfcrt,12,Phu Sing,Sisaket,14.5467,104.1317,"The GenRe-Mekong Project, Mahidol-Oxford Tropical Medicine Research Unit, Faculty of Tropical Medicine, Mahidol University",https://doi.org/10.7554/eLife.62997
VNM,Viet Nam,Pfcrt K76T,P. falciparum,2022,100,100,Pfcrt,1,Dong Hoi,Quang Binh,13.3662,108.9831,"The GenRe-Mekong Project, Mahidol-Oxford Tropical Medicine Research Unit, Faculty of Tropical Medicine, Mahidol University",https://doi.org/10.1038/s41467-025-59946-1
VNM,Viet Nam,Pfcrt K76T,P. falciparum,2022,100,100,Pfcrt,4,Dong Xuan,Phu Yen,13.4253,109.0214,"The GenRe-Mekong Project, Mahidol-Oxford Tropical Medicine Research Unit, Faculty of Tropical Medicine, Mahidol University",https://doi.org/10.1038/s41467-025-59946-1
VNM,Viet Nam,Pfcrt K76T,P. falciparum,2022,100,100,Pfcrt,1,Ea Kar,Dak Lak,12.7554,108.5383,"The GenRe-Mekong Project, Mahidol-Oxford Tropical Medicine Research Unit, Faculty of Tropical Medicine, Mahidol University",https://doi.org/10.1038/s41467-025-59946-1
VNM,Viet Nam,Pfcrt K76T,P. falciparum,2022,100,100,Pfcrt,129,Krong Pa,Gia Lai,13.2346,108.5179,"The GenRe-Mekong Project, Mahidol-Oxford Tropical Medicine Research Unit, Faculty of Tropical Medicine, Mahidol University",https://doi.org/10.1038/s41467-025-59946-1
VNM,Viet Nam,Pfcrt K76T,P. falciparum,2021,100,100,Pfcrt,9,Dong Xuan,Phu Yen,13.4253,109.0214,"The GenRe-Mekong Project, Mahidol-Oxford Tropical Medicine Research Unit, Faculty of Tropical Medicine, Mahidol University",https://doi.org/10.1038/s41467-025-59946-1
VNM,Viet Nam,Pfcrt K76T,P. falciparum,2021,100,100,Pfcrt,9,Kong Chro,Gia Lai,13.7037,108.5701,"The GenRe-Mekong Project, Mahidol-Oxford Tropical Medicine Research Unit, Faculty of Tropical Medicine, Mahidol University",https://doi.org/10.1038/s41467-025-59946-1
VNM,Viet Nam,Pfcrt K76T,P. falciparum,2021,100,100,Pfcrt,64,Krong Pa,Gia Lai,13.2346,108.5179,"The GenRe-Mekong Project, Mahidol-Oxford Tropical Medicine Research Unit, Faculty of Tropical Medicine, Mahidol University",https://doi.org/10.1038/s41467-025-59946-1
VNM,Viet Nam,Pfcrt K76T,P. falciparum,2021,100,100,Pfcrt,6,Son Hoa,Phu Yen,13.1482,108.9644,"The GenRe-Mekong Project, Mahidol-Oxford Tropical Medicine Research Unit, Faculty of Tropical Medicine, Mahidol University",https://doi.org/10.1038/s41467-025-59946-1
VNM,Viet Nam,Pfcrt K76T,P. falciparum,2021,100,100,Pfcrt,4,Song Hinh,Phu Yen,12.917,108.917,"The GenRe-Mekong Project, Mahidol-Oxford Tropical Medicine Research Unit, Faculty of Tropical Medicine, Mahidol University",https://doi.org/10.1038/s41467-025-59946-1
VNM,Viet Nam,Pfcrt K76T,P. falciparum,2020,0,0,,3,Bac Ai,Ninh Thuan,11.8334,108.8551,"The GenRe-Mekong Project, Mahidol-Oxford Tropical Medicine Research Unit, Faculty of Tropical Medicine, Mahidol University",https://doi.org/10.1038/s41467-025-59946-1
VNM,Viet Nam,Pfcrt K76T,P. falciparum,2020,100,100,Pfcrt,6,Bac Binh,Binh Thuan,11.2552,108.3801,"The GenRe-Mekong Project, Mahidol-Oxford Tropical Medicine Research Unit, Faculty of Tropical Medicine, Mahidol University",https://doi.org/10.1038/s41467-025-59946-1
VNM,Viet Nam,Pfcrt K76T,P. falciparum,2020,100,100,Pfcrt,7,Bu Gia Map,Binh Phuoc,12.0392,107.0539,"The GenRe-Mekong Project, Mahidol-Oxford Tropical Medicine Research Unit, Faculty of Tropical Medicine, Mahidol University",https://doi.org/10.1038/s41467-025-59946-1
VNM,Viet Nam,Pfcrt K76T,P. falciparum,2020,80,80,Pfcrt,5,Dong Ha,Quang Tri,16.7964,107.0835,"The GenRe-Mekong Project, Mahidol-Oxford Tropical Medicine Research Unit, Faculty of Tropical Medicine, Mahidol University",https://doi.org/10.1038/s41467-025-59946-1
VNM,Viet Nam,Pfcrt K76T,P. falciparum,2020,100,100,Pfcrt,16,Dong Xuan,Phu Yen,13.4253,109.0214,"The GenRe-Mekong Project, Mahidol-Oxford Tropical Medicine Research Unit, Faculty of Tropical Medicine, Mahidol University",https://doi.org/10.1038/s41467-025-59946-1
VNM,Viet Nam,Pfcrt K76T,P. falciparum,2020,100,100,Pfcrt,25,Ea Kar,Dak Lak,12.7554,108.5383,"The GenRe-Mekong Project, Mahidol-Oxford Tropical Medicine Research Unit, Faculty of Tropical Medicine, Mahidol University",https://doi.org/10.1038/s41467-025-59946-1
VNM,Viet Nam,Pfcrt K76T,P. falciparum,2020,100,100,Pfcrt,2,Ham Thuan Bac,Binh Thuan,11.1563,108.0324,"The GenRe-Mekong Project, Mahidol-Oxford Tropical Medicine Research Unit, Faculty of Tropical Medicine, Mahidol University",https://doi.org/10.1038/s41467-025-59946-1
VNM,Viet Nam,Pfcrt K76T,P. falciparum,2020,100,100,Pfcrt,7,Kong Chro,Gia Lai,13.7037,108.5701,"The GenRe-Mekong Project, Mahidol-Oxford Tropical Medicine Research Unit, Faculty of Tropical Medicine, Mahidol University",https://doi.org/10.1038/s41467-025-59946-1
VNM,Viet Nam,Pfcrt K76T,P. falciparum,2020,100,100,Pfcrt,20,Krông Năng,Dak Lak,13,108.417,"The GenRe-Mekong Project, Mahidol-Oxford Tropical Medicine Research Unit, Faculty of Tropical Medicine, Mahidol University",https://doi.org/10.1038/s41467-025-59946-1
VNM,Viet Nam,Pfcrt K76T,P. falciparum,2020,100,100,Pfcrt,130,Krong Pa,Gia Lai,13.2346,108.5179,"The GenRe-Mekong Project, Mahidol-Oxford Tropical Medicine Research Unit, Faculty of Tropical Medicine, Mahidol University",https://doi.org/10.1038/s41467-025-59946-1
VNM,Viet Nam,Pfcrt K76T,P. falciparum,2020,100,100,Pfcrt,5,Pleiku,Gia Lai,13.9671,108.0129,"The GenRe-Mekong Project, Mahidol-Oxford Tropical Medicine Research Unit, Faculty of Tropical Medicine, Mahidol University",https://doi.org/10.1038/s41467-025-59946-1
VNM,Viet Nam,Pfcrt K76T,P. falciparum,2020,100,100,Pfcrt,10,Son Hoa,Phu Yen,13.1482,108.9644,"The GenRe-Mekong Project, Mahidol-Oxford Tropical Medicine Research Unit, Faculty of Tropical Medicine, Mahidol University",https://doi.org/10.1038/s41467-025-59946-1
VNM,Viet Nam,Pfcrt K76T,P. falciparum,2020,100,100,Pfcrt,29,Song Hinh,Phu Yen,12.917,108.917,"The GenRe-Mekong Project, Mahidol-Oxford Tropical Medicine Research Unit, Faculty of Tropical Medicine, Mahidol University",https://doi.org/10.1038/s41467-025-59946-1
VNM,Viet Nam,Pfcrt K76T,P. falciparum,2019,0,0,,11,Bac Ai,Ninh Thuan,11.8334,108.8551,"The GenRe-Mekong Project, Mahidol-Oxford Tropical Medicine Research Unit, Faculty of Tropical Medicine, Mahidol University",https://doi.org/10.1038/s41467-025-59946-1
VNM,Viet Nam,Pfcrt K76T,P. falciparum,2019,100,100,Pfcrt,21,Bu Gia Map,Binh Phuoc,12.0392,107.0539,"The GenRe-Mekong Project, Mahidol-Oxford Tropical Medicine Research Unit, Faculty of Tropical Medicine, Mahidol University",https://doi.org/10.7554/eLife.62997
VNM,Viet Nam,Pfcrt K76T,P. falciparum,2019,94,94,Pfcrt,18,Buon Ma Thuot,Dak Lak,12.6667,108.05,"The GenRe-Mekong Project, Mahidol-Oxford Tropical Medicine Research Unit, Faculty of Tropical Medicine, Mahidol University",https://doi.org/10.1038/s41467-025-59946-1
VNM,Viet Nam,Pfcrt K76T,P. falciparum,2019,100,100,Pfcrt,20,Cu Jut,Dak Nong,12.6573,107.8656,"The GenRe-Mekong Project, Mahidol-Oxford Tropical Medicine Research Unit, Faculty of Tropical Medicine, Mahidol University",https://doi.org/10.7554/eLife.62997
VNM,Viet Nam,Pfcrt K76T,P. falciparum,2019,40,40,Pfcrt,5,Dong Ha,Quang Tri,16.7964,107.0835,"The GenRe-Mekong Project, Mahidol-Oxford Tropical Medicine Research Unit, Faculty of Tropical Medicine, Mahidol University",https://doi.org/10.1038/s41467-025-59946-1
VNM,Viet Nam,Pfcrt K76T,P. falciparum,2019,100,100,Pfcrt,75,Dong Xuan,Phu Yen,13.4253,109.0214,"The GenRe-Mekong Project, Mahidol-Oxford Tropical Medicine Research Unit, Faculty of Tropical Medicine, Mahidol University",https://doi.org/10.1038/s41467-025-59946-1
VNM,Viet Nam,Pfcrt K76T,P. falciparum,2019,100,100,Pfcrt,8,Duc Co,Gia Lai,13.7729,107.6544,"The GenRe-Mekong Project, Mahidol-Oxford Tropical Medicine Research Unit, Faculty of Tropical Medicine, Mahidol University",https://doi.org/10.7554/eLife.62997
VNM,Viet Nam,Pfcrt K76T,P. falciparum,2019,100,100,Pfcrt,9,Ea H'leo,Dak Lak,13.2445,108.1979,"The GenRe-Mekong Project, Mahidol-Oxford Tropical Medicine Research Unit, Faculty of Tropical Medicine, Mahidol University",https://doi.org/10.1038/s41467-025-59946-1
VNM,Viet Nam,Pfcrt K76T,P. falciparum,2019,99,99,Pfcrt,123,Ea Kar,Dak Lak,12.7554,108.5383,"The GenRe-Mekong Project, Mahidol-Oxford Tropical Medicine Research Unit, Faculty of Tropical Medicine, Mahidol University",https://doi.org/10.7554/eLife.62997
VNM,Viet Nam,Pfcrt K76T,P. falciparum,2019,100,100,Pfcrt,6,Ea Sup,Dak Lak,13.1862,107.7636,"The GenRe-Mekong Project, Mahidol-Oxford Tropical Medicine Research Unit, Faculty of Tropical Medicine, Mahidol University",https://doi.org/10.1038/s41467-025-59946-1
VNM,Viet Nam,Pfcrt K76T,P. falciparum,2019,100,100,Pfcrt,9,Ia Grai,Gia Lai,14,107.75,"The GenRe-Mekong Project, Mahidol-Oxford Tropical Medicine Research Unit, Faculty of Tropical Medicine, Mahidol University",https://doi.org/10.1038/s41467-025-59946-1
VNM,Viet Nam,Pfcrt K76T,P. falciparum,2019,100,100,Pfcrt,2,Ia H' Drai,Kon Tum,14.1026,107.4543,"The GenRe-Mekong Project, Mahidol-Oxford Tropical Medicine Research Unit, Faculty of Tropical Medicine, Mahidol University",https://doi.org/10.1038/s41467-025-59946-1
VNM,Viet Nam,Pfcrt K76T,P. falciparum,2019,100,100,Pfcrt,54,Ia Pa,Gia Lai,13.5343,108.566,"The GenRe-Mekong Project, Mahidol-Oxford Tropical Medicine Research Unit, Faculty of Tropical Medicine, Mahidol University",https://doi.org/10.7554/eLife.62997
VNM,Viet Nam,Pfcrt K76T,P. falciparum,2019,100,100,Pfcrt,6,Khanh Vinh,Khánh Hòa,12.2744,108.9175,"The GenRe-Mekong Project, Mahidol-Oxford Tropical Medicine Research Unit, Faculty of Tropical Medicine, Mahidol University",https://doi.org/10.7554/eLife.62997
VNM,Viet Nam,Pfcrt K76T,P. falciparum,2019,100,100,Pfcrt,1,Kon Tum,Kon Tum,14.3438,108.0031,"The GenRe-Mekong Project, Mahidol-Oxford Tropical Medicine Research Unit, Faculty of Tropical Medicine, Mahidol University",https://doi.org/10.1038/s41467-025-59946-1
VNM,Viet Nam,Pfcrt K76T,P. falciparum,2019,100,100,Pfcrt,9,Kong Chro,Gia Lai,13.7037,108.5701,"The GenRe-Mekong Project, Mahidol-Oxford Tropical Medicine Research Unit, Faculty of Tropical Medicine, Mahidol University",https://doi.org/10.7554/eLife.62997
VNM,Viet Nam,Pfcrt K76T,P. falciparum,2019,100,100,Pfcrt,1,Krong Bong,Dak Lak,12.4695,108.5072,"The GenRe-Mekong Project, Mahidol-Oxford Tropical Medicine Research Unit, Faculty of Tropical Medicine, Mahidol University",https://doi.org/10.1038/s41467-025-59946-1
VNM,Viet Nam,Pfcrt K76T,P. falciparum,2019,100,100,Pfcrt,119,Krông Năng,Dak Lak,13,108.417,"The GenRe-Mekong Project, Mahidol-Oxford Tropical Medicine Research Unit, Faculty of Tropical Medicine, Mahidol University",https://doi.org/10.1038/s41467-025-59946-1
VNM,Viet Nam,Pfcrt K76T,P. falciparum,2019,100,100,Pfcrt,383,Krong Pa,Gia Lai,13.2346,108.5179,"The GenRe-Mekong Project, Mahidol-Oxford Tropical Medicine Research Unit, Faculty of Tropical Medicine, Mahidol University",https://doi.org/10.7554/eLife.62997
VNM,Viet Nam,Pfcrt K76T,P. falciparum,2019,100,100,Pfcrt,4,M'Drak,Dak Lak,12.7308,108.8188,"The GenRe-Mekong Project, Mahidol-Oxford Tropical Medicine Research Unit, Faculty of Tropical Medicine, Mahidol University",https://doi.org/10.1038/s41467-025-59946-1
VNM,Viet Nam,Pfcrt K76T,P. falciparum,2019,100,100,Pfcrt,15,Pleiku,Gia Lai,13.9671,108.0129,"The GenRe-Mekong Project, Mahidol-Oxford Tropical Medicine Research Unit, Faculty of Tropical Medicine, Mahidol University",https://doi.org/10.1038/s41467-025-59946-1
VNM,Viet Nam,Pfcrt K76T,P. falciparum,2019,100,100,Pfcrt,29,Son Hoa,Phu Yen,13.1482,108.9644,"The GenRe-Mekong Project, Mahidol-Oxford Tropical Medicine Research Unit, Faculty of Tropical Medicine, Mahidol University",https://doi.org/10.1038/s41467-025-59946-1
VNM,Viet Nam,Pfcrt K76T,P. falciparum,2019,100,100,Pfcrt,74,Song Hinh,Phu Yen,12.917,108.917,"The GenRe-Mekong Project, Mahidol-Oxford Tropical Medicine Research Unit, Faculty of Tropical Medicine, Mahidol University",https://doi.org/10.1038/s41467-025-59946-1
VNM,Viet Nam,Pfcrt K76T,P. falciparum,2019,100,100,Pfcrt,23,Tuy Duc,Dak Nong,12.1576,107.4342,"The GenRe-Mekong Project, Mahidol-Oxford Tropical Medicine Research Unit, Faculty of Tropical Medicine, Mahidol University",https://doi.org/10.1038/s41467-025-59946-1
VNM,Viet Nam,Pfcrt K76T,P. falciparum,2018,0,0,,5,Bac Ai,Ninh Thuan,11.8334,108.8551,"The GenRe-Mekong Project, Mahidol-Oxford Tropical Medicine Research Unit, Faculty of Tropical Medicine, Mahidol University",https://doi.org/10.7554/eLife.62997
VNM,Viet Nam,Pfcrt K76T,P. falciparum,2018,100,100,Pfcrt,16,Bu Dang,Binh Phuoc,11.7693,107.1485,"The GenRe-Mekong Project, Mahidol-Oxford Tropical Medicine Research Unit, Faculty of Tropical Medicine, Mahidol University",https://doi.org/10.7554/eLife.62997
VNM,Viet Nam,Pfcrt K76T,P. falciparum,2018,100,100,Pfcrt,16,Bu Dop,Binh Phuoc,11.9856,106.7636,"The GenRe-Mekong Project, Mahidol-Oxford Tropical Medicine Research Unit, Faculty of Tropical Medicine, Mahidol University",https://doi.org/10.7554/eLife.62997
VNM,Viet Nam,Pfcrt K76T,P. falciparum,2018,100,100,Pfcrt,285,Bu Gia Map,Binh Phuoc,12.0392,107.0539,"The GenRe-Mekong Project, Mahidol-Oxford Tropical Medicine Research Unit, Faculty of Tropical Medicine, Mahidol University",https://doi.org/10.7554/eLife.62997
VNM,Viet Nam,Pfcrt K76T,P. falciparum,2018,100,100,Pfcrt,23,Buon Don,Dak Lak,12.8792,107.7163,"The GenRe-Mekong Project, Mahidol-Oxford Tropical Medicine Research Unit, Faculty of Tropical Medicine, Mahidol University",https://doi.org/10.7554/eLife.62997
VNM,Viet Nam,Pfcrt K76T,P. falciparum,2018,100,100,Pfcrt,41,Buon Ma Thuot,Dak Lak,12.6667,108.05,"The GenRe-Mekong Project, Mahidol-Oxford Tropical Medicine Research Unit, Faculty of Tropical Medicine, Mahidol University",https://doi.org/10.1038/s41467-025-59946-1
VNM,Viet Nam,Pfcrt K76T,P. falciparum,2018,100,100,Pfcrt,24,Cu Jut,Dak Nong,12.6573,107.8656,"The GenRe-Mekong Project, Mahidol-Oxford Tropical Medicine Research Unit, Faculty of Tropical Medicine, Mahidol University",https://doi.org/10.7554/eLife.62997
VNM,Viet Nam,Pfcrt K76T,P. falciparum,2018,100,100,Pfcrt,3,Cu M'gar,Dak Lak,12.8889,108.0319,"The GenRe-Mekong Project, Mahidol-Oxford Tropical Medicine Research Unit, Faculty of Tropical Medicine, Mahidol University",https://doi.org/10.1038/s41467-025-59946-1
VNM,Viet Nam,Pfcrt K76T,P. falciparum,2018,73,73,Pfcrt,11,Da Krong,Quang Tri,16.5788,106.9769,"The GenRe-Mekong Project, Mahidol-Oxford Tropical Medicine Research Unit, Faculty of Tropical Medicine, Mahidol University",https://doi.org/10.1038/s41467-025-59946-1
VNM,Viet Nam,Pfcrt K76T,P. falciparum,2018,100,100,Pfcrt,2,Dong Ha,Quang Tri,16.7964,107.0835,"The GenRe-Mekong Project, Mahidol-Oxford Tropical Medicine Research Unit, Faculty of Tropical Medicine, Mahidol University",https://doi.org/10.7554/eLife.62997
VNM,Viet Nam,Pfcrt K76T,P. falciparum,2018,100,100,Pfcrt,43,Duc Co,Gia Lai,13.7729,107.6544,"The GenRe-Mekong Project, Mahidol-Oxford Tropical Medicine Research Unit, Faculty of Tropical Medicine, Mahidol University",https://doi.org/10.7554/eLife.62997
VNM,Viet Nam,Pfcrt K76T,P. falciparum,2018,100,100,Pfcrt,3,Ea H'leo,Dak Lak,13.2445,108.1979,"The GenRe-Mekong Project, Mahidol-Oxford Tropical Medicine Research Unit, Faculty of Tropical Medicine, Mahidol University",https://doi.org/10.1038/s41467-025-59946-1
VNM,Viet Nam,Pfcrt K76T,P. falciparum,2018,100,100,Pfcrt,14,Ea Sup,Dak Lak,13.1862,107.7636,"The GenRe-Mekong Project, Mahidol-Oxford Tropical Medicine Research Unit, Faculty of Tropical Medicine, Mahidol University",https://doi.org/10.7554/eLife.62997
VNM,Viet Nam,Pfcrt K76T,P. falciparum,2018,100,100,Pfcrt,1,Hon Quan,Binh Phuoc,11.5878,106.6525,"The GenRe-Mekong Project, Mahidol-Oxford Tropical Medicine Research Unit, Faculty of Tropical Medicine, Mahidol University",https://doi.org/10.7554/eLife.62997
VNM,Viet Nam,Pfcrt K76T,P. falciparum,2018,100,100,Pfcrt,6,Huong Hoa,Quang Tri,16.6496,106.6763,"The GenRe-Mekong Project, Mahidol-Oxford Tropical Medicine Research Unit, Faculty of Tropical Medicine, Mahidol University",https://doi.org/10.7554/eLife.62997
VNM,Viet Nam,Pfcrt K76T,P. falciparum,2018,100,100,Pfcrt,17,Ia Grai,Gia Lai,14,107.75,"The GenRe-Mekong Project, Mahidol-Oxford Tropical Medicine Research Unit, Faculty of Tropical Medicine, Mahidol University",https://doi.org/10.7554/eLife.62997
VNM,Viet Nam,Pfcrt K76T,P. falciparum,2018,100,100,Pfcrt,27,Ia Pa,Gia Lai,13.5343,108.566,"The GenRe-Mekong Project, Mahidol-Oxford Tropical Medicine Research Unit, Faculty of Tropical Medicine, Mahidol University",https://doi.org/10.7554/eLife.62997
VNM,Viet Nam,Pfcrt K76T,P. falciparum,2018,100,100,Pfcrt,45,Khanh Vinh,Khánh Hòa,12.2744,108.9175,"The GenRe-Mekong Project, Mahidol-Oxford Tropical Medicine Research Unit, Faculty of Tropical Medicine, Mahidol University",https://doi.org/10.7554/eLife.62997
VNM,Viet Nam,Pfcrt K76T,P. falciparum,2018,100,100,Pfcrt,294,Krong Pa,Gia Lai,13.2346,108.5179,"The GenRe-Mekong Project, Mahidol-Oxford Tropical Medicine Research Unit, Faculty of Tropical Medicine, Mahidol University",https://doi.org/10.7554/eLife.62997
VNM,Viet Nam,Pfcrt K76T,P. falciparum,2018,100,100,Pfcrt,28,Pleiku,Gia Lai,13.9671,108.0129,"The GenRe-Mekong Project, Mahidol-Oxford Tropical Medicine Research Unit, Faculty of Tropical Medicine, Mahidol University",https://doi.org/10.1038/s41467-025-59946-1
VNM,Viet Nam,Pfcrt K76T,P. falciparum,2018,100,100,Pfcrt,33,Tuy Duc,Dak Nong,12.1576,107.4342,"The GenRe-Mekong Project, Mahidol-Oxford Tropical Medicine Research Unit, Faculty of Tropical Medicine, Mahidol University",https://doi.org/10.7554/eLife.62997
VNM,Viet Nam,Pfcrt K76T,P. falciparum,2017,10,10,Pfcrt,19,Bac Ai,Ninh Thuan,11.8334,108.8551,"The GenRe-Mekong Project, Mahidol-Oxford Tropical Medicine Research Unit, Faculty of Tropical Medicine, Mahidol University",https://doi.org/10.7554/eLife.62997
VNM,Viet Nam,Pfcrt K76T,P. falciparum,2017,100,100,Pfcrt,122,Bu Gia Map,Binh Phuoc,12.0392,107.0539,"The GenRe-Mekong Project, Mahidol-Oxford Tropical Medicine Research Unit, Faculty of Tropical Medicine, Mahidol University",https://doi.org/10.7554/eLife.62997
VNM,Viet Nam,Pfcrt K76T,P. falciparum,2017,100,100,Pfcrt,32,Buon Don,Dak Lak,12.8792,107.7163,"The GenRe-Mekong Project, Mahidol-Oxford Tropical Medicine Research Unit, Faculty of Tropical Medicine, Mahidol University",https://doi.org/10.7554/eLife.62997
VNM,Viet Nam,Pfcrt K76T,P. falciparum,2017,98,98,Pfcrt,47,Buon Ma Thuot,Dak Lak,12.6667,108.05,"The GenRe-Mekong Project, Mahidol-Oxford Tropical Medicine Research Unit, Faculty of Tropical Medicine, Mahidol University",https://doi.org/10.1038/s41467-025-59946-1
VNM,Viet Nam,Pfcrt K76T,P. falciparum,2017,100,100,Pfcrt,4,Cam Lam,Khánh Hòa,12.0017,109.2233,"The GenRe-Mekong Project, Mahidol-Oxford Tropical Medicine Research Unit, Faculty of Tropical Medicine, Mahidol University",https://doi.org/10.7554/eLife.62997
VNM,Viet Nam,Pfcrt K76T,P. falciparum,2017,100,100,Pfcrt,22,Cu Jut,Dak Nong,12.6573,107.8656,"The GenRe-Mekong Project, Mahidol-Oxford Tropical Medicine Research Unit, Faculty of Tropical Medicine, Mahidol University",https://doi.org/10.7554/eLife.62997
VNM,Viet Nam,Pfcrt K76T,P. falciparum,2017,100,100,Pfcrt,3,Cu M'gar,Dak Lak,12.8889,108.0319,"The GenRe-Mekong Project, Mahidol-Oxford Tropical Medicine Research Unit, Faculty of Tropical Medicine, Mahidol University",https://doi.org/10.1038/s41467-025-59946-1
VNM,Viet Nam,Pfcrt K76T,P. falciparum,2017,69,69,Pfcrt,26,Dong Ha,Quang Tri,16.7964,107.0835,"The GenRe-Mekong Project, Mahidol-Oxford Tropical Medicine Research Unit, Faculty of Tropical Medicine, Mahidol University",https://doi.org/10.7554/eLife.62997
VNM,Viet Nam,Pfcrt K76T,P. falciparum,2017,100,100,Pfcrt,82,Dong Xoai,Binh Phuoc,11.5219,106.8608,"The GenRe-Mekong Project, Mahidol-Oxford Tropical Medicine Research Unit, Faculty of Tropical Medicine, Mahidol University",https://doi.org/10.1038/s41467-025-59946-1
VNM,Viet Nam,Pfcrt K76T,P. falciparum,2017,100,100,Pfcrt,77,Duc Co,Gia Lai,13.7729,107.6544,"The GenRe-Mekong Project, Mahidol-Oxford Tropical Medicine Research Unit, Faculty of Tropical Medicine, Mahidol University",https://doi.org/10.7554/eLife.62997
VNM,Viet Nam,Pfcrt K76T,P. falciparum,2017,100,100,Pfcrt,25,Ea H'leo,Dak Lak,13.2445,108.1979,"The GenRe-Mekong Project, Mahidol-Oxford Tropical Medicine Research Unit, Faculty of Tropical Medicine, Mahidol University",https://doi.org/10.1038/s41467-025-59946-1
VNM,Viet Nam,Pfcrt K76T,P. falciparum,2017,100,100,Pfcrt,26,Ea Kar,Dak Lak,12.7554,108.5383,"The GenRe-Mekong Project, Mahidol-Oxford Tropical Medicine Research Unit, Faculty of Tropical Medicine, Mahidol University",https://doi.org/10.7554/eLife.62997
VNM,Viet Nam,Pfcrt K76T,P. falciparum,2017,100,100,Pfcrt,17,Ea Sup,Dak Lak,13.1862,107.7636,"The GenRe-Mekong Project, Mahidol-Oxford Tropical Medicine Research Unit, Faculty of Tropical Medicine, Mahidol University",https://doi.org/10.7554/eLife.62997
VNM,Viet Nam,Pfcrt K76T,P. falciparum,2017,100,100,Pfcrt,27,Ia Grai,Gia Lai,14,107.75,"The GenRe-Mekong Project, Mahidol-Oxford Tropical Medicine Research Unit, Faculty of Tropical Medicine, Mahidol University",https://doi.org/10.7554/eLife.62997
VNM,Viet Nam,Pfcrt K76T,P. falciparum,2017,98,98,Pfcrt,41,Ia Pa,Gia Lai,13.5343,108.566,"The GenRe-Mekong Project, Mahidol-Oxford Tropical Medicine Research Unit, Faculty of Tropical Medicine, Mahidol University",https://doi.org/10.7554/eLife.62997
VNM,Viet Nam,Pfcrt K76T,P. falciparum,2017,79,79,Pfcrt,14,Khanh Vinh,Khánh Hòa,12.2744,108.9175,"The GenRe-Mekong Project, Mahidol-Oxford Tropical Medicine Research Unit, Faculty of Tropical Medicine, Mahidol University",https://doi.org/10.7554/eLife.62997
VNM,Viet Nam,Pfcrt K76T,P. falciparum,2017,100,100,Pfcrt,10,Kong Chro,Gia Lai,13.7037,108.5701,"The GenRe-Mekong Project, Mahidol-Oxford Tropical Medicine Research Unit, Faculty of Tropical Medicine, Mahidol University",https://doi.org/10.7554/eLife.62997
VNM,Viet Nam,Pfcrt K76T,P. falciparum,2017,100,100,Pfcrt,2,Krông Năng,Dak Lak,13,108.417,"The GenRe-Mekong Project, Mahidol-Oxford Tropical Medicine Research Unit, Faculty of Tropical Medicine, Mahidol University",https://doi.org/10.7554/eLife.62997
VNM,Viet Nam,Pfcrt K76T,P. falciparum,2017,97,97,Pfcrt,29,Krong Pa,Gia Lai,13.2346,108.5179,"The GenRe-Mekong Project, Mahidol-Oxford Tropical Medicine Research Unit, Faculty of Tropical Medicine, Mahidol University",https://doi.org/10.7554/eLife.62997
VNM,Viet Nam,Pfcrt K76T,P. falciparum,2017,100,100,Pfcrt,3,Nha Trang,Khánh Hòa,12.2388,109.1967,"The GenRe-Mekong Project, Mahidol-Oxford Tropical Medicine Research Unit, Faculty of Tropical Medicine, Mahidol University",https://doi.org/10.1038/s41467-025-59946-1
VNM,Viet Nam,Pfcrt K76T,P. falciparum,2017,100,100,Pfcrt,4,Ninh Son,Ninh Thuan,11.6889,108.7363,"The GenRe-Mekong Project, Mahidol-Oxford Tropical Medicine Research Unit, Faculty of Tropical Medicine, Mahidol University",https://doi.org/10.7554/eLife.62997
VNM,Viet Nam,Pfcrt K76T,P. falciparum,2017,87,87,Pfcrt,48,Pleiku,Gia Lai,13.9671,108.0129,"The GenRe-Mekong Project, Mahidol-Oxford Tropical Medicine Research Unit, Faculty of Tropical Medicine, Mahidol University",https://doi.org/10.1038/s41467-025-59946-1
VNM,Viet Nam,Pfcrt K76T,P. falciparum,2017,100,100,Pfcrt,3,Thuan Bac,Ninh Thuan,11.7533,109.0691,"The GenRe-Mekong Project, Mahidol-Oxford Tropical Medicine Research Unit, Faculty of Tropical Medicine, Mahidol University",https://doi.org/10.7554/eLife.62997
VNM,Viet Nam,Pfcrt K76T,P. falciparum,2017,100,100,Pfcrt,29,Tuy Duc,Dak Nong,12.1576,107.4342,"The GenRe-Mekong Project, Mahidol-Oxford Tropical Medicine Research Unit, Faculty of Tropical Medicine, Mahidol University",https://doi.org/10.7554/eLife.62997
VNM,Viet Nam,Pfcrt K76T,P. falciparum,2016,100,100,Pfcrt,35,Bu Gia Map,Binh Phuoc,12.0392,107.0539,"The GenRe-Mekong Project, Mahidol-Oxford Tropical Medicine Research Unit, Faculty of Tropical Medicine, Mahidol University",https://doi.org/10.7554/eLife.62997
VNM,Viet Nam,Pfcrt K76T,P. falciparum,2016,100,100,Pfcrt,21,Dong Xoai,Binh Phuoc,11.5219,106.8608,"The GenRe-Mekong Project, Mahidol-Oxford Tropical Medicine Research Unit, Faculty of Tropical Medicine, Mahidol University",https://doi.org/10.1038/s41467-025-59946-1
AFG,Afghanistan,Pfkelch13,P. falciparum,2019,0,0,,57,Darai Nur and Kama Districts,Nangarhar,34.6553,70.6852,National Malaria and Leishmaniasis Control Programme,
AFG,Afghanistan,Pfkelch13,P. falciparum,2019,0,0,,57,Laghman Province,,34.66,70.2,Afghanistan National Public Health Institute,https://pubmed.ncbi.nlm.nih.gov/37705047/
AFG,Afghanistan,Pfkelch13,P. falciparum,2019,0,0,,54,Mihtarlam,Laghman,34.6456,70.1814,National Malaria and Leishmaniasis Control Programme,
AFG,Afghanistan,Pfkelch13,P. falciparum,2019,0,0,,54,Nangarhar Province,,34.25,70.5,Afghanistan National Public Health Institute,https://pubmed.ncbi.nlm.nih.gov/37705047/
AFG,Afghanistan,Pfkelch13,P. falciparum,2016,0,0,,59,Laghman Province,,34.66,70.2,National Malaria and Leishmaniasis Control Programme,
AFG,Afghanistan,Pfkelch13,P. falciparum,2016,0,0,,,Laghman Province,,34.66,70.2,Afghanistan National Public Health Institute,https://pubmed.ncbi.nlm.nih.gov/37705047/
AFG,Afghanistan,Pfkelch13,P. falciparum,2016,0,0,,54,Nangarhar Province,,34.25,70.5,National Malaria and Leishmaniasis Control Programme,
AFG,Afghanistan,Pfkelch13,P. falciparum,2016,0,0,,,Nangarhar Province,,34.25,70.5,Afghanistan National Public Health Institute,https://pubmed.ncbi.nlm.nih.gov/37705047/
AFG,Afghanistan,Pfkelch13,P. falciparum,2014,0,0,,20,Asadabad,Kunar,34.8743,71.1538,National Malaria and Leishmaniasis Control Programme,
AFG,Afghanistan,Pfkelch13,P. falciparum,2014,0,0,,29,Bihsud,Nangarhar,34.4198,70.4729,National Malaria and Leishmaniasis Control Programme,
AFG,Afghanistan,Pfkelch13,P. falciparum,2014,0,0,,16,Chawkay,Kunar,34.8062,70.9785,National Malaria and Leishmaniasis Control Programme,
AFG,Afghanistan,Pfkelch13,P. falciparum,2014,0,0,,28,Ghani Khel,Nangarhar,34.5167,70.15,National Malaria and Leishmaniasis Control Programme,
AFG,Afghanistan,Pfkelch13,P. falciparum,2013,0,2.6,S700L,38,Kunar Province,,35,71.2,"Faculty of Tropical Medicine, Mahidol University",http://www.ncbi.nlm.nih.gov/pubmed/26917051
AFG,Afghanistan,Pfkelch13,P. falciparum,2012,0,4.2,Y493C,24,Kunar Province,,35,71.2,"Faculty of Tropical Medicine, Mahidol University",http://www.ncbi.nlm.nih.gov/pubmed/26917051
AGO,Angola,Pfkelch13,P. falciparum,2019,0,0,,54,Multiple sites,,-14.3398,15.4009,"National Malaria Control Program, Ministry of Health",https://pubmed.ncbi.nlm.nih.gov/33168604/
AGO,Angola,Pfkelch13,P. falciparum,2018,0,0,,50,Cabinda (city),Cabinda,-5.56,12.19,University of Stanford,https://pubmed.ncbi.nlm.nih.gov/33827587/
AGO,Angola,Pfkelch13,P. falciparum,2017,0,0,,18,Cases imported from Angola to China,,-10.9708,17.4442,Henan Province Center for Disease Control and Prevention,https://pubmed.ncbi.nlm.nih.gov/31358591/
AGO,Angola,Pfkelch13,P. falciparum,2017,0,2.5,A578S,78,Huambo,Huambo,-12.5,15.6667,"National Malaria Control Program, Ministry of Health",https://doi.org/10.3390/pathogens11050554
AGO,Angola,Pfkelch13,P. falciparum,2017,0,2.6,A504V,38,Multiple sites,,-14.3398,15.4009,"Malaria Branch, Division of Parasitic Diseases and Malaria, Center for Global Health, Center for Disease Control and Prevention",https://pubmed.ncbi.nlm.nih.gov/29615039/
AGO,Angola,Pfkelch13,P. falciparum,2016,0,2.5,A578S,40,Cases imported from Angola to China,,-10.9708,17.4442,Henan Province Center for Disease Control and Prevention,https://pubmed.ncbi.nlm.nih.gov/31358591/
AGO,Angola,Pfkelch13,P. falciparum,2016,0,3.1,N694K,32,Cases imported from Angola to China,,-10.9708,17.4442,"National Institute of Parasitic Diseases, Chinese Center for Disease Control and Prevention, Key Laboratory of Parasite and Vector Biology, Schistosomiasis and Filariasis, MOH, and WHO Collaborating Centre for Malaria",https://pubmed.ncbi.nlm.nih.gov/32019571/
AGO,Angola,Pfkelch13,P. falciparum,2015,0,0,,137,Benguela,Benguela Province,-12.5905,13.4165,"Malaria Branch, Division of Parasitic Diseases and Malaria, Center for Global Health, Center for Disease Control and Prevention",https://www.ncbi.nlm.nih.gov/pubmed/28153004
AGO,Angola,Pfkelch13,P. falciparum,2015,0,3.6,M579I,28,Cases imported from Angola to China,,-10.9708,17.4442,Henan Province Center for Disease Control and Prevention,https://pubmed.ncbi.nlm.nih.gov/31358591/
AGO,Angola,Pfkelch13,P. falciparum,2015,0,2.4,A578S,79,M'Banza-Kongo,Zaire,-6.2694,14.2338,"Malaria Branch, Division of Parasitic Diseases and Malaria, Center for Global Health, Center for Disease Control and Prevention",https://www.ncbi.nlm.nih.gov/pubmed/28153004
AGO,Angola,Pfkelch13,P. falciparum,2015,0,0.5,A578S,200,Saurimo,Lunda Sul,-9.6612,20.3905,"Malaria Branch, Division of Parasitic Diseases and Malaria, Center for Global Health, Center for Disease Control and Prevention",https://www.ncbi.nlm.nih.gov/pubmed/28153004
AGO,Angola,Pfkelch13,P. falciparum,2014,0,4.3,Q613E,23,Cases imported from Angola to China,,-10.9708,17.4442,Henan Province Center for Disease Control and Prevention,https://pubmed.ncbi.nlm.nih.gov/31358591/
AGO,Angola,Pfkelch13,P. falciparum,2014,0,0,,24,Cases imported from Angola to China,,-10.9708,17.4442,"Institute of Parasitic Disease Prevention and Control, Guangxi Zhuang Autonomous Region Center for Disease Control and Prevention",https://pubmed.ncbi.nlm.nih.gov/31619243/
AGO,Angola,Pfkelch13,P. falciparum,2013,0,2.6,Q613E,38,Cases imported from Angola to China,,-10.9708,17.4442,Henan Province Center for Disease Control and Prevention,https://pubmed.ncbi.nlm.nih.gov/31358591/
AGO,Angola,Pfkelch13,P. falciparum,2013,0,0,,9,Luanda,Luanda Province,-8.84,13.2894,"Unidade de Parasitologia Médica, Instituto de Higiene e Medicina Tropical, Universidade Nova de Lisboa",http://www.ncbi.nlm.nih.gov/pubmed/26670642
AGO,Angola,Pfkelch13,P. falciparum,2013,0,0,,20,M'Banza-Kongo,Zaire,-6.2694,14.2338,"Malaria Branch, Division of Parasitic Diseases and Malaria, Center for Global Health, Center for Disease Control and Prevention",http://www.ncbi.nlm.nih.gov/pubmed/25367912
AGO,Angola,Pfkelch13,P. falciparum,2013,0,0,,6,Uíge,Uíge,-7.6102,15.0616,"Malaria Branch, Division of Parasitic Diseases and Malaria, Center for Global Health, Center for Disease Control and Prevention",http://www.ncbi.nlm.nih.gov/pubmed/25367912
AGO,Angola,Pfkelch13,P. falciparum,2012,0,2.8,F434Y&T437N,139,Cases imported from Angola to China,,-10.9708,17.4442,Anhui Provincial Center for Disease Control and Prevention,https://pubmed.ncbi.nlm.nih.gov/29436339/
AGO,Angola,Pfkelch13,P. falciparum,2012,0,0,,12,Cases imported from Angola to China,,-10.9708,17.4442,Henan Province Center for Disease Control and Prevention,https://pubmed.ncbi.nlm.nih.gov/31358591/
AGO,Angola,Pfkelch13,P. falciparum,2012,1,3,M579I,102,Cases imported from Angola to China,,-10.9708,17.4442,Henan Province Center for Disease Control and Prevention,https://pubmed.ncbi.nlm.nih.gov/28797235/
AGO,Angola,Pfkelch13,P. falciparum,2012,1.5,6,A569T,66,Cases imported from Angola to China,,-10.9708,17.4442,"Shandong Institute of Parasitic Diseases, Shandong Academy of Medical Sciences, Shandong Provincial Reference Laboratory for Malaria Diagnosis",https://pubmed.ncbi.nlm.nih.gov/30154519/
AGO,Angola,Pfkelch13,P. falciparum,2012,0,0,,4,Cases imported from Angola to China,,-10.9708,17.4442,Guizhou Medical University,https://pubmed.ncbi.nlm.nih.gov/32677899/
AGO,Angola,Pfkelch13,P. falciparum,2012,0.4,3.1,Q613E,466,Cases imported from Angola to China,,-10.9708,17.4442,"National Institute of Parasitic Diseases, Chinese Center for Disease Control and Prevention, Chinese Center for Tropical Diseases Research, WHO Collaborating Center for Tropical Diseases, National Centre for International Research On Tropical Diseases, Ministry of Science and Technology, Key Laboratory of Parasite and Vector Biology, Ministry of Health China",https://pubmed.ncbi.nlm.nih.gov/33549122/
AGO,Angola,Pfkelch13,P. falciparum,2012,0,0,,7,Luanda,Luanda Province,-8.84,13.2894,"Unidade de Parasitologia Médica, Instituto de Higiene e Medicina Tropical, Universidade Nova de Lisboa",http://www.ncbi.nlm.nih.gov/pubmed/26670642
AGO,Angola,Pfkelch13,P. falciparum,2012,0,0,,29,Luanda,Luanda Province,-8.84,13.2894,Oswaldo Cruz Foundation,http://www.ncbi.nlm.nih.gov/pubmed/27332904
AGO,Angola,Pfkelch13,P. falciparum,2011,0,0,,24,Cases imported from Angola to China,,-10.9708,17.4442,Hubei University of Medicine,https://pubmed.ncbi.nlm.nih.gov/29941645/
AGO,Angola,Pfkelch13,P. falciparum,2011,0,0,,5,Luanda,Luanda Province,-8.84,13.2894,"Unidade de Parasitologia Médica, Instituto de Higiene e Medicina Tropical, Universidade Nova de Lisboa",http://www.ncbi.nlm.nih.gov/pubmed/26670642
AGO,Angola,Pfkelch13,P. falciparum,2011,0,0,,2,Lubango,Huíla,-14.9186,13.5321,Oswaldo Cruz Foundation,http://www.ncbi.nlm.nih.gov/pubmed/27332904
AGO,Angola,Pfkelch13,P. falciparum,2010,0,0,,50,"Luanda, Malanje, Cuanza Norte",,-8.9567,14.5912,"Departamento de Pediatria, Hospital Prof. Doutor Fernando Fonseca EPE",http://www.ncbi.nlm.nih.gov/pubmed/25789669
BDI,Burundi,Pfkelch13,P. falciparum,2019,0,0,,87,Buhiga,Karuzi,-3.0307,30.1604,Programme National Intégré de Lutte contre le Paludisme,
BDI,Burundi,Pfkelch13,P. falciparum,2019,0,0,,88,Bujumbura,Bujumbura Mairie,-3.3614,29.3599,Programme National Intégré de Lutte contre le Paludisme,
BDI,Burundi,Pfkelch13,P. falciparum,2019,0,0,,74,Mutaho,Gitega,-3.1567,29.8561,Programme National Intégré de Lutte contre le Paludisme,
BDI,Burundi,Pfkelch13,P. falciparum,2019,0,0,,78,Nyanza-lac,Makamba,-4.3062,29.4947,Programme National Intégré de Lutte contre le Paludisme,
BDI,Burundi,Pfkelch13,P. falciparum,2015,0,0,,58,Bujumbura,Bujumbura Mairie,-3.3614,29.3599,Programme National Intégré de Lutte contre le Paludisme,
BEN,Benin,Pfkelch13,P. falciparum,2016,0,0,,8,Cases imported from Benin to China,,7.6752,2.3229,"National Institute of Parasitic Diseases, Chinese Center for Disease Control and Prevention, Key Laboratory of Parasite and Vector Biology, Schistosomiasis and Filariasis, MOH, and WHO Collaborating Centre for Malaria",https://pubmed.ncbi.nlm.nih.gov/32019571/
BEN,Benin,Pfkelch13,P. falciparum,2014,0,0,,1,Cases imported from Benin to Italy,,8.5436,2.5378,Istituto Superiore di Sanità,https://pubmed.ncbi.nlm.nih.gov/33295621/
BEN,Benin,Pfkelch13,P. falciparum,2014,0,0,,1,Cotonou,Littoral,6.3703,2.3912,Medicines for Malaria Venture,https://www.ncbi.nlm.nih.gov/pubmed/30967148
BEN,Benin,Pfkelch13,P. falciparum,2014,0,0,,78,Multiple sites,,8.2415,2.1494,Unité d'Enseignement et de Recherche en Parasitologie Mycologie; Faculté des Sciences de la Santé,http://www.ncbi.nlm.nih.gov/pubmed/27443837
BEN,Benin,Pfkelch13,P. falciparum,2013,0,0,,158,Cotonou,Littoral,6.3703,2.3912,Institut de Recherche pour le Développement,http://www.ncbi.nlm.nih.gov/pubmed/27332904
BEN,Benin,Pfkelch13,P. falciparum,2012,0,20,F662C&N664D,5,Cases imported from Benin to China,,7.6752,2.3229,Henan Province Center for Disease Control and Prevention,https://pubmed.ncbi.nlm.nih.gov/28797235/
BEN,Benin,Pfkelch13,P. falciparum,2012,0,0,,1,Cases imported from Benin to China,,7.6752,2.3229,Guizhou Medical University,https://pubmed.ncbi.nlm.nih.gov/32677899/
BEN,Benin,Pfkelch13,P. falciparum,2012,0,0,,9,Cases imported from Benin to China,,7.6752,2.3229,"National Institute of Parasitic Diseases, Chinese Center for Disease Control and Prevention, Chinese Center for Tropical Diseases Research, WHO Collaborating Center for Tropical Diseases, National Centre for International Research On Tropical Diseases, Ministry of Science and Technology, Key Laboratory of Parasite and Vector Biology, Ministry of Health China",https://pubmed.ncbi.nlm.nih.gov/33549122/
BEN,Benin,Pfkelch13,P. falciparum,2012,0,0,,43,Cotonou,Littoral,6.3703,2.3912,Institut de Recherche pour le Développement,http://www.ncbi.nlm.nih.gov/pubmed/27332904
BEN,Benin,Pfkelch13,P. falciparum,2011,0,0,,3,Cases imported from Benin to China,,7.6752,2.3229,Hubei University of Medicine,https://pubmed.ncbi.nlm.nih.gov/29941645/
BFA,Burkina Faso,Pfkelch13,P. falciparum,2018,0,4,V517I,120,Gourcy,Zondoma,13.2036,-2.3567,Centre National de Recherche et de Formation sur le Paludisme,https://pubmed.ncbi.nlm.nih.gov/33468147/
BFA,Burkina Faso,Pfkelch13,P. falciparum,2017,0,0.9,A578S,108,Banfora,Comoé,10.64,-4.7588,Centre National de Recherche et de Formation sur le Paludisme,https://pubmed.ncbi.nlm.nih.gov/33468147/
BFA,Burkina Faso,Pfkelch13,P. falciparum,2017,0,0.7,A578S,139,Nanoro,Boulkiemdé,12.6833,-2.1833,Centre National de Recherche et de Formation sur le Paludisme,https://pubmed.ncbi.nlm.nih.gov/33468147/
BFA,Burkina Faso,Pfkelch13,P. falciparum,2016,0,0,,2,Cases imported from Burkina Faso to China,,11.4647,-3.4149,"National Institute of Parasitic Diseases, Chinese Center for Disease Control and Prevention, Key Laboratory of Parasite and Vector Biology, Schistosomiasis and Filariasis, MOH, and WHO Collaborating Centre for Malaria",https://pubmed.ncbi.nlm.nih.gov/32019571/
BFA,Burkina Faso,Pfkelch13,P. falciparum,2014,0,0,,1,Cases imported from Burkina Faso to Italy,,12.7554,-0.9509,Istituto Superiore di Sanità,https://pubmed.ncbi.nlm.nih.gov/33295621/
BFA,Burkina Faso,Pfkelch13,P. falciparum,2014,0,3.6,A578S,114,"Multiple sites in Nanoro, Banfora, Niangoloko",,10.5459,-4.7175,Medicines for Malaria Venture,https://www.ncbi.nlm.nih.gov/pubmed/30967148
BFA,Burkina Faso,Pfkelch13,P. falciparum,2013,0,0,,39,Banfora,Comoé,10.64,-4.7588,Centre National de Recherche et de Formation sur le Paludisme,http://www.ncbi.nlm.nih.gov/pubmed/27332904
BFA,Burkina Faso,Pfkelch13,P. falciparum,2013,0,0,,103,Niangoloko,Comoé,10.2879,-4.9109,Centre National de Recherche et de Formation sur le Paludisme,http://www.ncbi.nlm.nih.gov/pubmed/27332904
BFA,Burkina Faso,Pfkelch13,P. falciparum,2012,0,0,,145,Balonghin,Bazèga,12.05,-1.4972,Centre National de Recherche et de Formation sur le Paludisme,http://www.ncbi.nlm.nih.gov/pubmed/27332904
BFA,Burkina Faso,Pfkelch13,P. falciparum,2012,0,0,,221,Bobo-Dioulasso,Houet,11.1649,-4.3052,Institut de Recherche en Sciences de la Santé,https://www.ncbi.nlm.nih.gov/pubmed/28004634
BFA,Burkina Faso,Pfkelch13,P. falciparum,2012,0,0,,1,Cases imported from Burkina Faso to China,,11.4647,-3.4149,Henan Province Center for Disease Control and Prevention,https://pubmed.ncbi.nlm.nih.gov/28797235/
BFA,Burkina Faso,Pfkelch13,P. falciparum,2012,0,0,,1,Cases imported from Burkina Faso to China,,11.4647,-3.4149,"Shandong Institute of Parasitic Diseases, Shandong Academy of Medical Sciences, Shandong Provincial Reference Laboratory for Malaria Diagnosis",https://pubmed.ncbi.nlm.nih.gov/30154519/
BFA,Burkina Faso,Pfkelch13,P. falciparum,2012,0,0,,2,Cases imported from Burkina Faso to China,,11.4647,-3.4149,"National Institute of Parasitic Diseases, Chinese Center for Disease Control and Prevention, Chinese Center for Tropical Diseases Research, WHO Collaborating Center for Tropical Diseases, National Centre for International Research On Tropical Diseases, Ministry of Science and Technology, Key Laboratory of Parasite and Vector Biology, Ministry of Health China",https://pubmed.ncbi.nlm.nih.gov/33549122/
BFA,Burkina Faso,Pfkelch13,P. falciparum,2012,0,0,,20,Niangoloko,Comoé,10.2879,-4.9109,Centre National de Recherche et de Formation sur le Paludisme,http://www.ncbi.nlm.nih.gov/pubmed/27332904
BFA,Burkina Faso,Pfkelch13,P. falciparum,2011,0,0,,1,Cases imported from Burkina Faso to China,,11.4647,-3.4149,Hubei University of Medicine,https://pubmed.ncbi.nlm.nih.gov/29941645/
BGD,Bangladesh,Pfkelch13,P. falciparum,2018,0,0,,5,Bandarban,Chittagong,21.8311,92.3686,"Malaria and Parasitic Disease Control Unit, Directorate General of Health Services",
BGD,Bangladesh,Pfkelch13,P. falciparum,2018,1.8,1.8,C580Y,55,Bandarban,Chittagong,21.8311,92.3686,"Malaria and Parasitic Disease Control Unit, Directorate General of Health Services",
BGD,Bangladesh,Pfkelch13,P. falciparum,2018,0,0,,10,Khagrachari,Chittagong,23.1322,91.949,"Malaria and Parasitic Disease Control Unit, Directorate General of Health Services",
BGD,Bangladesh,Pfkelch13,P. falciparum,2017,0,0,,6,Bandarban,Chittagong,21.8311,92.3686,"Malaria and Parasitic Disease Control Unit, Directorate General of Health Services",
BGD,Bangladesh,Pfkelch13,P. falciparum,2017,0,0,,36,Khagrachari,Chittagong,23.1322,91.949,"Malaria and Parasitic Disease Control Unit, Directorate General of Health Services",
BGD,Bangladesh,Pfkelch13,P. falciparum,2017,0,0,,11,Rangamati,Chittagong,22.6574,92.1733,"Malaria and Parasitic Disease Control Unit, Directorate General of Health Services",
BGD,Bangladesh,Pfkelch13,P. falciparum,2015,0,0,,117,Cox's Bazar,Chittagong,21.4395,92.0077,"Mahidol Oxford Tropical Medicine Research Unit, Mahidol University",https://pubmed.ncbi.nlm.nih.gov/32171078/
BGD,Bangladesh,Pfkelch13,P. falciparum,2014,0,0,,10,Bandarban,Chittagong,21.8311,92.3686,Menzies School of Health Research,https://www.ncbi.nlm.nih.gov/pubmed/28806961
BGD,Bangladesh,Pfkelch13,P. falciparum,2014,0,0,,25,Cox's Bazar,Chittagong,21.4395,92.0077,Myanmar Oxford Clinical Research Unit,https://www.ncbi.nlm.nih.gov/pubmed/25704894
BGD,Bangladesh,Pfkelch13,P. falciparum,2013,0,0,,30,Bandarban,Chittagong,21.8311,92.3686,"Malaria and Parasitic Disease Control Unit, Directorate General of Health Services",https://www.ncbi.nlm.nih.gov/pubmed/27332904
BGD,Bangladesh,Pfkelch13,P. falciparum,2013,0,0,,6,Cox's Bazar,Chittagong,21.4395,92.0077,"Malaria and Parasitic Disease Control Unit, Directorate General of Health Services",https://www.ncbi.nlm.nih.gov/pubmed/27332904
BGD,Bangladesh,Pfkelch13,P. falciparum,2012,0,0,,72,Cox's Bazar,Chittagong,21.4395,92.0077,Wellcome Trust Sanger Institute,https://www.ncbi.nlm.nih.gov/pubmed/25599401
BGD,Bangladesh,Pfkelch13,P. falciparum,2011,0,1.2,G548S,280,Bandarban,Chittagong,21.8311,92.3686,"Institute of Specific Prophylaxis and Tropical Medicine, Medical University of Vienna",https://www.ncbi.nlm.nih.gov/pubmed/27332904
BRA,Brazil,Pfkelch13,P. falciparum,2016,0,0,,72,Cruzeiro do Sul,Acre,-7.628,-72.6762,"Malaria Branch, Division of Parasitic Diseases and Malaria, Center for Global Health, Center for Disease Control and Prevention",https://pubmed.ncbi.nlm.nih.gov/29141762/
BRA,Brazil,Pfkelch13,P. falciparum,2016,0,0,,239,Roraima,,2.05,-61.4,"Malaria Branch, Division of Parasitic Diseases and Malaria, Center for Global Health, Center for Disease Control and Prevention",https://www.ncbi.nlm.nih.gov/pubmed/31833470
BRA,Brazil,Pfkelch13,P. falciparum,2015,0,0,,1,Anajás,Pará,-0.7919,-50.2811,"Universidade Federal de Goiás, Instituto de Patologia Tropical e Saúde Pública",https://www.ncbi.nlm.nih.gov/pubmed/30810653
BRA,Brazil,Pfkelch13,P. falciparum,2015,0,0,,2,Belem,Pará,-1.4558,-48.4902,"Universidade Federal de Goiás, Instituto de Patologia Tropical e Saúde Pública",https://www.ncbi.nlm.nih.gov/pubmed/30810653
BRA,Brazil,Pfkelch13,P. falciparum,2015,0,0,,7,Itaituba,Pará,-4.252,-56.0126,"Universidade Federal de Goiás, Instituto de Patologia Tropical e Saúde Pública",https://www.ncbi.nlm.nih.gov/pubmed/30810653
BRA,Brazil,Pfkelch13,P. falciparum,2015,0,0,,1,Macapá,Amapá,0.0356,-51.0705,"Universidade Federal de Goiás, Instituto de Patologia Tropical e Saúde Pública",https://www.ncbi.nlm.nih.gov/pubmed/30810653
BRA,Brazil,Pfkelch13,P. falciparum,2015,0,0,,7,Oiapoque,Amapá,3.8441,-51.8322,"Universidade Federal de Goiás, Instituto de Patologia Tropical e Saúde Pública",https://www.ncbi.nlm.nih.gov/pubmed/30810653
BRA,Brazil,Pfkelch13,P. falciparum,2012,0,0.9,A481V,106,Manaus,Amazonas,-3.1189,-60.0215,Fundação de Medicina Tropical,http://www.ncbi.nlm.nih.gov/pubmed/27332904
BRA,Brazil,Pfkelch13,P. falciparum,2012,0,3.2,P475S,64,Manaus,Amazonas,-3.1189,-60.0215,Institut Pasteur de la Guyane,
BRA,Brazil,Pfkelch13,P. falciparum,2010,0,0,,14,Acre,,-9.024,-70.812,Oswaldo Cruz Foundation,https://www.ncbi.nlm.nih.gov/pubmed/30061292
BRA,Brazil,Pfkelch13,P. falciparum,2010,0,0,,15,Amapá,,1,-52,Oswaldo Cruz Foundation,https://www.ncbi.nlm.nih.gov/pubmed/30061292
BRA,Brazil,Pfkelch13,P. falciparum,2010,0,0,,30,Amazonas,,-5,-63,Oswaldo Cruz Foundation,https://www.ncbi.nlm.nih.gov/pubmed/30061292
BRA,Brazil,Pfkelch13,P. falciparum,2010,0,0,,140,Cruzeiro do Sul,Acre,-7.628,-72.6762,Oswaldo Cruz Foundation,http://www.ncbi.nlm.nih.gov/pubmed/27068396
BRA,Brazil,Pfkelch13,P. falciparum,2010,0,0,,10,Pará,,-5.6667,-52.7333,Oswaldo Cruz Foundation,https://www.ncbi.nlm.nih.gov/pubmed/30061292
BWA,Botswana,Pfkelch13,P. falciparum,2012,0,0,,186,Multiple sites,,-23.5131,25.3649,Sub-Saharan African Network for TB/HIV Research Excellence (SANTHE),https://www.ncbi.nlm.nih.gov/pubmed/30350774
CAF,Central African Republic,Pfkelch13,P. falciparum,2018,0,0,,70,Bangui,Bangui Prefecture,4.3733,18.5628,Institut Pasteur de Bangui,https://pubmed.ncbi.nlm.nih.gov/32448203/
CAF,Central African Republic,Pfkelch13,P. falciparum,2017,0,9,A578S,22,Bangui,Bangui Prefecture,4.3733,18.5628,Université de Bangui,
CAF,Central African Republic,Pfkelch13,P. falciparum,2017,0,0.8,Y653N,117,Bangui,Bangui Prefecture,4.3733,18.5628,Institut Pasteur de Bangui,https://pubmed.ncbi.nlm.nih.gov/32448203/
CAF,Central African Republic,Pfkelch13,P. falciparum,2017,0,0,,25,Baoli,Ombella-M'Poko,4.8,18.1167,Université de Bangui,
CAF,Central African Republic,Pfkelch13,P. falciparum,2016,0,0,,4,Cases imported from Central African Republic to China,,6.4075,19.4725,"National Institute of Parasitic Diseases, Chinese Center for Disease Control and Prevention, Key Laboratory of Parasite and Vector Biology, Schistosomiasis and Filariasis, MOH, and WHO Collaborating Centre for Malaria",https://pubmed.ncbi.nlm.nih.gov/32019571/
CAF,Central African Republic,Pfkelch13,P. falciparum,2014,0,0,,2,Cases imported from Central African Republic to Italy,,7.0343,23.0415,Istituto Superiore di Sanità,https://pubmed.ncbi.nlm.nih.gov/33295621/
CAF,Central African Republic,Pfkelch13,P. falciparum,2012,0,0,,3,Cases imported from Central African Republic to China,,6.4075,19.4725,Henan Province Center for Disease Control and Prevention,https://pubmed.ncbi.nlm.nih.gov/28797235/
CAF,Central African Republic,Pfkelch13,P. falciparum,2012,0,0,,3,Cases imported from Central African Republic to China,,6.4075,19.4725,"National Institute of Parasitic Diseases, Chinese Center for Disease Control and Prevention, Chinese Center for Tropical Diseases Research, WHO Collaborating Center for Tropical Diseases, National Centre for International Research On Tropical Diseases, Ministry of Science and Technology, Key Laboratory of Parasite and Vector Biology, Ministry of Health China",https://pubmed.ncbi.nlm.nih.gov/33549122/
CAF,Central African Republic,Pfkelch13,P. falciparum,2011,0,1.6,Q633R,129,Bangui,Bangui Prefecture,4.3733,18.5628,Institut Pasteur de Bangui,http://www.ncbi.nlm.nih.gov/pubmed/27332904
CAF,Central African Republic,Pfkelch13,P. falciparum,2011,0,0,,1,Cases imported from Central African Republic to China,,6.4075,19.4725,Hubei University of Medicine,https://pubmed.ncbi.nlm.nih.gov/29941645/
CHN,China,Pfkelch13,P. falciparum,2015,100,100,F446I,2,Yunnan Province,,25.05,101.8667,"National Institute of Parasitic Diseases, Chinese Center for Disease Control and Prevention, WHO Collaborating Center for Malaria, Schistosomiasis and Filariasis",
CHN,China,Pfkelch13,P. falciparum,2014,0,0,,10,Menglian,Yunnan,22.3291,99.5842,"National Institute of Parasitic Diseases, Chinese Center for Disease Control and Prevention",https://pubmed.ncbi.nlm.nih.gov/32928233/
CHN,China,Pfkelch13,P. falciparum,2014,92.3,92.3,F446I,26,Yingjiang,Yunnan,24.7052,97.932,"National Institute of Parasitic Diseases, Chinese Center for Disease Control and Prevention, WHO Collaborating Center for Malaria, Schistosomiasis and Filariasis",
CHN,China,Pfkelch13,P. falciparum,2014,35.7,42.8,F446I,14,Yingjiang,Yunnan,24.7052,97.932,"National Institute of Parasitic Diseases, Chinese Center for Disease Control and Prevention",https://pubmed.ncbi.nlm.nih.gov/32928233/
CHN,China,Pfkelch13,P. falciparum,2013,0,0,,93,Jiangsu Province,,32.9,119.8,Institut Pasteur of Shanghai Chinese Academy of Sciences,http://www.ncbi.nlm.nih.gov/pubmed/27332904
CHN,China,Pfkelch13,P. falciparum,2013,0,0,,6,"Ruili City, Dehong",Yunnan,24.0146,97.8353,"National Institute of Parasitic Diseases, Chinese Center for Disease Control and Prevention",https://pubmed.ncbi.nlm.nih.gov/32928233/
CHN,China,Pfkelch13,P. falciparum,2013,50,66.7,F446I,6,Tengchong,Yunnan,25.0204,98.491,"National Institute of Parasitic Diseases, Chinese Center for Disease Control and Prevention, WHO Collaborating Center for Malaria, Schistosomiasis and Filariasis",http://www.ncbi.nlm.nih.gov/pubmed/25910630
CHN,China,Pfkelch13,P. falciparum,2013,55,55,F446I,20,Yingjiang,Yunnan,24.7052,97.932,"National Institute of Parasitic Diseases, Chinese Center for Disease Control and Prevention",https://pubmed.ncbi.nlm.nih.gov/32928233/
CHN,China,Pfkelch13,P. falciparum,2013,28.6,42.8,F446I,7,Yingjiang,Yunnan,24.7052,97.932,"National Institute of Parasitic Diseases, Chinese Center for Disease Control and Prevention, WHO Collaborating Center for Malaria, Schistosomiasis and Filariasis",http://www.ncbi.nlm.nih.gov/pubmed/25691632
CHN,China,Pfkelch13,P. falciparum,2013,30,30,C469Y,10,Yingjiang,Yunnan,24.7052,97.932,Institut Pasteur of Shanghai Chinese Academy of Sciences,http://www.ncbi.nlm.nih.gov/pubmed/27332904
CHN,China,Pfkelch13,P. falciparum,2013,83.4,91.7,F446I,12,Yingjiang,Yunnan,24.7052,97.932,"National Institute of Parasitic Diseases, Chinese Center for Disease Control and Prevention",https://pubmed.ncbi.nlm.nih.gov/32928233/
CHN,China,Pfkelch13,P. falciparum,2012,83.3,83.3,F446I,12,Tengchong,Yunnan,25.0204,98.491,"National Institute of Parasitic Diseases, Chinese Center for Disease Control and Prevention, WHO Collaborating Center for Malaria, Schistosomiasis and Filariasis",http://www.ncbi.nlm.nih.gov/pubmed/25910630
CHN,China,Pfkelch13,P. falciparum,2012,14.2,14.2,F446I,14,Tengchong,Yunnan,25.0204,98.491,Institut Pasteur of Shanghai Chinese Academy of Sciences,http://www.ncbi.nlm.nih.gov/pubmed/27332904
CHN,China,Pfkelch13,P. falciparum,2012,36,36,P574L,25,Yingjiang,Yunnan,24.7052,97.932,"National Institute of Parasitic Diseases, Chinese Center for Disease Control and Prevention, WHO Collaborating Center for Malaria, Schistosomiasis and Filariasis",http://www.ncbi.nlm.nih.gov/pubmed/25910630
CHN,China,Pfkelch13,P. falciparum,2012,0,0,,8,Yingjiang,Yunnan,24.7052,97.932,Institut Pasteur of Shanghai Chinese Academy of Sciences,http://www.ncbi.nlm.nih.gov/pubmed/27332904
CHN,China,Pfkelch13,P. falciparum,2012,81.3,81.3,F446I,16,Yingjiang,Yunnan,24.7052,97.932,"National Institute of Parasitic Diseases, Chinese Center for Disease Control and Prevention, WHO Collaborating Center for Malaria, Schistosomiasis and Filariasis",http://www.ncbi.nlm.nih.gov/pubmed/25910630
CHN,China,Pfkelch13,P. falciparum,2012,50,50,F446I,4,Yingjiang,Yunnan,24.7052,97.932,"National Institute of Parasitic Diseases, Chinese Center for Disease Control and Prevention",https://pubmed.ncbi.nlm.nih.gov/32928233/
CHN,China,Pfkelch13,P. falciparum,2012,33.3,33.3,F446I,6,Yunnan Province,,25.05,101.8667,"National Institute of Parasitic Diseases, Chinese Center for Disease Control and Prevention, WHO Collaborating Center for Malaria, Schistosomiasis and Filariasis",https://pubmed.ncbi.nlm.nih.gov/30883571/
CHN,China,Pfkelch13,P. falciparum,2012,62.5,87.5,F446I,8,Yunnan Province,,25.05,101.8667,"National Institute of Parasitic Diseases, Chinese Center for Disease Control and Prevention, Key Laboratory of Parasite and Vector Biology, Schistosomiasis and Filariasis, MOH, and WHO Collaborating Centre for Malaria",https://pubmed.ncbi.nlm.nih.gov/30883571/
CHN,China,Pfkelch13,P. falciparum,2011,0,0,,8,Menglian,Yunnan,22.3291,99.5842,"National Institute of Parasitic Diseases, Chinese Center for Disease Control and Prevention, WHO Collaborating Center for Malaria, Schistosomiasis and Filariasis",http://www.ncbi.nlm.nih.gov/pubmed/25910630
CHN,China,Pfkelch13,P. falciparum,2011,36.8,39.2,F446I,125,Tengchong,Yunnan,25.0204,98.491,"National Institute of Parasitic Diseases, Chinese Center for Disease Control and Prevention, WHO Collaborating Center for Malaria, Schistosomiasis and Filariasis",http://www.ncbi.nlm.nih.gov/pubmed/25910630
CHN,China,Pfkelch13,P. falciparum,2011,7.1,14.2,F483S,14,Yingjiang,Yunnan,24.7052,97.932,Institut Pasteur of Shanghai Chinese Academy of Sciences,http://www.ncbi.nlm.nih.gov/pubmed/27332904
CHN,China,Pfkelch13,P. falciparum,2010,0,25,A481V,4,Tengchong,Yunnan,25.0204,98.491,Institut Pasteur of Shanghai Chinese Academy of Sciences,http://www.ncbi.nlm.nih.gov/pubmed/27332904
CHN,China,Pfkelch13,P. falciparum,2010,42.3,61.4,F446I,26,Yingjiang,Yunnan,24.7052,97.932,"National Institute of Parasitic Diseases, Chinese Center for Disease Control and Prevention, WHO Collaborating Center for Malaria, Schistosomiasis and Filariasis",https://www.ncbi.nlm.nih.gov/pubmed/25910630
CIV,Côte d’Ivoire,Pfkelch13,P. falciparum,2016,0,4.8,N694K,21,Cases imported from Côte d'Ivoire to China,,5.7168,-3.933,"National Institute of Parasitic Diseases, Chinese Center for Disease Control and Prevention, Key Laboratory of Parasite and Vector Biology, Schistosomiasis and Filariasis, MOH, and WHO Collaborating Centre for Malaria",https://pubmed.ncbi.nlm.nih.gov/32019571/
CIV,Côte d’Ivoire,Pfkelch13,P. falciparum,2014,0,0,,25,Abidjan,,5.36,-4.0083,Centre Suisse de Recherches Scientifiques en Côte d’Ivoire,http://www.ncbi.nlm.nih.gov/pubmed/27332904
CIV,Côte d’Ivoire,Pfkelch13,P. falciparum,2014,0,0,,46,Abidjan,,5.36,-4.0083,Centre Suisse de Recherches Scientifiques en Côte d’Ivoire,http://www.ncbi.nlm.nih.gov/pubmed/27332904
CIV,Côte d’Ivoire,Pfkelch13,P. falciparum,2014,0,2,A578S,243,Abidjan,,5.36,-4.0083,Institut Pasteur de Côte d'Ivoire,http://www.ncbi.nlm.nih.gov/pubmed/27332904
CIV,Côte d’Ivoire,Pfkelch13,P. falciparum,2014,0,0,,17,Cases imported from Côte d'Ivoire to China,,5.7168,-3.933,"Institute of Parasitic Disease Prevention and Control, Guangxi Zhuang Autonomous Region Center for Disease Control and Prevention",https://pubmed.ncbi.nlm.nih.gov/31619243/
CIV,Côte d’Ivoire,Pfkelch13,P. falciparum,2014,0,0,,5,Cases imported from Côte d'Ivoire to Italy,,9.1539,-4.2389,Istituto Superiore di Sanità,https://pubmed.ncbi.nlm.nih.gov/33295621/
CIV,Côte d’Ivoire,Pfkelch13,P. falciparum,2013,0,0,,14,Abidjan,,5.36,-4.0083,Centre Suisse de Recherches Scientifiques en Côte d’Ivoire,http://www.ncbi.nlm.nih.gov/pubmed/27332904
CIV,Côte d’Ivoire,Pfkelch13,P. falciparum,2013,0,0,,18,Abidjan,,5.36,-4.0083,Centre Suisse de Recherches Scientifiques en Côte d’Ivoire,http://www.ncbi.nlm.nih.gov/pubmed/27332904
CIV,Côte d’Ivoire,Pfkelch13,P. falciparum,2013,0,0.6,A578S,463,Abidjan,,5.36,-4.0083,Institut Pasteur de Côte d'Ivoire,http://www.ncbi.nlm.nih.gov/pubmed/27332904
CIV,Côte d’Ivoire,Pfkelch13,P. falciparum,2013,0,1,A557S,98,Abidjan,,5.36,-4.0083,Kenya Medical Research Institute/United States Army Medical Research Unit-Kenya,http://www.ncbi.nlm.nih.gov/pubmed/25367300
CIV,Côte d’Ivoire,Pfkelch13,P. falciparum,2013,0,0,,16,Abobo,Abidjan,5.3154,-4.0363,Institut Pasteur de Côte d'Ivoire,https://pubmed.ncbi.nlm.nih.gov/28719312/
CIV,Côte d’Ivoire,Pfkelch13,P. falciparum,2013,0,0,,61,Ayamé,Sud-Comoé,5.6032,-3.1554,Institut Pasteur de Côte d'Ivoire,http://www.ncbi.nlm.nih.gov/pubmed/27332904
CIV,Côte d’Ivoire,Pfkelch13,P. falciparum,2013,0,2.6,D559N,76,Korhogo,Savanes,9.4669,-5.6143,Institut Pasteur de Côte d'Ivoire,http://www.ncbi.nlm.nih.gov/pubmed/27332904
CIV,Côte d’Ivoire,Pfkelch13,P. falciparum,2013,0,0,,93,Man,Montagnes,7.4064,-7.5572,Institut Pasteur de Côte d'Ivoire,http://www.ncbi.nlm.nih.gov/pubmed/27332904
CIV,Côte d’Ivoire,Pfkelch13,P. falciparum,2012,0,0,,8,Cases imported from Côte d'Ivoire to China,,5.7168,-3.933,Henan Province Center for Disease Control and Prevention,https://pubmed.ncbi.nlm.nih.gov/28797235/
CIV,Côte d’Ivoire,Pfkelch13,P. falciparum,2012,0,0,,1,Cases imported from Côte d'Ivoire to China,,5.7168,-3.933,"Shandong Institute of Parasitic Diseases, Shandong Academy of Medical Sciences, Shandong Provincial Reference Laboratory for Malaria Diagnosis",https://pubmed.ncbi.nlm.nih.gov/30154519/
CIV,Côte d’Ivoire,Pfkelch13,P. falciparum,2012,0,0,,17,Cases imported from Côte d'Ivoire to China,,5.7168,-3.933,"National Institute of Parasitic Diseases, Chinese Center for Disease Control and Prevention, Chinese Center for Tropical Diseases Research, WHO Collaborating Center for Tropical Diseases, National Centre for International Research On Tropical Diseases, Ministry of Science and Technology, Key Laboratory of Parasite and Vector Biology, Ministry of Health China",https://pubmed.ncbi.nlm.nih.gov/33549122/
CIV,Côte d’Ivoire,Pfkelch13,P. falciparum,2011,0,33.3,V581I,3,Cases imported from Côte d'Ivoire to China,,5.7168,-3.933,Hubei University of Medicine,https://pubmed.ncbi.nlm.nih.gov/29941645/
CMR,Cameroon,Pfkelch13,P. falciparum,2019,0,56.5,K189T,115,Yaoundé,Mfoundi,3.848,11.5021,"Laboratory for Public Health Research Biotechnologies, University of Yaoundé",https://pubmed.ncbi.nlm.nih.gov/37028468/
CMR,Cameroon,Pfkelch13,P. falciparum,2018,0,4,A578S,150,Yaoundé,Mfoundi,3.848,11.5021,"Institut Toulousain des Maladies Infectieuses et Inflammatoires, Université Toulouse",https://pubmed.ncbi.nlm.nih.gov/34453535/
CMR,Cameroon,Pfkelch13,P. falciparum,2016,0,5,A578S,40,Cases imported from Cameroon to China,,4.2851,12.3394,"National Institute of Parasitic Diseases, Chinese Center for Disease Control and Prevention, Key Laboratory of Parasite and Vector Biology, Schistosomiasis and Filariasis, MOH, and WHO Collaborating Centre for Malaria",https://pubmed.ncbi.nlm.nih.gov/32019571/
CMR,Cameroon,Pfkelch13,P. falciparum,2016,0,1.6,E612K,120,Douala,Wouri,4.05,9.6833,"Faculty of Medicine and Pharmaceutical Sciences, University of Douala",https://pubmed.ncbi.nlm.nih.gov/31479501/
CMR,Cameroon,Pfkelch13,P. falciparum,2016,0,0,,50,Yaoundé,Mfoundi,3.848,11.5021,"Faculty of Medicine and Pharmaceutical Sciences, University of Douala",https://pubmed.ncbi.nlm.nih.gov/31479501/
CMR,Cameroon,Pfkelch13,P. falciparum,2015,0,0,,98,Yaoundé,Mfoundi,3.848,11.5021,Centre de Physiopathologie de Toulouse Purpan,https://www.ncbi.nlm.nih.gov/pubmed/27887614
CMR,Cameroon,Pfkelch13,P. falciparum,2014,0,1.1,A578S,87,Cases imported from Cameroon to China,,4.2851,12.3394,"Institute of Parasitic Disease Prevention and Control, Guangxi Zhuang Autonomous Region Center for Disease Control and Prevention",https://pubmed.ncbi.nlm.nih.gov/31619243/
CMR,Cameroon,Pfkelch13,P. falciparum,2014,0,0,,3,Cases imported from Cameroon to Italy,,5.7057,11.0257,Istituto Superiore di Sanità,https://pubmed.ncbi.nlm.nih.gov/33295621/
CMR,Cameroon,Pfkelch13,P. falciparum,2014,0,1.1,Y482S,87,Douala,Wouri,4.05,9.6833,"Parasitologie et mycologie, le centre hospitalier universitaire de Toulouse",http://www.ncbi.nlm.nih.gov/pubmed/27332904
CMR,Cameroon,Pfkelch13,P. falciparum,2014,0,0,,49,Garoua,Bénoué,9.3226,13.3934,"Faculty of Medicine and Pharmaceutical Sciences, University of Douala",https://pubmed.ncbi.nlm.nih.gov/31479501/
CMR,Cameroon,Pfkelch13,P. falciparum,2014,0,53.1,K189T,128,Yaoundé,Mfoundi,3.848,11.5021,"Laboratory for Public Health Research Biotechnologies, University of Yaoundé",https://pubmed.ncbi.nlm.nih.gov/37028468/
CMR,Cameroon,Pfkelch13,P. falciparum,2013,0,0,,11,Buea,Fako,4.1482,9.2453,Kenya Medical Research Institute/United States Army Medical Research Unit-Kenya,https://www.ncbi.nlm.nih.gov/pubmed/25367300
CMR,Cameroon,Pfkelch13,P. falciparum,2013,0,1.7,A578S,230,Douala,Wouri,4.05,9.6833,"Parasitologie et mycologie, le centre hospitalier universitaire de Toulouse",http://www.ncbi.nlm.nih.gov/pubmed/27332904
CMR,Cameroon,Pfkelch13,P. falciparum,2013,0,0,,239,Tiko Department,,4.075,9.36,"Department of Biochemistry and Molecular Biology, University of Buea",https://pubmed.ncbi.nlm.nih.gov/29110722/
CMR,Cameroon,Pfkelch13,P. falciparum,2013,0,1.1,A578S,411,Yaoundé,Mfoundi,3.848,11.5021,"Parasitologie et mycologie, le centre hospitalier universitaire de Toulouse",http://www.ncbi.nlm.nih.gov/pubmed/27332904
CMR,Cameroon,Pfkelch13,P. falciparum,2012,0,3.8,L457S,26,Cases imported from Cameroon to China,,4.2851,12.3394,Anhui Provincial Center for Disease Control and Prevention,https://pubmed.ncbi.nlm.nih.gov/29436339/
CMR,Cameroon,Pfkelch13,P. falciparum,2012,0,0,,22,Cases imported from Cameroon to China,,4.2851,12.3394,Henan Province Center for Disease Control and Prevention,https://pubmed.ncbi.nlm.nih.gov/28797235/
CMR,Cameroon,Pfkelch13,P. falciparum,2012,0,0,,6,Cases imported from Cameroon to China,,4.2851,12.3394,"Shandong Institute of Parasitic Diseases, Shandong Academy of Medical Sciences, Shandong Provincial Reference Laboratory for Malaria Diagnosis",https://pubmed.ncbi.nlm.nih.gov/30154519/
CMR,Cameroon,Pfkelch13,P. falciparum,2012,0,0,,3,Cases imported from Cameroon to China,,4.2851,12.3394,Guizhou Medical University,https://pubmed.ncbi.nlm.nih.gov/32677899/
CMR,Cameroon,Pfkelch13,P. falciparum,2012,0,1.9,L457S,54,Cases imported from Cameroon to China,,4.2851,12.3394,"National Institute of Parasitic Diseases, Chinese Center for Disease Control and Prevention, Chinese Center for Tropical Diseases Research, WHO Collaborating Center for Tropical Diseases, National Centre for International Research On Tropical Diseases, Ministry of Science and Technology, Key Laboratory of Parasite and Vector Biology, Ministry of Health China",https://pubmed.ncbi.nlm.nih.gov/33549122/
CMR,Cameroon,Pfkelch13,P. falciparum,2012,0,0,,106,Yaoundé,Mfoundi,3.848,11.5021,"Parasitologie et mycologie, le centre hospitalier universitaire de Toulouse",http://www.ncbi.nlm.nih.gov/pubmed/27332904
CMR,Cameroon,Pfkelch13,P. falciparum,2011,0,0,,7,Cases imported from Cameroon to China,,4.2851,12.3394,Hubei University of Medicine,https://pubmed.ncbi.nlm.nih.gov/29941645/
COD,Democratic Republic of the Congo,Pfkelch13,P. falciparum,2022,0.4,1.6,581D,256,Bukavu,,-2.5061,28.8608,Université Catholique de Bukavu,https://pubmed.ncbi.nlm.nih.gov/38377612/
COD,Democratic Republic of the Congo,Pfkelch13,P. falciparum,2021,0,4,F396L,177,Boende,Tshuapa,-0.281,20.876,"School of Public Health, Faculty of Medicine, University of Kinshasa",https://pubmed.ncbi.nlm.nih.gov/38016502/
COD,Democratic Republic of the Congo,Pfkelch13,P. falciparum,2021,0.6,3.4,A578S,176,Kabondo,Tshopo,0.5129,25.2189,"School of Public Health, Faculty of Medicine, University of Kinshasa",https://pubmed.ncbi.nlm.nih.gov/38016502/
COD,Democratic Republic of the Congo,Pfkelch13,P. falciparum,2021,0,6.2,D397N,178,Kapolowe,Haut-Katanga,-10.9424,26.9522,"School of Public Health, Faculty of Medicine, University of Kinshasa",https://pubmed.ncbi.nlm.nih.gov/38016502/
COD,Democratic Republic of the Congo,Pfkelch13,P. falciparum,2021,0,2.8,A427S,178,Mikalayi,Kasaï-Oriental,-6.0246,22.3177,"School of Public Health, Faculty of Medicine, University of Kinshasa",https://pubmed.ncbi.nlm.nih.gov/38016502/
COD,Democratic Republic of the Congo,Pfkelch13,P. falciparum,2020,0,1.4,E606D,140,Ipamu,Kwilu,-4.1817,19.5949,Caramal Project,
COD,Democratic Republic of the Congo,Pfkelch13,P. falciparum,2020,0,1.8,A557S,106,Kenge,Kwango,-4.8108,17.0192,Caramal Project,
COD,Democratic Republic of the Congo,Pfkelch13,P. falciparum,2020,0,2.3,Q613E,178,Kimpese,Kongo Central,-5.5631,14.4458,"School of Public Health, Faculty of Medicine, University of Kinshasa",https://pubmed.ncbi.nlm.nih.gov/38016502/
COD,Democratic Republic of the Congo,Pfkelch13,P. falciparum,2020,0,1.8,E606D,111,Kingandu,Kwilu,-5.5,18.4079,Caramal Project,
COD,Democratic Republic of the Congo,Pfkelch13,P. falciparum,2020,0,2.9,V637I,178,Rutshuru,Nord Kivu,-1.1833,29.45,"School of Public Health, Faculty of Medicine, University of Kinshasa",https://pubmed.ncbi.nlm.nih.gov/38016502/
COD,Democratic Republic of the Congo,Pfkelch13,P. falciparum,2019,0,0,,1,Traveller from Democratic Republic of the Congo to India,,-2.4325,20.8742,ICMR-National Institute of Malaria Research,https://pubmed.ncbi.nlm.nih.gov/36589765/
COD,Democratic Republic of the Congo,Pfkelch13,P. falciparum,2018,0,3.4,F506I,60,Bolenge,Equateur,0.0001,18.2167,"Department of Basic Sciences, Faculty of Medicine, University of Kinshasa",https://pubmed.ncbi.nlm.nih.gov/33706773/
COD,Democratic Republic of the Congo,Pfkelch13,P. falciparum,2018,0,1.7,A557S,58,Fungurume,Lualaba,-10.6167,26.3,"Department of Basic Sciences, Faculty of Medicine, University of Kinshasa",https://pubmed.ncbi.nlm.nih.gov/33706773/
COD,Democratic Republic of the Congo,Pfkelch13,P. falciparum,2018,0,2.2,V520I,45,Ipamu,Kwilu,-4.1817,19.5949,Caramal Project,
COD,Democratic Republic of the Congo,Pfkelch13,P. falciparum,2018,0,2.4,D516F,85,Katana,Sud-Kivu,-2.225,28.8314,"Department of Basic Sciences, Faculty of Medicine, University of Kinshasa",https://pubmed.ncbi.nlm.nih.gov/33706773/
COD,Democratic Republic of the Congo,Pfkelch13,P. falciparum,2018,0,0,,39,Kenge,Kwango,-4.8108,17.0192,Caramal Project,
COD,Democratic Republic of the Congo,Pfkelch13,P. falciparum,2018,0,4.8,K610E,21,Kingandu,Kwilu,-5.5,18.4079,Caramal Project,
COD,Democratic Republic of the Congo,Pfkelch13,P. falciparum,2018,0,2.4,E507V,80,Kingasani,Kinshasa,-4.4102,15.4112,"Department of Basic Sciences, Faculty of Medicine, University of Kinshasa",https://pubmed.ncbi.nlm.nih.gov/33706773/
COD,Democratic Republic of the Congo,Pfkelch13,P. falciparum,2018,0,0,,17,Kisangani,Tshopo,0.5167,25.2,"Department of Basic Sciences, Faculty of Medicine, University of Kinshasa",https://pubmed.ncbi.nlm.nih.gov/33706773/
COD,Democratic Republic of the Congo,Pfkelch13,P. falciparum,2018,0,0,,24,Vanga,Kwilu,-4.4147,18.4309,"Department of Basic Sciences, Faculty of Medicine, University of Kinshasa",https://pubmed.ncbi.nlm.nih.gov/33706773/
COD,Democratic Republic of the Congo,Pfkelch13,P. falciparum,2017,0,0,,62,Kapolowe,Haut-Katanga,-10.9424,26.9522,Programme National de Lutte contre le Paludisme,
COD,Democratic Republic of the Congo,Pfkelch13,P. falciparum,2017,0,0,,27,Kimpese,Kongo Central,-5.5631,14.4458,Programme National de Lutte contre le Paludisme,
COD,Democratic Republic of the Congo,Pfkelch13,P. falciparum,2017,0,0,,21,Kingasani,Kinshasa,-4.4102,15.4112,Programme National de Lutte contre le Paludisme,
COD,Democratic Republic of the Congo,Pfkelch13,P. falciparum,2017,0,0.9,A578S,104,Mikalayi,Kasaï-Oriental,-6.0246,22.3177,Programme National de Lutte contre le Paludisme,
COD,Democratic Republic of the Congo,Pfkelch13,P. falciparum,2017,0,0,,90,Rutshuru,Nord Kivu,-1.1833,29.45,Programme National de Lutte contre le Paludisme,
COD,Democratic Republic of the Congo,Pfkelch13,P. falciparum,2016,0,0,,52,Cases imported from Democratic Republic of the Congo to China,,-4.9187,15.6936,"National Institute of Parasitic Diseases, Chinese Center for Disease Control and Prevention, Key Laboratory of Parasite and Vector Biology, Schistosomiasis and Filariasis, MOH, and WHO Collaborating Centre for Malaria",https://pubmed.ncbi.nlm.nih.gov/32019571/
COD,Democratic Republic of the Congo,Pfkelch13,P. falciparum,2015,0,3.3,A578S,119,Kinshasa,,-4.325,15.3222,"Mahidol Oxford Tropical Medicine Research Unit, Mahidol University",https://pubmed.ncbi.nlm.nih.gov/32171078/
COD,Democratic Republic of the Congo,Pfkelch13,P. falciparum,2014,0,1.9,M476K,51,Bolenge,Equateur,0.0001,18.2167,"Biochemistry and Molecular Biology Unit, Department of Basic Sciences, School of Medicine, University of Kinshasa",https://www.ncbi.nlm.nih.gov/pubmed/28594879
COD,Democratic Republic of the Congo,Pfkelch13,P. falciparum,2014,0,4.5,S522C,22,Butembo,Nord Kivu,0.15,29.2833,"Biochemistry and Molecular Biology Unit, Department of Basic Sciences, School of Medicine, University of Kinshasa",https://www.ncbi.nlm.nih.gov/pubmed/28594879
COD,Democratic Republic of the Congo,Pfkelch13,P. falciparum,2014,0,0,,14,Cases imported from Democratic Republic of the Congo to China,,-4.9187,15.6936,"Institute of Parasitic Disease Prevention and Control, Guangxi Zhuang Autonomous Region Center for Disease Control and Prevention",https://pubmed.ncbi.nlm.nih.gov/31619243/
COD,Democratic Republic of the Congo,Pfkelch13,P. falciparum,2014,0,3.2,E509D,63,Kapolowe,Haut-Katanga,-10.9424,26.9522,"Biochemistry and Molecular Biology Unit, Department of Basic Sciences, School of Medicine, University of Kinshasa",https://www.ncbi.nlm.nih.gov/pubmed/28594879
COD,Democratic Republic of the Congo,Pfkelch13,P. falciparum,2014,0,0.8,E567K,227,Kinshasa,,-4.325,15.3222,University of Kinshasa,http://www.ncbi.nlm.nih.gov/pubmed/27332904
COD,Democratic Republic of the Congo,Pfkelch13,P. falciparum,2014,0,0,,4,Kinshasa,,-4.325,15.3222,Medicines for Malaria Venture,https://www.ncbi.nlm.nih.gov/pubmed/30967148
COD,Democratic Republic of the Congo,Pfkelch13,P. falciparum,2014,0,4.8,V520A,62,Luzizila,Kinshasa,-4.3469,15.2364,"Biochemistry and Molecular Biology Unit, Department of Basic Sciences, School of Medicine, University of Kinshasa",https://www.ncbi.nlm.nih.gov/pubmed/28594879
COD,Democratic Republic of the Congo,Pfkelch13,P. falciparum,2014,0,6.4,F495L,31,Mweka,Kasaï,-4.85,21.5667,"Biochemistry and Molecular Biology Unit, Department of Basic Sciences, School of Medicine, University of Kinshasa",https://www.ncbi.nlm.nih.gov/pubmed/28594879
COD,Democratic Republic of the Congo,Pfkelch13,P. falciparum,2014,0,0,,51,Punia,Maniema,-1.4667,26.45,"Biochemistry and Molecular Biology Unit, Department of Basic Sciences, School of Medicine, University of Kinshasa",https://www.ncbi.nlm.nih.gov/pubmed/28594879
COD,Democratic Republic of the Congo,Pfkelch13,P. falciparum,2013,0,0.3,Y588F,342,All country (Democratic Republic of the Congo),,-1.1558,23.9464,"Medical Research Council Centre for Global Infectious Disease Analysis, Imperial College London",https://pubmed.ncbi.nlm.nih.gov/32355199/
COD,Democratic Republic of the Congo,Pfkelch13,P. falciparum,2013,0,2.6,C473Y,76,Katana,Sud-Kivu,-2.225,28.8314,Programme National de Lutte contre le Paludisme,http://www.ncbi.nlm.nih.gov/pubmed/27332904
COD,Democratic Republic of the Congo,Pfkelch13,P. falciparum,2013,0,1.2,A578S,82,Kinshasa,,-4.325,15.3222,Kenya Medical Research Institute/United States Army Medical Research Unit-Kenya,http://www.ncbi.nlm.nih.gov/pubmed/25367300
COD,Democratic Republic of the Congo,Pfkelch13,P. falciparum,2013,0,1.2,A578S,640,Kinshasa,,-4.325,15.3222,University of Kinshasa,http://www.ncbi.nlm.nih.gov/pubmed/27332904
COD,Democratic Republic of the Congo,Pfkelch13,P. falciparum,2013,0,1.8,S522C,54,Mbandaka,Equateur,0.0478,18.2558,Programme National de Lutte contre le Paludisme,http://www.ncbi.nlm.nih.gov/pubmed/27332904
COD,Democratic Republic of the Congo,Pfkelch13,P. falciparum,2012,0,14.3,Q613E,7,Cases imported from Democratic Republic of the Congo to China,,-4.9187,15.6936,Henan Province Center for Disease Control and Prevention,https://pubmed.ncbi.nlm.nih.gov/28797235/
COD,Democratic Republic of the Congo,Pfkelch13,P. falciparum,2012,0,25,C469F,4,Cases imported from Democratic Republic of the Congo to China,,-4.9187,15.6936,Guizhou Medical University,https://pubmed.ncbi.nlm.nih.gov/32677899/
COD,Democratic Republic of the Congo,Pfkelch13,P. falciparum,2012,0,3.1,Q613E,32,Cases imported from Democratic Republic of the Congo to China,,-4.9187,15.6936,"National Institute of Parasitic Diseases, Chinese Center for Disease Control and Prevention, Chinese Center for Tropical Diseases Research, WHO Collaborating Center for Tropical Diseases, National Centre for International Research On Tropical Diseases, Ministry of Science and Technology, Key Laboratory of Parasite and Vector Biology, Ministry of Health China",https://pubmed.ncbi.nlm.nih.gov/33549122/
COD,Democratic Republic of the Congo,Pfkelch13,P. falciparum,2012,0,3.4,Q613E,29,Kapolowe,Haut-Katanga,-10.9424,26.9522,Programme National de Lutte contre le Paludisme,http://www.ncbi.nlm.nih.gov/pubmed/27332904
COD,Democratic Republic of the Congo,Pfkelch13,P. falciparum,2012,0.6,0.6,R561H,179,Kingasani,Kinshasa,-4.4102,15.4112,Programme National de Lutte contre le Paludisme,http://www.ncbi.nlm.nih.gov/pubmed/27332904
COD,Democratic Republic of the Congo,Pfkelch13,P. falciparum,2012,0,2.7,A578S,115,Kinshasa,,-4.325,15.3222,Tracking Resistance to Artemisinin Collaboration,http://www.ncbi.nlm.nih.gov/pubmed/25075834
COG,Congo,Pfkelch13,P. falciparum,2021,0,24.6,K479,142,"Madibou Health District, Brazzaville, Goma Tsé-Tsé",,-4.2311,15.1957,Fondation Congolaise pour la Recherche Médicale,https://pubmed.ncbi.nlm.nih.gov/39543235/
COG,Congo,Pfkelch13,P. falciparum,2021,0,0,,58,"Mayanga and Massissia, Brazzaville",,-4.3081,15.1821,Fondation Congolaise pour la Recherche Médicale,https://pubmed.ncbi.nlm.nih.gov/39543235/
COG,Congo,Pfkelch13,P. falciparum,2021,0,33.7,K479,157,"Ntoula and Djoumouna, Goma Tsé-Tsé",,-4.2323,15.1024,Fondation Congolaise pour la Recherche Médicale,https://pubmed.ncbi.nlm.nih.gov/39543235/
COG,Congo,Pfkelch13,P. falciparum,2019,0,0,,58,Ouesso,Sangha,1.6141,16.0326,"Programme National de Lutte contre le Paludisme, Ministère de la Santé et de la Population",
COG,Congo,Pfkelch13,P. falciparum,2017,0,4.1,A557S,120,Dolisie,Niari,-4.2,12.6667,"Programme National de Lutte contre le Paludisme, Ministère de la Santé et de la Population",
COG,Congo,Pfkelch13,P. falciparum,2016,0,0,,6,Cases imported from Congo to China,,-3.2304,14.3341,"National Institute of Parasitic Diseases, Chinese Center for Disease Control and Prevention, Key Laboratory of Parasite and Vector Biology, Schistosomiasis and Filariasis, MOH, and WHO Collaborating Centre for Malaria",https://pubmed.ncbi.nlm.nih.gov/32019571/
COG,Congo,Pfkelch13,P. falciparum,2015,0,0,,14,Brazzaville,,-4.2678,15.2919,"Unité d'Evolution, Epidémiologie et Résistances Parasitaires (UNEEREP), Centre International de Recherche Médicales de Franceville",https://www.ncbi.nlm.nih.gov/pubmed/30121345
COG,Congo,Pfkelch13,P. falciparum,2015,0,1.5,A578S,127,Brazzaville,,-4.2678,15.2919,"Faculté des Sciences et Techniques, Université Marien Ngouabi",https://www.ncbi.nlm.nih.gov/pubmed/30373565
COG,Congo,Pfkelch13,P. falciparum,2015,0,3.4,A557S,59,Pointe Noire,Pointe Noire,-4.7692,11.8664,"Programme National de Lutte contre le Paludisme, Ministère de la Santé et de la Population",
COG,Congo,Pfkelch13,P. falciparum,2014,0,16,F628L,25,Brazzaville,,-4.2678,15.2919,Fondation Congolaise pour la Recherche Médicale,https://www.ncbi.nlm.nih.gov/pubmed/28420403
COG,Congo,Pfkelch13,P. falciparum,2014,0,0,,16,Cases imported from Congo to China,,-3.2304,14.3341,"Institute of Parasitic Disease Prevention and Control, Guangxi Zhuang Autonomous Region Center for Disease Control and Prevention",https://pubmed.ncbi.nlm.nih.gov/31619243/
COG,Congo,Pfkelch13,P. falciparum,2014,0,0,,1,Cases imported from Congo to Italy,,-3.38,14.3351,Istituto Superiore di Sanità,https://pubmed.ncbi.nlm.nih.gov/33295621/
COG,Congo,Pfkelch13,P. falciparum,2014,0,1.1,V568M&V603I,93,Makélékélé,Brazzaville,-4.282,15.2124,"Programme National de Lutte contre le Paludisme, Ministère de la Santé et de la Population",
COG,Congo,Pfkelch13,P. falciparum,2013,0,0,,20,Départements de Likouala and Sangha,,1.6018,16.5234,"Unité d'Evolution, Epidémiologie et Résistances Parasitaires (UNEEREP), Centre International de Recherche Médicales de Franceville",https://www.ncbi.nlm.nih.gov/pubmed/30121345
COG,Congo,Pfkelch13,P. falciparum,2012,0,12.6,A578S,16,Cases imported from Congo to China,,-3.2304,14.3341,Anhui Provincial Center for Disease Control and Prevention,https://pubmed.ncbi.nlm.nih.gov/29436339/
COG,Congo,Pfkelch13,P. falciparum,2012,0,0,,14,Cases imported from Congo to China,,-3.2304,14.3341,Henan Province Center for Disease Control and Prevention,https://pubmed.ncbi.nlm.nih.gov/28797235/
COG,Congo,Pfkelch13,P. falciparum,2012,0,0,,12,Cases imported from Congo to China,,-3.2304,14.3341,"Shandong Institute of Parasitic Diseases, Shandong Academy of Medical Sciences, Shandong Provincial Reference Laboratory for Malaria Diagnosis",https://pubmed.ncbi.nlm.nih.gov/30154519/
COG,Congo,Pfkelch13,P. falciparum,2012,0,0,,2,Cases imported from Congo to China,,-3.2304,14.3341,Guizhou Medical University,https://pubmed.ncbi.nlm.nih.gov/32677899/
COG,Congo,Pfkelch13,P. falciparum,2012,0,5.8,A578S,35,Cases imported from Congo to China,,-3.2304,14.3341,"National Institute of Parasitic Diseases, Chinese Center for Disease Control and Prevention, Chinese Center for Tropical Diseases Research, WHO Collaborating Center for Tropical Diseases, National Centre for International Research On Tropical Diseases, Ministry of Science and Technology, Key Laboratory of Parasite and Vector Biology, Ministry of Health China",https://pubmed.ncbi.nlm.nih.gov/33549122/
COG,Congo,Pfkelch13,P. falciparum,2011,0,0,,22,Cases imported from Congo to China,,-3.2304,14.3341,Hubei University of Medicine,https://pubmed.ncbi.nlm.nih.gov/29941645/
COG,Congo,Pfkelch13,P. falciparum,2010,0,0,,33,Brazzaville,,-4.2678,15.2919,"Unité d'Evolution, Epidémiologie et Résistances Parasitaires (UNEEREP), Centre International de Recherche Médicales de Franceville",https://www.ncbi.nlm.nih.gov/pubmed/30121345
COG,Congo,Pfkelch13,P. falciparum,2010,0,4.8,D464N,41,Makélékélé,Brazzaville,-4.282,15.2124,Fondation Congolaise pour la Recherche Médicale,https://www.ncbi.nlm.nih.gov/pubmed/28420403
COL,Colombia,Pfkelch13,P. falciparum,2018,0,1.2,A504D,81,Quibdo,Chocó,5.6956,-76.6498,"Grupo de Parasitología, Instituto Nacional de Salud",https://www.ncbi.nlm.nih.gov/pubmed/32100686
COL,Colombia,Pfkelch13,P. falciparum,2014,0,0,,19,Antioquia Department,,6.2167,-75.5667,"Grupo Malaria, Universidad de Antioquia",https://www.ncbi.nlm.nih.gov/pubmed/28947476
COL,Colombia,Pfkelch13,P. falciparum,2014,0,0,,98,Chocó Department,,5.7,-76.6667,"Grupo Malaria, Universidad de Antioquia",https://www.ncbi.nlm.nih.gov/pubmed/28947476
COL,Colombia,Pfkelch13,P. falciparum,2014,0,0,,2,Córdoba Department,,8.75,-75.8833,"Grupo Malaria, Universidad de Antioquia",https://www.ncbi.nlm.nih.gov/pubmed/28947476
COL,Colombia,Pfkelch13,P. falciparum,2014,0,0,,63,"Cordoba, Guaviare and Narino departments",,2.5667,-72.6333,"Grupo Malaria, Universidad de Antioquia",https://pubmed.ncbi.nlm.nih.gov/33289466/
COL,Colombia,Pfkelch13,P. falciparum,2014,0,0,,59,Nariño Department,,1.1667,-77.2667,"Grupo Malaria, Universidad de Antioquia",https://www.ncbi.nlm.nih.gov/pubmed/28947476
COL,Colombia,Pfkelch13,P. falciparum,2013,0,0,,48,Tumaco,Nariño,1.7874,-78.7913,"Grupo de Bioquímica y Biología Celular, Instituto Nacional de Salud",https://www.ncbi.nlm.nih.gov/pubmed/28460112
COL,Colombia,Pfkelch13,P. falciparum,2012,0,0,,16,Córdoba Department,,8.75,-75.8833,"Grupo de Bioquímica y Biología Celular, Instituto Nacional de Salud",https://www.ncbi.nlm.nih.gov/pubmed/28460112
COL,Colombia,Pfkelch13,P. falciparum,2012,0,0,,98,Quibdo,Chocó,5.6956,-76.6498,Caucaseco Scientific Research Center,http://www.ncbi.nlm.nih.gov/pubmed/27332904
COL,Colombia,Pfkelch13,P. falciparum,2012,0,0,,39,Tierralta,Córdoba,8.1716,-76.0623,Caucaseco Scientific Research Center,http://www.ncbi.nlm.nih.gov/pubmed/27332904
COL,Colombia,Pfkelch13,P. falciparum,2012,0,0,,386,Tumaco,Nariño,1.7874,-78.7913,Caucaseco Scientific Research Center,http://www.ncbi.nlm.nih.gov/pubmed/27332904
COL,Colombia,Pfkelch13,P. falciparum,2011,0,0,,2,San José del Guaviare,Guaviare,2.5667,-72.6333,"Grupo de Bioquímica y Biología Celular, Instituto Nacional de Salud",https://www.ncbi.nlm.nih.gov/pubmed/28460112
COM,Comoros,Pfkelch13,P. falciparum,2017,0,0,,16,Grande Comore,,-11.5833,43.3333,Programme National de Lutte Contre le Paludisme,
COM,Comoros,Pfkelch13,P. falciparum,2017,0,0,,12,Hambou et de Badjine Est,Ngazidja,-11.8035,43.2736,Programme National de Lutte Contre le Paludisme,
COM,Comoros,Pfkelch13,P. falciparum,2017,0,1.6,G453S,63,Moroni,Ngazidja,-11.7172,43.2473,Programme National de Lutte Contre le Paludisme,
COM,Comoros,Pfkelch13,P. falciparum,2013,0,19,E596G,26,Comoros and Mayotte,,-12.8057,44.8756,Institut de Recherche Biomédicale des Armées,http://www.ncbi.nlm.nih.gov/pubmed/26416865
COM,Comoros,Pfkelch13,P. falciparum,2013,0,2,A578S,50,Foumbouni,Ngazidja,-11.8967,43.4934,Programme National de Lutte Contre le Paludisme,http://www.ncbi.nlm.nih.gov/pubmed/27332904
COM,Comoros,Pfkelch13,P. falciparum,2013,0,13,I526M,38,Grande Comore,,-11.5833,43.3333,Guangzhou Private Science and Technology Park,http://www.ncbi.nlm.nih.gov/pubmed/26667053
COM,Comoros,Pfkelch13,P. falciparum,2013,0,0,,19,Mitsamiouli,Ndzuwani,-11.3872,43.2981,Programme National de Lutte Contre le Paludisme,http://www.ncbi.nlm.nih.gov/pubmed/27332904
COM,Comoros,Pfkelch13,P. falciparum,2013,0,23.8,D464Y,21,Mitsamiouli,Ndzuwani,-11.3872,43.2981,Guangzhou Private Science and Technology Park,http://www.ncbi.nlm.nih.gov/pubmed/26667053
COM,Comoros,Pfkelch13,P. falciparum,2013,0,22.8,A578S,26,Mitsoudje,Ngazidja,-11.8167,43.2667,Guangzhou Private Science and Technology Park,http://www.ncbi.nlm.nih.gov/pubmed/26667053
COM,Comoros,Pfkelch13,P. falciparum,2013,0,4.1,A578S,73,Moroni,Ngazidja,-11.7172,43.2473,Programme National de Lutte Contre le Paludisme,http://www.ncbi.nlm.nih.gov/pubmed/27332904
COM,Comoros,Pfkelch13,P. falciparum,2013,0,0,,27,Oichili,Ndzuwani,-11.6954,43.3874,Programme National de Lutte Contre le Paludisme,http://www.ncbi.nlm.nih.gov/pubmed/27332904
COM,Comoros,Pfkelch13,P. falciparum,2011,0,3.1,A578S,32,Foumbouni,Ngazidja,-11.8967,43.4934,Programme National de Lutte Contre le Paludisme,http://www.ncbi.nlm.nih.gov/pubmed/27332904
COM,Comoros,Pfkelch13,P. falciparum,2011,0,2.2,A578S,46,Moroni,Ngazidja,-11.7172,43.2473,Programme National de Lutte Contre le Paludisme,http://www.ncbi.nlm.nih.gov/pubmed/27332904
COM,Comoros,Pfkelch13,P. falciparum,2011,0,2.5,F583Y,40,Pomoni,Ndzuwani,-12.2859,44.4123,Programme National de Lutte Contre le Paludisme,http://www.ncbi.nlm.nih.gov/pubmed/27332904
COM,Comoros,Pfkelch13,P. falciparum,2011,0,5,A578S,20,Wanani,Mwali,-12.3438,43.8028,Programme National de Lutte Contre le Paludisme,http://www.ncbi.nlm.nih.gov/pubmed/27332904
CPV,Cabo Verde,Pfkelch13,P. falciparum,2017,0,2.6,R645T&E668K,38,Cabo Verde (all country),,15.9167,-23.9167,"Laboratório de Entomologia Médica, Largo Do Desastre da Assistência, Instituto Nacional de Saúde Pública",https://pubmed.ncbi.nlm.nih.gov/33789667/
ECU,Ecuador,Pfkelch13,P. falciparum,2013,0,0,,4,Carchi Province,,0.45,-78.05,"Centro de Investigación para la Salud en América Latina, Facultad de Ciencias Exactas y Naturales, Pontificia Universidad Católica del Ecuador",https://pubmed.ncbi.nlm.nih.gov/31822269/
ECU,Ecuador,Pfkelch13,P. falciparum,2013,0,0,,55,Esmeraldas and San Lorenzo,Esmeraldas,1.2563,-78.8273,"Centro de Investigación para la Salud en América Latina, Facultad de Ciencias Exactas y Naturales, Pontificia Universidad Católica del Ecuador",https://pubmed.ncbi.nlm.nih.gov/31822269/
ECU,Ecuador,Pfkelch13,P. falciparum,2013,0,0,,3,Sucumbíos Province,,-0.0833,-76.8833,"Centro de Investigación para la Salud en América Latina, Facultad de Ciencias Exactas y Naturales, Pontificia Universidad Católica del Ecuador",https://pubmed.ncbi.nlm.nih.gov/31822269/
ERI,Eritrea,Pfkelch13,P. falciparum,2019,28.3,28.3,R622I,53,Agordat,Gash-Barka,15.55,37.8833,"National Malaria Control Program, Disease Prevention and Control Division",
ERI,Eritrea,Pfkelch13,P. falciparum,2019,24.4,24.4,R622I,82,Goluj,Gash-Barka,14.7438,36.72,"National Malaria Control Program, Disease Prevention and Control Division",
ERI,Eritrea,Pfkelch13,P. falciparum,2019,32.1,32.1,R622I,78,Laelay Gash,Gash-Barka,14.5685,36.8932,"National Malaria Control Program, Disease Prevention and Control Division",
ERI,Eritrea,Pfkelch13,P. falciparum,2019,9.5,9.5,R622I,74,Shambuko,Gash-Barka,14.9252,37.838,"National Malaria Control Program, Disease Prevention and Control Division",
ERI,Eritrea,Pfkelch13,P. falciparum,2018,13.8,13.8,R622I,116,Anseba,,16.4257,37.7974,"National Malaria Control Program, Ministry of Health, Eritrea",https://pubmed.ncbi.nlm.nih.gov/39653047/
ERI,Eritrea,Pfkelch13,P. falciparum,2018,9.2,10.2,R622I,98,Debub,,14.8211,38.94,"National Malaria Control Program, Ministry of Health, Eritrea",https://pubmed.ncbi.nlm.nih.gov/39653047/
ERI,Eritrea,Pfkelch13,P. falciparum,2018,12.1,13.2,R622I,373,Gash-Barka Region,,15.25,37.5,"National Malaria Control Program, Ministry of Health, Eritrea",https://pubmed.ncbi.nlm.nih.gov/39653047/
ERI,Eritrea,Pfkelch13,P. falciparum,2017,0,0,,19,Agordat,Gash-Barka,15.55,37.8833,"National Malaria Control Program, Disease Prevention and Control Division",
ERI,Eritrea,Pfkelch13,P. falciparum,2017,0,0,,15,Ghindae,North Red Sea,15.4953,39.1559,"National Malaria Control Program, Disease Prevention and Control Division",
ERI,Eritrea,Pfkelch13,P. falciparum,2017,16.7,16.7,R622I,24,Goluj,Gash-Barka,14.7438,36.72,"National Malaria Control Program, Disease Prevention and Control Division",
ERI,Eritrea,Pfkelch13,P. falciparum,2017,8.2,9.4,R622I,85,Laelay Gash,Gash-Barka,14.5685,36.8932,"National Malaria Control Program, Disease Prevention and Control Division",
ERI,Eritrea,Pfkelch13,P. falciparum,2017,7.8,7.8,R622I,64,Shambuko,Gash-Barka,14.9252,37.838,"National Malaria Control Program, Disease Prevention and Control Division",
ERI,Eritrea,Pfkelch13,P. falciparum,2016,8.8,8.8,R622I,57,Agordat,Gash-Barka,15.55,37.8833,"National Malaria Control Program, Disease Prevention and Control Division",
ERI,Eritrea,Pfkelch13,P. falciparum,2016,8.2,9.6,R622I,73,Goluj,Gash-Barka,14.7438,36.72,"National Malaria Control Program, Disease Prevention and Control Division",
ERI,Eritrea,Pfkelch13,P. falciparum,2016,11,11,R622I,73,Laelay Gash,Gash-Barka,14.5685,36.8932,"National Malaria Control Program, Disease Prevention and Control Division",
ERI,Eritrea,Pfkelch13,P. falciparum,2016,0,0,,50,Northern Red Sea Region,,16.1266,39.0927,"National Malaria Control Program, Ministry of Health, Eritrea",https://pubmed.ncbi.nlm.nih.gov/39653047/
ERI,Eritrea,Pfkelch13,P. falciparum,2016,6.9,6.9,R622I,72,Shambuko,Gash-Barka,14.9252,37.838,"National Malaria Control Program, Disease Prevention and Control Division",
ERI,Eritrea,Pfkelch13,P. falciparum,2014,0,33.3,F673L,3,Cases imported from Eritrea to Italy,,15.9536,38.8932,Istituto Superiore di Sanità,https://pubmed.ncbi.nlm.nih.gov/33295621/
ERI,Eritrea,Pfkelch13,P. falciparum,2013,0.8,1.6,R622I,119,Gash-Barka Region,,15.25,37.5,Istituto Superiore di Sanità,https://www.ncbi.nlm.nih.gov/pubmed/32171330
ERI,Eritrea,Pfkelch13,P. falciparum,2013,0,0,,9,Mendefera,Debub,14.8872,38.8153,Istituto Superiore di Sanità,https://www.ncbi.nlm.nih.gov/pubmed/26875763
ETH,Ethiopia,Pfkelch13,P. falciparum,2018,0,1.1,A582V,91,Arjo,,8.8164,36.4663,University of California at Irvine,https://pubmed.ncbi.nlm.nih.gov/38287365/
ETH,Ethiopia,Pfkelch13,P. falciparum,2018,0,0,,23,Awash,,8.9895,40.1583,University of California at Irvine,https://pubmed.ncbi.nlm.nih.gov/38287365/
ETH,Ethiopia,Pfkelch13,P. falciparum,2018,2,2,R622I,50,Dire Diwa,,9.6,41.8667,University of California at Irvine,https://pubmed.ncbi.nlm.nih.gov/38287365/
ETH,Ethiopia,Pfkelch13,P. falciparum,2018,0,0,,133,Gambella,,7.676,34.329,University of California at Irvine,https://pubmed.ncbi.nlm.nih.gov/38287365/
ETH,Ethiopia,Pfkelch13,P. falciparum,2018,13.6,13.6,R622I,22,Semera,Afar,11.7922,41.0086,University of California at Irvine,https://pubmed.ncbi.nlm.nih.gov/38287365/
ETH,Ethiopia,Pfkelch13,P. falciparum,2017,11.8,11.8,R622I,13,Ahferom,Tigray,14.3333,39.1667,Ethiopian Public Health Institute,https://pubmed.ncbi.nlm.nih.gov/37640962/
ETH,Ethiopia,Pfkelch13,P. falciparum,2017,1.3,1.3,R622I,41,Asgede Tsimbla,Tigray,14.0849,38.1539,Ethiopian Public Health Institute,https://pubmed.ncbi.nlm.nih.gov/37640962/
ETH,Ethiopia,Pfkelch13,P. falciparum,2017,8.2,8.2,R622I,13,Gulomakeda,Tigray,14.5,39.3333,Ethiopian Public Health Institute,https://pubmed.ncbi.nlm.nih.gov/37640962/
ETH,Ethiopia,Pfkelch13,P. falciparum,2017,13.9,13.9,R622I,11,Itang,Gambella,8.25,34.1667,Ethiopian Public Health Institute,https://pubmed.ncbi.nlm.nih.gov/37640962/
ETH,Ethiopia,Pfkelch13,P. falciparum,2017,6.6,6.6,R622I,28,Kafta Humera,Tigray,14.2804,36.6175,Ethiopian Public Health Institute,https://pubmed.ncbi.nlm.nih.gov/37640962/
ETH,Ethiopia,Pfkelch13,P. falciparum,2017,0.3,0.3,R622I,22,Kule,Gambella,8.2918,34.2641,Ethiopian Public Health Institute,https://pubmed.ncbi.nlm.nih.gov/37640962/
ETH,Ethiopia,Pfkelch13,P. falciparum,2017,11.8,11.8,R622I,16,La'ilay Adiyabo,Tigray,14.3333,38.25,Ethiopian Public Health Institute,https://pubmed.ncbi.nlm.nih.gov/37640962/
ETH,Ethiopia,Pfkelch13,P. falciparum,2017,6.8,6.8,R622I,105,Metema,Amhara,12.9545,36.1573,Ethiopian Public Health Institute,https://pubmed.ncbi.nlm.nih.gov/37640962/
ETH,Ethiopia,Pfkelch13,P. falciparum,2017,7.5,7.5,R622I,72,Mirab Armachiho,Amhara,13.2257,36.439,Ethiopian Public Health Institute,https://pubmed.ncbi.nlm.nih.gov/37640962/
ETH,Ethiopia,Pfkelch13,P. falciparum,2017,1.9,1.9,R622I,60,Quara,Amhara,12.2992,36.2162,Ethiopian Public Health Institute,https://pubmed.ncbi.nlm.nih.gov/37640962/
ETH,Ethiopia,Pfkelch13,P. falciparum,2017,16.9,16.9,R622I,14,Tahtay Adiyabo,Tigray,14.3333,37.8333,Ethiopian Public Health Institute,https://pubmed.ncbi.nlm.nih.gov/37640962/
ETH,Ethiopia,Pfkelch13,P. falciparum,2017,28.3,28.3,R622I,105,Tegede,Amhara,13.3153,37.0094,Ethiopian Public Health Institute,https://pubmed.ncbi.nlm.nih.gov/37640962/
ETH,Ethiopia,Pfkelch13,P. falciparum,2016,0,0,,3,Cases imported from Ethiopia to China,,8.7611,41.0045,"National Institute of Parasitic Diseases, Chinese Center for Disease Control and Prevention, Key Laboratory of Parasite and Vector Biology, Schistosomiasis and Filariasis, MOH, and WHO Collaborating Centre for Malaria",https://pubmed.ncbi.nlm.nih.gov/32019571/
ETH,Ethiopia,Pfkelch13,P. falciparum,2014,0,0,,1,Cases imported from Ethiopia to China,,8.7611,41.0045,"Institute of Parasitic Disease Prevention and Control, Guangxi Zhuang Autonomous Region Center for Disease Control and Prevention",https://pubmed.ncbi.nlm.nih.gov/31619243/
ETH,Ethiopia,Pfkelch13,P. falciparum,2014,0,0,,62,Jimma Zone and Alaba,"Oromia and Southern Nations, Nationalities, and Peoples' Regions",7.7576,37.3025,"Department of Biological Sciences, University of North Carolina",https://www.ncbi.nlm.nih.gov/pubmed/28746333
ETH,Ethiopia,Pfkelch13,P. falciparum,2014,0,0,,72,Metehara and Shewa Robit,Oromia and Amhara,9.4261,39.507,"Department of Biological Sciences, University of North Carolina",https://www.ncbi.nlm.nih.gov/pubmed/28746333
ETH,Ethiopia,Pfkelch13,P. falciparum,2014,0,0,,65,Metekel and Mirab Gojjam,Benishangul-Gumuz and Amhara,11,35.75,"Department of Biological Sciences, University of North Carolina",https://www.ncbi.nlm.nih.gov/pubmed/28746333
ETH,Ethiopia,Pfkelch13,P. falciparum,2013,0,0,,28,Addis Zemen,Amhara,12.1236,37.7796,"School of Biomedical and Laboratory Sciences, College of Medicine and Health Sciences, University of Gondar",http://www.ncbi.nlm.nih.gov/pubmed/26483118
ETH,Ethiopia,Pfkelch13,P. falciparum,2013,0,0,,28,Addis Zemen,Amhara,12.1236,37.7796,Ethiopian Public Health Institute,https://pubmed.ncbi.nlm.nih.gov/26483118/
ETH,Ethiopia,Pfkelch13,P. falciparum,2013,6.7,6.7,R622I,15,Aykel,Amhara,12.5482,37.0642,"School of Biomedical and Laboratory Sciences, College of Medicine and Health Sciences, University of Gondar",http://www.ncbi.nlm.nih.gov/pubmed/26483118
ETH,Ethiopia,Pfkelch13,P. falciparum,2013,6.7,6.7,R622I,15,Aykel,Amhara,12.5482,37.0642,Ethiopian Public Health Institute,https://pubmed.ncbi.nlm.nih.gov/26483118/
ETH,Ethiopia,Pfkelch13,P. falciparum,2013,0,0,,43,Maksenyit,Amhara,12.3833,37.55,"School of Biomedical and Laboratory Sciences, College of Medicine and Health Sciences, University of Gondar",http://www.ncbi.nlm.nih.gov/pubmed/26483118
ETH,Ethiopia,Pfkelch13,P. falciparum,2013,0,0,,43,Maksenyit,Amhara,12.3833,37.55,Ethiopian Public Health Institute,https://pubmed.ncbi.nlm.nih.gov/26483118/
ETH,Ethiopia,Pfkelch13,P. falciparum,2013,0,0,,82,Multiple sites,,7.3979,40.4807,Kenya Medical Research Institute/United States Army Medical Research Unit-Kenya,http://www.ncbi.nlm.nih.gov/pubmed/25367300
ETH,Ethiopia,Pfkelch13,P. falciparum,2013,11.1,11.1,R622I,18,Negade Bahir,Amhara,11.6608,37.9578,"School of Biomedical and Laboratory Sciences, College of Medicine and Health Sciences, University of Gondar",http://www.ncbi.nlm.nih.gov/pubmed/26483118
ETH,Ethiopia,Pfkelch13,P. falciparum,2013,11.1,11.1,R622I,18,Negade Bahir,Amhara,11.6608,37.9578,Ethiopian Public Health Institute,https://pubmed.ncbi.nlm.nih.gov/26483118/
ETH,Ethiopia,Pfkelch13,P. falciparum,2013,0,0,,21,Sanja,Amhara,13.3333,36.75,"School of Biomedical and Laboratory Sciences, College of Medicine and Health Sciences, University of Gondar",http://www.ncbi.nlm.nih.gov/pubmed/26483118
ETH,Ethiopia,Pfkelch13,P. falciparum,2013,0,0,,21,Sanja,Amhara,13.3333,36.75,Ethiopian Public Health Institute,https://pubmed.ncbi.nlm.nih.gov/26483118/
ETH,Ethiopia,Pfkelch13,P. falciparum,2012,0,0,,2,Cases imported from Ethiopia to China,,8.7611,41.0045,Henan Province Center for Disease Control and Prevention,https://pubmed.ncbi.nlm.nih.gov/28797235/
ETH,Ethiopia,Pfkelch13,P. falciparum,2012,0,0,,2,Cases imported from Ethiopia to China,,8.7611,41.0045,"Shandong Institute of Parasitic Diseases, Shandong Academy of Medical Sciences, Shandong Provincial Reference Laboratory for Malaria Diagnosis",https://pubmed.ncbi.nlm.nih.gov/30154519/
ETH,Ethiopia,Pfkelch13,P. falciparum,2012,0,0,,8,Cases imported from Ethiopia to China,,8.7611,41.0045,"National Institute of Parasitic Diseases, Chinese Center for Disease Control and Prevention, Chinese Center for Tropical Diseases Research, WHO Collaborating Center for Tropical Diseases, National Centre for International Research On Tropical Diseases, Ministry of Science and Technology, Key Laboratory of Parasite and Vector Biology, Ministry of Health China",https://pubmed.ncbi.nlm.nih.gov/33549122/
ETH,Ethiopia,Pfkelch13,P. falciparum,2012,0,0,,126,Kola Diba,Amhara,12.4227,37.3239,"Institute of Specific Prophylaxis and Tropical Medicine, Medical University of Vienna",http://www.ncbi.nlm.nih.gov/pubmed/27332904
ETH,Ethiopia,Pfkelch13,P. falciparum,2011,0,0,,2,Cases imported from Ethiopia to China,,8.7611,41.0045,Hubei University of Medicine,https://pubmed.ncbi.nlm.nih.gov/29941645/
ETH,Ethiopia,Pfkelch13,P. falciparum,2011,0,0,,85,Gomibora,Central Ethiopia Regional State,7.6833,37.5333,"Department of Biological Sciences, University of North Carolina",https://www.ncbi.nlm.nih.gov/pubmed/31516103
ETH,Ethiopia,Pfkelch13,P. falciparum,2011,0,0,,98,Wondo Genet,Sidama,7.0167,38.5833,"Department of Biological Sciences, University of North Carolina",https://www.ncbi.nlm.nih.gov/pubmed/31516103
ETH,Ethiopia,Pfkelch13,P. falciparum,2010,0,0,,33,Selekleka,Tigray,14.1179,38.4739,"Department of Biological Sciences, University of North Carolina",https://www.ncbi.nlm.nih.gov/pubmed/31516103
GAB,Gabon,Pfkelch13,P. falciparum,2016,0,0,,13,Cases imported from Gabon to China,,-0.9005,11.2314,"National Institute of Parasitic Diseases, Chinese Center for Disease Control and Prevention, Key Laboratory of Parasite and Vector Biology, Schistosomiasis and Filariasis, MOH, and WHO Collaborating Centre for Malaria",https://pubmed.ncbi.nlm.nih.gov/32019571/
GAB,Gabon,Pfkelch13,P. falciparum,2016,0,0,,22,Lambaréné,Ogooué et des Lacs,-0.7015,10.2404,Centre de Recherches Médicales de Lambaréné,
GAB,Gabon,Pfkelch13,P. falciparum,2014,0,0,,3,Cases imported from Gabon to China,,-0.9005,11.2314,"Institute of Parasitic Disease Prevention and Control, Guangxi Zhuang Autonomous Region Center for Disease Control and Prevention",https://pubmed.ncbi.nlm.nih.gov/31619243/
GAB,Gabon,Pfkelch13,P. falciparum,2014,0,0,,1,Cases imported from Gabon to Italy,,0.5842,12.0914,Istituto Superiore di Sanità,https://pubmed.ncbi.nlm.nih.gov/33295621/
GAB,Gabon,Pfkelch13,P. falciparum,2014,0,0,,30,Koulamoutou,Lolo-Bouenguidi,-1.1333,12.4833,Centre international de recherches médicales de Franceville,https://www.ncbi.nlm.nih.gov/pubmed/30214253
GAB,Gabon,Pfkelch13,P. falciparum,2014,0,0,,6,Lambaréné,Ogooué et des Lacs,-0.7015,10.2404,Centre de Recherches Médicales de Lambaréné,http://www.ncbi.nlm.nih.gov/pubmed/27332904
GAB,Gabon,Pfkelch13,P. falciparum,2014,0,0,,30,Lastoursville,Mulundu,0.3833,9.45,Centre international de recherches médicales de Franceville,https://www.ncbi.nlm.nih.gov/pubmed/30214253
GAB,Gabon,Pfkelch13,P. falciparum,2014,0,0,,28,Libreville,Komo-Mondah,0.4162,9.4673,Centre international de recherches médicales de Franceville,https://www.ncbi.nlm.nih.gov/pubmed/30214253
GAB,Gabon,Pfkelch13,P. falciparum,2014,0,2.4,A578S,83,Moyen-Ogooué et Ngounié Provinces,,-1.685,8.9397,Medicines for Malaria Venture,https://www.ncbi.nlm.nih.gov/pubmed/30967148
GAB,Gabon,Pfkelch13,P. falciparum,2013,0,0,,49,Franceville,Mpassa,-1.6333,13.5833,Centre de Recherches Médicales de Lambaréné,http://www.ncbi.nlm.nih.gov/pubmed/27332904
GAB,Gabon,Pfkelch13,P. falciparum,2013,0,3.4,V494A,29,Koulamoutou,Lolo-Bouenguidi,-1.1333,12.4833,Centre international de recherches médicales de Franceville,https://www.ncbi.nlm.nih.gov/pubmed/30214253
GAB,Gabon,Pfkelch13,P. falciparum,2013,0,0,,52,Lambaréné,Ogooué et des Lacs,-0.7015,10.2404,Centre de Recherches Médicales de Lambaréné,http://www.ncbi.nlm.nih.gov/pubmed/27332904
GAB,Gabon,Pfkelch13,P. falciparum,2013,0,0,,30,Lastoursville,Mulundu,0.3833,9.45,Centre international de recherches médicales de Franceville,https://www.ncbi.nlm.nih.gov/pubmed/30214253
GAB,Gabon,Pfkelch13,P. falciparum,2013,0,2.2,A578S,93,Libreville,Komo-Mondah,0.4162,9.4673,Kenya Medical Research Institute/United States Army Medical Research Unit-Kenya,http://www.ncbi.nlm.nih.gov/pubmed/25367300
GAB,Gabon,Pfkelch13,P. falciparum,2013,0,0,,27,Libreville,Komo-Mondah,0.4162,9.4673,Centre international de recherches médicales de Franceville,https://www.ncbi.nlm.nih.gov/pubmed/30214253
GAB,Gabon,Pfkelch13,P. falciparum,2013,0,0,,4,Makouké,Ogooué et des Lacs,-0.5709,10.2684,Centre de Recherches Médicales de Lambaréné,http://www.ncbi.nlm.nih.gov/pubmed/27332904
GAB,Gabon,Pfkelch13,P. falciparum,2012,0,0,,3,Bindo,Ogooué et des Lacs,-0.7417,10.0807,Centre de Recherches Médicales de Lambaréné,http://www.ncbi.nlm.nih.gov/pubmed/27332904
GAB,Gabon,Pfkelch13,P. falciparum,2012,0,0,,6,Cases imported from Gabon to China,,-0.9005,11.2314,Henan Province Center for Disease Control and Prevention,https://pubmed.ncbi.nlm.nih.gov/28797235/
GAB,Gabon,Pfkelch13,P. falciparum,2012,0,0,,1,Cases imported from Gabon to China,,-0.9005,11.2314,"Shandong Institute of Parasitic Diseases, Shandong Academy of Medical Sciences, Shandong Provincial Reference Laboratory for Malaria Diagnosis",https://pubmed.ncbi.nlm.nih.gov/30154519/
GAB,Gabon,Pfkelch13,P. falciparum,2012,0,0,,1,Cases imported from Gabon to China,,-0.9005,11.2314,Guizhou Medical University,https://pubmed.ncbi.nlm.nih.gov/32677899/
GAB,Gabon,Pfkelch13,P. falciparum,2012,0,0,,14,Cases imported from Gabon to China,,-0.9005,11.2314,"National Institute of Parasitic Diseases, Chinese Center for Disease Control and Prevention, Chinese Center for Tropical Diseases Research, WHO Collaborating Center for Tropical Diseases, National Centre for International Research On Tropical Diseases, Ministry of Science and Technology, Key Laboratory of Parasite and Vector Biology, Ministry of Health China",https://pubmed.ncbi.nlm.nih.gov/33549122/
GAB,Gabon,Pfkelch13,P. falciparum,2012,0,1.2,G625R,241,Lambaréné,Ogooué et des Lacs,-0.7015,10.2404,Centre de Recherches Médicales de Lambaréné,http://www.ncbi.nlm.nih.gov/pubmed/27332904
GAB,Gabon,Pfkelch13,P. falciparum,2012,0,0,,30,Libreville,Komo-Mondah,0.4162,9.4673,Centre international de recherches médicales de Franceville,https://www.ncbi.nlm.nih.gov/pubmed/30214253
GAB,Gabon,Pfkelch13,P. falciparum,2012,0,0,,9,Makouké,Ogooué et des Lacs,-0.5709,10.2684,Centre de Recherches Médicales de Lambaréné,http://www.ncbi.nlm.nih.gov/pubmed/27332904
GAB,Gabon,Pfkelch13,P. falciparum,2011,0,33.3,R575K,3,Cases imported from Gabon to China,,-0.9005,11.2314,Hubei University of Medicine,https://pubmed.ncbi.nlm.nih.gov/29941645/
GAB,Gabon,Pfkelch13,P. falciparum,2011,0,0.8,V589I,114,Lambaréné,Ogooué et des Lacs,-0.7015,10.2404,"Institute of Tropical Medicine, University Tübingen",https://www.ncbi.nlm.nih.gov/pubmed/28535801
GAB,Gabon,Pfkelch13,P. falciparum,2011,0,10.2,A504V,29,Libreville,Komo-Mondah,0.4162,9.4673,Centre international de recherches médicales de Franceville,https://www.ncbi.nlm.nih.gov/pubmed/30214253
GHA,Ghana,Pfkelch13,P. falciparum,2018,2.5,17.6,R539I,80,Ga West,Greater Accra,5.7025,-0.3,"Department of Biomedical Sciences, School of Basic & Biomedical Sciences, University of Health and Allied Sciences",https://pubmed.ncbi.nlm.nih.gov/33163636/
GHA,Ghana,Pfkelch13,P. falciparum,2016,0,9,G690V,79,Cape Coast,Central Region,5.1315,-1.2795,University of Ghana College of Health Sciences,https://pubmed.ncbi.nlm.nih.gov/31932374/
GHA,Ghana,Pfkelch13,P. falciparum,2016,0,0,,27,Cases imported from Ghana to China,,7.1735,-1.023,"National Institute of Parasitic Diseases, Chinese Center for Disease Control and Prevention, Key Laboratory of Parasite and Vector Biology, Schistosomiasis and Filariasis, MOH, and WHO Collaborating Centre for Malaria",https://pubmed.ncbi.nlm.nih.gov/32019571/
GHA,Ghana,Pfkelch13,P. falciparum,2016,0,4.2,G690V,70,Fanteakwa,Eastern Region,6.4502,-0.3372,University of Ghana College of Health Sciences,https://pubmed.ncbi.nlm.nih.gov/31932374/
GHA,Ghana,Pfkelch13,P. falciparum,2015,0,12.6,E455G,103,Accra Metropolitan,Greater Accra,5.55,-0.2,Université de Paris,https://pubmed.ncbi.nlm.nih.gov/32179528/
GHA,Ghana,Pfkelch13,P. falciparum,2015,0,4,G690V,102,Cape Coast,Central Region,5.1315,-1.2795,University of Ghana College of Health Sciences,https://pubmed.ncbi.nlm.nih.gov/31932374/
GHA,Ghana,Pfkelch13,P. falciparum,2015,0,3.3,A627S,95,"Coastal savannah (Accra, Cape Coast)",,5.3719,-0.6771,"Department of Epidemiology, Noguchi Memorial Institute for Medical Research, College of Health Sciences, University of Ghana",https://pubmed.ncbi.nlm.nih.gov/31427297/
GHA,Ghana,Pfkelch13,P. falciparum,2015,0,9.6,M460I,83,Fanteakwa,Eastern Region,6.4502,-0.3372,University of Ghana College of Health Sciences,https://pubmed.ncbi.nlm.nih.gov/31932374/
GHA,Ghana,Pfkelch13,P. falciparum,2015,0,7.5,R515I,231,"Forest (Begoro, Bekwai, Hohoe, Sunyami, Tarkwa)",,5.4285,-2.5255,"Department of Epidemiology, Noguchi Memorial Institute for Medical Research, College of Health Sciences, University of Ghana",https://pubmed.ncbi.nlm.nih.gov/31427297/
GHA,Ghana,Pfkelch13,P. falciparum,2015,0,10,L422F,98,"Guinea savannah (Navrongo, Wa and Yendi)",,9.6867,-1.6761,"Department of Epidemiology, Noguchi Memorial Institute for Medical Research, College of Health Sciences, University of Ghana",https://pubmed.ncbi.nlm.nih.gov/31427297/
GHA,Ghana,Pfkelch13,P. falciparum,2014,0,0,,24,Cape Coast,Central Region,5.1315,-1.2795,"Medical Research Council Centre for Global Infectious Disease Analysis, Imperial College London",https://pubmed.ncbi.nlm.nih.gov/32355199/
GHA,Ghana,Pfkelch13,P. falciparum,2014,0,10.8,C532S,83,Cape Coast,Central Region,5.1315,-1.2795,University of Ghana College of Health Sciences,https://pubmed.ncbi.nlm.nih.gov/31932374/
GHA,Ghana,Pfkelch13,P. falciparum,2014,0,4,A481T,95,Cases imported from Ghana to China,,7.1735,-1.023,"Institute of Parasitic Disease Prevention and Control, Guangxi Zhuang Autonomous Region Center for Disease Control and Prevention",https://pubmed.ncbi.nlm.nih.gov/31619243/
GHA,Ghana,Pfkelch13,P. falciparum,2014,0,0,,1,Cases imported from Ghana to Italy,,7.43,-0.2627,Istituto Superiore di Sanità,https://pubmed.ncbi.nlm.nih.gov/33295621/
GHA,Ghana,Pfkelch13,P. falciparum,2014,0,1.4,G625V,72,Fanteakwa,Eastern Region,6.4502,-0.3372,University of Ghana College of Health Sciences,https://pubmed.ncbi.nlm.nih.gov/31932374/
GHA,Ghana,Pfkelch13,P. falciparum,2013,0,3.3,V566I,92,Cape Coast,Central Region,5.1315,-1.2795,Kenya Medical Research Institute/United States Army Medical Research Unit-Kenya,http://www.ncbi.nlm.nih.gov/pubmed/25367300
GHA,Ghana,Pfkelch13,P. falciparum,2013,3.6,8.1,C580Y,113,Cases imported from Ghana to China,,7.1735,-1.023,"National Institute of Parasitic Diseases, Chinese Center for Disease Control and Prevention, WHO Collaborating Center for Malaria, Schistosomiasis and Filariasis",http://www.ncbi.nlm.nih.gov/pubmed/25348538
GHA,Ghana,Pfkelch13,P. falciparum,2013,0,5.9,L407R,86,"Forest (Begoro, Bekwai, Hohoe, Sunyami, Tarkwa)",,5.4285,-2.5255,"Department of Epidemiology, Noguchi Memorial Institute for Medical Research, College of Health Sciences, University of Ghana",https://pubmed.ncbi.nlm.nih.gov/31427297/
GHA,Ghana,Pfkelch13,P. falciparum,2013,0,2.4,K607E,42,"Guinea savannah (Navrongo, Wa and Yendi)",,9.6867,-1.6761,"Department of Epidemiology, Noguchi Memorial Institute for Medical Research, College of Health Sciences, University of Ghana",https://pubmed.ncbi.nlm.nih.gov/31427297/
GHA,Ghana,Pfkelch13,P. falciparum,2013,0,1,A578S,99,Kassena Nankana East,Upper East Region,10.7334,-1.4787,Kenya Medical Research Institute/United States Army Medical Research Unit-Kenya,http://www.ncbi.nlm.nih.gov/pubmed/25367300
GHA,Ghana,Pfkelch13,P. falciparum,2012,0,100,D648E,109,Bongo,Upper East Region,10.9078,-0.8081,"Department of Epidemiology, Noguchi Memorial Institute for Medical Research, College of Health Sciences, University of Ghana",https://pubmed.ncbi.nlm.nih.gov/32459360/
GHA,Ghana,Pfkelch13,P. falciparum,2012,0,9.2,A578S,22,Cases imported from Ghana to China,,7.1735,-1.023,Anhui Provincial Center for Disease Control and Prevention,https://pubmed.ncbi.nlm.nih.gov/29436339/
GHA,Ghana,Pfkelch13,P. falciparum,2012,0,4.3,D648N&N664D,23,Cases imported from Ghana to China,,7.1735,-1.023,Henan Province Center for Disease Control and Prevention,https://pubmed.ncbi.nlm.nih.gov/28797235/
GHA,Ghana,Pfkelch13,P. falciparum,2012,0,0,,20,Cases imported from Ghana to China,,7.1735,-1.023,"Shandong Institute of Parasitic Diseases, Shandong Academy of Medical Sciences, Shandong Provincial Reference Laboratory for Malaria Diagnosis",https://pubmed.ncbi.nlm.nih.gov/30154519/
GHA,Ghana,Pfkelch13,P. falciparum,2012,0,0,,1,Cases imported from Ghana to China,,7.1735,-1.023,Guizhou Medical University,https://pubmed.ncbi.nlm.nih.gov/32677899/
GHA,Ghana,Pfkelch13,P. falciparum,2012,0,1.5,A578S,65,Cases imported from Ghana to China,,7.1735,-1.023,"National Institute of Parasitic Diseases, Chinese Center for Disease Control and Prevention, Chinese Center for Tropical Diseases Research, WHO Collaborating Center for Tropical Diseases, National Centre for International Research On Tropical Diseases, Ministry of Science and Technology, Key Laboratory of Parasite and Vector Biology, Ministry of Health China",https://pubmed.ncbi.nlm.nih.gov/33549122/
GHA,Ghana,Pfkelch13,P. falciparum,2012,0,3.8,N599Y,26,"Coastal savannah (Accra, Cape Coast)",,5.3719,-0.6771,"Department of Epidemiology, Noguchi Memorial Institute for Medical Research, College of Health Sciences, University of Ghana",https://pubmed.ncbi.nlm.nih.gov/31427297/
GHA,Ghana,Pfkelch13,P. falciparum,2011,0,0,,4,Cases imported from Ghana to China,,7.1735,-1.023,Hubei University of Medicine,https://pubmed.ncbi.nlm.nih.gov/29941645/
GHA,Ghana,Pfkelch13,P. falciparum,2011,0,0,,89,Kumasi,Ashanti,6.6666,-1.6163,"Institute of Tropical Medicine, University Tübingen",https://www.ncbi.nlm.nih.gov/pubmed/28535801
GHA,Ghana,Pfkelch13,P. falciparum,2010,0,3.8,S466N,26,"Coastal savannah (Accra, Cape Coast)",,5.3719,-0.6771,"Department of Epidemiology, Noguchi Memorial Institute for Medical Research, College of Health Sciences, University of Ghana",https://pubmed.ncbi.nlm.nih.gov/31427297/
GHA,Ghana,Pfkelch13,P. falciparum,2010,0,10,K607E,40,"Forest (Begoro, Bekwai, Hohoe, Sunyami, Tarkwa)",,5.4285,-2.5255,"Department of Epidemiology, Noguchi Memorial Institute for Medical Research, College of Health Sciences, University of Ghana",https://pubmed.ncbi.nlm.nih.gov/31427297/
GHA,Ghana,Pfkelch13,P. falciparum,2010,0,10,C542W,30,"Guinea savannah (Navrongo, Wa and Yendi)",,9.6867,-1.6761,"Department of Epidemiology, Noguchi Memorial Institute for Medical Research, College of Health Sciences, University of Ghana",https://pubmed.ncbi.nlm.nih.gov/31427297/
GIN,Guinea,Pfkelch13,P. falciparum,2016,0,2,D464E,49,Cases imported from Guinea to China,,10.3796,-13.1867,"National Institute of Parasitic Diseases, Chinese Center for Disease Control and Prevention, Key Laboratory of Parasite and Vector Biology, Schistosomiasis and Filariasis, MOH, and WHO Collaborating Centre for Malaria",https://pubmed.ncbi.nlm.nih.gov/32019571/
GIN,Guinea,Pfkelch13,P. falciparum,2015,0,0.3,P419S,389,Régions de Labé et de Kindia,,11.1051,-12.9327,Centre National de Formation et de Recherche en Santé Rurale (CNFRSR) de Mafèrinyah,https://pubmed.ncbi.nlm.nih.gov/32580771/
GIN,Guinea,Pfkelch13,P. falciparum,2014,0,0,,4,Cases imported from Guinea to China,,10.3796,-13.1867,"Institute of Parasitic Disease Prevention and Control, Guangxi Zhuang Autonomous Region Center for Disease Control and Prevention",https://pubmed.ncbi.nlm.nih.gov/31619243/
GIN,Guinea,Pfkelch13,P. falciparum,2014,0,0,,3,Cases imported from Guinea to Italy,,11.6468,-11.5135,Istituto Superiore di Sanità,https://pubmed.ncbi.nlm.nih.gov/33295621/
GIN,Guinea,Pfkelch13,P. falciparum,2012,0,2.9,A578S,34,Cases imported from Guinea to China,,10.3796,-13.1867,Henan Province Center for Disease Control and Prevention,https://pubmed.ncbi.nlm.nih.gov/28797235/
GIN,Guinea,Pfkelch13,P. falciparum,2012,0,9,M562I,11,Cases imported from Guinea to China,,10.3796,-13.1867,"Shandong Institute of Parasitic Diseases, Shandong Academy of Medical Sciences, Shandong Provincial Reference Laboratory for Malaria Diagnosis",https://pubmed.ncbi.nlm.nih.gov/30154519/
GIN,Guinea,Pfkelch13,P. falciparum,2012,0,0,,3,Cases imported from Guinea to China,,10.3796,-13.1867,Guizhou Medical University,https://pubmed.ncbi.nlm.nih.gov/32677899/
GIN,Guinea,Pfkelch13,P. falciparum,2012,0,3.6,A578S,55,Cases imported from Guinea to China,,10.3796,-13.1867,"National Institute of Parasitic Diseases, Chinese Center for Disease Control and Prevention, Chinese Center for Tropical Diseases Research, WHO Collaborating Center for Tropical Diseases, National Centre for International Research On Tropical Diseases, Ministry of Science and Technology, Key Laboratory of Parasite and Vector Biology, Ministry of Health China",https://pubmed.ncbi.nlm.nih.gov/33549122/
GIN,Guinea,Pfkelch13,P. falciparum,2011,0,0,,8,Cases imported from Guinea to China,,10.3796,-13.1867,Hubei University of Medicine,https://pubmed.ncbi.nlm.nih.gov/29941645/
GMB,Gambia,Pfkelch13,P. falciparum,2016,0,1.3,H644L,76,Basse Fulladu East,Basse LGA,13.3333,-14.25,National Malaria Control Programme,
GMB,Gambia,Pfkelch13,P. falciparum,2016,0,0,,85,Kombo Central,Brikama LGA,13.25,-16.6667,National Malaria Control Programme,
GMB,Gambia,Pfkelch13,P. falciparum,2014,0,1.8,V666I,54,Basse Fulladu East,Basse LGA,13.3333,-14.25,National Malaria Control Programme,
GMB,Gambia,Pfkelch13,P. falciparum,2014,0,0,,80,Kombo Central,Brikama LGA,13.25,-16.6667,National Malaria Control Programme,
GMB,Gambia,Pfkelch13,P. falciparum,2014,0,0,,18,Niani,Kuntaur LGA,13.6667,-14.9167,National Malaria Control Programme,
GMB,Gambia,Pfkelch13,P. falciparum,2013,0,0,,77,Banjul LGA,,13.487,-16.5815,Kenya Medical Research Institute/United States Army Medical Research Unit-Kenya,http://www.ncbi.nlm.nih.gov/pubmed/25367300
GMB,Gambia,Pfkelch13,P. falciparum,2012,0,0,,154,Fulladu West,Janjanbureh LGA,13.5358,-14.7674,Cheikh Anta Diop University,https://pubmed.ncbi.nlm.nih.gov/27549635/
GNB,Guinea-Bissau,Pfkelch13,P. falciparum,2016,0,2,R529K,97,Bissau,Bissau Autonomous Sector,11.8817,-15.6178,"Centre for Medical Parasitology, Department of Immunology and Microbiology, University of Copenhagen",https://www.ncbi.nlm.nih.gov/pubmed/31349834
GNB,Guinea-Bissau,Pfkelch13,P. falciparum,2016,0,0,,2,Cases imported from Guinea-Bissau to China,,12.0954,-15.4672,"National Institute of Parasitic Diseases, Chinese Center for Disease Control and Prevention, Key Laboratory of Parasite and Vector Biology, Schistosomiasis and Filariasis, MOH, and WHO Collaborating Centre for Malaria",https://pubmed.ncbi.nlm.nih.gov/32019571/
GNQ,Equatorial Guinea,Pfkelch13,P. falciparum,2017,0,1.2,A578S,175,Bata,Litoral,1.8533,9.779,"Programa Nacional de Lucha contra el Paludismo, Dirección General de Salud Pública y Prevención de Enfermedades",
GNQ,Equatorial Guinea,Pfkelch13,P. falciparum,2017,0,0.6,A578S,168,Ebebiyin,Kié-Ntem,2.0656,11.207,"Programa Nacional de Lucha contra el Paludismo, Dirección General de Salud Pública y Prevención de Enfermedades",
GNQ,Equatorial Guinea,Pfkelch13,P. falciparum,2017,0,0,,131,Malabo,Bioko Norte,3.7504,8.7371,"Programa Nacional de Lucha contra el Paludismo, Dirección General de Salud Pública y Prevención de Enfermedades",
GNQ,Equatorial Guinea,Pfkelch13,P. falciparum,2015,0,1.4,A578S,70,Cases imported from Equatorial Guinea to China,,1.4821,9.8866,"Shandong Institute of Parasitic Diseases, Shandong Academy of Medical Sciences, Shandong Provincial Reference Laboratory for Malaria Diagnosis",https://pubmed.ncbi.nlm.nih.gov/33325196/
GNQ,Equatorial Guinea,Pfkelch13,P. falciparum,2014,0,0,,4,Cases imported from Equatorial Guinea to China,,1.4821,9.8866,"Institute of Parasitic Disease Prevention and Control, Guangxi Zhuang Autonomous Region Center for Disease Control and Prevention",https://pubmed.ncbi.nlm.nih.gov/31619243/
GNQ,Equatorial Guinea,Pfkelch13,P. falciparum,2013,0,2,A578S,98,Bioko Island,,3.5,8.7,"Institute of Basic Medical Sciences, College of Basic Medicine, Department of Infectious Diseases, Renmin Hospital, Hubei University of Medicine",http://www.ncbi.nlm.nih.gov/pubmed/27054064
GNQ,Equatorial Guinea,Pfkelch13,P. falciparum,2013,0,7.4,A578S,27,Machinda,Litoral,1.8833,9.9667,"Instituto de Higiene e Medicina Tropical, Universidade Nova de Lisboa",https://www.ncbi.nlm.nih.gov/pubmed/27795385
GNQ,Equatorial Guinea,Pfkelch13,P. falciparum,2013,0,1.18,A578S,170,"Multiple sites: Malabo, Anob, Elobey, Corisco",,1.2042,9.4596,"National Centre of Tropical Medicine, Institute of Health Carlos III",https://pubmed.ncbi.nlm.nih.gov/34906159/
GNQ,Equatorial Guinea,Pfkelch13,P. falciparum,2013,0,3.4,A578S,59,Niefang,Centro Sur,1.85,10.25,"Instituto de Higiene e Medicina Tropical, Universidade Nova de Lisboa",https://www.ncbi.nlm.nih.gov/pubmed/27795385
GNQ,Equatorial Guinea,Pfkelch13,P. falciparum,2012,0,6.1,A578S,82,Cases imported from Equatorial Guinea to China,,1.4821,9.8866,Anhui Provincial Center for Disease Control and Prevention,https://pubmed.ncbi.nlm.nih.gov/29436339/
GNQ,Equatorial Guinea,Pfkelch13,P. falciparum,2012,3,9,A578S&M579I,65,Cases imported from Equatorial Guinea to China,,1.4821,9.8866,Henan Province Center for Disease Control and Prevention,https://pubmed.ncbi.nlm.nih.gov/28797235/
GNQ,Equatorial Guinea,Pfkelch13,P. falciparum,2012,0,5.2,A578S,77,Cases imported from Equatorial Guinea to China,,1.4821,9.8866,"Shandong Institute of Parasitic Diseases, Shandong Academy of Medical Sciences, Shandong Provincial Reference Laboratory for Malaria Diagnosis",https://pubmed.ncbi.nlm.nih.gov/30154519/
GNQ,Equatorial Guinea,Pfkelch13,P. falciparum,2012,0,0,,1,Cases imported from Equatorial Guinea to China,,1.4821,9.8866,Guizhou Medical University,https://pubmed.ncbi.nlm.nih.gov/32677899/
GNQ,Equatorial Guinea,Pfkelch13,P. falciparum,2012,0.8,5.9,A578S,224,Cases imported from Equatorial Guinea to China,,1.4821,9.8866,"National Institute of Parasitic Diseases, Chinese Center for Disease Control and Prevention, Chinese Center for Tropical Diseases Research, WHO Collaborating Center for Tropical Diseases, National Centre for International Research On Tropical Diseases, Ministry of Science and Technology, Key Laboratory of Parasite and Vector Biology, Ministry of Health China",https://pubmed.ncbi.nlm.nih.gov/33549122/
GNQ,Equatorial Guinea,Pfkelch13,P. falciparum,2011,0,0,,11,Cases imported from Equatorial Guinea to China,,1.4821,9.8866,Hubei University of Medicine,https://pubmed.ncbi.nlm.nih.gov/29941645/
GUF,French Guiana,Pfkelch13,P. falciparum,2018,0,0,,42,Multiple sites (French Guiana),,3.9339,-53.1258,Institut Pasteur de la Guyane,
GUF,French Guiana,Pfkelch13,P. falciparum,2017,0,0,,54,Multiple sites (French Guiana),,3.9339,-53.1258,Institut Pasteur de la Guyane,
GUF,French Guiana,Pfkelch13,P. falciparum,2016,0,0,,45,Multiple sites (French Guiana),,3.9339,-53.1258,Institut Pasteur de la Guyane,
GUF,French Guiana,Pfkelch13,P. falciparum,2015,0,0,,92,Multiple sites (French Guiana),,3.9339,-53.1258,Institut Pasteur de la Guyane,
GUF,French Guiana,Pfkelch13,P. falciparum,2014,0,0,,92,Multiple sites (French Guiana),,3.9339,-53.1258,Institut Pasteur de la Guyane,
GUF,French Guiana,Pfkelch13,P. falciparum,2013,0,0,,110,Multiple sites (French Guiana),,3.9339,-53.1258,Institut Pasteur de la Guyane,http://www.ncbi.nlm.nih.gov/pubmed/27332904
GUF,French Guiana,Pfkelch13,P. falciparum,2012,0,0,,127,Multiple sites (French Guiana),,3.9339,-53.1258,Institut Pasteur de la Guyane,http://www.ncbi.nlm.nih.gov/pubmed/27332904
GUF,French Guiana,Pfkelch13,P. falciparum,2011,0,0,,22,Multiple sites (French Guiana),,3.9339,-53.1258,Institut Pasteur de la Guyane,
GUF,French Guiana,Pfkelch13,P. falciparum,2010,0,0,,30,Multiple sites (French Guiana),,3.9339,-53.1258,Institut Pasteur de la Guyane,
GUY,Guyana,Pfkelch13,P. falciparum,2022,0,0,,11,Barima-Waini Region,,7.667,-59.75,Institut Pasteur de la Guyane,
GUY,Guyana,Pfkelch13,P. falciparum,2022,0,0,,121,Cuyuni-Mazaruni Region,,6.4595,-60.2111,Institut Pasteur de la Guyane,
GUY,Guyana,Pfkelch13,P. falciparum,2022,0,0,,72,Potaro-Siparuni Region,,4.7697,-59.2654,Institut Pasteur de la Guyane,
GUY,Guyana,Pfkelch13,P. falciparum,2021,0,0,,113,Barima-Waini Region,,7.667,-59.75,Institut Pasteur de la Guyane,
GUY,Guyana,Pfkelch13,P. falciparum,2021,0,0,,468,Cuyuni-Mazaruni Region,,6.4595,-60.2111,Institut Pasteur de la Guyane,
GUY,Guyana,Pfkelch13,P. falciparum,2021,0,0,,1,Demerara-Mahaica,,6.75,-57.9833,Institut Pasteur de la Guyane,
GUY,Guyana,Pfkelch13,P. falciparum,2021,0,0,,3,East Berbice-Corentyne,,4.1079,-58.1834,Institut Pasteur de la Guyane,
GUY,Guyana,Pfkelch13,P. falciparum,2021,0,0,,4,Essequibo Islands-West Demerara Region,,6.7151,-58.549,Institut Pasteur de la Guyane,
GUY,Guyana,Pfkelch13,P. falciparum,2021,0,0,,13,Pomeroon-Supenaam Region,,7.1078,-58.8806,Institut Pasteur de la Guyane,
GUY,Guyana,Pfkelch13,P. falciparum,2021,0,0,,332,Potaro-Siparuni Region,,4.7697,-59.2654,Institut Pasteur de la Guyane,
GUY,Guyana,Pfkelch13,P. falciparum,2021,0,0,,4,Upper Demerara-Berbice,,5.5544,-58.8115,Institut Pasteur de la Guyane,
GUY,Guyana,Pfkelch13,P. falciparum,2021,0,0,,3,Upper Takutu-Upper Essequibo Region,,2.901,-58.9352,Institut Pasteur de la Guyane,
GUY,Guyana,Pfkelch13,P. falciparum,2020,0,0,,151,Barima-Waini Region,,7.667,-59.75,Institut Pasteur de la Guyane,
GUY,Guyana,Pfkelch13,P. falciparum,2020,0,0,,448,Cuyuni-Mazaruni Region,,6.4595,-60.2111,Institut Pasteur de la Guyane,
GUY,Guyana,Pfkelch13,P. falciparum,2020,0,0,,2,Demerara-Mahaica,,6.75,-57.9833,Institut Pasteur de la Guyane,
GUY,Guyana,Pfkelch13,P. falciparum,2020,0,0,,3,Essequibo Islands-West Demerara Region,,6.7151,-58.549,Institut Pasteur de la Guyane,
GUY,Guyana,Pfkelch13,P. falciparum,2020,0,0,,17,Pomeroon-Supenaam Region,,7.1078,-58.8806,Institut Pasteur de la Guyane,
GUY,Guyana,Pfkelch13,P. falciparum,2020,0,0,,290,Potaro-Siparuni Region,,4.7697,-59.2654,Institut Pasteur de la Guyane,
GUY,Guyana,Pfkelch13,P. falciparum,2020,0,0,,4,Upper Demerara-Berbice,,5.5544,-58.8115,Institut Pasteur de la Guyane,
GUY,Guyana,Pfkelch13,P. falciparum,2018,0,0,,72,Barima-Waini Region,,7.667,-59.75,Institut Pasteur de la Guyane,
GUY,Guyana,Pfkelch13,P. falciparum,2018,0,0,,99,Georgetown,Demerara-Mahaica,6.8058,-58.1667,Institut Pasteur de la Guyane,
GUY,Guyana,Pfkelch13,P. falciparum,2016,8.8,8.8,C580Y,114,Barima-Waini Region,,7.667,-59.75,Institut Pasteur de la Guyane,
GUY,Guyana,Pfkelch13,P. falciparum,2016,0.5,0.5,C580Y,572,Cuyuni-Mazaruni Region,,6.4595,-60.2111,Institut Pasteur de la Guyane,
GUY,Guyana,Pfkelch13,P. falciparum,2016,0,0,,10,Essequibo Islands-West Demerara Region,,6.7151,-58.549,Institut Pasteur de la Guyane,
GUY,Guyana,Pfkelch13,P. falciparum,2016,0,0,,2,Pomeroon-Supenaam Region,,7.1078,-58.8806,Institut Pasteur de la Guyane,
GUY,Guyana,Pfkelch13,P. falciparum,2016,0.6,0.6,C580Y,150,Potaro-Siparuni Region,,4.7697,-59.2654,Institut Pasteur de la Guyane,
GUY,Guyana,Pfkelch13,P. falciparum,2016,0,0,,2,Upper Demerara-Berbice,,5.5544,-58.8115,Institut Pasteur de la Guyane,
GUY,Guyana,Pfkelch13,P. falciparum,2016,0,0,,4,Upper Takutu-Upper Essequibo Region,,2.901,-58.9352,Institut Pasteur de la Guyane,
GUY,Guyana,Pfkelch13,P. falciparum,2014,0,0,,73,Georgetown,Demerara-Mahaica,6.8058,-58.1667,Ministry of Public Health,https://www.ncbi.nlm.nih.gov/pubmed/27704030
GUY,Guyana,Pfkelch13,P. falciparum,2010,5.1,5.1,C580Y,98,All country (Guyana),,4.8604,-58.9302,"Malaria Branch, Division of Parasitic Diseases and Malaria, Center for Global Health, Center for Disease Control and Prevention",http://www.ncbi.nlm.nih.gov/pubmed/26690347
HTI,Haiti,Pfkelch13,P. falciparum,2017,0,0,,13,Grand'Anse Department,,18.5197,-74.227,National Center for Global Health and Medicine,https://www.ncbi.nlm.nih.gov/pubmed/30334724
HTI,Haiti,Pfkelch13,P. falciparum,2017,0,0,,24,Nippes Department,,18.4447,-73.0883,National Center for Global Health and Medicine,https://www.ncbi.nlm.nih.gov/pubmed/30334724
HTI,Haiti,Pfkelch13,P. falciparum,2017,0,0,,43,Sud Department,,18.2219,-73.9998,National Center for Global Health and Medicine,https://www.ncbi.nlm.nih.gov/pubmed/30334724
HTI,Haiti,Pfkelch13,P. falciparum,2010,0,0,,4,Cap Haitian,Nord,19.737,-72.2068,University of Florida,http://www.ncbi.nlm.nih.gov/pubmed/25646258
HTI,Haiti,Pfkelch13,P. falciparum,2010,0,0,,1,Chabin,Artibonite,18.2998,-72.584,University of Florida,http://www.ncbi.nlm.nih.gov/pubmed/25646258
HTI,Haiti,Pfkelch13,P. falciparum,2010,0,0,,4,Hinche,Centre,19.1412,-72.0142,University of Florida,http://www.ncbi.nlm.nih.gov/pubmed/25646258
HTI,Haiti,Pfkelch13,P. falciparum,2010,0,0,,15,Jacmel,Sud-Est,18.243,-72.5264,University of Florida,http://www.ncbi.nlm.nih.gov/pubmed/25646258
HTI,Haiti,Pfkelch13,P. falciparum,2010,0,0,,18,Léogâne,Ouest,18.5128,-72.624,University of Florida,http://www.ncbi.nlm.nih.gov/pubmed/25646258
HTI,Haiti,Pfkelch13,P. falciparum,2010,0,0,,2,Miragoâne,Nippes,18.4395,-73.0863,University of Florida,http://www.ncbi.nlm.nih.gov/pubmed/25646258
HTI,Haiti,Pfkelch13,P. falciparum,2010,0,0,,38,Port-au-Prince,Ouest,18.5944,-72.3074,University of Florida,http://www.ncbi.nlm.nih.gov/pubmed/25646258
IDN,Indonesia,Pfkelch13,P. falciparum,2017,0,0,,114,Keerom,Papua,-3.3,140.6167,Eijkman Institute for Molecular Biology,
IDN,Indonesia,Pfkelch13,P. falciparum,2015,0,6,T474A,66,Batubara,North Sumatra,3,99.1667,"Department of Infection Biology, Faculty of Infectious and Tropical Diseases, London School of Hygiene and Tropical Medicine",https://pubmed.ncbi.nlm.nih.gov/32393498/
IDN,Indonesia,Pfkelch13,P. falciparum,2015,0,6,T474A,66,Batubara,North Sumatra,3,99.1667,"Department of Infection Biology, Faculty of Infectious and Tropical Diseases, London School of Hygiene and Tropical Medicine",https://pubmed.ncbi.nlm.nih.gov/32393498/
IDN,Indonesia,Pfkelch13,P. falciparum,2015,0,5,T474A,60,Langkat,North Sumatra,3.7667,98.2167,"Department of Infection Biology, Faculty of Infectious and Tropical Diseases, London School of Hygiene and Tropical Medicine",https://pubmed.ncbi.nlm.nih.gov/32393498/
IDN,Indonesia,Pfkelch13,P. falciparum,2015,0,5,T474A,60,Langkat,North Sumatra,3.7667,98.2167,"Department of Infection Biology, Faculty of Infectious and Tropical Diseases, London School of Hygiene and Tropical Medicine",https://pubmed.ncbi.nlm.nih.gov/32393498/
IDN,Indonesia,Pfkelch13,P. falciparum,2015,0,0,,65,Mimika,Papua,-4.55,136.89,Mimika District Hospital,https://pubmed.ncbi.nlm.nih.gov/29345221/
IDN,Indonesia,Pfkelch13,P. falciparum,2015,0.9,1.8,E461G&C580Y,106,South Nias,North Sumatra,0.77,97.75,"Department of Infection Biology, Faculty of Infectious and Tropical Diseases, London School of Hygiene and Tropical Medicine",https://pubmed.ncbi.nlm.nih.gov/32393498/
IDN,Indonesia,Pfkelch13,P. falciparum,2015,0.9,1.8,E461G&C580Y,106,South Nias,North Sumatra,0.77,97.75,"Department of Infection Biology, Faculty of Infectious and Tropical Diseases, London School of Hygiene and Tropical Medicine",https://pubmed.ncbi.nlm.nih.gov/32393498/
IDN,Indonesia,Pfkelch13,P. falciparum,2012,0,0,,84,Sumba Island,East Nusa Tenggara,-9.6667,120,Eijkman Institute for Molecular Biology,http://www.ncbi.nlm.nih.gov/pubmed/27332904
IDN,Indonesia,Pfkelch13,P. falciparum,2011,0,0,,22,Sumba Island,East Nusa Tenggara,-9.6667,120,Eijkman Institute for Molecular Biology,http://www.ncbi.nlm.nih.gov/pubmed/27332904
IND,India,Pfkelch13,P. falciparum,2019,0,0,,40,Kolkata,West Bengal,22.5726,88.3639,,https://pubmed.ncbi.nlm.nih.gov/38444799/
IND,India,Pfkelch13,P. falciparum,2019,0,9,M579T-N657H/R597G-T677S,235,Mandla,Madhya Pradesh,22.5978,80.3714,"Global Health Fellowship Program, Public Health Institute",https://pubmed.ncbi.nlm.nih.gov/38072967/
IND,India,Pfkelch13,P. falciparum,2018,0,0,,57,Odisha,,20.1817,82.192,"Division of Molecular Epidemiology and Public Health, ICMR-Regional Medical Research Centre",https://pubmed.ncbi.nlm.nih.gov/32258150/
IND,India,Pfkelch13,P. falciparum,2018,0,0,,88,Udalgiri,Assam,26.7179,91.899,"National Institute of Malaria Research, Indian Council of Medical Research",
IND,India,Pfkelch13,P. falciparum,2017,0,0,,20,Betul,Madhya Pradesh,21.9108,77.9012,"National Institute of Malaria Research, Indian Council of Medical Research",
IND,India,Pfkelch13,P. falciparum,2017,0,0,,27,Dhalai,Tripura,23.9333,91.85,"National Institute of Malaria Research, Indian Council of Medical Research",
IND,India,Pfkelch13,P. falciparum,2017,0,0,,27,Gadcharoli,Maharashtra,19.4969,80.2767,"National Institute of Malaria Research, Indian Council of Medical Research",
IND,India,Pfkelch13,P. falciparum,2017,0,0,,2,Namsai,Arunachal Pradesh,27.6689,95.8714,"National Institute of Malaria Research, Indian Council of Medical Research",
IND,India,Pfkelch13,P. falciparum,2017,0,0,,1,West Tripura,Tripura,23.9167,91.5,"The GenRe-Mekong Project, Mahidol-Oxford Tropical Medicine Research Unit, Faculty of Tropical Medicine, Mahidol University",https://doi.org/10.1038/s41467-025-59946-1
IND,India,Pfkelch13,P. falciparum,2016,0,0,,42,Dhalai and Gomati,Tripura,23.4753,90.9106,"National Institute of Malaria Research, Indian Council of Medical Research",
IND,India,Pfkelch13,P. falciparum,2016,1.4,5.6,E605K,71,Lawngtlai and Lunglei,Mizoram,22.7181,92.8531,"National Institute of Malaria Research, Indian Council of Medical Research",
IND,India,Pfkelch13,P. falciparum,2016,0,0,,4,Sundergarh,Odisha,22.124,84.0432,"The GenRe-Mekong Project, Mahidol-Oxford Tropical Medicine Research Unit, Faculty of Tropical Medicine, Mahidol University",https://doi.org/10.1038/s41467-025-59946-1
IND,India,Pfkelch13,P. falciparum,2016,0,0,,55,West Garo Hills and East Garo Hills,Mizoram,25.5495,90.3981,"National Institute of Malaria Research, Indian Council of Medical Research",
IND,India,Pfkelch13,P. falciparum,2015,0,8.4,E668K,69,Agartala,Tripura,23.841,91.2919,"Mahidol Oxford Tropical Medicine Research Unit, Mahidol University",https://pubmed.ncbi.nlm.nih.gov/32171078/
IND,India,Pfkelch13,P. falciparum,2015,0,0,,79,Bastar,Chhattisgarh,19.1071,81.9535,National Institute for Research in Tribal Health (NIRTH),https://www.ncbi.nlm.nih.gov/pubmed/27737665
IND,India,Pfkelch13,P. falciparum,2015,0,0,,69,Dhalai and Gomati,Tripura,23.4753,90.9106,"National Institute of Malaria Research, Indian Council of Medical Research",
IND,India,Pfkelch13,P. falciparum,2015,1.7,1.7,A675V,180,Durg-Bhilai,Chhattisgarh,21.1938,81.3319,"Department of Physiology, Faculty of Medicine, Melaka Manipal University College",https://pubmed.ncbi.nlm.nih.gov/33976269/
IND,India,Pfkelch13,P. falciparum,2015,0,4,E605K,75,Lawngtlai and Lunglei,Mizoram,22.7181,92.8531,"National Institute of Malaria Research, Indian Council of Medical Research",
IND,India,Pfkelch13,P. falciparum,2015,0,0,,112,Mangalore,Karnataka,12.9141,74.856,Institute of Tropical Medicine and International Health,https://www.ncbi.nlm.nih.gov/pubmed/30398146
IND,India,Pfkelch13,P. falciparum,2015,0,0,,70,Mewat,Haryana,27.9913,76.5388,"National Institute of Malaria Research, Indian Council of Medical Research",https://www.ncbi.nlm.nih.gov/pubmed/31791329
IND,India,Pfkelch13,P. falciparum,2015,0,9.9,A578S,89,Midnapur,West Bengal,22.4308,87.2835,"Mahidol Oxford Tropical Medicine Research Unit, Mahidol University",https://pubmed.ncbi.nlm.nih.gov/32171078/
IND,India,Pfkelch13,P. falciparum,2015,0,0,,46,Raipur,Chhattisgarh,21.2619,81.5489,"ICMR Regional Medical Research Centre, North East Region, Dibrugar",https://www.ncbi.nlm.nih.gov/pubmed/31791329
IND,India,Pfkelch13,P. falciparum,2015,0,0,,27,Ranchi,Jharkhand,23.3441,85.3096,"ICMR Regional Medical Research Centre, North East Region, Dibrugar",https://www.ncbi.nlm.nih.gov/pubmed/31791329
IND,India,Pfkelch13,P. falciparum,2015,0,1.1,K658R,87,"Rourkela, Sundergarh",Odisha,22.2604,84.8536,"Mahidol Oxford Tropical Medicine Research Unit, Mahidol University",https://pubmed.ncbi.nlm.nih.gov/32171078/
IND,India,Pfkelch13,P. falciparum,2015,0,0,,52,Tripura,,23.84,91.28,"ICMR Regional Medical Research Centre, North East Region, Dibrugar",https://www.ncbi.nlm.nih.gov/pubmed/31548652
IND,India,Pfkelch13,P. falciparum,2015,0,0,,87,Ujjain,Madhya Pradesh,23.4167,75.5,"Department of Pediatrics, R.D Gardi Medical College, Surasa",https://pubmed.ncbi.nlm.nih.gov/32795288/
IND,India,Pfkelch13,P. falciparum,2015,0,0,,29,West Garo Hills and East Garo Hills,Mizoram,25.5495,90.3981,"National Institute of Malaria Research, Indian Council of Medical Research",
IND,India,Pfkelch13,P. falciparum,2014,0,3.1,M579T,32,Anupur,Madhya Pradesh,23.0729,81.7787,National Institute for Research in Tribal Health (NIRTH),https://www.ncbi.nlm.nih.gov/pubmed/27737665
IND,India,Pfkelch13,P. falciparum,2014,1.2,1.2,F446I,85,Changlang,Arunachal Pradesh,27.7041,96.4298,"National Institute of Malaria Research, Indian Council of Medical Research",https://www.ncbi.nlm.nih.gov/pubmed/27912758
IND,India,Pfkelch13,P. falciparum,2014,0,0,,85,Gomati,Tripura,23.5167,91.6372,"National Institute of Malaria Research, Indian Council of Medical Research",https://www.ncbi.nlm.nih.gov/pubmed/27912758
IND,India,Pfkelch13,P. falciparum,2014,0,5.3,M579T,38,Jhabua,Madhya Pradesh,22.7697,74.5921,National Institute for Research in Tribal Health (NIRTH),https://www.ncbi.nlm.nih.gov/pubmed/27737665
IND,India,Pfkelch13,P. falciparum,2014,0,0,,51,Kolkata,West Bengal,22.5726,88.3639,Calcutta School of Tropical Medicine,http://www.ncbi.nlm.nih.gov/pubmed/26688755
IND,India,Pfkelch13,P. falciparum,2014,0,1.2,A578S,84,Lunglei,Mizoram,22.8671,92.7655,"National Institute of Malaria Research, Indian Council of Medical Research",https://www.ncbi.nlm.nih.gov/pubmed/27912758
IND,India,Pfkelch13,P. falciparum,2014,0,0,,37,Simdega,Jharkhand,22.6151,84.496,National Institute for Research in Tribal Health (NIRTH),https://www.ncbi.nlm.nih.gov/pubmed/27737665
IND,India,Pfkelch13,P. falciparum,2014,4,15.1,G625R,226,West Bengal,,22.5667,88.3667,"Immunology and Microbiology Laboratory, Department of Human Physiology with Community Health, Vidyasagar University",https://www.ncbi.nlm.nih.gov/pubmed/30535043
IND,India,Pfkelch13,P. falciparum,2013,0,0,,20,Gomati,Tripura,23.5167,91.6372,"National Institute of Malaria Research, Indian Council of Medical Research",http://www.ncbi.nlm.nih.gov/pubmed/25691626
IND,India,Pfkelch13,P. falciparum,2013,0,5,A578S,20,Lunglei,Mizoram,22.8671,92.7655,"National Institute of Malaria Research, Indian Council of Medical Research",http://www.ncbi.nlm.nih.gov/pubmed/25691626
IND,India,Pfkelch13,P. falciparum,2012,4.1,4.1,R561H,24,Changlang,Arunachal Pradesh,27.7041,96.4298,"National Institute of Malaria Research, Indian Council of Medical Research",http://www.ncbi.nlm.nih.gov/pubmed/25691626
IND,India,Pfkelch13,P. falciparum,2012,0,0,,23,Changlang,Arunachal Pradesh,27.7041,96.4298,"National Institute of Malaria Research, Indian Council of Medical Research",
IND,India,Pfkelch13,P. falciparum,2012,0,6.2,G533A,16,Dhalai and Gomati,Tripura,23.4753,90.9106,"National Institute of Malaria Research, Indian Council of Medical Research",
IND,India,Pfkelch13,P. falciparum,2012,0,2.6,G533A,38,Gomati,Tripura,23.5167,91.6372,"National Institute of Malaria Research, Indian Council of Medical Research",http://www.ncbi.nlm.nih.gov/pubmed/25691626
IND,India,Pfkelch13,P. falciparum,2012,0,0,,10,Karbi Anglong,Assam,26.1861,93.5813,"National Institute of Malaria Research, Indian Council of Medical Research",http://www.ncbi.nlm.nih.gov/pubmed/25691626
IND,India,Pfkelch13,P. falciparum,2012,0,0,,8,Lawngtlai and Lunglei,Mizoram,22.7181,92.8531,"National Institute of Malaria Research, Indian Council of Medical Research",
IND,India,Pfkelch13,P. falciparum,2012,0,0,,32,Lunglei,Mizoram,22.8671,92.7655,"National Institute of Malaria Research, Indian Council of Medical Research",http://www.ncbi.nlm.nih.gov/pubmed/25691626
IND,India,Pfkelch13,P. falciparum,2012,0,0,,22,Sundergarh,Odisha,22.124,84.0432,"National Institute of Malaria Research, Indian Council of Medical Research",http://www.ncbi.nlm.nih.gov/pubmed/25691626
IND,India,Pfkelch13,P. falciparum,2012,0,0,,42,Vellore,Tamil Nadu,12.9111,79.1361,"Department of Neuromedicine, Christian Medical College",https://pubmed.ncbi.nlm.nih.gov/32769239/
IND,India,Pfkelch13,P. falciparum,2011,0,0,,22,Betul,Madhya Pradesh,21.9108,77.9012,"National Institute of Malaria Research, Indian Council of Medical Research",http://www.ncbi.nlm.nih.gov/pubmed/25691626
IND,India,Pfkelch13,P. falciparum,2011,0,6.3,S549Y,16,Jalpaiguri,West Bengal,26.5435,88.7205,"National Institute of Malaria Research, Indian Council of Medical Research",http://www.ncbi.nlm.nih.gov/pubmed/25691626
IND,India,Pfkelch13,P. falciparum,2011,0,0,,20,Kanker,Chhattisgarh,20.2727,81.4883,"National Institute of Malaria Research, Indian Council of Medical Research",http://www.ncbi.nlm.nih.gov/pubmed/25691626
IND,India,Pfkelch13,P. falciparum,2011,0,0,,20,Lunglei,Mizoram,22.8671,92.7655,"National Institute of Malaria Research, Indian Council of Medical Research",http://www.ncbi.nlm.nih.gov/pubmed/25691626
IND,India,Pfkelch13,P. falciparum,2011,0,0,,50,Multiple sites,,21.07,77.9201,"National Institute of Malaria Research, Indian Council of Medical Research",https://www.ncbi.nlm.nih.gov/pubmed/29405138
IND,India,Pfkelch13,P. falciparum,2011,0,0,,20,Simdega,Jharkhand,22.6151,84.496,"National Institute of Malaria Research, Indian Council of Medical Research",http://www.ncbi.nlm.nih.gov/pubmed/25691626
IND,India,Pfkelch13,P. falciparum,2010,0,0,,24,Gadcharoli,Maharashtra,19.4969,80.2767,"National Institute of Malaria Research, Indian Council of Medical Research",http://www.ncbi.nlm.nih.gov/pubmed/25691626
IND,India,Pfkelch13,P. falciparum,2010,0,0,,20,Kolkata,West Bengal,22.5726,88.3639,"National Institute of Malaria Research, Indian Council of Medical Research",http://www.ncbi.nlm.nih.gov/pubmed/25691626
IND,India,Pfkelch13,P. falciparum,2010,0,0,,20,Pratapgarh,Rajasthan,24.0317,74.7787,"National Institute of Malaria Research, Indian Council of Medical Research",http://www.ncbi.nlm.nih.gov/pubmed/25691626
IND,India,Pfkelch13,P. falciparum,2010,0,0,,23,Surat,Gujarat,21.1702,72.8311,"National Institute of Malaria Research, Indian Council of Medical Research",http://www.ncbi.nlm.nih.gov/pubmed/25691626
IND,India,Pfkelch13,P. falciparum,2010,0,0,,20,Vishakhapatnam,Andhra Pradesh,17.6868,83.2185,"National Institute of Malaria Research, Indian Council of Medical Research",http://www.ncbi.nlm.nih.gov/pubmed/25691626
IND,India,Pfkelch13,P. falciparum,2010,0,0,,13,West Garo Hills,Meghalaya,25.5679,90.2245,"National Institute of Malaria Research, Indian Council of Medical Research",http://www.ncbi.nlm.nih.gov/pubmed/25691626
IND,India,Pfkelch13,P. falciparum,1993,0,0,,133,Multiple sites: not specified,,21,78,"National Institute of Malaria Research, Indian Council of Medical Research",https://pubmed.ncbi.nlm.nih.gov/38636585/
IRN,Iran (Islamic Republic of),Pfkelch13,P. falciparum,2013,0,0,,20,Chabahar,Sistan and Baluchestan,25.2969,60.6459,Institut Pasteur d'Iran,http://www.ncbi.nlm.nih.gov/pubmed/27332904
IRN,Iran (Islamic Republic of),Pfkelch13,P. falciparum,2013,0,0,,4,Iranshahr,Sistan and Baluchestan,35.7098,51.4218,Institut Pasteur d'Iran,http://www.ncbi.nlm.nih.gov/pubmed/27332904
IRN,Iran (Islamic Republic of),Pfkelch13,P. falciparum,2013,0,8.4,E643K,24,Saravan,Sistan and Baluchestan,27.3526,62.3448,Institut Pasteur d'Iran,http://www.ncbi.nlm.nih.gov/pubmed/27332904
IRN,Iran (Islamic Republic of),Pfkelch13,P. falciparum,2013,0,0,,28,Sistan and Baluchestan Province,,27.53,60.5821,Institut Pasteur d'Iran,http://www.ncbi.nlm.nih.gov/pubmed/27332904
KEN,Kenya,Pfkelch13,P. falciparum,2018,0,1.1,A578S,466,Homa Bay,,-0.535,34.4531,University of California at Irvine,https://pubmed.ncbi.nlm.nih.gov/38287365/
KEN,Kenya,Pfkelch13,P. falciparum,2018,2.38,14.3,A582V,126,Kakamega,,0.2833,34.75,University of California at Irvine,https://pubmed.ncbi.nlm.nih.gov/38287365/
KEN,Kenya,Pfkelch13,P. falciparum,2018,0,0,,12,Kisii,,-0.6773,34.7796,University of California at Irvine,https://pubmed.ncbi.nlm.nih.gov/38287365/
KEN,Kenya,Pfkelch13,P. falciparum,2018,0,1.1,I646L,179,Kombewa,Kisumu,-0.1,34.5167,University of California at Irvine,https://pubmed.ncbi.nlm.nih.gov/38287365/
KEN,Kenya,Pfkelch13,P. falciparum,2016,0,2.5,A578S,317,Siaya,,-0.0998,34.2747,"Kenya Medical Research Institute, Centre for Global Health Research",https://pubmed.ncbi.nlm.nih.gov/32795367/
KEN,Kenya,Pfkelch13,P. falciparum,2015,0,12,E612D,66,Kakamega,,0.2833,34.75,University of California at Irvine,https://pubmed.ncbi.nlm.nih.gov/29363453/
KEN,Kenya,Pfkelch13,P. falciparum,2015,0,0.7,A578S,142,Kilifi,,-3.5107,39.9093,KEMRI/United States Army Medical Research Unit-Kenya,https://pubmed.ncbi.nlm.nih.gov/31591113/
KEN,Kenya,Pfkelch13,P. falciparum,2015,0,1.1,W611S,94,Kisumu,,-0.0917,34.768,"Department of Biochemistry, Jomo Kenyatta University of Agriculture and Technology",https://www.ncbi.nlm.nih.gov/pubmed/31756512
KEN,Kenya,Pfkelch13,P. falciparum,2015,0,9.2,A578S,43,Kisumu,,-0.0917,34.768,University of California at Irvine,https://pubmed.ncbi.nlm.nih.gov/29363453/
KEN,Kenya,Pfkelch13,P. falciparum,2014,0,0,,1,Cases imported from Kenya to Italy,,-0.8615,40.4866,Istituto Superiore di Sanità,https://pubmed.ncbi.nlm.nih.gov/33295621/
KEN,Kenya,Pfkelch13,P. falciparum,2013,0,8.7,E509G,34,Baringo,,0.6667,36,"Center for Biotechnology and Bioinformatics, University of Nairobi",https://pubmed.ncbi.nlm.nih.gov/29582728/
KEN,Kenya,Pfkelch13,P. falciparum,2013,0,21,E509G,43,Kericho,,-0.3667,35.3,"Center for Biotechnology and Bioinformatics, University of Nairobi",https://pubmed.ncbi.nlm.nih.gov/29582728/
KEN,Kenya,Pfkelch13,P. falciparum,2013,0,28.6,L505F,39,Kilifi,,-3.5107,39.9093,"Center for Biotechnology and Bioinformatics, University of Nairobi",https://pubmed.ncbi.nlm.nih.gov/29582728/
KEN,Kenya,Pfkelch13,P. falciparum,2013,0,4.2,A578S,47,Kisii,,-0.6773,34.7796,"Center for Biotechnology and Bioinformatics, University of Nairobi",https://pubmed.ncbi.nlm.nih.gov/29582728/
KEN,Kenya,Pfkelch13,P. falciparum,2013,0,6.3,A578S,16,Kisumu,,-0.0917,34.768,Epicentre Research Centre,http://www.ncbi.nlm.nih.gov/pubmed/27332904
KEN,Kenya,Pfkelch13,P. falciparum,2013,0,4.6,A578S,108,Kisumu,,-0.0917,34.768,Kenya Medical Research Institute/United States Army Medical Research Unit-Kenya,http://www.ncbi.nlm.nih.gov/pubmed/25367300
KEN,Kenya,Pfkelch13,P. falciparum,2013,0,21.9,N585K,41,Kisumu,,-0.0917,34.768,"Center for Biotechnology and Bioinformatics, University of Nairobi",https://pubmed.ncbi.nlm.nih.gov/29582728/
KEN,Kenya,Pfkelch13,P. falciparum,2013,0,23.3,N585K,47,Kisumu,,-0.0917,34.768,"Center for Biotechnology and Bioinformatics, University of Nairobi",https://pubmed.ncbi.nlm.nih.gov/29582728/
KEN,Kenya,Pfkelch13,P. falciparum,2013,0,2.5,A569S,40,Mbita,,-0.7,34.3333,"Department of Medicine, Osaka City University",http://www.ncbi.nlm.nih.gov/pubmed/25695257
KEN,Kenya,Pfkelch13,P. falciparum,2012,0,50,I683R,2,Cases imported from Kenya to China,,-1.4611,38.5885,Anhui Provincial Center for Disease Control and Prevention,https://pubmed.ncbi.nlm.nih.gov/29436339/
KEN,Kenya,Pfkelch13,P. falciparum,2012,0,0,,4,Cases imported from Kenya to China,,-1.4611,38.5885,Henan Province Center for Disease Control and Prevention,https://pubmed.ncbi.nlm.nih.gov/28797235/
KEN,Kenya,Pfkelch13,P. falciparum,2012,0,16.7,I683R,6,Cases imported from Kenya to China,,-1.4611,38.5885,"National Institute of Parasitic Diseases, Chinese Center for Disease Control and Prevention, Chinese Center for Tropical Diseases Research, WHO Collaborating Center for Tropical Diseases, National Centre for International Research On Tropical Diseases, Ministry of Science and Technology, Key Laboratory of Parasite and Vector Biology, Ministry of Health China",https://pubmed.ncbi.nlm.nih.gov/33549122/
KEN,Kenya,Pfkelch13,P. falciparum,2012,0,1.4,N554S,69,Homa Bay,,-0.535,34.4531,"Department of Medicine, Osaka City University",http://www.ncbi.nlm.nih.gov/pubmed/25695257
KEN,Kenya,Pfkelch13,P. falciparum,2012,0,0,,65,Homa Bay,,-0.535,34.4531,"Department of Medicine, Osaka City University",http://www.ncbi.nlm.nih.gov/pubmed/25695257
KEN,Kenya,Pfkelch13,P. falciparum,2012,0,0,,21,Kibouge Island,,-0.5333,34.0833,"Department of Medicine, Osaka City University",http://www.ncbi.nlm.nih.gov/pubmed/25695257
KEN,Kenya,Pfkelch13,P. falciparum,2012,0,0,,117,Kilifi,,-3.5107,39.9093,KEMRI/United States Army Medical Research Unit-Kenya,https://pubmed.ncbi.nlm.nih.gov/31591113/
KEN,Kenya,Pfkelch13,P. falciparum,2012,0,2.5,A578S,120,Kisumu,,-0.0917,34.768,Epicentre Research Centre,http://www.ncbi.nlm.nih.gov/pubmed/27332904
KEN,Kenya,Pfkelch13,P. falciparum,2012,0,2.9,A578S,138,Mfangano Island,Homa Bay,-0.4667,34.0167,"Department of Medicine, Osaka City University",http://www.ncbi.nlm.nih.gov/pubmed/25695257
KEN,Kenya,Pfkelch13,P. falciparum,2012,0,1.4,A578S,145,Mfangano Island,Homa Bay,-0.4667,34.0167,"Department of Medicine, Osaka City University",http://www.ncbi.nlm.nih.gov/pubmed/25695257
KEN,Kenya,Pfkelch13,P. falciparum,2012,0,0,,18,Ngodhe Island,,-0.3539,34.1906,"Department of Medicine, Osaka City University",http://www.ncbi.nlm.nih.gov/pubmed/25695257
KEN,Kenya,Pfkelch13,P. falciparum,2012,0,0,,19,Takawiri Island,,-0.4756,34.0878,"Department of Medicine, Osaka City University",http://www.ncbi.nlm.nih.gov/pubmed/25695257
KEN,Kenya,Pfkelch13,P. falciparum,2011,0,2.4,A578S,41,Kisumu,,-0.0917,34.768,Epicentre Research Centre,http://www.ncbi.nlm.nih.gov/pubmed/27332904
KEN,Kenya,Pfkelch13,P. falciparum,2011,0,1.2,A578S,84,Kisumu,,-0.0917,34.768,"Institute of Tropical Medicine, University Tübingen",https://www.ncbi.nlm.nih.gov/pubmed/28535801
KEN,Kenya,Pfkelch13,P. falciparum,2010,0,0,,147,Siaya,,-0.0998,34.2747,Centers for Disease Control and Prevention,http://www.ncbi.nlm.nih.gov/pubmed/26392510
KHM,Cambodia,Pfkelch13,P. falciparum,2023,100,100,Y493H,9,Kampong Speu and Pursat Provinces,,11.8674,104.1685,"National Center for Parasitology, Entomology and Malaria Control, Ministry of Health",
KHM,Cambodia,Pfkelch13,P. falciparum,2022,75,75,Y493H,4,Battambang,,13.0287,102.9896,"Cambodia Malaria Elimination Project 2, University Research Co., LLC",
KHM,Cambodia,Pfkelch13,P. falciparum,2022,29,29,C580Y,7,Kaev Seima,Mondulkiri,12.3628,106.8187,"The GenRe-Mekong Project, Mahidol-Oxford Tropical Medicine Research Unit, Faculty of Tropical Medicine, Mahidol University",https://doi.org/10.1038/s41467-025-59946-1
KHM,Cambodia,Pfkelch13,P. falciparum,2022,33,100,A578S,6,Krakor,Pursat,12.5467,104.1729,"The GenRe-Mekong Project, Mahidol-Oxford Tropical Medicine Research Unit, Faculty of Tropical Medicine, Mahidol University",https://doi.org/10.1038/s41467-025-59946-1
KHM,Cambodia,Pfkelch13,P. falciparum,2022,100,100,Y493H,27,Phnom Kravanh,Pursat,12.3333,103.75,"Mahidol Oxford Tropical Medicine Research Unit, Faculty of Tropical Medicine, Mahidol University, Bangkok, Thailand; Centre for Tropical Medicine and Global Health, Nuffield Department of Medicine, University of Oxford, Oxford, United Kingdom",
KHM,Cambodia,Pfkelch13,P. falciparum,2022,100,100,Y493H,60,Phnom Kravanh,Pursat,12.3333,103.75,"Cambodia Malaria Elimination Project 2, University Research Co., LLC",
KHM,Cambodia,Pfkelch13,P. falciparum,2022,75,99,Y493H,81,Phnom Kravanh,Pursat,12.3333,103.75,"The GenRe-Mekong Project, Mahidol-Oxford Tropical Medicine Research Unit, Faculty of Tropical Medicine, Mahidol University",https://doi.org/10.1038/s41467-025-59946-1
KHM,Cambodia,Pfkelch13,P. falciparum,2022,86,86,C580Y,7,Phnom Sruoch,Kampong Speu,11.4,104.4,"The GenRe-Mekong Project, Mahidol-Oxford Tropical Medicine Research Unit, Faculty of Tropical Medicine, Mahidol University",https://doi.org/10.1038/s41467-025-59946-1
KHM,Cambodia,Pfkelch13,P. falciparum,2022,0,0,,9,Sambour,Kratié,12.7423,105.2615,"National Center for Parasitology, Entomology and Malaria Control, Ministry of Health",
KHM,Cambodia,Pfkelch13,P. falciparum,2022,0,0,,6,Siem Pang,Stung Treng,14.1125,106.3905,"National Center for Parasitology, Entomology and Malaria Control, Ministry of Health",
KHM,Cambodia,Pfkelch13,P. falciparum,2022,100,100,Y493H,2,Veal Veng,Pursat,12.5463,103.9187,"The GenRe-Mekong Project, Mahidol-Oxford Tropical Medicine Research Unit, Faculty of Tropical Medicine, Mahidol University",https://doi.org/10.1038/s41467-025-59946-1
KHM,Cambodia,Pfkelch13,P. falciparum,2021,100,100,C580Y,5,Kaev Seima,Mondulkiri,12.3628,106.8187,"The GenRe-Mekong Project, Mahidol-Oxford Tropical Medicine Research Unit, Faculty of Tropical Medicine, Mahidol University",https://doi.org/10.1038/s41467-025-59946-1
KHM,Cambodia,Pfkelch13,P. falciparum,2021,100,100,C580Y,1,Oral,Kampong Speu,11.8119,104.0072,"National Center for Parasitology, Entomology and Malaria Control, Ministry of Health",
KHM,Cambodia,Pfkelch13,P. falciparum,2021,93,93,Y493H,15,Phnom Kravanh,Pursat,12.3333,103.75,"The GenRe-Mekong Project, Mahidol-Oxford Tropical Medicine Research Unit, Faculty of Tropical Medicine, Mahidol University",https://doi.org/10.1038/s41467-025-59946-1
KHM,Cambodia,Pfkelch13,P. falciparum,2021,100,100,C580Y,20,Phnom Sruoch,Kampong Speu,11.4,104.4,"National Center for Parasitology, Entomology and Malaria Control, Ministry of Health",
KHM,Cambodia,Pfkelch13,P. falciparum,2021,100,100,C580Y,20,Phnom Sruoch,Kampong Speu,11.4,104.4,"The GenRe-Mekong Project, Mahidol-Oxford Tropical Medicine Research Unit, Faculty of Tropical Medicine, Mahidol University",https://doi.org/10.1038/s41467-025-59946-1
KHM,Cambodia,Pfkelch13,P. falciparum,2021,88.5,88.5,Y493H,26,Pursat Province,,12.3663,103.6363,"Mahidol Oxford Tropical Medicine Research Unit, Faculty of Tropical Medicine, Mahidol University, Bangkok, Thailand; Centre for Tropical Medicine and Global Health, Nuffield Department of Medicine, University of Oxford, Oxford, United Kingdom",
KHM,Cambodia,Pfkelch13,P. falciparum,2021,64,64,Y493H,25,Stung Treng Province,,13.5765,105.97,"Mahidol Oxford Tropical Medicine Research Unit, Faculty of Tropical Medicine, Mahidol University, Bangkok, Thailand; Centre for Tropical Medicine and Global Health, Nuffield Department of Medicine, University of Oxford, Oxford, United Kingdom",
KHM,Cambodia,Pfkelch13,P. falciparum,2020,66.6,66.6,C580Y,3,Oral,Kampong Speu,11.8119,104.0072,"National Center for Parasitology, Entomology and Malaria Control, Ministry of Health",
KHM,Cambodia,Pfkelch13,P. falciparum,2020,86.7,86.7,Y493H,15,Phnom Sruoch,Kampong Speu,11.4,104.4,"National Center for Parasitology, Entomology and Malaria Control, Ministry of Health",
KHM,Cambodia,Pfkelch13,P. falciparum,2020,0,0,,6,Siem Pang,Stung Treng,14.1125,106.3905,"National Center for Parasitology, Entomology and Malaria Control, Ministry of Health",
KHM,Cambodia,Pfkelch13,P. falciparum,2020,31.6,31.6,R539T,19,Veun Sai,Ratanakiri,14.261,106.7942,"National Center for Parasitology, Entomology and Malaria Control, Ministry of Health",
KHM,Cambodia,Pfkelch13,P. falciparum,2019,100,100,Y493H,16,Krakor,Pursat,12.5467,104.1729,"National Center for Parasitology, Entomology and Malaria Control, Ministry of Health",
KHM,Cambodia,Pfkelch13,P. falciparum,2019,76.9,76.9,C580Y,13,Oral,Kampong Speu,11.8119,104.0072,"National Center for Parasitology, Entomology and Malaria Control, Ministry of Health",
KHM,Cambodia,Pfkelch13,P. falciparum,2019,80.9,80.9,C580Y,21,Oral,Kampong Speu,11.8119,104.0072,"National Center for Parasitology, Entomology and Malaria Control, Ministry of Health",
KHM,Cambodia,Pfkelch13,P. falciparum,2019,50,50,C580Y,2,Ou Reang,Mondulkiri,12.3318,107.1684,"National Center for Parasitology, Entomology, and Malaria Control, Ministry of Health, Phnom Penh, Cambodia and CDC Korea",
KHM,Cambodia,Pfkelch13,P. falciparum,2019,25,25,C580Y,8,Sambour,Kratié,12.7423,105.2615,"National Center for Parasitology, Entomology and Malaria Control, Ministry of Health",
KHM,Cambodia,Pfkelch13,P. falciparum,2019,71.2,71.2,C580Y,52,Veun Sai,Ratanakiri,14.261,106.7942,"National Center for Parasitology, Entomology and Malaria Control, Ministry of Health",
KHM,Cambodia,Pfkelch13,P. falciparum,2019,80,80,C580Y,5,Veun Sai,Ratanakiri,14.261,106.7942,"National Center for Parasitology, Entomology, and Malaria Control, Ministry of Health, Phnom Penh, Cambodia and CDC Korea",
KHM,Cambodia,Pfkelch13,P. falciparum,2018,60,60,C580Y,5,Ban Lung,Ratanakiri,13.6789,106.9498,"The GenRe-Mekong Project, Mahidol-Oxford Tropical Medicine Research Unit, Faculty of Tropical Medicine, Mahidol University",https://doi.org/10.7554/eLife.62997
KHM,Cambodia,Pfkelch13,P. falciparum,2018,63.6,63.6,C580Y,44,Kaoh Nheaek,Mondulkiri,13.0755,107.0362,"National Center for Parasitology, Entomology and Malaria Control, Ministry of Health",
KHM,Cambodia,Pfkelch13,P. falciparum,2018,82.6,82.6,C580Y,23,Ksim,Kratié,12.1681,106.4118,"National Center for Parasitology, Entomology and Malaria Control, Ministry of Health",
KHM,Cambodia,Pfkelch13,P. falciparum,2018,85.5,85.5,C580Y,62,Oral,Kampong Speu,11.8119,104.0072,"National Center for Parasitology, Entomology and Malaria Control, Ministry of Health",
KHM,Cambodia,Pfkelch13,P. falciparum,2018,82.4,82.4,C580Y,74,Pailin and Pursat Provinces,,12.4626,102.9863,"Mahidol Oxford Tropical Medicine Research Unit, Faculty of Tropical Medicine, Mahidol University, Bangkok, Thailand; Centre for Tropical Medicine and Global Health, Nuffield Department of Medicine, University of Oxford, Oxford, United Kingdom",https://pubmed.ncbi.nlm.nih.gov/35276064/
KHM,Cambodia,Pfkelch13,P. falciparum,2018,90,90,C580Y,10,Phnom Kravanh,Pursat,12.3333,103.75,"National Center for Parasitology, Entomology, and Malaria Control, Ministry of Health, Phnom Penh, Cambodia and CDC Korea",
KHM,Cambodia,Pfkelch13,P. falciparum,2018,80,80,C580Y,5,Sampov Meas,Pursat,12.5076,103.9376,"The GenRe-Mekong Project, Mahidol-Oxford Tropical Medicine Research Unit, Faculty of Tropical Medicine, Mahidol University",https://doi.org/10.1038/s41467-025-59946-1
KHM,Cambodia,Pfkelch13,P. falciparum,2018,27.3,27.3,C580Y,11,Sesan,Stung Treng,13.5037,106.3935,"National Center for Parasitology, Entomology, and Malaria Control, Ministry of Health, Phnom Penh, Cambodia and CDC China",
KHM,Cambodia,Pfkelch13,P. falciparum,2018,43.3,43.3,C580Y,30,Siem Pang,Stung Treng,14.1125,106.3905,"National Center for Parasitology, Entomology, and Malaria Control, Ministry of Health, Phnom Penh, Cambodia and CDC Korea",
KHM,Cambodia,Pfkelch13,P. falciparum,2018,45.4,45.5,C580Y,11,Siem Pang,Stung Treng,14.1125,106.3905,"National Center for Parasitology, Entomology, and Malaria Control, Ministry of Health, Phnom Penh, Cambodia and CDC China",
KHM,Cambodia,Pfkelch13,P. falciparum,2018,39.8,39.8,C580Y,181,Stung Treng Province,,13.5765,105.97,"Mahidol Oxford Tropical Medicine Research Unit, Faculty of Tropical Medicine, Mahidol University, Bangkok, Thailand; Centre for Tropical Medicine and Global Health, Nuffield Department of Medicine, University of Oxford, Oxford, United Kingdom",https://pubmed.ncbi.nlm.nih.gov/35276064/
KHM,Cambodia,Pfkelch13,P. falciparum,2018,100,100,C580Y,6,Taveng,Ratanakiri,14.0473,107.0993,"National Center for Parasitology, Entomology, and Malaria Control, Ministry of Health, Phnom Penh, Cambodia and CDC Korea",
KHM,Cambodia,Pfkelch13,P. falciparum,2018,55.7,55.7,C580Y,43,Veal Veng,Pursat,12.5463,103.9187,"National Center for Parasitology, Entomology and Malaria Control, Ministry of Health",
KHM,Cambodia,Pfkelch13,P. falciparum,2018,39.6,39.6,C580Y,53,Veun Sai,Ratanakiri,14.261,106.7942,"National Center for Parasitology, Entomology and Malaria Control, Ministry of Health",
KHM,Cambodia,Pfkelch13,P. falciparum,2017,84,84,C580Y,51,Ban Lung,Ratanakiri,13.6789,106.9498,"The GenRe-Mekong Project, Mahidol-Oxford Tropical Medicine Research Unit, Faculty of Tropical Medicine, Mahidol University",https://doi.org/10.7554/eLife.62997
KHM,Cambodia,Pfkelch13,P. falciparum,2017,75.4,75.4,C580Y,57,Kaoh Nheaek,Mondulkiri,13.0755,107.0362,"National Center for Parasitology, Entomology and Malaria Control, Ministry of Health",
KHM,Cambodia,Pfkelch13,P. falciparum,2017,88.8,88.8,C580Y,152,Mondulkiri Province,,12.7879,107.1012,"National Center for Parasitology, Entomology and Malaria Control, Ministry of Health",
KHM,Cambodia,Pfkelch13,P. falciparum,2017,94.7,94.7,C580Y,57,Oral,Kampong Speu,11.8119,104.0072,"National Center for Parasitology, Entomology and Malaria Control, Ministry of Health",
KHM,Cambodia,Pfkelch13,P. falciparum,2017,86,86,C580Y,22,Pailin,Pailin Province,12.7418,102.6331,"The GenRe-Mekong Project, Mahidol-Oxford Tropical Medicine Research Unit, Faculty of Tropical Medicine, Mahidol University",https://doi.org/10.7554/eLife.62997
KHM,Cambodia,Pfkelch13,P. falciparum,2017,84.2,84.2,C580Y,57,Pursat Province,,12.3663,103.6363,"National Center for Parasitology, Entomology and Malaria Control, Ministry of Health",
KHM,Cambodia,Pfkelch13,P. falciparum,2017,71,71,C580Y,69,Ratanakiri Province,,13.8577,107.1012,"National Center for Parasitology, Entomology and Malaria Control, Ministry of Health",
KHM,Cambodia,Pfkelch13,P. falciparum,2017,90,90,C580Y,31,Sampov Meas,Pursat,12.5076,103.9376,"The GenRe-Mekong Project, Mahidol-Oxford Tropical Medicine Research Unit, Faculty of Tropical Medicine, Mahidol University",https://doi.org/10.1038/s41467-025-59946-1
KHM,Cambodia,Pfkelch13,P. falciparum,2017,50.8,50.8,C580Y,61,Siem Pang,Stung Treng,14.1125,106.3905,"National Center for Parasitology, Entomology and Malaria Control, Ministry of Health",
KHM,Cambodia,Pfkelch13,P. falciparum,2017,83.3,83.3,C580Y,251,Stung Treng Province,,13.5765,105.97,"National Center for Parasitology, Entomology and Malaria Control, Ministry of Health",
KHM,Cambodia,Pfkelch13,P. falciparum,2017,92.1,92.1,C580Y,51,Veal Veng,Pursat,12.5463,103.9187,"National Center for Parasitology, Entomology and Malaria Control, Ministry of Health",
KHM,Cambodia,Pfkelch13,P. falciparum,2017,64.1,64.1,C580Y,53,Veun Sai,Ratanakiri,14.261,106.7942,"National Center for Parasitology, Entomology and Malaria Control, Ministry of Health",
KHM,Cambodia,Pfkelch13,P. falciparum,2016,75.9,75.9,C580Y,83,Chey Saen,Preah Vihear,13.5706,105.36,Médecins Sans Frontières,https://www.ncbi.nlm.nih.gov/pubmed/29173875
KHM,Cambodia,Pfkelch13,P. falciparum,2016,100,100,C580Y,3,Chi Kraeng,Siem Reap,13.2243,104.3792,"National Center for Parasitology, Entomology and Malaria Control, Ministry of Health",
KHM,Cambodia,Pfkelch13,P. falciparum,2016,100,100,C580Y,4,Choam Khsant,Preah Vihear,14.1667,104.9167,"National Center for Parasitology, Entomology and Malaria Control, Ministry of Health",
KHM,Cambodia,Pfkelch13,P. falciparum,2016,100,100,C580Y,31,Kaoh Nheaek,Mondulkiri,13.0755,107.0362,"National Center for Parasitology, Entomology and Malaria Control, Ministry of Health",
KHM,Cambodia,Pfkelch13,P. falciparum,2016,97.9,97.9,C580Y,46,Oral,Kampong Speu,11.8119,104.0072,"National Center for Parasitology, Entomology and Malaria Control, Ministry of Health",
KHM,Cambodia,Pfkelch13,P. falciparum,2016,82.6,82.6,C580Y,46,Siem Pang,Stung Treng,14.1125,106.3905,"National Center for Parasitology, Entomology and Malaria Control, Ministry of Health",
KHM,Cambodia,Pfkelch13,P. falciparum,2016,89.5,89.5,C580Y,19,Snuol,Kratié,12.2096,106.4406,"National Center for Parasitology, Entomology and Malaria Control, Ministry of Health",
KHM,Cambodia,Pfkelch13,P. falciparum,2016,100,100,C580Y,29,Veal Veng,Pursat,12.5463,103.9187,"National Center for Parasitology, Entomology and Malaria Control, Ministry of Health",
KHM,Cambodia,Pfkelch13,P. falciparum,2016,73.4,73.4,C580Y,60,Veun Sai,Ratanakiri,14.261,106.7942,"National Center for Parasitology, Entomology and Malaria Control, Ministry of Health",
KHM,Cambodia,Pfkelch13,P. falciparum,2015,86.5,86.5,C580Y,89,Ban Lung,Ratanakiri,13.6789,106.9498,"Mahidol Oxford Tropical Medicine Research Unit, Mahidol University",https://pubmed.ncbi.nlm.nih.gov/32171078/
KHM,Cambodia,Pfkelch13,P. falciparum,2015,88.8,90,C580Y,80,Chey Saen,Preah Vihear,13.5706,105.36,Médecins Sans Frontières,https://www.ncbi.nlm.nih.gov/pubmed/29173875
KHM,Cambodia,Pfkelch13,P. falciparum,2015,94.5,94.5,C580Y,55,Chi Kraeng,Siem Reap,13.2243,104.3792,"National Center for Parasitology, Entomology and Malaria Control, Ministry of Health",
KHM,Cambodia,Pfkelch13,P. falciparum,2015,100,100,C580Y,50,Oral,Kampong Speu,11.8119,104.0072,"National Center for Parasitology, Entomology and Malaria Control, Ministry of Health",
KHM,Cambodia,Pfkelch13,P. falciparum,2015,96.9,96.9,C580Y,64,Pailin,Pailin Province,12.7418,102.6331,"Mahidol Oxford Tropical Medicine Research Unit, Mahidol University",https://pubmed.ncbi.nlm.nih.gov/32171078/
KHM,Cambodia,Pfkelch13,P. falciparum,2015,92.5,92.5,C580Y,107,Sampov Meas,Pursat,12.5076,103.9376,"Mahidol Oxford Tropical Medicine Research Unit, Mahidol University",https://pubmed.ncbi.nlm.nih.gov/32171078/
KHM,Cambodia,Pfkelch13,P. falciparum,2015,81.8,81.8,C580Y,55,Siem Pang,Stung Treng,14.1125,106.3905,"National Center for Parasitology, Entomology and Malaria Control, Ministry of Health",
KHM,Cambodia,Pfkelch13,P. falciparum,2015,96.1,96.1,C580Y,52,Snuol,Kratié,12.2096,106.4406,"National Center for Parasitology, Entomology and Malaria Control, Ministry of Health",
KHM,Cambodia,Pfkelch13,P. falciparum,2015,100,100,C580Y,7,Thbaeng Meanchey,Preah Vihear,13.7701,104.8711,"Mahidol Oxford Tropical Medicine Research Unit, Mahidol University",https://pubmed.ncbi.nlm.nih.gov/32171078/
KHM,Cambodia,Pfkelch13,P. falciparum,2015,92.8,92.8,C580Y,56,Veal Veng,Pursat,12.5463,103.9187,"National Center for Parasitology, Entomology and Malaria Control, Ministry of Health",
KHM,Cambodia,Pfkelch13,P. falciparum,2014,99.3,99.3,C580Y,157,Anlong Veng,Oddar Meanchey,14.2414,104.0943,Armed Forces Research Institute of Medical Sciences,https://www.ncbi.nlm.nih.gov/pubmed/31660398
KHM,Cambodia,Pfkelch13,P. falciparum,2014,54.5,54.5,C580Y,11,Chey Saen,Preah Vihear,13.5706,105.36,Médecins Sans Frontières,http://www.ncbi.nlm.nih.gov/pubmed/27585957
KHM,Cambodia,Pfkelch13,P. falciparum,2014,97.5,97.5,C580Y,40,Chi Kraeng,Siem Reap,13.2243,104.3792,"National Center for Parasitology, Entomology and Malaria Control, Ministry of Health",
KHM,Cambodia,Pfkelch13,P. falciparum,2014,70,72.5,C580Y,40,Kaoh Nheaek,Mondulkiri,13.0755,107.0362,"National Center for Parasitology, Entomology and Malaria Control, Ministry of Health",
KHM,Cambodia,Pfkelch13,P. falciparum,2014,88.4,88.4,C580Y,43,Kratié,Kratié,12.4824,105.9666,Armed Forces Research Institute of Medical Sciences,https://www.ncbi.nlm.nih.gov/pubmed/31660398
KHM,Cambodia,Pfkelch13,P. falciparum,2014,100,100,C580Y,4,Oddar Meanchey Province,,14.1717,103.6363,"National Center for Parasitology, Entomology and Malaria Control, Ministry of Health",https://www.ncbi.nlm.nih.gov/pubmed/27332904
KHM,Cambodia,Pfkelch13,P. falciparum,2014,93.6,93.6,C580Y,47,Pailin,Pailin Province,12.7418,102.6331,"National Center for Parasitology, Entomology and Malaria Control, Ministry of Health",
KHM,Cambodia,Pfkelch13,P. falciparum,2014,91.7,91.7,C580Y,12,Pailin Province,,12.9093,102.6676,"National Center for Parasitology, Entomology and Malaria Control, Ministry of Health",https://www.ncbi.nlm.nih.gov/pubmed/27332904
KHM,Cambodia,Pfkelch13,P. falciparum,2014,88.1,88.1,C580Y,76,Phnom Kravanh,Pursat,12.3333,103.75,"University Research Co., LLC",https://www.ncbi.nlm.nih.gov/pubmed/28903755
KHM,Cambodia,Pfkelch13,P. falciparum,2014,100,100,C580Y,6,Samlout,Battambang,12.6173,102.8617,"National Center for Parasitology, Entomology and Malaria Control, Ministry of Health",
KHM,Cambodia,Pfkelch13,P. falciparum,2014,75,75,C580Y,40,Sesan,Stung Treng,13.5037,106.3935,"National Center for Parasitology, Entomology and Malaria Control, Ministry of Health",
KHM,Cambodia,Pfkelch13,P. falciparum,2014,88.4,88.4,C580Y,78,Stung Treng Province,,13.5765,105.97,"University Research Co., LLC",
KHM,Cambodia,Pfkelch13,P. falciparum,2014,98.1,98.1,C580Y,54,Veal Veng,Pursat,12.5463,103.9187,"National Center for Parasitology, Entomology and Malaria Control, Ministry of Health",
KHM,Cambodia,Pfkelch13,P. falciparum,2013,82.4,82.4,C580Y,17,Chhouk,Kampot,10.8357,104.4567,"National Center for Parasitology, Entomology and Malaria Control, Ministry of Health",https://www.ncbi.nlm.nih.gov/pubmed/27332904
KHM,Cambodia,Pfkelch13,P. falciparum,2013,33.4,39,C580Y,18,Mondulkiri Province,,12.7879,107.1012,"National Center for Parasitology, Entomology and Malaria Control, Ministry of Health",https://www.ncbi.nlm.nih.gov/pubmed/27332904
KHM,Cambodia,Pfkelch13,P. falciparum,2013,94.5,94.5,C580Y,91,Oddar Meanchey and Preah Vihear Provinces,,13.6121,104.448,Armed Forces Research Institute of Medical Sciences,http://www.ncbi.nlm.nih.gov/pubmed/26014942
KHM,Cambodia,Pfkelch13,P. falciparum,2013,100,100,C580Y,59,Oddar Meanchey Province,,14.1717,103.6363,"National Center for Parasitology, Entomology and Malaria Control, Ministry of Health",https://www.ncbi.nlm.nih.gov/pubmed/27332904
KHM,Cambodia,Pfkelch13,P. falciparum,2013,93.1,93.1,C580Y,58,Pailin Province,,12.9093,102.6676,"National Center for Parasitology, Entomology and Malaria Control, Ministry of Health",https://www.ncbi.nlm.nih.gov/pubmed/27332904
KHM,Cambodia,Pfkelch13,P. falciparum,2013,0,40,unspecified,20,Preah Vihear Province,,14.0086,104.8455,Wellcome Trust Sanger Institute,https://www.ncbi.nlm.nih.gov/pubmed/27818095
KHM,Cambodia,Pfkelch13,P. falciparum,2013,0,81.6,unspecified,38,Pursat Province,,12.3663,103.6363,Wellcome Trust Sanger Institute,https://www.ncbi.nlm.nih.gov/pubmed/27818095
KHM,Cambodia,Pfkelch13,P. falciparum,2013,0,7.7,unspecified,13,Ratanakiri Province,,13.8577,107.1012,Wellcome Trust Sanger Institute,https://www.ncbi.nlm.nih.gov/pubmed/27818095
KHM,Cambodia,Pfkelch13,P. falciparum,2013,69.6,69.6,C580Y,23,Rovieng,Preah Vihear,13.408,105.0791,"National Center for Parasitology, Entomology and Malaria Control, Ministry of Health",https://www.ncbi.nlm.nih.gov/pubmed/27332904
KHM,Cambodia,Pfkelch13,P. falciparum,2013,50,50,C580Y,22,Snuol,Kratié,12.2096,106.4406,"National Center for Parasitology, Entomology and Malaria Control, Ministry of Health",https://www.ncbi.nlm.nih.gov/pubmed/26695060
KHM,Cambodia,Pfkelch13,P. falciparum,2013,57.7,65.3,C580Y,26,Stung Treng Province,,13.5765,105.97,"National Center for Parasitology, Entomology and Malaria Control, Ministry of Health",https://www.ncbi.nlm.nih.gov/pubmed/27332904
KHM,Cambodia,Pfkelch13,P. falciparum,2012,96.2,96.2,C580Y,107,Anlong Veng,Oddar Meanchey,14.2414,104.0943,Armed Forces Research Institute of Medical Sciences,http://www.ncbi.nlm.nih.gov/pubmed/25877962
KHM,Cambodia,Pfkelch13,P. falciparum,2012,50,50,C580Y,10,Multiple sites,,12.4348,103.9029,Armed Forces Research Institute of Medical Sciences,http://www.ncbi.nlm.nih.gov/pubmed/26014942
KHM,Cambodia,Pfkelch13,P. falciparum,2012,100,100,C580Y,8,Oddar Meanchey and Preah Vihear Provinces,,13.6121,104.448,Armed Forces Research Institute of Medical Sciences,http://www.ncbi.nlm.nih.gov/pubmed/24352242
KHM,Cambodia,Pfkelch13,P. falciparum,2012,87.5,87.5,C580Y,48,Oddar Meanchey Province,,14.1717,103.6363,"National Center for Parasitology, Entomology and Malaria Control, Ministry of Health",https://www.ncbi.nlm.nih.gov/pubmed/27332904
KHM,Cambodia,Pfkelch13,P. falciparum,2012,71.4,71.4,C580Y,21,Oral,Kampong Speu,11.8119,104.0072,"National Center for Parasitology, Entomology and Malaria Control, Ministry of Health",https://www.ncbi.nlm.nih.gov/pubmed/27332904
KHM,Cambodia,Pfkelch13,P. falciparum,2012,94.7,94.7,C580Y,155,Pailin Province,,12.9093,102.6676,"National Center for Parasitology, Entomology and Malaria Control, Ministry of Health",https://www.ncbi.nlm.nih.gov/pubmed/27332904
KHM,Cambodia,Pfkelch13,P. falciparum,2012,0,15.2,unspecified,33,Preah Vihear Province,,14.0086,104.8455,Wellcome Trust Sanger Institute,https://www.ncbi.nlm.nih.gov/pubmed/27818095
KHM,Cambodia,Pfkelch13,P. falciparum,2012,0,83.3,unspecified,18,Pursat Province,,12.3663,103.6363,Wellcome Trust Sanger Institute,https://www.ncbi.nlm.nih.gov/pubmed/27818095
KHM,Cambodia,Pfkelch13,P. falciparum,2012,0,8.7,unspecified,23,Ratanakiri Province,,13.8577,107.1012,Wellcome Trust Sanger Institute,https://www.ncbi.nlm.nih.gov/pubmed/27818095
KHM,Cambodia,Pfkelch13,P. falciparum,2012,8.2,10.7,C580Y,209,Ratanakiri Province,,13.8577,107.1012,"National Center for Parasitology, Entomology and Malaria Control, Ministry of Health",https://www.ncbi.nlm.nih.gov/pubmed/27332904
KHM,Cambodia,Pfkelch13,P. falciparum,2012,24.5,26.3,C580Y,57,Sandan,Kampong Thom,13.1693,105.3131,"National Center for Parasitology, Entomology and Malaria Control, Ministry of Health",https://www.ncbi.nlm.nih.gov/pubmed/27332904
KHM,Cambodia,Pfkelch13,P. falciparum,2012,100,100,C580Y,81,Tasanh,Battambang,12.621,102.8601,"National Center for Parasitology, Entomology and Malaria Control, Ministry of Health",https://www.ncbi.nlm.nih.gov/pubmed/27332904
KHM,Cambodia,Pfkelch13,P. falciparum,2012,98.5,98.5,C580Y,72,Veal Veng,Pursat,12.5463,103.9187,"National Center for Parasitology, Entomology and Malaria Control, Ministry of Health",https://www.ncbi.nlm.nih.gov/pubmed/27332904
KHM,Cambodia,Pfkelch13,P. falciparum,2011,93,93,C580Y,71,Battambang,,13.0287,102.9896,"Institut Pasteur, Parasite Molecular Immunology Unit",http://www.ncbi.nlm.nih.gov/pubmed/24352242
KHM,Cambodia,Pfkelch13,P. falciparum,2011,87.1,87.1,C580Y,31,Battambang and Pailin Provinces,,12.4304,103.65,Armed Forces Research Institute of Medical Sciences,http://www.ncbi.nlm.nih.gov/pubmed/26014942
KHM,Cambodia,Pfkelch13,P. falciparum,2011,71.4,71.4,C580Y,7,Kampong Som Province,,10.6233,103.525,"Institut Pasteur, Parasite Molecular Immunology Unit",http://www.ncbi.nlm.nih.gov/pubmed/24352242
KHM,Cambodia,Pfkelch13,P. falciparum,2011,83.3,83.3,C580Y,12,Kampot Province,,10.7412,104.1931,"Institut Pasteur, Parasite Molecular Immunology Unit",http://www.ncbi.nlm.nih.gov/pubmed/24352242
KHM,Cambodia,Pfkelch13,P. falciparum,2011,70.6,70.6,C580Y,17,Kratie Province,,12.8606,105.97,"Institut Pasteur, Parasite Molecular Immunology Unit",http://www.ncbi.nlm.nih.gov/pubmed/24352242
KHM,Cambodia,Pfkelch13,P. falciparum,2011,33.3,66.6,I543T,3,Mondulkiri Province,,12.7879,107.1012,"Institut Pasteur, Parasite Molecular Immunology Unit",http://www.ncbi.nlm.nih.gov/pubmed/24352242
KHM,Cambodia,Pfkelch13,P. falciparum,2011,83.8,83.8,C580Y,62,Multiple sites,,12.4348,103.9029,Armed Forces Research Institute of Medical Sciences,http://www.ncbi.nlm.nih.gov/pubmed/26014942
KHM,Cambodia,Pfkelch13,P. falciparum,2011,82.6,82.6,C580Y,46,Oddar Meanchey and Preah Vihear Provinces,,13.6121,104.448,Armed Forces Research Institute of Medical Sciences,http://www.ncbi.nlm.nih.gov/pubmed/26014942
KHM,Cambodia,Pfkelch13,P. falciparum,2011,75.7,75.7,C580Y,33,Oddar Meanchey Province,,14.1717,103.6363,"Institut Pasteur, Parasite Molecular Immunology Unit",http://www.ncbi.nlm.nih.gov/pubmed/24352242
KHM,Cambodia,Pfkelch13,P. falciparum,2011,91.9,91.9,C580Y,87,Pailin,Pailin Province,12.7418,102.6331,Tracking Resistance to Artemisinin Collaboration,http://www.ncbi.nlm.nih.gov/pubmed/25075834
KHM,Cambodia,Pfkelch13,P. falciparum,2011,81.5,81.5,C580Y,27,Pailin,Pailin Province,12.7418,102.6331,"National Center for Parasitology, Entomology and Malaria Control, Ministry of Health",
KHM,Cambodia,Pfkelch13,P. falciparum,2011,95.2,95.2,C580Y,84,Pailin Province,,12.9093,102.6676,"Institut Pasteur, Parasite Molecular Immunology Unit",http://www.ncbi.nlm.nih.gov/pubmed/24352242
KHM,Cambodia,Pfkelch13,P. falciparum,2011,15.8,15.8,R539T,19,Preah Vihear Province,,14.0086,104.8455,"Institut Pasteur, Parasite Molecular Immunology Unit",http://www.ncbi.nlm.nih.gov/pubmed/24352242
KHM,Cambodia,Pfkelch13,P. falciparum,2011,21.1,21.1,C580Y,104,Preah Vihear Province,,14.0086,104.8455,Tracking Resistance to Artemisinin Collaboration,http://www.ncbi.nlm.nih.gov/pubmed/25075834
KHM,Cambodia,Pfkelch13,P. falciparum,2011,0,25.4,unspecified,63,Preah Vihear Province,,14.0086,104.8455,Wellcome Trust Sanger Institute,https://www.ncbi.nlm.nih.gov/pubmed/27818095
KHM,Cambodia,Pfkelch13,P. falciparum,2011,89.5,89.5,C580Y,19,Pursat Province,,12.3663,103.6363,"Institut Pasteur, Parasite Molecular Immunology Unit",http://www.ncbi.nlm.nih.gov/pubmed/24352242
KHM,Cambodia,Pfkelch13,P. falciparum,2011,75,76,C580Y,100,Pursat Province,,12.3663,103.6363,Tracking Resistance to Artemisinin Collaboration,http://www.ncbi.nlm.nih.gov/pubmed/25075834
KHM,Cambodia,Pfkelch13,P. falciparum,2011,0,78.6,unspecified,84,Pursat Province,,12.3663,103.6363,Wellcome Trust Sanger Institute,https://www.ncbi.nlm.nih.gov/pubmed/27818095
KHM,Cambodia,Pfkelch13,P. falciparum,2011,5.6,5.6,C580Y,35,Ratanakiri Province,,13.8577,107.1012,"Institut Pasteur, Parasite Molecular Immunology Unit",http://www.ncbi.nlm.nih.gov/pubmed/24352242
KHM,Cambodia,Pfkelch13,P. falciparum,2011,3.5,3.5,C580Y,114,Ratanakiri Province,,13.8577,107.1012,Tracking Resistance to Artemisinin Collaboration,http://www.ncbi.nlm.nih.gov/pubmed/25075834
KHM,Cambodia,Pfkelch13,P. falciparum,2011,0,2.9,unspecified,70,Ratanakiri Province,,13.8577,107.1012,Wellcome Trust Sanger Institute,https://www.ncbi.nlm.nih.gov/pubmed/27818095
KHM,Cambodia,Pfkelch13,P. falciparum,2011,39.7,39.7,Y493H,58,Rovieng,Preah Vihear,13.408,105.0791,"National Center for Parasitology, Entomology and Malaria Control, Ministry of Health",
KHM,Cambodia,Pfkelch13,P. falciparum,2011,40,41.7,C580Y,60,Snuol,Kratié,12.2096,106.4406,"National Center for Parasitology, Entomology and Malaria Control, Ministry of Health",
KHM,Cambodia,Pfkelch13,P. falciparum,2011,86,86,C580Y,43,Veal Veng,Pursat,12.5463,103.9187,"National Center for Parasitology, Entomology and Malaria Control, Ministry of Health",
KHM,Cambodia,Pfkelch13,P. falciparum,2010,84.2,84.2,C580Y,19,Battambang and Pailin Provinces,,12.4304,103.65,Armed Forces Research Institute of Medical Sciences,http://www.ncbi.nlm.nih.gov/pubmed/26014942
KHM,Cambodia,Pfkelch13,P. falciparum,2010,94.8,94.8,C580Y,57,Oddar Meanchey and Preah Vihear Provinces,,13.6121,104.448,Armed Forces Research Institute of Medical Sciences,http://www.ncbi.nlm.nih.gov/pubmed/26014942
KHM,Cambodia,Pfkelch13,P. falciparum,2010,0,68.9,unspecified,45,Pursat Province,,12.3663,103.6363,Wellcome Trust Sanger Institute,https://www.ncbi.nlm.nih.gov/pubmed/27818095
KHM,Cambodia,Pfkelch13,P. falciparum,2010,0,0,,48,Ratanakiri Province,,13.8577,107.1012,Wellcome Trust Sanger Institute,https://www.ncbi.nlm.nih.gov/pubmed/27818095
KHM,Cambodia,Pfkelch13,P. falciparum,2006,63.16,63.16,I543T,60,Ratanakiri Province,,13.8577,107.1012,Institute of Tropical Medicine,https://pubmed.ncbi.nlm.nih.gov/37626131/
LAO,Lao People's Democratic Republic,Pfkelch13,P. falciparum,2022,100,100,C580Y,8,Attapeu and Salavanh provinces,,15.32,106.5506,"Center of Malariology, Parasitology and Entomology, Ministry of Public Health",
LAO,Lao People's Democratic Republic,Pfkelch13,P. falciparum,2022,0,0,,2,Khongxedone,Salavan,15.5783,105.7998,"The GenRe-Mekong Project, Mahidol-Oxford Tropical Medicine Research Unit, Faculty of Tropical Medicine, Mahidol University",https://doi.org/10.1038/s41467-025-59946-1
LAO,Lao People's Democratic Republic,Pfkelch13,P. falciparum,2022,0,0,,5,Nong,Savannakhet,16.4045,106.6278,"The GenRe-Mekong Project, Mahidol-Oxford Tropical Medicine Research Unit, Faculty of Tropical Medicine, Mahidol University",https://doi.org/10.1038/s41467-025-59946-1
LAO,Lao People's Democratic Republic,Pfkelch13,P. falciparum,2022,95,95,R539T,19,Phouvong,Attapeu,14.7513,106.958,"The GenRe-Mekong Project, Mahidol-Oxford Tropical Medicine Research Unit, Faculty of Tropical Medicine, Mahidol University",https://doi.org/10.1038/s41467-025-59946-1
LAO,Lao People's Democratic Republic,Pfkelch13,P. falciparum,2022,100,100,C580Y,32,Sanxay,Attapeu,15.0856,107.2153,"The GenRe-Mekong Project, Mahidol-Oxford Tropical Medicine Research Unit, Faculty of Tropical Medicine, Mahidol University",https://doi.org/10.1038/s41467-025-59946-1
LAO,Lao People's Democratic Republic,Pfkelch13,P. falciparum,2022,100,100,C580Y,1,Xaysetha,Attapeu,14.8144,106.9344,"The GenRe-Mekong Project, Mahidol-Oxford Tropical Medicine Research Unit, Faculty of Tropical Medicine, Mahidol University",https://doi.org/10.1038/s41467-025-59946-1
LAO,Lao People's Democratic Republic,Pfkelch13,P. falciparum,2021,83,83,R539T,6,Attapeu (city),Attapeu,14.8,106.8333,"The GenRe-Mekong Project, Mahidol-Oxford Tropical Medicine Research Unit, Faculty of Tropical Medicine, Mahidol University",https://doi.org/10.1038/s41467-025-59946-1
LAO,Lao People's Democratic Republic,Pfkelch13,P. falciparum,2021,100,100,C580Y,36,Attapeu Province,,14.9363,107.1012,"Center of Malariology, Parasitology and Entomology, Ministry of Public Health",
LAO,Lao People's Democratic Republic,Pfkelch13,P. falciparum,2021,0,2,G544R,43,Khanthabouly,Savannakhet,16.5825,104.8673,"The GenRe-Mekong Project, Mahidol-Oxford Tropical Medicine Research Unit, Faculty of Tropical Medicine, Mahidol University",https://doi.org/10.1038/s41467-025-59946-1
LAO,Lao People's Democratic Republic,Pfkelch13,P. falciparum,2021,0,0,,3,Lam Mam,Sekong Province,15.3094,106.7173,"The GenRe-Mekong Project, Mahidol-Oxford Tropical Medicine Research Unit, Faculty of Tropical Medicine, Mahidol University",https://doi.org/10.1038/s41467-025-59946-1
LAO,Lao People's Democratic Republic,Pfkelch13,P. falciparum,2021,0,0,,50,Nong,Savannakhet,16.4045,106.6278,"The GenRe-Mekong Project, Mahidol-Oxford Tropical Medicine Research Unit, Faculty of Tropical Medicine, Mahidol University",https://doi.org/10.1038/s41467-025-59946-1
LAO,Lao People's Democratic Republic,Pfkelch13,P. falciparum,2021,100,100,R539T,4,Pakse,Champasak,15.1138,105.816,"The GenRe-Mekong Project, Mahidol-Oxford Tropical Medicine Research Unit, Faculty of Tropical Medicine, Mahidol University",https://doi.org/10.1038/s41467-025-59946-1
LAO,Lao People's Democratic Republic,Pfkelch13,P. falciparum,2021,100,100,R539T,6,Paksong,Champasak,15.1788,106.2394,"The GenRe-Mekong Project, Mahidol-Oxford Tropical Medicine Research Unit, Faculty of Tropical Medicine, Mahidol University",https://doi.org/10.1038/s41467-025-59946-1
LAO,Lao People's Democratic Republic,Pfkelch13,P. falciparum,2021,98,98,R539T,44,Phouvong,Attapeu,14.7513,106.958,"The GenRe-Mekong Project, Mahidol-Oxford Tropical Medicine Research Unit, Faculty of Tropical Medicine, Mahidol University",https://doi.org/10.1038/s41467-025-59946-1
LAO,Lao People's Democratic Republic,Pfkelch13,P. falciparum,2021,98,98,C580Y,44,Sanxay,Attapeu,15.0856,107.2153,"The GenRe-Mekong Project, Mahidol-Oxford Tropical Medicine Research Unit, Faculty of Tropical Medicine, Mahidol University",https://doi.org/10.1038/s41467-025-59946-1
LAO,Lao People's Democratic Republic,Pfkelch13,P. falciparum,2021,0,0,,37,Savannakhet Province,,16.54,105.78,"Center of Malariology, Parasitology and Entomology, Ministry of Public Health",
LAO,Lao People's Democratic Republic,Pfkelch13,P. falciparum,2021,95,95,R539T,20,Xaysetha,Attapeu,14.8144,106.9344,"The GenRe-Mekong Project, Mahidol-Oxford Tropical Medicine Research Unit, Faculty of Tropical Medicine, Mahidol University",https://doi.org/10.1038/s41467-025-59946-1
LAO,Lao People's Democratic Republic,Pfkelch13,P. falciparum,2020,83,83,C580Y,6,Attapeu (city),Attapeu,14.8,106.8333,"The GenRe-Mekong Project, Mahidol-Oxford Tropical Medicine Research Unit, Faculty of Tropical Medicine, Mahidol University",https://doi.org/10.1038/s41467-025-59946-1
LAO,Lao People's Democratic Republic,Pfkelch13,P. falciparum,2020,12,12,C580Y,16,Khanthabouly,Savannakhet,16.5825,104.8673,"The GenRe-Mekong Project, Mahidol-Oxford Tropical Medicine Research Unit, Faculty of Tropical Medicine, Mahidol University",https://doi.org/10.1038/s41467-025-59946-1
LAO,Lao People's Democratic Republic,Pfkelch13,P. falciparum,2020,43,43,C580Y,7,Lam Mam,Sekong Province,15.3094,106.7173,"The GenRe-Mekong Project, Mahidol-Oxford Tropical Medicine Research Unit, Faculty of Tropical Medicine, Mahidol University",https://doi.org/10.1038/s41467-025-59946-1
LAO,Lao People's Democratic Republic,Pfkelch13,P. falciparum,2020,4,4,R539T,22,Nong,Savannakhet,16.4045,106.6278,"The GenRe-Mekong Project, Mahidol-Oxford Tropical Medicine Research Unit, Faculty of Tropical Medicine, Mahidol University",https://doi.org/10.1038/s41467-025-59946-1
LAO,Lao People's Democratic Republic,Pfkelch13,P. falciparum,2020,94,94,R539T,127,Phouvong,Attapeu,14.7513,106.958,"The GenRe-Mekong Project, Mahidol-Oxford Tropical Medicine Research Unit, Faculty of Tropical Medicine, Mahidol University",https://doi.org/10.1038/s41467-025-59946-1
LAO,Lao People's Democratic Republic,Pfkelch13,P. falciparum,2020,96,97,C580Y,30,Sanxay,Attapeu,15.0856,107.2153,"The GenRe-Mekong Project, Mahidol-Oxford Tropical Medicine Research Unit, Faculty of Tropical Medicine, Mahidol University",https://doi.org/10.1038/s41467-025-59946-1
LAO,Lao People's Democratic Republic,Pfkelch13,P. falciparum,2020,11,11,C580Y,9,Sepone,Savannakhet,16.7611,106.3375,"The GenRe-Mekong Project, Mahidol-Oxford Tropical Medicine Research Unit, Faculty of Tropical Medicine, Mahidol University",https://doi.org/10.1038/s41467-025-59946-1
LAO,Lao People's Democratic Republic,Pfkelch13,P. falciparum,2020,0,0,,8,Ta Oy,Salavan,16.05,106.5833,"The GenRe-Mekong Project, Mahidol-Oxford Tropical Medicine Research Unit, Faculty of Tropical Medicine, Mahidol University",https://doi.org/10.1038/s41467-025-59946-1
LAO,Lao People's Democratic Republic,Pfkelch13,P. falciparum,2020,0,0,,5,Thapangthong,Savannakhet,15.993,105.7928,"The GenRe-Mekong Project, Mahidol-Oxford Tropical Medicine Research Unit, Faculty of Tropical Medicine, Mahidol University",https://doi.org/10.1038/s41467-025-59946-1
LAO,Lao People's Democratic Republic,Pfkelch13,P. falciparum,2020,0,0,,1,Thaphalanxay,Savannakhet,16.7,105.6,"The GenRe-Mekong Project, Mahidol-Oxford Tropical Medicine Research Unit, Faculty of Tropical Medicine, Mahidol University",https://doi.org/10.1038/s41467-025-59946-1
LAO,Lao People's Democratic Republic,Pfkelch13,P. falciparum,2020,95,95,C580Y,21,Xaysetha,Attapeu,14.8144,106.9344,"The GenRe-Mekong Project, Mahidol-Oxford Tropical Medicine Research Unit, Faculty of Tropical Medicine, Mahidol University",https://doi.org/10.1038/s41467-025-59946-1
LAO,Lao People's Democratic Republic,Pfkelch13,P. falciparum,2019,100,100,C580Y,3,Champasak Province,,14.6579,105.97,"Center of Malariology, Parasitology and Entomology, Ministry of Public Health",
LAO,Lao People's Democratic Republic,Pfkelch13,P. falciparum,2019,0,0,,24,Khanthabouly,Savannakhet,16.5825,104.8673,"The GenRe-Mekong Project, Mahidol-Oxford Tropical Medicine Research Unit, Faculty of Tropical Medicine, Mahidol University",https://doi.org/10.1038/s41467-025-59946-1
LAO,Lao People's Democratic Republic,Pfkelch13,P. falciparum,2019,100,100,C580Y,4,Khong,Champasak,14.047,105.8327,"The GenRe-Mekong Project, Mahidol-Oxford Tropical Medicine Research Unit, Faculty of Tropical Medicine, Mahidol University",https://doi.org/10.1038/s41467-025-59946-1
LAO,Lao People's Democratic Republic,Pfkelch13,P. falciparum,2019,0,0,,46,Nong,Savannakhet,16.4045,106.6278,"The GenRe-Mekong Project, Mahidol-Oxford Tropical Medicine Research Unit, Faculty of Tropical Medicine, Mahidol University",https://doi.org/10.1038/s41467-025-59946-1
LAO,Lao People's Democratic Republic,Pfkelch13,P. falciparum,2019,1,1,C580Y,82,"Nong, Vilabouly, Songkhone, Phine and Xaepone",Savannakhet,16.1554,105.2991,"Center of Malariology, Parasitology and Entomology, Ministry of Public Health",
LAO,Lao People's Democratic Republic,Pfkelch13,P. falciparum,2019,75,75,C580Y,4,Paksong,Champasak,15.1788,106.2394,"The GenRe-Mekong Project, Mahidol-Oxford Tropical Medicine Research Unit, Faculty of Tropical Medicine, Mahidol University",https://doi.org/10.1038/s41467-025-59946-1
LAO,Lao People's Democratic Republic,Pfkelch13,P. falciparum,2019,100,100,C580Y,13,Pathouphone,Champasak,14.8419,105.948,"The GenRe-Mekong Project, Mahidol-Oxford Tropical Medicine Research Unit, Faculty of Tropical Medicine, Mahidol University",https://doi.org/10.1038/s41467-025-59946-1
LAO,Lao People's Democratic Republic,Pfkelch13,P. falciparum,2019,0,0,,8,Phine,Savannakhet,16.5328,105.952,"The GenRe-Mekong Project, Mahidol-Oxford Tropical Medicine Research Unit, Faculty of Tropical Medicine, Mahidol University",https://doi.org/10.1038/s41467-025-59946-1
LAO,Lao People's Democratic Republic,Pfkelch13,P. falciparum,2019,45,45,R539T,20,Phouvong,Attapeu,14.7513,106.958,"The GenRe-Mekong Project, Mahidol-Oxford Tropical Medicine Research Unit, Faculty of Tropical Medicine, Mahidol University",https://doi.org/10.1038/s41467-025-59946-1
LAO,Lao People's Democratic Republic,Pfkelch13,P. falciparum,2019,15,15,C580Y,20,"Salavan, Taoy, Samoi, Khongsedone, Tomlane and Lakhonpheng",Salavan,15.8171,105.6436,"Center of Malariology, Parasitology and Entomology, Ministry of Public Health",
LAO,Lao People's Democratic Republic,Pfkelch13,P. falciparum,2019,0,0,,4,Sepone,Savannakhet,16.7611,106.3375,"The GenRe-Mekong Project, Mahidol-Oxford Tropical Medicine Research Unit, Faculty of Tropical Medicine, Mahidol University",https://doi.org/10.1038/s41467-025-59946-1
LAO,Lao People's Democratic Republic,Pfkelch13,P. falciparum,2019,25,25,C580Y,4,Ta Oy,Salavan,16.05,106.5833,"The GenRe-Mekong Project, Mahidol-Oxford Tropical Medicine Research Unit, Faculty of Tropical Medicine, Mahidol University",https://doi.org/10.1038/s41467-025-59946-1
LAO,Lao People's Democratic Republic,Pfkelch13,P. falciparum,2019,92,92,C580Y,12,Xaysetha,Attapeu,14.8144,106.9344,"The GenRe-Mekong Project, Mahidol-Oxford Tropical Medicine Research Unit, Faculty of Tropical Medicine, Mahidol University",https://doi.org/10.1038/s41467-025-59946-1
LAO,Lao People's Democratic Republic,Pfkelch13,P. falciparum,2018,100,100,C580Y,2,Attapeu (city),Attapeu,14.8,106.8333,"The GenRe-Mekong Project, Mahidol-Oxford Tropical Medicine Research Unit, Faculty of Tropical Medicine, Mahidol University",https://doi.org/10.1038/s41467-025-59946-1
LAO,Lao People's Democratic Republic,Pfkelch13,P. falciparum,2018,66.7,75,C580Y,12,Champasak Province,,14.6579,105.97,"Center of Malariology, Parasitology and Entomology, Ministry of Public Health",
LAO,Lao People's Democratic Republic,Pfkelch13,P. falciparum,2018,67,67,C580Y,3,Lam Mam,Sekong Province,15.3094,106.7173,"The GenRe-Mekong Project, Mahidol-Oxford Tropical Medicine Research Unit, Faculty of Tropical Medicine, Mahidol University",https://doi.org/10.1038/s41467-025-59946-1
LAO,Lao People's Democratic Republic,Pfkelch13,P. falciparum,2018,0,0,,4,Nong,Savannakhet,16.4045,106.6278,"The GenRe-Mekong Project, Mahidol-Oxford Tropical Medicine Research Unit, Faculty of Tropical Medicine, Mahidol University",https://doi.org/10.7554/eLife.62997
LAO,Lao People's Democratic Republic,Pfkelch13,P. falciparum,2018,100,100,C580Y,3,Pathouphone,Champasak,14.8419,105.948,"The GenRe-Mekong Project, Mahidol-Oxford Tropical Medicine Research Unit, Faculty of Tropical Medicine, Mahidol University",https://doi.org/10.1038/s41467-025-59946-1
LAO,Lao People's Democratic Republic,Pfkelch13,P. falciparum,2018,29,29,C580Y,7,Phouvong,Attapeu,14.7513,106.958,"The GenRe-Mekong Project, Mahidol-Oxford Tropical Medicine Research Unit, Faculty of Tropical Medicine, Mahidol University",https://doi.org/10.7554/eLife.62997
LAO,Lao People's Democratic Republic,Pfkelch13,P. falciparum,2018,100,100,C580Y,3,Salavan (district),Salavan,15.7167,106.4167,"The GenRe-Mekong Project, Mahidol-Oxford Tropical Medicine Research Unit, Faculty of Tropical Medicine, Mahidol University",https://doi.org/10.7554/eLife.62997
LAO,Lao People's Democratic Republic,Pfkelch13,P. falciparum,2018,13.8,13.8,C580Y,29,Salavan Province,,15.7166,106.4141,"Center of Malariology, Parasitology and Entomology, Ministry of Public Health",
LAO,Lao People's Democratic Republic,Pfkelch13,P. falciparum,2018,0,0,,4,Samuoi,Salavan,16.3273,106.892,"The GenRe-Mekong Project, Mahidol-Oxford Tropical Medicine Research Unit, Faculty of Tropical Medicine, Mahidol University",https://doi.org/10.7554/eLife.62997
LAO,Lao People's Democratic Republic,Pfkelch13,P. falciparum,2018,100,100,C580Y,2,Sanamxay,Attapeu,14.6845,106.5757,"The GenRe-Mekong Project, Mahidol-Oxford Tropical Medicine Research Unit, Faculty of Tropical Medicine, Mahidol University",https://doi.org/10.7554/eLife.62997
LAO,Lao People's Democratic Republic,Pfkelch13,P. falciparum,2018,100,100,C580Y,2,Sanxay,Attapeu,15.0856,107.2153,"The GenRe-Mekong Project, Mahidol-Oxford Tropical Medicine Research Unit, Faculty of Tropical Medicine, Mahidol University",https://doi.org/10.1038/s41467-025-59946-1
LAO,Lao People's Democratic Republic,Pfkelch13,P. falciparum,2018,100,100,C580Y,18,Thapangthong,Savannakhet,15.993,105.7928,"The GenRe-Mekong Project, Mahidol-Oxford Tropical Medicine Research Unit, Faculty of Tropical Medicine, Mahidol University",https://doi.org/10.1038/s41467-025-59946-1
LAO,Lao People's Democratic Republic,Pfkelch13,P. falciparum,2018,100,100,C580Y,1,Vapy,Salavan,15.8293,105.6914,"The GenRe-Mekong Project, Mahidol-Oxford Tropical Medicine Research Unit, Faculty of Tropical Medicine, Mahidol University",https://doi.org/10.7554/eLife.62997
LAO,Lao People's Democratic Republic,Pfkelch13,P. falciparum,2018,87,87,C580Y,8,Xaysetha,Attapeu,14.8144,106.9344,"The GenRe-Mekong Project, Mahidol-Oxford Tropical Medicine Research Unit, Faculty of Tropical Medicine, Mahidol University",https://doi.org/10.7554/eLife.62997
LAO,Lao People's Democratic Republic,Pfkelch13,P. falciparum,2017,0,0,,54,Nong,Savannakhet,16.4045,106.6278,"Center of Malariology, Parasitology and Entomology, Ministry of Public Health",
LAO,Lao People's Democratic Republic,Pfkelch13,P. falciparum,2017,80,80,C580Y,5,Pakse,Champasak,15.1138,105.816,"The GenRe-Mekong Project, Mahidol-Oxford Tropical Medicine Research Unit, Faculty of Tropical Medicine, Mahidol University",https://doi.org/10.7554/eLife.62997
LAO,Lao People's Democratic Republic,Pfkelch13,P. falciparum,2017,100,100,C580Y,3,Phongsaly Province,,21.6833,102.1,"Department of Tropical Medicine and Malaria, Research Institute, National Centre for Global Health and Medicine",https://www.ncbi.nlm.nih.gov/pubmed/30587196
LAO,Lao People's Democratic Republic,Pfkelch13,P. falciparum,2017,53.6,53.6,C580Y,28,Salavan Province,,15.7166,106.4141,"Center of Malariology, Parasitology and Entomology, Ministry of Public Health",
LAO,Lao People's Democratic Republic,Pfkelch13,P. falciparum,2017,50,50,C580Y,2,Tha Teng,Sekong Province,15.4288,106.379,"The GenRe-Mekong Project, Mahidol-Oxford Tropical Medicine Research Unit, Faculty of Tropical Medicine, Mahidol University",https://doi.org/10.7554/eLife.62997
LAO,Lao People's Democratic Republic,Pfkelch13,P. falciparum,2017,0,0,,3,Thaphalanxay,Savannakhet,16.7,105.6,"The GenRe-Mekong Project, Mahidol-Oxford Tropical Medicine Research Unit, Faculty of Tropical Medicine, Mahidol University",https://doi.org/10.7554/eLife.62997
LAO,Lao People's Democratic Republic,Pfkelch13,P. falciparum,2017,7,13,C580Y,15,Vilabuly,Savannakhet,16.9414,105.9753,"The GenRe-Mekong Project, Mahidol-Oxford Tropical Medicine Research Unit, Faculty of Tropical Medicine, Mahidol University",https://doi.org/10.7554/eLife.62997
LAO,Lao People's Democratic Republic,Pfkelch13,P. falciparum,2016,83.3,83.3,C580Y,42,Champasak Province,,14.6579,105.97,"Center of Malariology, Parasitology and Entomology, Ministry of Public Health",
LAO,Lao People's Democratic Republic,Pfkelch13,P. falciparum,2015,69.7,69.7,C580Y,66,Khong,Champasak,14.047,105.8327,"Department of Tropical Medicine and Malaria, Research Institute, National Centre for Global Health and Medicine",https://www.ncbi.nlm.nih.gov/pubmed/30587196
LAO,Lao People's Democratic Republic,Pfkelch13,P. falciparum,2015,39.3,39.3,Y493H,28,Lam Mam,Sekong Province,15.3094,106.7173,"Department of Tropical Medicine and Malaria, Research Institute, National Centre for Global Health and Medicine",https://www.ncbi.nlm.nih.gov/pubmed/30587196
LAO,Lao People's Democratic Republic,Pfkelch13,P. falciparum,2015,64.3,64.3,C580Y,14,Mounlapamok,Champasak,14.883,105.866,"Department of Tropical Medicine and Malaria, Research Institute, National Centre for Global Health and Medicine",https://www.ncbi.nlm.nih.gov/pubmed/30587196
LAO,Lao People's Democratic Republic,Pfkelch13,P. falciparum,2015,7.1,7.1,C580Y,28,Nong,Savannakhet,16.4045,106.6278,Lao-Oxford-Mahosot Hospital-Wellcome Trust Research Unit,http://www.ncbi.nlm.nih.gov/pubmed/27234446
LAO,Lao People's Democratic Republic,Pfkelch13,P. falciparum,2015,2.5,2.5,C580Y,120,Nong,Savannakhet,16.4045,106.6278,"Department of Tropical Medicine and Malaria, Research Institute, National Centre for Global Health and Medicine",https://www.ncbi.nlm.nih.gov/pubmed/30587196
LAO,Lao People's Democratic Republic,Pfkelch13,P. falciparum,2015,73.4,73.4,C580Y,338,Pathouphone,Champasak,14.8419,105.948,"Department of Tropical Medicine and Malaria, Research Institute, National Centre for Global Health and Medicine",https://www.ncbi.nlm.nih.gov/pubmed/30587196
LAO,Lao People's Democratic Republic,Pfkelch13,P. falciparum,2015,21.6,21.6,C580Y,37,Phine,Savannakhet,16.5328,105.952,"Department of Tropical Medicine and Malaria, Research Institute, National Centre for Global Health and Medicine",https://www.ncbi.nlm.nih.gov/pubmed/30587196
LAO,Lao People's Democratic Republic,Pfkelch13,P. falciparum,2015,51.7,51.7,C580Y,29,Phouvong,Attapeu,14.7513,106.958,"Department of Tropical Medicine and Malaria, Research Institute, National Centre for Global Health and Medicine",https://www.ncbi.nlm.nih.gov/pubmed/30587196
LAO,Lao People's Democratic Republic,Pfkelch13,P. falciparum,2015,75.8,75.8,C580Y,91,Sanamxay,Attapeu,14.6845,106.5757,"Department of Tropical Medicine and Malaria, Research Institute, National Centre for Global Health and Medicine",https://www.ncbi.nlm.nih.gov/pubmed/30587196
LAO,Lao People's Democratic Republic,Pfkelch13,P. falciparum,2015,33.3,33.3,C580Y,3,Saysetha,Attapeu,14.8159,106.9283,"Department of Tropical Medicine and Malaria, Research Institute, National Centre for Global Health and Medicine",https://www.ncbi.nlm.nih.gov/pubmed/30587196
LAO,Lao People's Democratic Republic,Pfkelch13,P. falciparum,2015,45.4,45.4,Y493H,11,Sekong,Sekong Province,15.3454,106.6736,"Mahidol Oxford Tropical Medicine Research Unit, Mahidol University",https://pubmed.ncbi.nlm.nih.gov/32171078/
LAO,Lao People's Democratic Republic,Pfkelch13,P. falciparum,2015,15.5,15.5,C580Y,58,Ta Oy,Salavan,16.05,106.5833,"Department of Tropical Medicine and Malaria, Research Institute, National Centre for Global Health and Medicine",https://www.ncbi.nlm.nih.gov/pubmed/30587196
LAO,Lao People's Democratic Republic,Pfkelch13,P. falciparum,2015,38.4,38.4,Y493H,112,Tha Teng,Sekong Province,15.4288,106.379,"Department of Tropical Medicine and Malaria, Research Institute, National Centre for Global Health and Medicine",https://www.ncbi.nlm.nih.gov/pubmed/30587196
LAO,Lao People's Democratic Republic,Pfkelch13,P. falciparum,2015,75,75,C580Y,16,Thapangthong,Savannakhet,15.993,105.7928,Lao-Oxford-Mahosot Hospital-Wellcome Trust Research Unit,http://www.ncbi.nlm.nih.gov/pubmed/27234446
LAO,Lao People's Democratic Republic,Pfkelch13,P. falciparum,2015,96.6,96.6,C580Y,58,Thapangthong,Savannakhet,15.993,105.7928,"Department of Tropical Medicine and Malaria, Research Institute, National Centre for Global Health and Medicine",https://www.ncbi.nlm.nih.gov/pubmed/30587196
LAO,Lao People's Democratic Republic,Pfkelch13,P. falciparum,2015,60.2,60.2,C580Y,88,Toumlan,Salavan,15.9943,106.1879,"Department of Tropical Medicine and Malaria, Research Institute, National Centre for Global Health and Medicine",https://www.ncbi.nlm.nih.gov/pubmed/30587196
LAO,Lao People's Democratic Republic,Pfkelch13,P. falciparum,2015,91.4,91.4,C580Y,70,Vapy,Salavan,15.8293,105.6914,"Department of Tropical Medicine and Malaria, Research Institute, National Centre for Global Health and Medicine",https://www.ncbi.nlm.nih.gov/pubmed/30587196
LAO,Lao People's Democratic Republic,Pfkelch13,P. falciparum,2015,33.3,33.3,C580Y,3,Viraboury,Savannakhet,16.9608,105.776,"Department of Tropical Medicine and Malaria, Research Institute, National Centre for Global Health and Medicine",https://www.ncbi.nlm.nih.gov/pubmed/30587196
LAO,Lao People's Democratic Republic,Pfkelch13,P. falciparum,2015,8.3,8.3,C580Y,36,Xepon,Savannakhet,16.6961,106.2081,"Department of Tropical Medicine and Malaria, Research Institute, National Centre for Global Health and Medicine",https://www.ncbi.nlm.nih.gov/pubmed/30587196
LAO,Lao People's Democratic Republic,Pfkelch13,P. falciparum,2014,86.6,86.6,C580Y,30,Champasak Province,,14.6579,105.97,"Center of Malariology, Parasitology and Entomology, Ministry of Public Health",
LAO,Lao People's Democratic Republic,Pfkelch13,P. falciparum,2014,23.5,29.4,C580Y,17,Phouvong,Attapeu,14.7513,106.958,"Center of Malariology, Parasitology and Entomology, Ministry of Public Health",
LAO,Lao People's Democratic Republic,Pfkelch13,P. falciparum,2014,55.1,55.1,C580Y,49,Sekong Province,,15.5767,107.0067,"Center of Malariology, Parasitology and Entomology, Ministry of Public Health",
LAO,Lao People's Democratic Republic,Pfkelch13,P. falciparum,2013,76.9,76.9,C580Y,26,Champasak Province,,14.6579,105.97,"Center of Malariology, Parasitology and Entomology, Ministry of Public Health",http://www.ncbi.nlm.nih.gov/pubmed/27332904
LAO,Lao People's Democratic Republic,Pfkelch13,P. falciparum,2013,89.2,89.2,C580Y,111,Champasak Province,,14.6579,105.97,"Department of Molecular Tropical Medicine and Genetics, Mahidol University",https://www.ncbi.nlm.nih.gov/pubmed/28161569
LAO,Lao People's Democratic Republic,Pfkelch13,P. falciparum,2013,6.1,6.1,C580Y,49,Salavan Province,,15.7166,106.4141,"Center of Malariology, Parasitology and Entomology, Ministry of Public Health",http://www.ncbi.nlm.nih.gov/pubmed/27332904
LAO,Lao People's Democratic Republic,Pfkelch13,P. falciparum,2013,0,2.2,L488M,45,Xepon,Savannakhet,16.6961,106.2081,Institut Pasteur du Laos,http://www.ncbi.nlm.nih.gov/pubmed/27332904
LAO,Lao People's Democratic Republic,Pfkelch13,P. falciparum,2011,4.4,4.4,C580Y,136,Attapeu Province,,14.9363,107.1012,Tracking Resistance to Artemisinin Collaboration,http://www.ncbi.nlm.nih.gov/pubmed/25075834
LAO,Lao People's Democratic Republic,Pfkelch13,P. falciparum,2010,0,0,,40,Xepon,Savannakhet,16.6961,106.2081,"Howard Hughes Medical Institute, Center for Vaccine Development",https://www.ncbi.nlm.nih.gov/pubmed/25180241
LBR,Liberia,Pfkelch13,P. falciparum,2017,0,0,,90,Careyburg,Montserrado,6.396,-10.4979,"National Malaria Control Programme, Ministry of Health",
LBR,Liberia,Pfkelch13,P. falciparum,2017,0,0,,90,Garwula,Grand Cape Mount,6.7491,-11.1378,"National Malaria Control Programme, Ministry of Health",
LBR,Liberia,Pfkelch13,P. falciparum,2017,0,0,,89,Kakata,Margibi,6.5292,-10.3584,"National Malaria Control Programme, Ministry of Health",
LBR,Liberia,Pfkelch13,P. falciparum,2017,0,1.1,V637I,89,Saclepea,Nimba,6.9616,-8.8418,"National Malaria Control Programme, Ministry of Health",
LBR,Liberia,Pfkelch13,P. falciparum,2016,0,0,,5,Cases imported from Liberia to China,,6.6376,-9.8426,"National Institute of Parasitic Diseases, Chinese Center for Disease Control and Prevention, Key Laboratory of Parasite and Vector Biology, Schistosomiasis and Filariasis, MOH, and WHO Collaborating Centre for Malaria",https://pubmed.ncbi.nlm.nih.gov/32019571/
LBR,Liberia,Pfkelch13,P. falciparum,2014,0,0,,11,Cases imported from Liberia to China,,6.6376,-9.8426,"Institute of Parasitic Disease Prevention and Control, Guangxi Zhuang Autonomous Region Center for Disease Control and Prevention",https://pubmed.ncbi.nlm.nih.gov/31619243/
LBR,Liberia,Pfkelch13,P. falciparum,2012,0,9,D464N,22,Cases imported from Liberia to China,,6.6376,-9.8426,Henan Province Center for Disease Control and Prevention,https://pubmed.ncbi.nlm.nih.gov/28797235/
LBR,Liberia,Pfkelch13,P. falciparum,2012,0,0,,3,Cases imported from Liberia to China,,6.6376,-9.8426,"Shandong Institute of Parasitic Diseases, Shandong Academy of Medical Sciences, Shandong Provincial Reference Laboratory for Malaria Diagnosis",https://pubmed.ncbi.nlm.nih.gov/30154519/
LBR,Liberia,Pfkelch13,P. falciparum,2012,0,7.1,V692L,14,Cases imported from Liberia to China,,6.6376,-9.8426,Guizhou Medical University,https://pubmed.ncbi.nlm.nih.gov/32677899/
LBR,Liberia,Pfkelch13,P. falciparum,2012,0,0,,25,Cases imported from Liberia to China,,6.6376,-9.8426,"National Institute of Parasitic Diseases, Chinese Center for Disease Control and Prevention, Chinese Center for Tropical Diseases Research, WHO Collaborating Center for Tropical Diseases, National Centre for International Research On Tropical Diseases, Ministry of Science and Technology, Key Laboratory of Parasite and Vector Biology, Ministry of Health China",https://pubmed.ncbi.nlm.nih.gov/33549122/
LBR,Liberia,Pfkelch13,P. falciparum,2011,0,0,,15,Cases imported from Liberia to China,,6.6376,-9.8426,Hubei University of Medicine,https://pubmed.ncbi.nlm.nih.gov/29941645/
MDG,Madagascar,Pfkelch13,P. falciparum,2014,0,0,,1,Cases imported from Madagascar to China,,-18.1029,46.4329,"Institute of Parasitic Disease Prevention and Control, Guangxi Zhuang Autonomous Region Center for Disease Control and Prevention",https://pubmed.ncbi.nlm.nih.gov/31619243/
MDG,Madagascar,Pfkelch13,P. falciparum,2013,0,0,,97,Antananarivo,Analamanga,-18.9333,47.5167,Kenya Medical Research Institute/United States Army Medical Research Unit-Kenya,http://www.ncbi.nlm.nih.gov/pubmed/25367300
MDG,Madagascar,Pfkelch13,P. falciparum,2012,0,0,,31,Ambato-Boeni,Boeny,-16.4709,46.7164,Institut Pasteur de Madagascar,http://www.ncbi.nlm.nih.gov/pubmed/27332904
MDG,Madagascar,Pfkelch13,P. falciparum,2012,0,0,,4,Ambovombe-Androy,Androy,-25.172,46.0897,Institut Pasteur de Madagascar,http://www.ncbi.nlm.nih.gov/pubmed/27332904
MDG,Madagascar,Pfkelch13,P. falciparum,2012,0,0,,2,Ampanihy,Atsimo-Andrefana,-24.2065,45.8655,Institut Pasteur de Madagascar,http://www.ncbi.nlm.nih.gov/pubmed/27332904
MDG,Madagascar,Pfkelch13,P. falciparum,2012,0,0,,2,Antsiranana,Diana,-12.3,49.2833,Institut Pasteur de Madagascar,http://www.ncbi.nlm.nih.gov/pubmed/27332904
MDG,Madagascar,Pfkelch13,P. falciparum,2012,0,0,,45,Antsohihy,Sofia,-16.6,46.5167,Institut Pasteur de Madagascar,http://www.ncbi.nlm.nih.gov/pubmed/27332904
MDG,Madagascar,Pfkelch13,P. falciparum,2012,0,0,,9,Belon'i Tsiribihina,Menabe,-19.6972,44.5431,Institut Pasteur de Madagascar,http://www.ncbi.nlm.nih.gov/pubmed/27332904
MDG,Madagascar,Pfkelch13,P. falciparum,2012,0,0,,1,Cases imported from Madagascar to China,,-18.1029,46.4329,"Shandong Institute of Parasitic Diseases, Shandong Academy of Medical Sciences, Shandong Provincial Reference Laboratory for Malaria Diagnosis",https://pubmed.ncbi.nlm.nih.gov/30154519/
MDG,Madagascar,Pfkelch13,P. falciparum,2012,0,0,,3,Cases imported from Madagascar to China,,-18.1029,46.4329,"National Institute of Parasitic Diseases, Chinese Center for Disease Control and Prevention, Chinese Center for Tropical Diseases Research, WHO Collaborating Center for Tropical Diseases, National Centre for International Research On Tropical Diseases, Ministry of Science and Technology, Key Laboratory of Parasite and Vector Biology, Ministry of Health China",https://pubmed.ncbi.nlm.nih.gov/33549122/
MDG,Madagascar,Pfkelch13,P. falciparum,2012,0,0,,9,Farafangana,Atsimo-Andrefana,-22.8053,47.8206,Institut Pasteur de Madagascar,http://www.ncbi.nlm.nih.gov/pubmed/27332904
MDG,Madagascar,Pfkelch13,P. falciparum,2012,0,0,,2,Fianarantsoa,Haute-Matsiatra,-21.4536,47.0858,Institut Pasteur de Madagascar,http://www.ncbi.nlm.nih.gov/pubmed/27332904
MDG,Madagascar,Pfkelch13,P. falciparum,2012,0,0,,13,Maevatanana,Betsiboka,-16.9483,46.8325,Institut Pasteur de Madagascar,http://www.ncbi.nlm.nih.gov/pubmed/27332904
MDG,Madagascar,Pfkelch13,P. falciparum,2012,0,0,,5,Mahajanga,Boeny,-15.7167,46.3167,Institut Pasteur de Madagascar,http://www.ncbi.nlm.nih.gov/pubmed/27332904
MDG,Madagascar,Pfkelch13,P. falciparum,2012,0,0,,25,Maintirano,Melaky,-16.15,46.6167,Institut Pasteur de Madagascar,http://www.ncbi.nlm.nih.gov/pubmed/27332904
MDG,Madagascar,Pfkelch13,P. falciparum,2012,0,0,,4,Mananjary,Vatovavy,-21.2311,48.3419,Institut Pasteur de Madagascar,http://www.ncbi.nlm.nih.gov/pubmed/27332904
MDG,Madagascar,Pfkelch13,P. falciparum,2012,0,0,,1,Mandritsara,Sofia,-15.8333,48.8167,Institut Pasteur de Madagascar,http://www.ncbi.nlm.nih.gov/pubmed/27332904
MDG,Madagascar,Pfkelch13,P. falciparum,2012,0,0,,1,Maroantsetra,Analanjirofo,-15.4354,49.7393,Institut Pasteur de Madagascar,http://www.ncbi.nlm.nih.gov/pubmed/27332904
MDG,Madagascar,Pfkelch13,P. falciparum,2012,0,0,,4,Miandrivazo,Menabe,-19.5354,45.4616,Institut Pasteur de Madagascar,http://www.ncbi.nlm.nih.gov/pubmed/27332904
MDG,Madagascar,Pfkelch13,P. falciparum,2012,0,0,,3,Moramanga,Alaotra-Mangoro,-18.9489,48.2244,Institut Pasteur de Madagascar,http://www.ncbi.nlm.nih.gov/pubmed/27332904
MDG,Madagascar,Pfkelch13,P. falciparum,2012,0,0,,14,Morombe,Atsimo-Andrefana,-21.7489,43.3631,Institut Pasteur de Madagascar,http://www.ncbi.nlm.nih.gov/pubmed/27332904
MDG,Madagascar,Pfkelch13,P. falciparum,2012,0,0,,10,Morondava,Menabe,-20.5167,44.3667,Institut Pasteur de Madagascar,http://www.ncbi.nlm.nih.gov/pubmed/27332904
MDG,Madagascar,Pfkelch13,P. falciparum,2012,0,0,,2,Nosy Be,Diana,-13.3333,48.25,Institut Pasteur de Madagascar,http://www.ncbi.nlm.nih.gov/pubmed/27332904
MDG,Madagascar,Pfkelch13,P. falciparum,2012,0,0,,5,Nosy Boraha,Analanjirofo,-16.9167,49.9,Institut Pasteur de Madagascar,http://www.ncbi.nlm.nih.gov/pubmed/27332904
MDG,Madagascar,Pfkelch13,P. falciparum,2012,0,0,,37,Taolanaro,Anosy,-24.5965,46.9028,Institut Pasteur de Madagascar,http://www.ncbi.nlm.nih.gov/pubmed/27332904
MDG,Madagascar,Pfkelch13,P. falciparum,2012,0,3.8,V589I,26,Taomasina,Atsinanana,-18.15,49.4167,Institut Pasteur de Madagascar,http://www.ncbi.nlm.nih.gov/pubmed/27332904
MDG,Madagascar,Pfkelch13,P. falciparum,2012,0,0,,1,Tsiroanomandidy,Bongolava,-18.7679,46.0516,Institut Pasteur de Madagascar,http://www.ncbi.nlm.nih.gov/pubmed/27332904
MLI,Mali,Pfkelch13,P. falciparum,2016,0,0,,3,Cases imported from Mali to China,,17.9457,-4.6696,"National Institute of Parasitic Diseases, Chinese Center for Disease Control and Prevention, Key Laboratory of Parasite and Vector Biology, Schistosomiasis and Filariasis, MOH, and WHO Collaborating Centre for Malaria",https://pubmed.ncbi.nlm.nih.gov/32019571/
MLI,Mali,Pfkelch13,P. falciparum,2015,0,1,A578S,98,Bougoula,Sikasso,10.7833,-6.9167,"Malaria Research and Training Center, University of Sciences, Techniques and Technologies of Bamako",https://pubmed.ncbi.nlm.nih.gov/32320811/
MLI,Mali,Pfkelch13,P. falciparum,2015,0,0,,118,Faladié,Koulikoro,13.1354,-8.3349,"Malaria Research and Training Center, University of Sciences, Techniques and Technologies of Bamako",https://pubmed.ncbi.nlm.nih.gov/32320811/
MLI,Mali,Pfkelch13,P. falciparum,2015,0,0.4,A578S,248,Sélingué,Sikasso,11.6167,-8.2333,"Malaria Research and Training Center, University of Sciences, Techniques and Technologies of Bamako",https://pubmed.ncbi.nlm.nih.gov/34034754/
MLI,Mali,Pfkelch13,P. falciparum,2014,0,0,,2,Bamako,Bamako,12.6171,-7.9811,"Department of Epidemiology of Parasitic Diseases, University of Sciences, Techniques and Technologies of Bamako",http://www.ncbi.nlm.nih.gov/pubmed/27332904
MLI,Mali,Pfkelch13,P. falciparum,2014,0,0,,1,Cases imported from Mali to China,,17.9457,-4.6696,"Institute of Parasitic Disease Prevention and Control, Guangxi Zhuang Autonomous Region Center for Disease Control and Prevention",https://pubmed.ncbi.nlm.nih.gov/31619243/
MLI,Mali,Pfkelch13,P. falciparum,2014,0,0,,2,Cases imported from Mali to Italy,,19.6087,-1.4062,Istituto Superiore di Sanità,https://pubmed.ncbi.nlm.nih.gov/33295621/
MLI,Mali,Pfkelch13,P. falciparum,2013,0,0.7,A578S,130,Bamako,Bamako,12.6171,-7.9811,"Department of Epidemiology of Parasitic Diseases, University of Sciences, Techniques and Technologies of Bamako",http://www.ncbi.nlm.nih.gov/pubmed/27332904
MLI,Mali,Pfkelch13,P. falciparum,2013,0,0,,227,Banambani,Koulikoro,12.6484,-8.405,"Department of Epidemiology of Parasitic Diseases, University of Sciences, Techniques and Technologies of Bamako",http://www.ncbi.nlm.nih.gov/pubmed/27332904
MLI,Mali,Pfkelch13,P. falciparum,2013,0,1.1,A578S,91,Faladié,Koulikoro,13.1354,-8.3349,Kenya Medical Research Institute/United States Army Medical Research Unit-Kenya,http://www.ncbi.nlm.nih.gov/pubmed/25367300
MLI,Mali,Pfkelch13,P. falciparum,2012,0,1.2,F442L,83,Bamako,Bamako,12.6171,-7.9811,"Department of Epidemiology of Parasitic Diseases, University of Sciences, Techniques and Technologies of Bamako",http://www.ncbi.nlm.nih.gov/pubmed/27332904
MLI,Mali,Pfkelch13,P. falciparum,2012,0,0,,4,Cases imported from Mali to China,,17.9457,-4.6696,Henan Province Center for Disease Control and Prevention,https://pubmed.ncbi.nlm.nih.gov/28797235/
MLI,Mali,Pfkelch13,P. falciparum,2012,0,0,,1,Cases imported from Mali to China,,17.9457,-4.6696,"Shandong Institute of Parasitic Diseases, Shandong Academy of Medical Sciences, Shandong Provincial Reference Laboratory for Malaria Diagnosis",https://pubmed.ncbi.nlm.nih.gov/30154519/
MLI,Mali,Pfkelch13,P. falciparum,2012,0,0,,5,Cases imported from Mali to China,,17.9457,-4.6696,"National Institute of Parasitic Diseases, Chinese Center for Disease Control and Prevention, Chinese Center for Tropical Diseases Research, WHO Collaborating Center for Tropical Diseases, National Centre for International Research On Tropical Diseases, Ministry of Science and Technology, Key Laboratory of Parasite and Vector Biology, Ministry of Health China",https://pubmed.ncbi.nlm.nih.gov/33549122/
MLI,Mali,Pfkelch13,P. falciparum,2011,0,0,,1,Cases imported from Mali to China,,17.9457,-4.6696,Hubei University of Medicine,https://pubmed.ncbi.nlm.nih.gov/29941645/
MLI,Mali,Pfkelch13,P. falciparum,2011,0,1.8,S522C,56,Kati,Koulikoro,12.7454,-8.0738,"Malaria Research and Training Center, University of Sciences, Techniques and Technologies of Bamako",https://pubmed.ncbi.nlm.nih.gov/28148267/
MLI,Mali,Pfkelch13,P. falciparum,2011,0,1.8,A578S,111,Sotuba,Bamako,12.6632,-7.9143,"Malaria Research and Training Center, University of Sciences, Techniques and Technologies of Bamako",https://pubmed.ncbi.nlm.nih.gov/28148267/
MLI,Mali,Pfkelch13,P. falciparum,2010,0,11,A578S,87,Bougoula,Sikasso,10.7833,-6.9167,"Department of Epidemiology of Parasitic Diseases, University of Sciences, Techniques and Technologies of Bamako",http://www.ncbi.nlm.nih.gov/pubmed/25918205
MLI,Mali,Pfkelch13,P. falciparum,2010,0,11.1,E455K&C469W&G674E,27,Kati,Koulikoro,12.7454,-8.0738,"Department of Epidemiology of Parasitic Diseases, University of Sciences, Techniques and Technologies of Bamako",
MLI,Mali,Pfkelch13,P. falciparum,2010,0,4.2,V603I&WT,24,Sotuba,Bamako,12.6632,-7.9143,"Department of Epidemiology of Parasitic Diseases, University of Sciences, Techniques and Technologies of Bamako",
MMR,Myanmar,Pfkelch13,P. falciparum,2019,0,0,,43,Buthidaung,Rakhine,20.8695,92.5272,Department of Medical Research (Lower Myanmar),
MMR,Myanmar,Pfkelch13,P. falciparum,2019,0,0,,46,Buthidaung,Rakhine,20.8695,92.5272,Department of Medical Research (Lower Myanmar),
MMR,Myanmar,Pfkelch13,P. falciparum,2019,28,63,P441L,141,Hpa Pun,Kayin,18.0646,97.4337,"Shoklo Malaria Research Unit, Mahidol-Oxford Tropical Medicine Research Unit, Faculty of Tropical Medicine, Mahidol University",https://pubmed.ncbi.nlm.nih.gov/38720269/
MMR,Myanmar,Pfkelch13,P. falciparum,2019,13,87,others,8,"Myawaddy, Kawkareik and Hlaingbwe",Kayin,16.8783,98.1712,"Shoklo Malaria Research Unit, Mahidol-Oxford Tropical Medicine Research Unit, Faculty of Tropical Medicine, Mahidol University",https://pubmed.ncbi.nlm.nih.gov/38720269/
MMR,Myanmar,Pfkelch13,P. falciparum,2018,31,54,F446I,896,Hpa Pun,Kayin,18.0646,97.4337,"Shoklo Malaria Research Unit, Mahidol-Oxford Tropical Medicine Research Unit, Faculty of Tropical Medicine, Mahidol University",https://pubmed.ncbi.nlm.nih.gov/38720269/
MMR,Myanmar,Pfkelch13,P. falciparum,2018,43.7,43.7,F446I,48,Kawkareik,Kayin,16.5556,98.24,Department of Medical Research (Lower Myanmar),
MMR,Myanmar,Pfkelch13,P. falciparum,2018,30.4,30.4,C580Y,46,Kawthaung,Tanintharyi,9.9958,98.5529,Department of Medical Research (Lower Myanmar),
MMR,Myanmar,Pfkelch13,P. falciparum,2018,46,76,C580Y,50,"Myawaddy, Kawkareik and Hlaingbwe",Kayin,16.8783,98.1712,"Shoklo Malaria Research Unit, Mahidol-Oxford Tropical Medicine Research Unit, Faculty of Tropical Medicine, Mahidol University",https://pubmed.ncbi.nlm.nih.gov/38720269/
MMR,Myanmar,Pfkelch13,P. falciparum,2017,0,0,,12,Beelin,Mon,17.2333,97.25,Department of Medical Research (Lower Myanmar),
MMR,Myanmar,Pfkelch13,P. falciparum,2017,30,60,P441L,1433,Hpa Pun,Kayin,18.0646,97.4337,"Shoklo Malaria Research Unit, Mahidol-Oxford Tropical Medicine Research Unit, Faculty of Tropical Medicine, Mahidol University",https://pubmed.ncbi.nlm.nih.gov/38720269/
MMR,Myanmar,Pfkelch13,P. falciparum,2017,52,67,F446I,428,Kyain Seikgyi,Kayin,15.9,98.1833,"Shoklo Malaria Research Unit, Mahidol-Oxford Tropical Medicine Research Unit, Faculty of Tropical Medicine, Mahidol University",https://pubmed.ncbi.nlm.nih.gov/38720269/
MMR,Myanmar,Pfkelch13,P. falciparum,2017,0,0,,43,Kyaukphyu,Rakhine,19.4222,93.5264,"The GenRe-Mekong Project, Mahidol-Oxford Tropical Medicine Research Unit, Faculty of Tropical Medicine, Mahidol University",https://doi.org/10.1038/s41467-025-59946-1
MMR,Myanmar,Pfkelch13,P. falciparum,2017,38.3,38.3,R561H,81,Mohnyin,Kachin,24.7833,96.3667,Department of Medical Research (Lower Myanmar),
MMR,Myanmar,Pfkelch13,P. falciparum,2017,16,69,P441L,26,"Myawaddy, Kawkareik and Hlaingbwe",Kayin,16.8783,98.1712,"Shoklo Malaria Research Unit, Mahidol-Oxford Tropical Medicine Research Unit, Faculty of Tropical Medicine, Mahidol University",https://pubmed.ncbi.nlm.nih.gov/38720269/
MMR,Myanmar,Pfkelch13,P. falciparum,2017,47.3,47.3,R561H,74,Nawnghkio,Shan,22.3338,96.8014,Department of Medical Research (Lower Myanmar),
MMR,Myanmar,Pfkelch13,P. falciparum,2017,0,0,,4,Pyay,Bago,18.9147,95.1723,"The GenRe-Mekong Project, Mahidol-Oxford Tropical Medicine Research Unit, Faculty of Tropical Medicine, Mahidol University",https://doi.org/10.7554/eLife.62997
MMR,Myanmar,Pfkelch13,P. falciparum,2017,64,64,R561H,14,Pyin Oo Lwin,Mandalay,22.0392,96.4717,"The GenRe-Mekong Project, Mahidol-Oxford Tropical Medicine Research Unit, Faculty of Tropical Medicine, Mahidol University",https://doi.org/10.1038/s41467-025-59946-1
MMR,Myanmar,Pfkelch13,P. falciparum,2017,6.7,6.7,F446I,15,Thandaung,Kayin,19.0217,96.5827,Department of Medical Research (Lower Myanmar),
MMR,Myanmar,Pfkelch13,P. falciparum,2016,0,1.6,R471P,120,Buthidaung,Rakhine,20.8695,92.5272,Department of Medical Research (Lower Myanmar),
MMR,Myanmar,Pfkelch13,P. falciparum,2016,100,100,R561H,1,Cases imported from Myanmar to China,,21.692,96.9765,"National Institute of Parasitic Diseases, Chinese Center for Disease Control and Prevention, Key Laboratory of Parasite and Vector Biology, Schistosomiasis and Filariasis, MOH, and WHO Collaborating Centre for Malaria",https://pubmed.ncbi.nlm.nih.gov/32019571/
MMR,Myanmar,Pfkelch13,P. falciparum,2016,25,53,F446I,572,Hpa Pun,Kayin,18.0646,97.4337,"Shoklo Malaria Research Unit, Mahidol-Oxford Tropical Medicine Research Unit, Faculty of Tropical Medicine, Mahidol University",https://pubmed.ncbi.nlm.nih.gov/38720269/
MMR,Myanmar,Pfkelch13,P. falciparum,2016,26.3,59.2,F446I,292,Kayin State,,16.9459,97.9593,"Shoklo Malaria Research Unit, Mahidol-Oxford Tropical Medicine Research Unit, Faculty of Tropical Medicine, Mahidol University",https://www.ncbi.nlm.nih.gov/pubmed/29703425
MMR,Myanmar,Pfkelch13,P. falciparum,2016,70,85,F446I,462,Kyain Seikgyi,Kayin,15.9,98.1833,"Shoklo Malaria Research Unit, Mahidol-Oxford Tropical Medicine Research Unit, Faculty of Tropical Medicine, Mahidol University",https://pubmed.ncbi.nlm.nih.gov/38720269/
MMR,Myanmar,Pfkelch13,P. falciparum,2016,33,33,C580Y,6,"Myawaddy, Kawkareik and Hlaingbwe",Kayin,16.8783,98.1712,"Shoklo Malaria Research Unit, Mahidol-Oxford Tropical Medicine Research Unit, Faculty of Tropical Medicine, Mahidol University",https://pubmed.ncbi.nlm.nih.gov/38720269/
MMR,Myanmar,Pfkelch13,P. falciparum,2016,0,0,,106,Tamu,Sagaing,24.2199,94.3103,Department of Medical Research (Lower Myanmar),
MMR,Myanmar,Pfkelch13,P. falciparum,2016,0,1.8,G639D,105,Thabeikkyin,Mandalay,22.8833,95.9833,Department of Medical Research (Lower Myanmar),
MMR,Myanmar,Pfkelch13,P. falciparum,2015,3.6,3.6,C580Y,28,Ann,Rakhine,19.85,94,"Mahidol Oxford Tropical Medicine Research Unit, Mahidol University",https://pubmed.ncbi.nlm.nih.gov/32171078/
MMR,Myanmar,Pfkelch13,P. falciparum,2015,7,70,others,27,Hpa Pun,Kayin,18.0646,97.4337,"Shoklo Malaria Research Unit, Mahidol-Oxford Tropical Medicine Research Unit, Faculty of Tropical Medicine, Mahidol University",https://pubmed.ncbi.nlm.nih.gov/38720269/
MMR,Myanmar,Pfkelch13,P. falciparum,2015,0,56.7,unspecified,30,Kayin State,,16.9459,97.9593,"Shoklo Malaria Research Unit, Mahidol-Oxford Tropical Medicine Research Unit, Faculty of Tropical Medicine, Mahidol University",https://www.ncbi.nlm.nih.gov/pubmed/29062913
MMR,Myanmar,Pfkelch13,P. falciparum,2015,22.2,64.2,unspecified,81,Kayin State,,16.9459,97.9593,"Shoklo Malaria Research Unit, Mahidol-Oxford Tropical Medicine Research Unit, Faculty of Tropical Medicine, Mahidol University",https://www.ncbi.nlm.nih.gov/pubmed/29703425
MMR,Myanmar,Pfkelch13,P. falciparum,2015,53,70,F446I,535,Kyain Seikgyi,Kayin,15.9,98.1833,"Shoklo Malaria Research Unit, Mahidol-Oxford Tropical Medicine Research Unit, Faculty of Tropical Medicine, Mahidol University",https://pubmed.ncbi.nlm.nih.gov/38720269/
MMR,Myanmar,Pfkelch13,P. falciparum,2015,61.9,73.2,F446I,97,Mu Se,Shan,23.9933,97.9103,Department of Medical Research (Upper Myanmar),
MMR,Myanmar,Pfkelch13,P. falciparum,2015,30,40,A675V,10,"Myawaddy, Kawkareik and Hlaingbwe",Kayin,16.8783,98.1712,"Shoklo Malaria Research Unit, Mahidol-Oxford Tropical Medicine Research Unit, Faculty of Tropical Medicine, Mahidol University",https://pubmed.ncbi.nlm.nih.gov/38720269/
MMR,Myanmar,Pfkelch13,P. falciparum,2015,63.1,68.3,F446I,95,Myitkyina,Kachin,25.3946,97.3841,Department of Medical Research (Upper Myanmar),
MMR,Myanmar,Pfkelch13,P. falciparum,2015,0,0,,30,Paletwa,Chin,21.3036,92.854,"Department of Cell Biology & Genetics, Kunming Medical University",https://pubmed.ncbi.nlm.nih.gov/32854686/
MMR,Myanmar,Pfkelch13,P. falciparum,2015,0,0,,32,Pyay,Bago,18.9147,95.1723,"Mahidol Oxford Tropical Medicine Research Unit, Mahidol University",https://pubmed.ncbi.nlm.nih.gov/32171078/
MMR,Myanmar,Pfkelch13,P. falciparum,2015,11.1,14.8,F446I,27,Pyin Oo Lwin,Mandalay,22.0392,96.4717,"Mahidol Oxford Tropical Medicine Research Unit, Mahidol University",https://pubmed.ncbi.nlm.nih.gov/32171078/
MMR,Myanmar,Pfkelch13,P. falciparum,2015,37,37,F446I,27,Pyin Oo Lwin,Mandalay,22.0392,96.4717,"Mahidol Oxford Tropical Medicine Research Unit, Mahidol University",https://pubmed.ncbi.nlm.nih.gov/32171078/
MMR,Myanmar,Pfkelch13,P. falciparum,2014,0,0,,101,Buthidaung,Rakhine,20.8695,92.5272,Department of Medical Research (Upper Myanmar),
MMR,Myanmar,Pfkelch13,P. falciparum,2014,55.9,100,F446I,34,China-Myanmar border area,,24.2545,97.6572,"Department of Pathogen Biology and Immunology, Kunming Medical University",https://pubmed.ncbi.nlm.nih.gov/31009824/
MMR,Myanmar,Pfkelch13,P. falciparum,2014,35.08,54.97,F446I,171,China-Myanmar border area,,24.2545,97.6572,Yunnan International Joint Laboratory of Tropical Infectious Diseases,https://pubmed.ncbi.nlm.nih.gov/37816434/
MMR,Myanmar,Pfkelch13,P. falciparum,2014,33.4,60.9,unspecified,258,Kayin State,,16.9459,97.9593,"Shoklo Malaria Research Unit, Mahidol-Oxford Tropical Medicine Research Unit, Faculty of Tropical Medicine, Mahidol University",https://www.ncbi.nlm.nih.gov/pubmed/29703425
MMR,Myanmar,Pfkelch13,P. falciparum,2014,50,50,C580Y,4,Shwegyin,Bago,17.9293,96.8807,Department of Medical Research (Lower Myanmar),https://www.ncbi.nlm.nih.gov/pubmed/28221121
MMR,Myanmar,Pfkelch13,P. falciparum,2014,36.9,36.9,F446I,57,Tamu,Sagaing,24.2199,94.3103,Department of Medical Research (Upper Myanmar),http://www.ncbi.nlm.nih.gov/pubmed/27332904
MMR,Myanmar,Pfkelch13,P. falciparum,2014,47.6,49.2,F446I,63,Thabeikkyin,Mandalay,22.8833,95.9833,Department of Medical Research (Upper Myanmar),http://www.ncbi.nlm.nih.gov/pubmed/27332904
MMR,Myanmar,Pfkelch13,P. falciparum,2013,1.6,4.8,G449A,64,Ann,Rakhine,19.85,94,"Department of Medicine, Institute of Medicine",http://www.ncbi.nlm.nih.gov/pubmed/26911145
MMR,Myanmar,Pfkelch13,P. falciparum,2013,0,0,,52,Bago Region,,18.25,96,Myanmar Oxford Clinical Research Unit,http://www.ncbi.nlm.nih.gov/pubmed/25704894
MMR,Myanmar,Pfkelch13,P. falciparum,2013,3.2,3.2,P574L,62,Chin State,,22.3897,93.5813,Myanmar Oxford Clinical Research Unit,http://www.ncbi.nlm.nih.gov/pubmed/25704894
MMR,Myanmar,Pfkelch13,P. falciparum,2013,65,65,F446I,40,China-Myanmar border area,,24.2545,97.6572,"Department of Pathogen Biology and Immunology, Kunming Medical University",https://pubmed.ncbi.nlm.nih.gov/31009824/
MMR,Myanmar,Pfkelch13,P. falciparum,2013,17.6,29.7,F446I,91,Homalin,Sagaing,24.8833,94.9167,"Department of Medicine, Institute of Medicine",http://www.ncbi.nlm.nih.gov/pubmed/26911145
MMR,Myanmar,Pfkelch13,P. falciparum,2013,43.6,43.6,F446I,32,Hpa Pun,Kayin,18.0646,97.4337,"Shoklo Malaria Research Unit, Mahidol-Oxford Tropical Medicine Research Unit, Faculty of Tropical Medicine, Mahidol University",https://www.ncbi.nlm.nih.gov/pubmed/29178921
MMR,Myanmar,Pfkelch13,P. falciparum,2013,0,33.4,G449A,6,Hpruso,Kayah,19.05,97.1333,"Department of Medicine, Institute of Medicine",http://www.ncbi.nlm.nih.gov/pubmed/26911145
MMR,Myanmar,Pfkelch13,P. falciparum,2013,60.8,60.8,F446I,46,Kachin State,,25.8509,97.4381,"Department of Entomology, Pennsylvania State University",http://www.ncbi.nlm.nih.gov/pubmed/27332904
MMR,Myanmar,Pfkelch13,P. falciparum,2013,27.1,35.7,F446I,70,Kachin State,,25.8509,97.4381,Myanmar Oxford Clinical Research Unit,http://www.ncbi.nlm.nih.gov/pubmed/25704894
MMR,Myanmar,Pfkelch13,P. falciparum,2013,0,100,G449A,2,Kayah State,,19.2342,97.2653,Myanmar Oxford Clinical Research Unit,http://www.ncbi.nlm.nih.gov/pubmed/25704894
MMR,Myanmar,Pfkelch13,P. falciparum,2013,30.6,47.6,C580Y,288,Kayin State,,16.9459,97.9593,Myanmar Oxford Clinical Research Unit,http://www.ncbi.nlm.nih.gov/pubmed/25704894
MMR,Myanmar,Pfkelch13,P. falciparum,2013,0,85.6,unspecified,77,Kayin State,,16.9459,97.9593,"Shoklo Malaria Research Unit, Mahidol-Oxford Tropical Medicine Research Unit, Faculty of Tropical Medicine, Mahidol University",https://www.ncbi.nlm.nih.gov/pubmed/29062913
MMR,Myanmar,Pfkelch13,P. falciparum,2013,26.3,48,unspecified,152,Kyain Seikgyi,Kayin,15.9,98.1833,"Defence Services Medical Academy, Ministry of Defense",https://www.ncbi.nlm.nih.gov/pubmed/29996844
MMR,Myanmar,Pfkelch13,P. falciparum,2013,100,100,P574L,13,Kyaukme,Shan,22.5392,97.0283,"Department of Medicine, Institute of Medicine",http://www.ncbi.nlm.nih.gov/pubmed/26911145
MMR,Myanmar,Pfkelch13,P. falciparum,2013,33.4,52.6,C580Y,42,Kyeikdon,Kayin,16.0025,98.4025,Department of Medical Research (Lower Myanmar),http://www.ncbi.nlm.nih.gov/pubmed/25537878
MMR,Myanmar,Pfkelch13,P. falciparum,2013,21.6,23.9,F446I,181,Mandalay Region,,21,95.75,Myanmar Oxford Clinical Research Unit,http://www.ncbi.nlm.nih.gov/pubmed/25704894
MMR,Myanmar,Pfkelch13,P. falciparum,2013,37.5,37.5,R561H,8,Mon State,,17.0626,97.3517,Myanmar Oxford Clinical Research Unit,http://www.ncbi.nlm.nih.gov/pubmed/25704894
MMR,Myanmar,Pfkelch13,P. falciparum,2013,29.5,32.4,C580Y,68,Myawaddy,Kayin,16.6843,98.5007,"Department of Medical Environmental Biology and Tropical Medicine, School of Medicine, Kangwon National University",https://www.ncbi.nlm.nih.gov/pubmed/28806957
MMR,Myanmar,Pfkelch13,P. falciparum,2013,44.2,48.8,F446I,43,Myitkyina,Kachin,25.3946,97.3841,Defence Services Medical Research Centre,http://www.ncbi.nlm.nih.gov/pubmed/27036739
MMR,Myanmar,Pfkelch13,P. falciparum,2013,0,14.2,D516Y,49,Paletwa,Chin,21.3036,92.854,Department of Medical Research (Lower Myanmar),http://www.ncbi.nlm.nih.gov/pubmed/25537878
MMR,Myanmar,Pfkelch13,P. falciparum,2013,15.5,16.9,F446I,71,Pyin Oo Lwin,Mandalay,22.0392,96.4717,Defence Services Medical Research Centre,http://www.ncbi.nlm.nih.gov/pubmed/27036739
MMR,Myanmar,Pfkelch13,P. falciparum,2013,3.4,6.8,G449A,29,Rakine State,,19.5,94,Myanmar Oxford Clinical Research Unit,http://www.ncbi.nlm.nih.gov/pubmed/25704894
MMR,Myanmar,Pfkelch13,P. falciparum,2013,34.8,45.6,F446I,46,Sagaing Region,,21.5,95.6167,Myanmar Oxford Clinical Research Unit,http://www.ncbi.nlm.nih.gov/pubmed/25704894
MMR,Myanmar,Pfkelch13,P. falciparum,2013,66.7,66.7,P574L,21,Shan State,,21.5,98,Myanmar Oxford Clinical Research Unit,http://www.ncbi.nlm.nih.gov/pubmed/25704894
MMR,Myanmar,Pfkelch13,P. falciparum,2012,19.2,27.2,F446I,115,Cases imported from Myanmar to China,,21.692,96.9765,"National Institute of Parasitic Diseases, Chinese Center for Disease Control and Prevention, WHO Collaborating Center for Malaria, Schistosomiasis and Filariasis",https://pubmed.ncbi.nlm.nih.gov/31069209/
MMR,Myanmar,Pfkelch13,P. falciparum,2012,45.3,51,F446I,53,China-Myanmar border area,,24.2545,97.6572,"National Institute of Parasitic Diseases, Chinese Center for Disease Control and Prevention, Key Laboratory of Parasite and Vector Biology, Schistosomiasis and Filariasis, MOH, and WHO Collaborating Centre for Malaria",https://pubmed.ncbi.nlm.nih.gov/30883571/
MMR,Myanmar,Pfkelch13,P. falciparum,2012,75,75,F446I,8,Kachin State,,25.8509,97.4381,"Department of Entomology, Pennsylvania State University",https://www.ncbi.nlm.nih.gov/pubmed/27332904
MMR,Myanmar,Pfkelch13,P. falciparum,2012,55.6,56.5,C580Y,106,Kawthaung,Tanintharyi,9.9958,98.5529,"Department of Medical Environmental Biology and Tropical Medicine, School of Medicine, Kangwon National University",https://www.ncbi.nlm.nih.gov/pubmed/28806957
MMR,Myanmar,Pfkelch13,P. falciparum,2012,0,0,,64,Magway,Magway,20.15,94.95,"Department of Medical Environmental Biology and Tropical Medicine, School of Medicine, Kangwon National University",https://www.ncbi.nlm.nih.gov/pubmed/28806957
MMR,Myanmar,Pfkelch13,P. falciparum,2012,40.7,50,C580Y,54,Myawaddy,Kayin,16.6843,98.5007,"Department of Medical Environmental Biology and Tropical Medicine, School of Medicine, Kangwon National University",https://www.ncbi.nlm.nih.gov/pubmed/28806957
MMR,Myanmar,Pfkelch13,P. falciparum,2012,45.1,48.3,P574L,31,Pyin Oo Lwin,Mandalay,22.0392,96.4717,"Department of Molecular Tropical Medicine and Genetics, Mahidol University",
MMR,Myanmar,Pfkelch13,P. falciparum,2012,8,16,C580Y,50,Shwegyin,Bago,17.9293,96.8807,"Department of Medical Environmental Biology and Tropical Medicine, School of Medicine, Kangwon National University",https://www.ncbi.nlm.nih.gov/pubmed/28806957
MMR,Myanmar,Pfkelch13,P. falciparum,2011,27.8,28.8,F446I,97,Kalay and Tamu,Sagaing,24.2199,94.3103,Department of Medical Research (Upper Myanmar),https://www.ncbi.nlm.nih.gov/pubmed/28388902
MMR,Myanmar,Pfkelch13,P. falciparum,2011,36.7,36.7,C580Y,49,Kawthaung,Tanintharyi,9.9958,98.5529,Department of Medical Research (Lower Myanmar),http://www.ncbi.nlm.nih.gov/pubmed/23520478
MMR,Myanmar,Pfkelch13,P. falciparum,2011,22.5,23.9,F446I,71,Mu Se,Shan,23.9933,97.9103,Department of Medical Research (Upper Myanmar),https://www.ncbi.nlm.nih.gov/pubmed/28388902
MMR,Myanmar,Pfkelch13,P. falciparum,2011,13.6,27.3,P441L,73,Shwegyin,Bago,17.9293,96.8807,Tracking Resistance to Artemisinin Collaboration,http://www.ncbi.nlm.nih.gov/pubmed/25075834
MMR,Myanmar,Pfkelch13,P. falciparum,2011,16,21,C580Y,100,Shwegyin,Bago,17.9293,96.8807,"Department of Medical Environmental Biology and Tropical Medicine, School of Medicine, Kangwon National University",https://www.ncbi.nlm.nih.gov/pubmed/28249583
MMR,Myanmar,Pfkelch13,P. falciparum,2010,33.3,33.3,F446I,9,China-Myanmar border area,,24.2545,97.6572,"Department of Pathogen Biology and Immunology, Kunming Medical University",https://pubmed.ncbi.nlm.nih.gov/31009824/
MMR,Myanmar,Pfkelch13,P. falciparum,2010,42.9,57.2,F446I,7,Kachin State,,25.8509,97.4381,"Department of Entomology, Pennsylvania State University",http://www.ncbi.nlm.nih.gov/pubmed/27332904
MMR,Myanmar,Pfkelch13,P. falciparum,2010,25.5,57.2,R561H,82,Mawlamyine,Mon,16.4543,97.644,"Department of Medical Environmental Biology and Tropical Medicine, School of Medicine, Kangwon National University",https://www.ncbi.nlm.nih.gov/pubmed/28806957
MMR,Myanmar,Pfkelch13,P. falciparum,2010,0,0,,60,Rakine State,,19.5,94,"Department of Medical Environmental Biology and Tropical Medicine, School of Medicine, Kangwon National University",https://www.ncbi.nlm.nih.gov/pubmed/28806957
MMR,Myanmar,Pfkelch13,P. falciparum,2010,50,50,F446I,4,Wa State,,22.0362,98.1339,"Department of Entomology, Pennsylvania State University",http://www.ncbi.nlm.nih.gov/pubmed/27332904
MOZ,Mozambique,Pfkelch13,P. falciparum,2021,0,6.1,W470R,100,Manhiça,Maputo,-25.3923,32.7972,"Instituto de Higiene e Medicina Tropical, Universidade Nova de Lisboa",https://pubmed.ncbi.nlm.nih.gov/37208708/
MOZ,Mozambique,Pfkelch13,P. falciparum,2021,0,5,E455Q,100,Maputo Province,,-25.9667,32.5833,"Instituto de Higiene e Medicina Tropical, Universidade Nova de Lisboa",https://pubmed.ncbi.nlm.nih.gov/37208708/
MOZ,Mozambique,Pfkelch13,P. falciparum,2021,0,10,W470R,98,Niassa Province,,-13.25,36.5,"Instituto de Higiene e Medicina Tropical, Universidade Nova de Lisboa",https://pubmed.ncbi.nlm.nih.gov/37208708/
MOZ,Mozambique,Pfkelch13,P. falciparum,2017,0,0,,107,Magude,Maputo,-25.0231,32.6481,"ISGlobal, Barcelona Institute for Global Health, Hospital Clínic-Universitat de Barcelona",https://pubmed.ncbi.nlm.nih.gov/33075062/
MOZ,Mozambique,Pfkelch13,P. falciparum,2016,8.3,8.3,R622I,12,Cases imported from Mozambique to China,,-18.4075,34.6982,"National Institute of Parasitic Diseases, Chinese Center for Disease Control and Prevention, Key Laboratory of Parasite and Vector Biology, Schistosomiasis and Filariasis, MOH, and WHO Collaborating Centre for Malaria",https://pubmed.ncbi.nlm.nih.gov/32019571/
MOZ,Mozambique,Pfkelch13,P. falciparum,2015,0,0,,87,Chókwè,Gaza,-24.5323,32.9832,"ISGlobal, Barcelona Institute for Global Health, Hospital Clínic-Universitat de Barcelona",https://pubmed.ncbi.nlm.nih.gov/29260689/
MOZ,Mozambique,Pfkelch13,P. falciparum,2015,0,1.1,F656I,88,Dondo,Sofala,-19.6115,34.7409,"ISGlobal, Barcelona Institute for Global Health, Hospital Clínic-Universitat de Barcelona",https://pubmed.ncbi.nlm.nih.gov/29260689/
MOZ,Mozambique,Pfkelch13,P. falciparum,2015,0,2,D641N,99,Magude,Maputo,-25.0231,32.6481,"ISGlobal, Barcelona Institute for Global Health, Hospital Clínic-Universitat de Barcelona",https://pubmed.ncbi.nlm.nih.gov/33075062/
MOZ,Mozambique,Pfkelch13,P. falciparum,2015,0,0,,89,Moatize,Tete,-16.1167,33.7333,"ISGlobal, Barcelona Institute for Global Health, Hospital Clínic-Universitat de Barcelona",https://pubmed.ncbi.nlm.nih.gov/29260689/
MOZ,Mozambique,Pfkelch13,P. falciparum,2015,0,0,,87,Montepuez,Cabo Delgado,-13.134,38.9981,"ISGlobal, Barcelona Institute for Global Health, Hospital Clínic-Universitat de Barcelona",https://pubmed.ncbi.nlm.nih.gov/29260689/
MOZ,Mozambique,Pfkelch13,P. falciparum,2014,0,0,,5,Cases imported from Mozambique to China,,-18.4075,34.6982,"Institute of Parasitic Disease Prevention and Control, Guangxi Zhuang Autonomous Region Center for Disease Control and Prevention",https://pubmed.ncbi.nlm.nih.gov/31619243/
MOZ,Mozambique,Pfkelch13,P. falciparum,2014,0,7.1,A578S,14,Manhiça,Maputo,-25.3923,32.7972,Medicines for Malaria Venture,https://www.ncbi.nlm.nih.gov/pubmed/30967148
MOZ,Mozambique,Pfkelch13,P. falciparum,2012,0,0,,10,Cases imported from Mozambique to China,,-18.4075,34.6982,Henan Province Center for Disease Control and Prevention,https://pubmed.ncbi.nlm.nih.gov/28797235/
MOZ,Mozambique,Pfkelch13,P. falciparum,2012,0,0,,13,Cases imported from Mozambique to China,,-18.4075,34.6982,"Shandong Institute of Parasitic Diseases, Shandong Academy of Medical Sciences, Shandong Provincial Reference Laboratory for Malaria Diagnosis",https://pubmed.ncbi.nlm.nih.gov/30154519/
MOZ,Mozambique,Pfkelch13,P. falciparum,2012,0,0,,1,Cases imported from Mozambique to China,,-18.4075,34.6982,Guizhou Medical University,https://pubmed.ncbi.nlm.nih.gov/32677899/
MOZ,Mozambique,Pfkelch13,P. falciparum,2012,0,0,,28,Cases imported from Mozambique to China,,-18.4075,34.6982,"National Institute of Parasitic Diseases, Chinese Center for Disease Control and Prevention, Chinese Center for Tropical Diseases Research, WHO Collaborating Center for Tropical Diseases, National Centre for International Research On Tropical Diseases, Ministry of Science and Technology, Key Laboratory of Parasite and Vector Biology, Ministry of Health China",https://pubmed.ncbi.nlm.nih.gov/33549122/
MOZ,Mozambique,Pfkelch13,P. falciparum,2011,0,0,,9,Cases imported from Mozambique to China,,-18.4075,34.6982,Hubei University of Medicine,https://pubmed.ncbi.nlm.nih.gov/29941645/
MOZ,Mozambique,Pfkelch13,P. falciparum,2010,0,4,V494I,50,Maputo Province,,-25.9667,32.5833,"Departamento de Pediatria, Hospital Prof. Doutor Fernando Fonseca EPE",http://www.ncbi.nlm.nih.gov/pubmed/25789669
MRT,Mauritania,Pfkelch13,P. falciparum,2016,0,0,,2,Cases imported from Mauritania to China,,18.2659,-14.4934,"National Institute of Parasitic Diseases, Chinese Center for Disease Control and Prevention, Key Laboratory of Parasite and Vector Biology, Schistosomiasis and Filariasis, MOH, and WHO Collaborating Centre for Malaria",https://pubmed.ncbi.nlm.nih.gov/32019571/
MWI,Malawi,Pfkelch13,P. falciparum,2016,0,0,,6,Cases imported from Malawi to China,,-13.8503,34.2242,"National Institute of Parasitic Diseases, Chinese Center for Disease Control and Prevention, Key Laboratory of Parasite and Vector Biology, Schistosomiasis and Filariasis, MOH, and WHO Collaborating Centre for Malaria",https://pubmed.ncbi.nlm.nih.gov/32019571/
MWI,Malawi,Pfkelch13,P. falciparum,2014,0,0,,1,Cases imported from Malawi to China,,-13.8503,34.2242,"Institute of Parasitic Disease Prevention and Control, Guangxi Zhuang Autonomous Region Center for Disease Control and Prevention",https://pubmed.ncbi.nlm.nih.gov/31619243/
MWI,Malawi,Pfkelch13,P. falciparum,2012,0,0,,1,Cases imported from Malawi to China,,-13.8503,34.2242,"Shandong Institute of Parasitic Diseases, Shandong Academy of Medical Sciences, Shandong Provincial Reference Laboratory for Malaria Diagnosis",https://pubmed.ncbi.nlm.nih.gov/30154519/
MWI,Malawi,Pfkelch13,P. falciparum,2012,0,0,,8,Cases imported from Malawi to China,,-13.8503,34.2242,"National Institute of Parasitic Diseases, Chinese Center for Disease Control and Prevention, Chinese Center for Tropical Diseases Research, WHO Collaborating Center for Tropical Diseases, National Centre for International Research On Tropical Diseases, Ministry of Science and Technology, Key Laboratory of Parasite and Vector Biology, Ministry of Health China",https://pubmed.ncbi.nlm.nih.gov/33549122/
MYS,Malaysia,Pfkelch13,P. falciparum,2012,0,0,,49,Sabah,,5.7389,116.1805,"Global and Tropical Health Division, Menzies School of Health Research and Charles Darwin University",https://www.ncbi.nlm.nih.gov/pubmed/30526613
MYS,Malaysia,Pfkelch13,P. falciparum,2011,0,0,,21,Kalabakan,Sabah,4.4167,117.4833,"Herbal Medicine Research Center, Institute for Medical Research",https://www.ncbi.nlm.nih.gov/pubmed/27788228
MYS,Malaysia,Pfkelch13,P. falciparum,2011,0,0,,29,Kota Maradu,Sabah,6.461,116.6943,"Herbal Medicine Research Center, Institute for Medical Research",https://www.ncbi.nlm.nih.gov/pubmed/27788228
MYT,Mayotte,Pfkelch13,P. falciparum,2013,0,18.5,E596G,27,Multiple sites (Mayotte),,-12.8275,45.1662,Institut de Recherche Biomédicale des Armées,http://www.ncbi.nlm.nih.gov/pubmed/27332904
NER,Niger,Pfkelch13,P. falciparum,2020,0,4,R255K,75,Agadez,Agadez,16.9667,7.9833,Centre de Recherche Médicale et Sanitaire,https://pubmed.ncbi.nlm.nih.gov/38741101/
NER,Niger,Pfkelch13,P. falciparum,2020,0,3.5,R255K,85,Gaya,Dosso,11.8853,3.4549,Centre de Recherche Médicale et Sanitaire,https://pubmed.ncbi.nlm.nih.gov/38741101/
NER,Niger,Pfkelch13,P. falciparum,2020,0,1.1,K248K,88,Tessaoua,Maradi,13.7559,7.9865,Centre de Recherche Médicale et Sanitaire,https://pubmed.ncbi.nlm.nih.gov/38741101/
NER,Niger,Pfkelch13,P. falciparum,2016,0,0,,10,Cases imported from Niger to China,,13.8804,2.7597,"National Institute of Parasitic Diseases, Chinese Center for Disease Control and Prevention, Key Laboratory of Parasite and Vector Biology, Schistosomiasis and Filariasis, MOH, and WHO Collaborating Centre for Malaria",https://pubmed.ncbi.nlm.nih.gov/32019571/
NER,Niger,Pfkelch13,P. falciparum,2013,0,1.4,A578S,145,Maradi Region,,13.5,7.1,Centre de Recherche Médicale et Sanitaire,http://www.ncbi.nlm.nih.gov/pubmed/27332904
NER,Niger,Pfkelch13,P. falciparum,2013,0,1.7,A578S,367,Niamey Urban Community,,13.5214,2.1053,Centre de Recherche Médicale et Sanitaire,http://www.ncbi.nlm.nih.gov/pubmed/27332904
NER,Niger,Pfkelch13,P. falciparum,2012,0,0,,2,Cases imported from Niger to China,,13.8804,2.7597,"Shandong Institute of Parasitic Diseases, Shandong Academy of Medical Sciences, Shandong Provincial Reference Laboratory for Malaria Diagnosis",https://pubmed.ncbi.nlm.nih.gov/30154519/
NER,Niger,Pfkelch13,P. falciparum,2012,0,0,,4,Cases imported from Niger to China,,13.8804,2.7597,"National Institute of Parasitic Diseases, Chinese Center for Disease Control and Prevention, Chinese Center for Tropical Diseases Research, WHO Collaborating Center for Tropical Diseases, National Centre for International Research On Tropical Diseases, Ministry of Science and Technology, Key Laboratory of Parasite and Vector Biology, Ministry of Health China",https://pubmed.ncbi.nlm.nih.gov/33549122/
NER,Niger,Pfkelch13,P. falciparum,2011,0,0,,3,Cases imported from Niger to China,,13.8804,2.7597,Hubei University of Medicine,https://pubmed.ncbi.nlm.nih.gov/29941645/
NGA,Nigeria,Pfkelch13,P. falciparum,2020,0,7.2,E567K,28,Fufore,Adamawa,9.2593,12.3293,Caramal Project,
NGA,Nigeria,Pfkelch13,P. falciparum,2020,0,5.2,A578S,38,Mayo Belwa,Adamawa,9.0547,12.0503,Caramal Project,
NGA,Nigeria,Pfkelch13,P. falciparum,2020,0,5.6,G544R,18,Song,Adamawa,9.8252,12.6029,Caramal Project,
NGA,Nigeria,Pfkelch13,P. falciparum,2019,0,0,A557S,200,Akure,Ondo,7.25,5.195,,https://pubmed.ncbi.nlm.nih.gov/36910307/
NGA,Nigeria,Pfkelch13,P. falciparum,2018,1.6,1.6,M476I,61,Fufore,Adamawa,9.2593,12.3293,Caramal Project,
NGA,Nigeria,Pfkelch13,P. falciparum,2018,0,14.1,F434I,49,Kano,Kano,12,8.5167,"Laboratory Department, Public Health and Diagnostic Institute, Yusuf Maitama Sule University",https://pubmed.ncbi.nlm.nih.gov/32471273/
NGA,Nigeria,Pfkelch13,P. falciparum,2018,0,4.2,C532R,48,Mayo Belwa,Adamawa,9.0547,12.0503,Caramal Project,
NGA,Nigeria,Pfkelch13,P. falciparum,2018,0,3.6,G544R,55,Song,Adamawa,9.8252,12.6029,Caramal Project,
NGA,Nigeria,Pfkelch13,P. falciparum,2016,0,0,,19,Ado-Odo/Ota,Ogun,6.6333,3.1,"Department of Biological Sciences, Covenant University",https://pubmed.ncbi.nlm.nih.gov/31308714/
NGA,Nigeria,Pfkelch13,P. falciparum,2016,0,2.5,P441S,121,Cases imported from Nigeria to China,,8.0064,7.1447,"National Institute of Parasitic Diseases, Chinese Center for Disease Control and Prevention, Key Laboratory of Parasite and Vector Biology, Schistosomiasis and Filariasis, MOH, and WHO Collaborating Centre for Malaria",https://pubmed.ncbi.nlm.nih.gov/32019571/
NGA,Nigeria,Pfkelch13,P. falciparum,2015,0,3.8,Q613H,26,Ajeromi-Ifelodun,Lagos,6.4448,3.3339,"Department of Biomedical Sciences, College of Health Sciences, University of Wisconsin",https://pubmed.ncbi.nlm.nih.gov/31533729/
NGA,Nigeria,Pfkelch13,P. falciparum,2014,0,0,,9,Cases imported from Nigeria to China,,8.0064,7.1447,"Institute of Parasitic Disease Prevention and Control, Guangxi Zhuang Autonomous Region Center for Disease Control and Prevention",https://pubmed.ncbi.nlm.nih.gov/31619243/
NGA,Nigeria,Pfkelch13,P. falciparum,2014,0,0,,17,Cases imported from Nigeria to Italy,,9.2381,10.0044,Istituto Superiore di Sanità,https://pubmed.ncbi.nlm.nih.gov/33295621/
NGA,Nigeria,Pfkelch13,P. falciparum,2014,1.2,9.6,A578S,83,Ede,Osun,7.7389,4.4361,"Public Health Division, Nigerian Institute for Medical Research",https://pubmed.ncbi.nlm.nih.gov/33109270/
NGA,Nigeria,Pfkelch13,P. falciparum,2013,0,2.6,Q613H,38,Ajeromi-Ifelodun,Lagos,6.4448,3.3339,"ANDI Centre of Excellence for Malaria Diagnosis, College of Medicine, University of Lagos",https://pubmed.ncbi.nlm.nih.gov/31132213/
NGA,Nigeria,Pfkelch13,P. falciparum,2013,0,0,,7,Ibeju-Lekki,Lagos,6.4167,2.8833,"ANDI Centre of Excellence for Malaria Diagnosis, College of Medicine, University of Lagos",https://pubmed.ncbi.nlm.nih.gov/31132213/
NGA,Nigeria,Pfkelch13,P. falciparum,2013,0,1.4,D464N,127,Ikorodu,Lagos,6.6,3.5,"ANDI Centre of Excellence for Malaria Diagnosis, College of Medicine, University of Lagos",https://pubmed.ncbi.nlm.nih.gov/31132213/
NGA,Nigeria,Pfkelch13,P. falciparum,2013,0,0,,89,Lagos,Lagos,6.5244,3.3792,Kenya Medical Research Institute/United States Army Medical Research Unit-Kenya,http://www.ncbi.nlm.nih.gov/pubmed/25367300
NGA,Nigeria,Pfkelch13,P. falciparum,2013,0,6.7,Q613H,15,Somolu,Lagos,6.5408,3.3872,"ANDI Centre of Excellence for Malaria Diagnosis, College of Medicine, University of Lagos",https://pubmed.ncbi.nlm.nih.gov/31132213/
NGA,Nigeria,Pfkelch13,P. falciparum,2012,0,2.8,A626T,72,Cases imported from Nigeria to China,,8.0064,7.1447,Henan Province Center for Disease Control and Prevention,https://pubmed.ncbi.nlm.nih.gov/28797235/
NGA,Nigeria,Pfkelch13,P. falciparum,2012,0,0,,34,Cases imported from Nigeria to China,,8.0064,7.1447,"Shandong Institute of Parasitic Diseases, Shandong Academy of Medical Sciences, Shandong Provincial Reference Laboratory for Malaria Diagnosis",https://pubmed.ncbi.nlm.nih.gov/30154519/
NGA,Nigeria,Pfkelch13,P. falciparum,2012,0,16.7,A696V,6,Cases imported from Nigeria to China,,8.0064,7.1447,Guizhou Medical University,https://pubmed.ncbi.nlm.nih.gov/32677899/
NGA,Nigeria,Pfkelch13,P. falciparum,2012,0,0,,152,Cases imported from Nigeria to China,,8.0064,7.1447,"National Institute of Parasitic Diseases, Chinese Center for Disease Control and Prevention, Chinese Center for Tropical Diseases Research, WHO Collaborating Center for Tropical Diseases, National Centre for International Research On Tropical Diseases, Ministry of Science and Technology, Key Laboratory of Parasite and Vector Biology, Ministry of Health China",https://pubmed.ncbi.nlm.nih.gov/33549122/
NGA,Nigeria,Pfkelch13,P. falciparum,2011,0,0,,25,Cases imported from Nigeria to China,,8.0064,7.1447,Hubei University of Medicine,https://pubmed.ncbi.nlm.nih.gov/29941645/
NGA,Nigeria,Pfkelch13,P. falciparum,2011,0,0,,36,Ilorin,Kwara,8.4799,4.5418,Tracking Resistance to Artemisinin Collaboration,http://www.ncbi.nlm.nih.gov/pubmed/25075834
NGA,Nigeria,Pfkelch13,P. falciparum,2010,0,0,,1,Amuwo-Odofin,Lagos,6.45,3.2667,"ANDI Centre of Excellence for Malaria Diagnosis, College of Medicine, University of Lagos",https://pubmed.ncbi.nlm.nih.gov/31132213/
NGA,Nigeria,Pfkelch13,P. falciparum,2010,0,0,,1,Apapa,Lagos,6.45,3.3667,"ANDI Centre of Excellence for Malaria Diagnosis, College of Medicine, University of Lagos",https://pubmed.ncbi.nlm.nih.gov/31132213/
NGA,Nigeria,Pfkelch13,P. falciparum,2010,0,33.3,A578S,3,Epe,Lagos,6.5833,3.9833,"ANDI Centre of Excellence for Malaria Diagnosis, College of Medicine, University of Lagos",https://pubmed.ncbi.nlm.nih.gov/31132213/
NGA,Nigeria,Pfkelch13,P. falciparum,2010,0,0,,3,Kosofe,Lagos,6.5674,3.377,"ANDI Centre of Excellence for Malaria Diagnosis, College of Medicine, University of Lagos",https://pubmed.ncbi.nlm.nih.gov/31132213/
NPL,Nepal,Pfkelch13,P. falciparum,2013,0,0,,5,Kailali,Sudurpashchim Pradesh,28.8314,80.8987,"Central Department of Microbiology, Tribhuvan University",http://www.ncbi.nlm.nih.gov/pubmed/27332904
NPL,Nepal,Pfkelch13,P. falciparum,2013,0,0,,6,Kanchanpur,Sudurpashchim Pradesh,28.8372,80.3213,"Central Department of Microbiology, Tribhuvan University",http://www.ncbi.nlm.nih.gov/pubmed/27332904
PAK,Pakistan,Pfkelch13,P. falciparum,2019,0,0,,88,Khyber District,Khyber Pakhtunkhwa,34.0211,71.2874,"Ministry of Health, Pakistan",https://pubmed.ncbi.nlm.nih.gov/37705047/
PAK,Pakistan,Pfkelch13,P. falciparum,2019,0,0,,87,Zhob,Balochistan,31.3413,69.4487,"Ministry of Health, Pakistan",https://pubmed.ncbi.nlm.nih.gov/37705047/
PAK,Pakistan,Pfkelch13,P. falciparum,2018,0,0,,121,Multiple Sites,,30.9014,69.5724,"Department of Microbiology, Kohat University of Science and Technology",https://pubmed.ncbi.nlm.nih.gov/32513171/
PAK,Pakistan,Pfkelch13,P. falciparum,2017,0,1,G533D,191,Khyber District,Khyber Pakhtunkhwa,34.0211,71.2874,"Directorate of Malaria Control, Ministry of National Health Services, Regulations and Coordination",
PAK,Pakistan,Pfkelch13,P. falciparum,2017,0,1.1,N523I,95,Khyber District,Khyber Pakhtunkhwa,34.0211,71.2874,"Ministry of Health, Pakistan",https://pubmed.ncbi.nlm.nih.gov/37705047/
PAK,Pakistan,Pfkelch13,P. falciparum,2017,0,0,,,Khyber District,Khyber Pakhtunkhwa,34.0211,71.2874,"Ministry of Health, Pakistan",https://pubmed.ncbi.nlm.nih.gov/37705047/
PAK,Pakistan,Pfkelch13,P. falciparum,2017,0,0,,180,Zhob,Balochistan,31.3413,69.4487,"Directorate of Malaria Control, Ministry of National Health Services, Regulations and Coordination",
PAK,Pakistan,Pfkelch13,P. falciparum,2017,0,0,,98,Zhob,Balochistan,31.3413,69.4487,"Ministry of Health, Pakistan",https://pubmed.ncbi.nlm.nih.gov/37705047/
PAK,Pakistan,Pfkelch13,P. falciparum,2017,0,1,G533D,,Zhob,Balochistan,31.3413,69.4487,"Ministry of Health, Pakistan",https://pubmed.ncbi.nlm.nih.gov/37705047/
PAK,Pakistan,Pfkelch13,P. falciparum,2016,0,3,C473Y,33,Bannu,Khyber Pakhtunkhwa,32.8989,70.5246,"Department of Biochemistry & Biotechnology, University of Gujrat",https://www.ncbi.nlm.nih.gov/pubmed/30558587
PAK,Pakistan,Pfkelch13,P. falciparum,2016,0,0,,5,Dera Ghazi Khan,Punjab,29.8333,70.5,"Department of Biochemistry & Biotechnology, University of Gujrat",https://www.ncbi.nlm.nih.gov/pubmed/30558587
PAK,Pakistan,Pfkelch13,P. falciparum,2016,0,0,,13,Deramurad Jamali,Balochistan,28.6196,68.0349,"Department of Biochemistry & Biotechnology, University of Gujrat",https://www.ncbi.nlm.nih.gov/pubmed/30558587
PAK,Pakistan,Pfkelch13,P. falciparum,2016,0,7.7,A557T,13,Hangu,Khyber Pakhtunkhwa,33.5227,71.0311,"Department of Biochemistry & Biotechnology, University of Gujrat",https://www.ncbi.nlm.nih.gov/pubmed/30558587
PAK,Pakistan,Pfkelch13,P. falciparum,2016,0,0,,2,Karachi,Sindh,25.1929,66.8753,"Department of Biochemistry & Biotechnology, University of Gujrat",https://www.ncbi.nlm.nih.gov/pubmed/30558587
PAK,Pakistan,Pfkelch13,P. falciparum,2016,0,4,G638R,25,Khyber District,Khyber Pakhtunkhwa,34.0211,71.2874,"Department of Biochemistry & Biotechnology, University of Gujrat",https://www.ncbi.nlm.nih.gov/pubmed/30558587
PAK,Pakistan,Pfkelch13,P. falciparum,2016,0,0,,10,Kot Chutta,Punjab,29.8865,70.6424,"Department of Biochemistry & Biotechnology, University of Gujrat",https://www.ncbi.nlm.nih.gov/pubmed/30558587
PAK,Pakistan,Pfkelch13,P. falciparum,2016,0,0,,17,Multan,Punjab,30.1812,71.3346,"Department of Biochemistry & Biotechnology, University of Gujrat",https://www.ncbi.nlm.nih.gov/pubmed/30558587
PAK,Pakistan,Pfkelch13,P. falciparum,2016,0,0,,15,Muzaffargarh,Punjab,30.0694,71.1942,"Department of Biochemistry & Biotechnology, University of Gujrat",https://www.ncbi.nlm.nih.gov/pubmed/30558587
PAK,Pakistan,Pfkelch13,P. falciparum,2016,0,33,E509D,9,Peshawar,Khyber Pakhtunkhwa,34.015,71.5805,"Department of Biochemistry & Biotechnology, University of Gujrat",https://www.ncbi.nlm.nih.gov/pubmed/30558587
PAK,Pakistan,Pfkelch13,P. falciparum,2016,0,13.5,P615L,22,Quetta,Balochistan,30.1832,66.8226,"Department of Biochemistry & Biotechnology, University of Gujrat",https://www.ncbi.nlm.nih.gov/pubmed/30558587
PAK,Pakistan,Pfkelch13,P. falciparum,2016,0,0,,10,Rajanpur,Punjab,29.1021,70.3234,"Department of Biochemistry & Biotechnology, University of Gujrat",https://www.ncbi.nlm.nih.gov/pubmed/30558587
PAK,Pakistan,Pfkelch13,P. falciparum,2016,0,0,,5,Rawalpindi,Punjab,33.5431,72.8515,"Department of Biochemistry & Biotechnology, University of Gujrat",https://www.ncbi.nlm.nih.gov/pubmed/30558587
PAK,Pakistan,Pfkelch13,P. falciparum,2016,0,0,,3,Sui,Balochistan,28.6356,69.1773,"Department of Biochemistry & Biotechnology, University of Gujrat",https://www.ncbi.nlm.nih.gov/pubmed/30558587
PAK,Pakistan,Pfkelch13,P. falciparum,2016,0,0,,25,Thall,Khyber Pakhtunkhwa,33.3633,70.5317,"Department of Biochemistry & Biotechnology, University of Gujrat",https://www.ncbi.nlm.nih.gov/pubmed/30558587
PAK,Pakistan,Pfkelch13,P. falciparum,2016,0,0,,2,Zhob,Balochistan,31.3413,69.4487,"Department of Biochemistry & Biotechnology, University of Gujrat",https://www.ncbi.nlm.nih.gov/pubmed/30558587
PAK,Pakistan,Pfkelch13,P. falciparum,2015,1.6,22.3,S577L,241,Sindh and Balochistan Provinces,,26.9973,67.1393,"Section of Microbiology, Department of Pathology and Laboratory Medicine, Aga Khan University",https://pubmed.ncbi.nlm.nih.gov/33827592/
PAK,Pakistan,Pfkelch13,P. falciparum,2015,0,0,,92,Zhob,Balochistan,31.3413,69.4487,"Directorate of Malaria Control, Ministry of National Health Services, Regulations and Coordination",
PER,Peru,Pfkelch13,P. falciparum,2013,0,0,,24,Loreto Province,Loreto,-4,-74.32,Naval Medical Research Unit 6,http://www.ncbi.nlm.nih.gov/pubmed/27332904
PER,Peru,Pfkelch13,P. falciparum,2012,0,0,,45,Loreto Province,Loreto,-4,-74.32,Naval Medical Research Unit 6,http://www.ncbi.nlm.nih.gov/pubmed/27332904
PHL,Philippines,Pfkelch13,P. falciparum,2016,0,0,,1,Cases imported from Philippines to China,,15.228,121.2517,"National Institute of Parasitic Diseases, Chinese Center for Disease Control and Prevention, Key Laboratory of Parasite and Vector Biology, Schistosomiasis and Filariasis, MOH, and WHO Collaborating Centre for Malaria",https://pubmed.ncbi.nlm.nih.gov/32019571/
PHL,Philippines,Pfkelch13,P. falciparum,2013,0,0,,96,Palawan Province,,9.8349,118.7384,Research Institute for Tropical Medicine,http://www.ncbi.nlm.nih.gov/pubmed/27332904
PHL,Philippines,Pfkelch13,P. falciparum,2013,0,0,,3,Tawi-Tawi Island,Bangsamoro,5.2,120.0833,Research Institute for Tropical Medicine,http://www.ncbi.nlm.nih.gov/pubmed/27332904
PNG,Papua New Guinea,Pfkelch13,P. falciparum,2022,0,0,,74,Kavieng,New Ireland,-2.5718,150.8048,Papua New Guinea Institute of Medical Research,
PNG,Papua New Guinea,Pfkelch13,P. falciparum,2021,0,0,,62,Vanimo-Green River,Sandaun,-2.6833,141.2833,Papua New Guinea Institute of Medical Research,
PNG,Papua New Guinea,Pfkelch13,P. falciparum,2020,11.3,11.3,C580Y,71,Madang,Madang Province,-5.2095,145.8046,Papua New Guinea Institute of Medical Research,
PNG,Papua New Guinea,Pfkelch13,P. falciparum,2019,8.6,8.6,C580Y,58,Gazelle,East New Britain,-4.3502,152.0418,Papua New Guinea Institute of Medical Research,
PNG,Papua New Guinea,Pfkelch13,P. falciparum,2019,5.5,5.5,C580Y,55,Madang,Madang Province,-5.2095,145.8046,Papua New Guinea Institute of Medical Research,
PNG,Papua New Guinea,Pfkelch13,P. falciparum,2019,7.4,10.3,C580Y,68,"Wewak, Manus Island, Vanimo",,-3.0769,142.1392,,https://pubmed.ncbi.nlm.nih.gov/38377613/
PNG,Papua New Guinea,Pfkelch13,P. falciparum,2018,0,0,,15,Kuriva,Central,-10.6208,151.2719,Papua New Guinea Institute of Medical Research,
PNG,Papua New Guinea,Pfkelch13,P. falciparum,2018,2.2,2.2,C580Y,134,Wewak,East Sepik,-3.5877,143.6878,"MRC Centre for Genomics and Global Health, Big Data Institute, University of Oxford",https://pubmed.ncbi.nlm.nih.gov/33320907/
PNG,Papua New Guinea,Pfkelch13,P. falciparum,2017,0,0,,23,Alotau,Milne Bay,-10.3157,150.4588,Papua New Guinea Institute of Medical Research,
PNG,Papua New Guinea,Pfkelch13,P. falciparum,2017,0,0,,63,East New Britain Province,,-5.1667,151.75,"Population Health and Immunity Division, Walter and Eliza Hall Institute of Medical Research, Parkville, Victoria, Australia; Department of Medical Biology, University of Melbourne, Parkville, Victoria, Australia; Vector Borne Diseases Unit, Papua New Guinea Institute of Medical Research, Madang, Madang Province, Papua New Guinea; Life Sciences Discipline, Burnet Institute, Melbourne, Victoria, Australia.",https://pubmed.ncbi.nlm.nih.gov/34271323/
PNG,Papua New Guinea,Pfkelch13,P. falciparum,2017,0,33.3,K586E,3,Milne Bay,Milne Bay,-9.5221,150.675,"Population Health and Immunity Division, Walter and Eliza Hall Institute of Medical Research, Parkville, Victoria, Australia; Department of Medical Biology, University of Melbourne, Parkville, Victoria, Australia; Vector Borne Diseases Unit, Papua New Guinea Institute of Medical Research, Madang, Madang Province, Papua New Guinea; Life Sciences Discipline, Burnet Institute, Melbourne, Victoria, Australia.",https://pubmed.ncbi.nlm.nih.gov/34271323/
PNG,Papua New Guinea,Pfkelch13,P. falciparum,2017,20,20,C580Y,5,Morobe Province,,-6.8333,146.6667,"Population Health and Immunity Division, Walter and Eliza Hall Institute of Medical Research, Parkville, Victoria, Australia; Department of Medical Biology, University of Melbourne, Parkville, Victoria, Australia; Vector Borne Diseases Unit, Papua New Guinea Institute of Medical Research, Madang, Madang Province, Papua New Guinea; Life Sciences Discipline, Burnet Institute, Melbourne, Victoria, Australia.",https://pubmed.ncbi.nlm.nih.gov/34271323/
PNG,Papua New Guinea,Pfkelch13,P. falciparum,2017,0,0,,10,New Ireland Province,,-3,151.5,"Population Health and Immunity Division, Walter and Eliza Hall Institute of Medical Research, Parkville, Victoria, Australia; Department of Medical Biology, University of Melbourne, Parkville, Victoria, Australia; Vector Borne Diseases Unit, Papua New Guinea Institute of Medical Research, Madang, Madang Province, Papua New Guinea; Life Sciences Discipline, Burnet Institute, Melbourne, Victoria, Australia.",https://pubmed.ncbi.nlm.nih.gov/34271323/
PNG,Papua New Guinea,Pfkelch13,P. falciparum,2017,0,0,,19,Sandaun Province,,-3.6667,141.5,"Population Health and Immunity Division, Walter and Eliza Hall Institute of Medical Research, Parkville, Victoria, Australia; Department of Medical Biology, University of Melbourne, Parkville, Victoria, Australia; Vector Borne Diseases Unit, Papua New Guinea Institute of Medical Research, Madang, Madang Province, Papua New Guinea; Life Sciences Discipline, Burnet Institute, Melbourne, Victoria, Australia.",https://pubmed.ncbi.nlm.nih.gov/34271323/
PNG,Papua New Guinea,Pfkelch13,P. falciparum,2017,0,0,,123,Wewak,East Sepik,-3.5877,143.6878,"MRC Centre for Genomics and Global Health, Big Data Institute, University of Oxford",https://pubmed.ncbi.nlm.nih.gov/33320907/
PNG,Papua New Guinea,Pfkelch13,P. falciparum,2016,0,0,,4,Cases imported from Papua New Guinea to China,,-7.9724,147.053,"National Institute of Parasitic Diseases, Chinese Center for Disease Control and Prevention, Key Laboratory of Parasite and Vector Biology, Schistosomiasis and Filariasis, MOH, and WHO Collaborating Centre for Malaria",https://pubmed.ncbi.nlm.nih.gov/32019571/
PNG,Papua New Guinea,Pfkelch13,P. falciparum,2016,0,0.6,N499K,351,East Sepik Province,,-4.315,143.0459,"Population Health and Immunity Division, Walter and Eliza Hall Institute of Medical Research, Parkville, Victoria, Australia; Department of Medical Biology, University of Melbourne, Parkville, Victoria, Australia; Vector Borne Diseases Unit, Papua New Guinea Institute of Medical Research, Madang, Madang Province, Papua New Guinea; Life Sciences Discipline, Burnet Institute, Melbourne, Victoria, Australia.",https://pubmed.ncbi.nlm.nih.gov/34271323/
PNG,Papua New Guinea,Pfkelch13,P. falciparum,2016,0,0.5,R471C,209,Madang Province,,-4.985,145.1376,"Population Health and Immunity Division, Walter and Eliza Hall Institute of Medical Research, Parkville, Victoria, Australia; Department of Medical Biology, University of Melbourne, Parkville, Victoria, Australia; Vector Borne Diseases Unit, Papua New Guinea Institute of Medical Research, Madang, Madang Province, Papua New Guinea; Life Sciences Discipline, Burnet Institute, Melbourne, Victoria, Australia.",https://pubmed.ncbi.nlm.nih.gov/34271323/
PNG,Papua New Guinea,Pfkelch13,P. falciparum,2014,0,0,,9,East New Britain Province,,-5.1667,151.75,Papua New Guinea Institute of Medical Research,http://www.ncbi.nlm.nih.gov/pubmed/27332904
PNG,Papua New Guinea,Pfkelch13,P. falciparum,2014,0,0,,7,East Sepik Province,,-4.315,143.0459,Papua New Guinea Institute of Medical Research,http://www.ncbi.nlm.nih.gov/pubmed/27332904
PNG,Papua New Guinea,Pfkelch13,P. falciparum,2014,0,0,,2,Gulf Province,,-7.3333,145,Papua New Guinea Institute of Medical Research,http://www.ncbi.nlm.nih.gov/pubmed/27332904
PNG,Papua New Guinea,Pfkelch13,P. falciparum,2014,0,0,,7,New Ireland Province,,-3,151.5,Papua New Guinea Institute of Medical Research,http://www.ncbi.nlm.nih.gov/pubmed/27332904
PNG,Papua New Guinea,Pfkelch13,P. falciparum,2014,0,0,,2,Northern Province,,-9,148.0833,Papua New Guinea Institute of Medical Research,http://www.ncbi.nlm.nih.gov/pubmed/27332904
PNG,Papua New Guinea,Pfkelch13,P. falciparum,2014,0,0,,5,Sandaun Province,,-3.6667,141.5,Papua New Guinea Institute of Medical Research,http://www.ncbi.nlm.nih.gov/pubmed/27332904
PNG,Papua New Guinea,Pfkelch13,P. falciparum,2013,0,0,,1,Chimbu Province,,-6.4333,145,Papua New Guinea Institute of Medical Research,http://www.ncbi.nlm.nih.gov/pubmed/27332904
PNG,Papua New Guinea,Pfkelch13,P. falciparum,2013,0,0,,2,Eastern Highlands Province,,-6.5,145.6667,Papua New Guinea Institute of Medical Research,http://www.ncbi.nlm.nih.gov/pubmed/27332904
PNG,Papua New Guinea,Pfkelch13,P. falciparum,2013,0,0,,1,Enga Province,,-5.4167,143.5,Papua New Guinea Institute of Medical Research,http://www.ncbi.nlm.nih.gov/pubmed/27332904
PNG,Papua New Guinea,Pfkelch13,P. falciparum,2013,0,0,,3,Madang Province,,-4.985,145.1376,Papua New Guinea Institute of Medical Research,http://www.ncbi.nlm.nih.gov/pubmed/27332904
PNG,Papua New Guinea,Pfkelch13,P. falciparum,2013,0,0,,1,Manus Province,,-2.0833,147,Papua New Guinea Institute of Medical Research,http://www.ncbi.nlm.nih.gov/pubmed/27332904
PNG,Papua New Guinea,Pfkelch13,P. falciparum,2013,0,0,,2,Morobe Province,,-6.8333,146.6667,Papua New Guinea Institute of Medical Research,http://www.ncbi.nlm.nih.gov/pubmed/27332904
RWA,Rwanda,Pfkelch13,P. falciparum,2023,14.7,19.8,R561H,212,Huye,Southern Province,-2.5321,29.5746,University Teaching Hospital of Butare,https://pubmed.ncbi.nlm.nih.gov/38092677/
RWA,Rwanda,Pfkelch13,P. falciparum,2019,6,12,R561H,66,Huye,Southern Province,-2.5321,29.5746,Institute of Tropical Medicine and International Health,https://pubmed.ncbi.nlm.nih.gov/33350925/
RWA,Rwanda,Pfkelch13,P. falciparum,2019,6,12.1,R561H,66,Huye,Southern Province,-2.5321,29.5746,University Teaching Hospital of Butare,https://pmc.ncbi.nlm.nih.gov/articles/PMC7774571/
RWA,Rwanda,Pfkelch13,P. falciparum,2018,17.3,19.2,R561H,52,Gasabo,Kigali,-1.8833,30.1333,"Malaria and Other Parasitic Division, Institute of HIV/AIDS, Disease Prevention & Control (IHDPC), Rwanda Biomedical Center, Ministry of Health",
RWA,Rwanda,Pfkelch13,P. falciparum,2018,19.5,23.1,R561H,82,Kayonza,Eastern Province,-1.9139,30.62,"Malaria and Other Parasitic Division, Institute of HIV/AIDS, Disease Prevention & Control (IHDPC), Rwanda Biomedical Center, Ministry of Health",
RWA,Rwanda,Pfkelch13,P. falciparum,2018,23.3,30.2,R561H,73,Kigali,Kigali,-1.9706,30.1044,Novartis Institutes for Biomedical Research,https://pubmed.ncbi.nlm.nih.gov/34216470/
RWA,Rwanda,Pfkelch13,P. falciparum,2018,1.2,2.4,C469F,85,Rusizi,Western Province,-2.5303,29.1856,"Malaria and Other Parasitic Division, Institute of HIV/AIDS, Disease Prevention & Control (IHDPC), Rwanda Biomedical Center, Ministry of Health",
RWA,Rwanda,Pfkelch13,P. falciparum,2016,100,100,R561H,1,Cases imported from Rwanda to China,,-2.0945,29.8805,"National Institute of Parasitic Diseases, Chinese Center for Disease Control and Prevention, Key Laboratory of Parasite and Vector Biology, Schistosomiasis and Filariasis, MOH, and WHO Collaborating Centre for Malaria",https://pubmed.ncbi.nlm.nih.gov/32019571/
RWA,Rwanda,Pfkelch13,P. falciparum,2015,3,4.5,A675V,66,Huye,Southern Province,-2.5321,29.5746,Institute of Tropical Medicine and International Health,https://www.ncbi.nlm.nih.gov/pubmed/27573632
RWA,Rwanda,Pfkelch13,P. falciparum,2015,3,4.5,A675V,66,Huye,Southern Province,-2.5321,29.5746,University Teaching Hospital of Butare,https://pmc.ncbi.nlm.nih.gov/articles/PMC7774571/
RWA,Rwanda,Pfkelch13,P. falciparum,2014,0,2.4,A626S,81,Huye,Southern Province,-2.5321,29.5746,Institute of Tropical Medicine and International Health,https://www.ncbi.nlm.nih.gov/pubmed/27573632
RWA,Rwanda,Pfkelch13,P. falciparum,2014,0,2.5,A626S,81,Huye,Southern Province,-2.5321,29.5746,University Teaching Hospital of Butare,https://pmc.ncbi.nlm.nih.gov/articles/PMC7774571/
RWA,Rwanda,Pfkelch13,P. falciparum,2013,8.1,11.2,R561H,259,Gasabo,Kigali,-1.8833,30.1333,"Malaria and Other Parasitic Division, Rwanda Biomedical Center, Ministry of Health",https://pubmed.ncbi.nlm.nih.gov/32747827/
RWA,Rwanda,Pfkelch13,P. falciparum,2013,0,2.4,R575I,248,Kayonza,Eastern Province,-1.9139,30.62,"Malaria and Other Parasitic Division, Rwanda Biomedical Center, Ministry of Health",https://pubmed.ncbi.nlm.nih.gov/32747827/
RWA,Rwanda,Pfkelch13,P. falciparum,2012,0,0,,101,Gisagara,Southern Province,-2.5993,29.8379,"Malaria and Other Parasitic Division, Institute of HIV/AIDS, Disease Prevention & Control (IHDPC), Rwanda Biomedical Center, Ministry of Health",
RWA,Rwanda,Pfkelch13,P. falciparum,2012,0.7,4.4,V555A,134,Kayonza,Eastern Province,-1.9139,30.62,"Malaria and Other Parasitic Division, Institute of HIV/AIDS, Disease Prevention & Control (IHDPC), Rwanda Biomedical Center, Ministry of Health",
RWA,Rwanda,Pfkelch13,P. falciparum,2012,0,4.2,A578S,73,Nyagatare,Eastern Province,-1.2863,30.2958,"Malaria and Other Parasitic Division, Institute of HIV/AIDS, Disease Prevention & Control (IHDPC), Rwanda Biomedical Center, Ministry of Health",
RWA,Rwanda,Pfkelch13,P. falciparum,2012,0,0.9,A578V,112,Rusizi,Western Province,-2.5303,29.1856,"Malaria and Other Parasitic Division, Institute of HIV/AIDS, Disease Prevention & Control (IHDPC), Rwanda Biomedical Center, Ministry of Health",
RWA,Rwanda,Pfkelch13,P. falciparum,2011,100,100,R561H,1,Cases imported from Rwanda to China,,-2.0945,29.8805,Hubei University of Medicine,https://pubmed.ncbi.nlm.nih.gov/29941645/
RWA,Rwanda,Pfkelch13,P. falciparum,2010,0,0,,75,Huye,Southern Province,-2.5321,29.5746,Institute of Tropical Medicine and International Health,https://www.ncbi.nlm.nih.gov/pubmed/27573632
RWA,Rwanda,Pfkelch13,P. falciparum,2010,0,0,,75,Huye,Southern Province,-2.5321,29.5746,University Teaching Hospital of Butare,https://pmc.ncbi.nlm.nih.gov/articles/PMC7774571/
SAU,Saudi Arabia,Pfkelch13,P. falciparum,2016,0,0,,4,All country  (Saudi Arabia),,24.65,46.7667,"Microbiology Department, Faculty of Medicine, Taif University",https://www.ncbi.nlm.nih.gov/pubmed/30086757
SDN,Sudan,Pfkelch13,P. falciparum,2019,5.3,5.3,R622I,95,Al Qadarif,Al Qadarif,14.04,35.3833,"Directorate of Research, Federal Ministry of Health, Sudan",https://pubmed.ncbi.nlm.nih.gov/37705047/
SDN,Sudan,Pfkelch13,P. falciparum,2019,0,2.6,V494I,99,Blue Nile,,11.2667,34.0667,"Directorate of Research, Federal Ministry of Health, Sudan",https://pubmed.ncbi.nlm.nih.gov/37705047/
SDN,Sudan,Pfkelch13,P. falciparum,2019,3.3,5.5,R622I,91,Sennar,Sennar,13.5675,33.5672,"Directorate of Research, Federal Ministry of Health, Sudan",https://pubmed.ncbi.nlm.nih.gov/37705047/
SDN,Sudan,Pfkelch13,P. falciparum,2019,0,0,,90,South Darfur,,11.5167,25.0333,"Directorate of Research, Federal Ministry of Health, Sudan",https://pubmed.ncbi.nlm.nih.gov/37705047/
SDN,Sudan,Pfkelch13,P. falciparum,2017,0,0,,,Blue Nile,,11.2667,34.0667,"Directorate of Research, Federal Ministry of Health, Sudan",https://pubmed.ncbi.nlm.nih.gov/37705047/
SDN,Sudan,Pfkelch13,P. falciparum,2017,0,0,,81,Damazin,Blue Nile,11.7855,34.3421,"Federal Ministry of Health, National Malaria Control Programme",
SDN,Sudan,Pfkelch13,P. falciparum,2017,0,4.3,A578S,69,El Geneina,West Darfur,13.4151,22.4727,"Federal Ministry of Health, National Malaria Control Programme",
SDN,Sudan,Pfkelch13,P. falciparum,2017,0,0,,36,Geneina,West Darfur,13.45,22.45,"Federal Ministry of Health, National Malaria Control Programme",
SDN,Sudan,Pfkelch13,P. falciparum,2017,0,0,,77,Kas,South Darfur,12.6763,24.0602,"Federal Ministry of Health, National Malaria Control Programme",
SDN,Sudan,Pfkelch13,P. falciparum,2017,1.3,2.6,E620G,80,Kassala,Kassala State,15.4558,36.3787,"Federal Ministry of Health, National Malaria Control Programme",
SDN,Sudan,Pfkelch13,P. falciparum,2017,1.3,2.5,E620G,,Kassala,Kassala State,15.4558,36.3787,"Directorate of Research, Federal Ministry of Health, Sudan",https://pubmed.ncbi.nlm.nih.gov/37705047/
SDN,Sudan,Pfkelch13,P. falciparum,2017,0,1.2,A626S,85,Nyala,South Darfur,12.0364,24.8769,"Federal Ministry of Health, National Malaria Control Programme",
SDN,Sudan,Pfkelch13,P. falciparum,2017,0,0,,47,Sennar,Sennar,13.5675,33.5672,"Federal Ministry of Health, National Malaria Control Programme",
SDN,Sudan,Pfkelch13,P. falciparum,2017,0,0,,,Sennar,Sennar,13.5675,33.5672,"Directorate of Research, Federal Ministry of Health, Sudan",https://pubmed.ncbi.nlm.nih.gov/37705047/
SDN,Sudan,Pfkelch13,P. falciparum,2016,4.5,6,R622I,99,Al Qadarif,Al Qadarif,14.04,35.3833,"Federal Ministry of Health, National Malaria Control Programme",
SDN,Sudan,Pfkelch13,P. falciparum,2016,7.5,8.6,R622I,,Al Qadarif,Al Qadarif,14.04,35.3833,"Directorate of Research, Federal Ministry of Health, Sudan",https://pubmed.ncbi.nlm.nih.gov/37705047/
SDN,Sudan,Pfkelch13,P. falciparum,2016,0,0,,4,Cases imported from Sudan to China,,12.498,28.6903,"National Institute of Parasitic Diseases, Chinese Center for Disease Control and Prevention, Key Laboratory of Parasite and Vector Biology, Schistosomiasis and Filariasis, MOH, and WHO Collaborating Centre for Malaria",https://pubmed.ncbi.nlm.nih.gov/32019571/
SDN,Sudan,Pfkelch13,P. falciparum,2016,0,0.6,A626S,,South Darfur,,11.5167,25.0333,"Directorate of Research, Federal Ministry of Health, Sudan",https://pubmed.ncbi.nlm.nih.gov/37705047/
SDN,Sudan,Pfkelch13,P. falciparum,2016,0,2.9,A578S,,West Darfur,,12.8833,22.9667,"Directorate of Research, Federal Ministry of Health, Sudan",https://pubmed.ncbi.nlm.nih.gov/37705047/
SDN,Sudan,Pfkelch13,P. falciparum,2015,0,1.8,A621V,108,Damazin,Blue Nile,11.7855,34.3421,"Department of Biochemistry, Faculty of Medicine, University of Khartoum",https://www.ncbi.nlm.nih.gov/pmc/articles/PMC7029593/
SDN,Sudan,Pfkelch13,P. falciparum,2015,0,4.3,V494I,23,Gezira State,,14.5,33.5,"Department of Medical Parasitology and Entomology, Faculty of Medical Laboratory Sciences, Al Neelain University",https://pubmed.ncbi.nlm.nih.gov/32817665/
SDN,Sudan,Pfkelch13,P. falciparum,2015,0,4.8,A504T,158,Khartoum State,,15.7833,32.7167,"Department of Medical Parasitology and Entomology, Faculty of Medical Laboratory Sciences, Al Neelain University",https://pubmed.ncbi.nlm.nih.gov/32817665/
SDN,Sudan,Pfkelch13,P. falciparum,2015,0,0,,8,Kosti,White Nile,13.1235,32.6504,"Federal Ministry of Health, National Malaria Control Programme",
SDN,Sudan,Pfkelch13,P. falciparum,2015,0,9.9,A626T,30,New Halfa,Kassala State,15.3288,35.5986,"Department of Medical Parasitology and Entomology, Faculty of Medical Laboratory Sciences, Al Neelain University",https://pubmed.ncbi.nlm.nih.gov/32817665/
SDN,Sudan,Pfkelch13,P. falciparum,2015,0,6.7,F442F,15,North Kurdufan State,,13.8306,29.4179,"Department of Medical Parasitology and Entomology, Faculty of Medical Laboratory Sciences, Al Neelain University",https://pubmed.ncbi.nlm.nih.gov/32817665/
SDN,Sudan,Pfkelch13,P. falciparum,2013,0,0,,12,Damazin,Blue Nile,11.7855,34.3421,"Federal Ministry of Health, National Malaria Control Programme",
SDN,Sudan,Pfkelch13,P. falciparum,2013,0,0,,6,Sennar,Sennar,13.5675,33.5672,"Federal Ministry of Health, National Malaria Control Programme",
SDN,Sudan,Pfkelch13,P. falciparum,2012,0,0,,9,Cases imported from Sudan to China,,12.498,28.6903,Henan Province Center for Disease Control and Prevention,https://pubmed.ncbi.nlm.nih.gov/28797235/
SDN,Sudan,Pfkelch13,P. falciparum,2012,0,0,,12,Cases imported from Sudan to China,,12.498,28.6903,"Shandong Institute of Parasitic Diseases, Shandong Academy of Medical Sciences, Shandong Provincial Reference Laboratory for Malaria Diagnosis",https://pubmed.ncbi.nlm.nih.gov/30154519/
SDN,Sudan,Pfkelch13,P. falciparum,2012,0,0,,21,Cases imported from Sudan to China,,12.498,28.6903,"National Institute of Parasitic Diseases, Chinese Center for Disease Control and Prevention, Chinese Center for Tropical Diseases Research, WHO Collaborating Center for Tropical Diseases, National Centre for International Research On Tropical Diseases, Ministry of Science and Technology, Key Laboratory of Parasite and Vector Biology, Ministry of Health China",https://pubmed.ncbi.nlm.nih.gov/33549122/
SDN,Sudan,Pfkelch13,P. falciparum,2011,0,0,,3,Cases imported from Sudan to China,,12.498,28.6903,Hubei University of Medicine,https://pubmed.ncbi.nlm.nih.gov/29941645/
SEN,Senegal,Pfkelch13,P. falciparum,2019,0,0,,193,Kolda,Kolda,12.9337,-14.9561,Cheikh Anta Diop University,
SEN,Senegal,Pfkelch13,P. falciparum,2019,0,0,,176,Mbour,Thiès Region,14.4165,-16.9872,Cheikh Anta Diop University,
SEN,Senegal,Pfkelch13,P. falciparum,2018,0,0,,192,Diourbel,Diourbel Region,14.6543,-16.2526,"Faculty of Medicine, University of Cheikh Anta Diop",
SEN,Senegal,Pfkelch13,P. falciparum,2018,0,0,,272,Kedougou,Kedougou,12.5578,-12.2006,"Faculty of Medicine, University of Cheikh Anta Diop",
SEN,Senegal,Pfkelch13,P. falciparum,2017,0,0,,34,Bounkiling,Sédhiou,13.0219,-15.4139,"Laboratory of Bacteriology and Virology, Hospital Aristide Le Dantec",https://pubmed.ncbi.nlm.nih.gov/33770151/
SEN,Senegal,Pfkelch13,P. falciparum,2016,0,0,,59,Bounkiling,Sédhiou,13.0219,-15.4139,"Laboratory of Bacteriology and Virology, Hospital Aristide Le Dantec",https://pubmed.ncbi.nlm.nih.gov/33770151/
SEN,Senegal,Pfkelch13,P. falciparum,2016,0,0,,1,Cases imported from Senegal to China,,14.9763,-15.6271,"National Institute of Parasitic Diseases, Chinese Center for Disease Control and Prevention, Key Laboratory of Parasite and Vector Biology, Schistosomiasis and Filariasis, MOH, and WHO Collaborating Centre for Malaria",https://pubmed.ncbi.nlm.nih.gov/32019571/
SEN,Senegal,Pfkelch13,P. falciparum,2016,0,0,,27,Kedougou,Kedougou,12.5578,-12.2006,Cheikh Anta Diop University,https://pubmed.ncbi.nlm.nih.gov/32228566/
SEN,Senegal,Pfkelch13,P. falciparum,2016,0,16.7,A578S,6,Matam,Matam,15.6541,-13.2637,Cheikh Anta Diop University,https://pubmed.ncbi.nlm.nih.gov/32228566/
SEN,Senegal,Pfkelch13,P. falciparum,2015,0,0,,33,Bounkiling,Sédhiou,13.0219,-15.4139,"Laboratory of Bacteriology and Virology, Hospital Aristide Le Dantec",https://pubmed.ncbi.nlm.nih.gov/33770151/
SEN,Senegal,Pfkelch13,P. falciparum,2015,0,2.1,V637I,48,Dakar,Dakar,14.7645,-17.366,Cheikh Anta Diop University,https://pubmed.ncbi.nlm.nih.gov/32228566/
SEN,Senegal,Pfkelch13,P. falciparum,2015,0,0,,161,Dakar,Dakar,14.7645,-17.366,Institut de Recherche Biomédicale des Armées,https://pubmed.ncbi.nlm.nih.gov/28450175/
SEN,Senegal,Pfkelch13,P. falciparum,2015,0,0,,327,Dakar,Dakar,14.7645,-17.366,Institut de recherche biomédicale des armées; Aix-Marseille Université; IHU Méditerranée Infection,https://pubmed.ncbi.nlm.nih.gov/33045351/
SEN,Senegal,Pfkelch13,P. falciparum,2014,0,0,,3,Cases imported from Senegal to Italy,,14.6516,-14.0093,Istituto Superiore di Sanità,https://pubmed.ncbi.nlm.nih.gov/33295621/
SEN,Senegal,Pfkelch13,P. falciparum,2013,0,0,,4,Dakar,Dakar,14.7645,-17.366,Institut Pasteur de Dakar,http://www.ncbi.nlm.nih.gov/pubmed/27332904
SEN,Senegal,Pfkelch13,P. falciparum,2013,0,5.5,V637I,92,Dakar,Dakar,14.7645,-17.366,"Unité de Parasitologie, Département d'Infectiologie de Terrain, Institut de Recherche Biomédicale des Armées",http://www.ncbi.nlm.nih.gov/pubmed/26503652
SEN,Senegal,Pfkelch13,P. falciparum,2012,0,0,,64,Dakar,Dakar,14.7645,-17.366,"Aix Marseille Université, Unité de recherche sur les maladies infectieuses et tropicales emergentes",http://www.ncbi.nlm.nih.gov/pubmed/25471113
SEN,Senegal,Pfkelch13,P. falciparum,2012,0,0,,138,Dakar,Dakar,14.7645,-17.366,Institut de Recherche Biomédicale des Armées,http://www.ncbi.nlm.nih.gov/pubmed/27332904
SEN,Senegal,Pfkelch13,P. falciparum,2012,0,0,,37,Tambacounda,Tambacounda,13.7689,-13.6672,Institut de Recherche Biomédicale des Armées,http://www.ncbi.nlm.nih.gov/pubmed/27332904
SEN,Senegal,Pfkelch13,P. falciparum,2011,0,7.5,A578D,207,Dakar and Thiès,,14.8234,-17.3212,"Malaria Branch, Division of Parasitic Diseases and Malaria, Center for Global Health, Center for Disease Control and Prevention",https://pubmed.ncbi.nlm.nih.gov/28069653/
SLB,Solomon Islands,Pfkelch13,P. falciparum,2012,0,6.7,G592R,14,Auki,,-8.7686,160.6889,Walter and Eliza Hall Institute of Medical Research,http://www.ncbi.nlm.nih.gov/pubmed/27332904
SLB,Solomon Islands,Pfkelch13,P. falciparum,2012,0,0,,28,Tetere,Guadalcanal,-9.4241,160.1698,Walter and Eliza Hall Institute of Medical Research,http://www.ncbi.nlm.nih.gov/pubmed/27332904
SLE,Sierra Leone,Pfkelch13,P. falciparum,2016,0,0.9,A578S,109,Bo,Southern Province,7.9564,-11.74,National Malaria Control Programme,https://www.ncbi.nlm.nih.gov/pubmed/29932931
SLE,Sierra Leone,Pfkelch13,P. falciparum,2016,0,3.6,I646T,110,Bombali,Northern Province,9.3333,-12.25,National Malaria Control Programme,https://www.ncbi.nlm.nih.gov/pubmed/29932931
SLE,Sierra Leone,Pfkelch13,P. falciparum,2016,0,0,,11,Cases imported from Sierra Leone to China,,8.5346,-12.5796,"National Institute of Parasitic Diseases, Chinese Center for Disease Control and Prevention, Key Laboratory of Parasite and Vector Biology, Schistosomiasis and Filariasis, MOH, and WHO Collaborating Centre for Malaria",https://pubmed.ncbi.nlm.nih.gov/32019571/
SLE,Sierra Leone,Pfkelch13,P. falciparum,2016,0,1.7,A578S,60,Kenema,Eastern Province,7.8758,-11.1908,National Malaria Control Programme,https://www.ncbi.nlm.nih.gov/pubmed/29932931
SLE,Sierra Leone,Pfkelch13,P. falciparum,2014,0,8.3,V603E,12,Cases imported from Sierra Leone to China,,8.5346,-12.5796,"Institute of Parasitic Disease Prevention and Control, Guangxi Zhuang Autonomous Region Center for Disease Control and Prevention",https://pubmed.ncbi.nlm.nih.gov/31619243/
SLE,Sierra Leone,Pfkelch13,P. falciparum,2014,0,0,,2,Cases imported from Sierra Leone to Italy,,8.2042,-10.941,Istituto Superiore di Sanità,https://pubmed.ncbi.nlm.nih.gov/33295621/
SLE,Sierra Leone,Pfkelch13,P. falciparum,2012,0,4.2,E556K&D648Y,24,Cases imported from Sierra Leone to China,,8.5346,-12.5796,Henan Province Center for Disease Control and Prevention,https://pubmed.ncbi.nlm.nih.gov/28797235/
SLE,Sierra Leone,Pfkelch13,P. falciparum,2012,0,0,,2,Cases imported from Sierra Leone to China,,8.5346,-12.5796,"Shandong Institute of Parasitic Diseases, Shandong Academy of Medical Sciences, Shandong Provincial Reference Laboratory for Malaria Diagnosis",https://pubmed.ncbi.nlm.nih.gov/30154519/
SLE,Sierra Leone,Pfkelch13,P. falciparum,2012,0,0,,29,Cases imported from Sierra Leone to China,,8.5346,-12.5796,"National Institute of Parasitic Diseases, Chinese Center for Disease Control and Prevention, Chinese Center for Tropical Diseases Research, WHO Collaborating Center for Tropical Diseases, National Centre for International Research On Tropical Diseases, Ministry of Science and Technology, Key Laboratory of Parasite and Vector Biology, Ministry of Health China",https://pubmed.ncbi.nlm.nih.gov/33549122/
SLE,Sierra Leone,Pfkelch13,P. falciparum,2011,0,0,,2,Cases imported from Sierra Leone to China,,8.5346,-12.5796,Hubei University of Medicine,https://pubmed.ncbi.nlm.nih.gov/29941645/
SOM,Somalia,Pfkelch13,P. falciparum,2018,0,0,,84,Afgoi and Balad,,2.2859,45.2456,"Chulabhorn International College of Medicine, Thammasat University",https://pubmed.ncbi.nlm.nih.gov/37170467/
SOM,Somalia,Pfkelch13,P. falciparum,2017,1.1,1.1,R622I,88,Bosaso,Bari,11.2847,49.1825,"Global Malaria Programme, World Health Organization",https://pubmed.ncbi.nlm.nih.gov/31296223/
SOM,Somalia,Pfkelch13,P. falciparum,2017,0,0,,50,Jowhar,Middle Shabelle,2.7833,45.5,"Global Malaria Programme, World Health Organization",https://pubmed.ncbi.nlm.nih.gov/31296223/
SOM,Somalia,Pfkelch13,P. falciparum,2016,0,0,,96,Bosaso,Bari,11.2847,49.1825,"Global Malaria Programme, World Health Organization",https://pubmed.ncbi.nlm.nih.gov/31296223/
SOM,Somalia,Pfkelch13,P. falciparum,2016,100,100,R622I,1,Cases imported from Somalia to China,,5.1259,46.5025,"National Institute of Parasitic Diseases, Chinese Center for Disease Control and Prevention, Key Laboratory of Parasite and Vector Biology, Schistosomiasis and Filariasis, MOH, and WHO Collaborating Centre for Malaria",https://pubmed.ncbi.nlm.nih.gov/32019571/
SOM,Somalia,Pfkelch13,P. falciparum,2016,1,2,M476I,102,Jowhar,Middle Shabelle,2.7833,45.5,"Global Malaria Programme, World Health Organization",https://pubmed.ncbi.nlm.nih.gov/31296223/
SOM,Somalia,Pfkelch13,P. falciparum,2015,0,0,,76,Bosaso,Bari,11.2847,49.1825,"Global Malaria Programme, World Health Organization",https://pubmed.ncbi.nlm.nih.gov/25583123/
SOM,Somalia,Pfkelch13,P. falciparum,2013,0,0,,94,Jowhar,Middle Shabelle,2.7833,45.5,Malaria Programme,http://www.ncbi.nlm.nih.gov/pubmed/27332904
SOM,Somalia,Pfkelch13,P. falciparum,2013,0,0,,92,Merca,Lower Shabelle,1.7133,44.7656,Malaria Programme,http://www.ncbi.nlm.nih.gov/pubmed/27332904
SSD,South Sudan,Pfkelch13,P. falciparum,2019,0,4.7,S623G,86,Yambio County,,4.565,28.375,"Department of Biomedicine and Biotechnology, School of Pharmacy, University of Alcalá",https://pubmed.ncbi.nlm.nih.gov/37748765/
SSD,South Sudan,Pfkelch13,P. falciparum,2019,0,1.8,E605K,55,Yambio County,,4.565,28.375,"Department of Biomedicine and Biotechnology, School of Pharmacy, University of Alcalá",https://pubmed.ncbi.nlm.nih.gov/37748765/
SSD,South Sudan,Pfkelch13,P. falciparum,2019,0,2,A486S,50,Yambio County,,4.565,28.375,"Department of Biomedicine and Biotechnology, School of Pharmacy, University of Alcalá",https://pubmed.ncbi.nlm.nih.gov/37748765/
SSD,South Sudan,Pfkelch13,P. falciparum,2019,0,0,,57,Yambio County,,4.565,28.375,"Department of Biomedicine and Biotechnology, School of Pharmacy, University of Alcalá",https://pubmed.ncbi.nlm.nih.gov/37748765/
SSD,South Sudan,Pfkelch13,P. falciparum,2019,0,0,,26,Yambio County,,4.565,28.375,"Department of Biomedicine and Biotechnology, School of Pharmacy, University of Alcalá",https://pubmed.ncbi.nlm.nih.gov/37748765/
SSD,South Sudan,Pfkelch13,P. falciparum,2019,0,2,E602K,50,Yambio County,,4.565,28.375,"Department of Biomedicine and Biotechnology, School of Pharmacy, University of Alcalá",https://pubmed.ncbi.nlm.nih.gov/37748765/
SSD,South Sudan,Pfkelch13,P. falciparum,2019,0,2,,51,Yambio County,,4.565,28.375,"Department of Biomedicine and Biotechnology, School of Pharmacy, University of Alcalá",https://pubmed.ncbi.nlm.nih.gov/37748765/
SSD,South Sudan,Pfkelch13,P. falciparum,2019,0,0,,43,Yambio County,,4.565,28.375,"Department of Biomedicine and Biotechnology, School of Pharmacy, University of Alcalá",https://pubmed.ncbi.nlm.nih.gov/37748765/
SSD,South Sudan,Pfkelch13,P. falciparum,2014,0,0,,1,Cases imported from South Sudan to China,,6.4702,30.3212,"Institute of Parasitic Disease Prevention and Control, Guangxi Zhuang Autonomous Region Center for Disease Control and Prevention",https://pubmed.ncbi.nlm.nih.gov/31619243/
SSD,South Sudan,Pfkelch13,P. falciparum,2014,0,0,,1,Cases imported from South Sudan to Italy,,7.2727,33.0811,Istituto Superiore di Sanità,https://pubmed.ncbi.nlm.nih.gov/33295621/
SSD,South Sudan,Pfkelch13,P. falciparum,2011,0,0,,3,Cases imported from South Sudan to China,,6.4702,30.3212,Hubei University of Medicine,https://pubmed.ncbi.nlm.nih.gov/29941645/
STP,Sao Tome and Principe,Pfkelch13,P. falciparum,2017,0,0,,87,Água Grande,Sao Tome Island,0.3333,6.7333,"Centre National des Endémies, Ministère de la Santé",
STP,Sao Tome and Principe,Pfkelch13,P. falciparum,2017,0,0,,54,Lobata,Sao Tome Island,0.3667,6.6667,"Centre National des Endémies, Ministère de la Santé",
SUR,Suriname,Pfkelch13,P. falciparum,2013,0,0,,38,All country (Suriname),,5.8333,-55.1667,Foundation for Scientific Research Suriname,https://www.ncbi.nlm.nih.gov/pubmed/28438929
TCD,Chad,Pfkelch13,P. falciparum,2020,0,1.6,A578S,64,Doba,Pendé,8.66,16.85,Programme National de Lutte contre le Paludisme,https://pubmed.ncbi.nlm.nih.gov/37612601/
TCD,Chad,Pfkelch13,P. falciparum,2020,0,3.7,N489T,81,Kelo,Tandjilé Ouest,9.31,15.81,Programme National de Lutte contre le Paludisme,https://pubmed.ncbi.nlm.nih.gov/37612601/
TCD,Chad,Pfkelch13,P. falciparum,2020,0,4.3,N489T,70,Koyom,Mayo-Kebbi Est,12.1333,22.25,Programme National de Lutte contre le Paludisme,https://pubmed.ncbi.nlm.nih.gov/37612601/
TCD,Chad,Pfkelch13,P. falciparum,2016,0,0,,4,Cases imported from Chad to China,,11.5817,16.9497,"National Institute of Parasitic Diseases, Chinese Center for Disease Control and Prevention, Key Laboratory of Parasite and Vector Biology, Schistosomiasis and Filariasis, MOH, and WHO Collaborating Centre for Malaria",https://pubmed.ncbi.nlm.nih.gov/32019571/
TCD,Chad,Pfkelch13,P. falciparum,2016,0,0.1,A578S,349,Kome,Logone Orientale,8.4664,16.7042,Programme National de Lutte contre le Paludisme,https://pubmed.ncbi.nlm.nih.gov/35279140/
TCD,Chad,Pfkelch13,P. falciparum,2015,0,0,,39,Pala,Mayo-Dallah,9.3626,14.9014,Programme National de Lutte contre le Paludisme,
TCD,Chad,Pfkelch13,P. falciparum,2014,0,0,,2,Cases imported from Chad to China,,11.5817,16.9497,"Institute of Parasitic Disease Prevention and Control, Guangxi Zhuang Autonomous Region Center for Disease Control and Prevention",https://pubmed.ncbi.nlm.nih.gov/31619243/
TCD,Chad,Pfkelch13,P. falciparum,2014,0,0,,2,Cases imported from Chad to Italy,,14.6855,20.1582,Istituto Superiore di Sanità,https://pubmed.ncbi.nlm.nih.gov/33295621/
TCD,Chad,Pfkelch13,P. falciparum,2012,0,0,,6,Cases imported from Chad to China,,11.5817,16.9497,Henan Province Center for Disease Control and Prevention,https://pubmed.ncbi.nlm.nih.gov/28797235/
TCD,Chad,Pfkelch13,P. falciparum,2012,0,0,,3,Cases imported from Chad to China,,11.5817,16.9497,"Shandong Institute of Parasitic Diseases, Shandong Academy of Medical Sciences, Shandong Provincial Reference Laboratory for Malaria Diagnosis",https://pubmed.ncbi.nlm.nih.gov/30154519/
TCD,Chad,Pfkelch13,P. falciparum,2012,0,0,,11,Cases imported from Chad to China,,11.5817,16.9497,"National Institute of Parasitic Diseases, Chinese Center for Disease Control and Prevention, Chinese Center for Tropical Diseases Research, WHO Collaborating Center for Tropical Diseases, National Centre for International Research On Tropical Diseases, Ministry of Science and Technology, Key Laboratory of Parasite and Vector Biology, Ministry of Health China",https://pubmed.ncbi.nlm.nih.gov/33549122/
TGO,Togo,Pfkelch13,P. falciparum,2021,0,0,,165,Anié,Plateaux,7.7611,1.1917,"Faculté des Sciences de la Santé, Université de Lomé",https://pubmed.ncbi.nlm.nih.gov/38570791/
TGO,Togo,Pfkelch13,P. falciparum,2021,0,1.6,A578S,192,Kouvé,Maritime,6.6564,1.4193,"Faculté des Sciences de la Santé, Université de Lomé",https://pubmed.ncbi.nlm.nih.gov/38570791/
TGO,Togo,Pfkelch13,P. falciparum,2016,0,0,,2,Cases imported from Togo to China,,7.2237,1.2326,"National Institute of Parasitic Diseases, Chinese Center for Disease Control and Prevention, Key Laboratory of Parasite and Vector Biology, Schistosomiasis and Filariasis, MOH, and WHO Collaborating Centre for Malaria",https://pubmed.ncbi.nlm.nih.gov/32019571/
TGO,Togo,Pfkelch13,P. falciparum,2014,0,0,,3,Cases imported from Togo to Italy,,10.0405,0.729,Istituto Superiore di Sanità,https://pubmed.ncbi.nlm.nih.gov/33295621/
TGO,Togo,Pfkelch13,P. falciparum,2013,0,1.8,A578S,170,Golfe,Maritime,6.1333,1.2,"Faculté des Sciences de la Santé, Université de Lomé",http://www.ncbi.nlm.nih.gov/pubmed/27332904
TGO,Togo,Pfkelch13,P. falciparum,2012,0,0,,5,Cases imported from Togo to China,,7.2237,1.2326,Henan Province Center for Disease Control and Prevention,https://pubmed.ncbi.nlm.nih.gov/28797235/
TGO,Togo,Pfkelch13,P. falciparum,2012,0,0,,7,Cases imported from Togo to China,,7.2237,1.2326,"National Institute of Parasitic Diseases, Chinese Center for Disease Control and Prevention, Chinese Center for Tropical Diseases Research, WHO Collaborating Center for Tropical Diseases, National Centre for International Research On Tropical Diseases, Ministry of Science and Technology, Key Laboratory of Parasite and Vector Biology, Ministry of Health China",https://pubmed.ncbi.nlm.nih.gov/33549122/
TGO,Togo,Pfkelch13,P. falciparum,2012,0,1.8,A578S,163,Doufelgou,Kara,9.8669,0.9369,"Faculté des Sciences de la Santé, Université de Lomé",http://www.ncbi.nlm.nih.gov/pubmed/27332904
TGO,Togo,Pfkelch13,P. falciparum,2012,0,1.8,A557S,170,Tchaoudjo,Centrale,8.9896,0.8611,"Faculté des Sciences de la Santé, Université de Lomé",http://www.ncbi.nlm.nih.gov/pubmed/27332904
THA,Thailand,Pfkelch13,P. falciparum,2019,0,100,G533S,9,Tha Song Yang,Tak,17.5675,97.9231,"Faculty of Tropical Medicine, Mahidol University",https://pubmed.ncbi.nlm.nih.gov/36437462/
THA,Thailand,Pfkelch13,P. falciparum,2018,100,100,C580Y,27,Kantharalak,Sisaket,14.64,104.65,"The GenRe-Mekong Project, Mahidol-Oxford Tropical Medicine Research Unit, Faculty of Tropical Medicine, Mahidol University",https://doi.org/10.7554/eLife.62997
THA,Thailand,Pfkelch13,P. falciparum,2018,100,100,C580Y,4,Nam Yuen,Ubon Ratchathani,14.4892,105.0008,"The GenRe-Mekong Project, Mahidol-Oxford Tropical Medicine Research Unit, Faculty of Tropical Medicine, Mahidol University",https://doi.org/10.1038/s41467-025-59946-1
THA,Thailand,Pfkelch13,P. falciparum,2018,100,100,C580Y,10,Phu Sing,Sisaket,14.5467,104.1317,"The GenRe-Mekong Project, Mahidol-Oxford Tropical Medicine Research Unit, Faculty of Tropical Medicine, Mahidol University",https://doi.org/10.7554/eLife.62997
THA,Thailand,Pfkelch13,P. falciparum,2018,33.3,83.3,G533S,6,Tha Song Yang,Tak,17.5675,97.9231,"Faculty of Tropical Medicine, Mahidol University",https://pubmed.ncbi.nlm.nih.gov/36437462/
THA,Thailand,Pfkelch13,P. falciparum,2017,100,100,C580Y,11,Buntharik,Ubon Ratchathani,14.7567,105.4114,"The GenRe-Mekong Project, Mahidol-Oxford Tropical Medicine Research Unit, Faculty of Tropical Medicine, Mahidol University",https://doi.org/10.7554/eLife.62997
THA,Thailand,Pfkelch13,P. falciparum,2017,100,100,C580Y,13,Khun Han,Sisaket,14.5473,104.2593,"The GenRe-Mekong Project, Mahidol-Oxford Tropical Medicine Research Unit, Faculty of Tropical Medicine, Mahidol University",https://doi.org/10.7554/eLife.62997
THA,Thailand,Pfkelch13,P. falciparum,2017,0,0,,3,Na Chaluai,Ubon Ratchathani,14.5036,105.2429,"The GenRe-Mekong Project, Mahidol-Oxford Tropical Medicine Research Unit, Faculty of Tropical Medicine, Mahidol University",https://doi.org/10.7554/eLife.62997
THA,Thailand,Pfkelch13,P. falciparum,2017,100,100,C580Y,12,Phu Sing,Sisaket,14.5467,104.1317,"The GenRe-Mekong Project, Mahidol-Oxford Tropical Medicine Research Unit, Faculty of Tropical Medicine, Mahidol University",https://doi.org/10.7554/eLife.62997
THA,Thailand,Pfkelch13,P. falciparum,2017,0,0,,12,Yala Province,,6.5411,101.2804,"Department of Microbiology, Faculty of Science, Prince of Songkla University",https://www.ncbi.nlm.nih.gov/pubmed/31533403
THA,Thailand,Pfkelch13,P. falciparum,2016,70.6,73.5,C580Y,34,Kanchanaburi Province,,14.0228,99.5328,"Bureau of Vector Borne Disease, Department of Disease Control, Ministry of Public Health",https://www.ncbi.nlm.nih.gov/pubmed/29378723
THA,Thailand,Pfkelch13,P. falciparum,2016,100,100,C580Y,9,Ranong Province,,9.9529,98.6085,"Bureau of Vector Borne Disease, Department of Disease Control, Ministry of Public Health",https://www.ncbi.nlm.nih.gov/pubmed/29378723
THA,Thailand,Pfkelch13,P. falciparum,2016,94.7,94.7,C580Y,19,Sisaket Province,,15.12,104.3217,"Bureau of Vector Borne Disease, Department of Disease Control, Ministry of Public Health",https://www.ncbi.nlm.nih.gov/pubmed/29378723
THA,Thailand,Pfkelch13,P. falciparum,2016,0,0,,10,Suratthani Province,,9.2122,98.1455,"Department of Microbiology, Faculty of Science, Prince of Songkla University",https://www.ncbi.nlm.nih.gov/pubmed/31533403
THA,Thailand,Pfkelch13,P. falciparum,2016,0,0,,1,Tha Song Yang,Tak,17.5675,97.9231,"Faculty of Tropical Medicine, Mahidol University",https://pubmed.ncbi.nlm.nih.gov/36437462/
THA,Thailand,Pfkelch13,P. falciparum,2016,100,100,C580Y,9,Ubon Ratchathani Province,,15.2448,104.8473,"Bureau of Vector Borne Disease, Department of Disease Control, Ministry of Public Health",https://www.ncbi.nlm.nih.gov/pubmed/29378723
THA,Thailand,Pfkelch13,P. falciparum,2016,0,0,,33,Yala Province,,6.5411,101.2804,"Bureau of Vector Borne Disease, Department of Disease Control, Ministry of Public Health",https://www.ncbi.nlm.nih.gov/pubmed/29378723
THA,Thailand,Pfkelch13,P. falciparum,2015,100,100,C580Y,11,Khun Han,Sisaket,14.5473,104.2593,"Mahidol Oxford Tropical Medicine Research Unit, Mahidol University",https://pubmed.ncbi.nlm.nih.gov/32171078/
THA,Thailand,Pfkelch13,P. falciparum,2015,20,20,C580Y,10,Phang Nga Province,,8.4501,98.5255,"Department of Microbiology, Faculty of Science, Prince of Songkla University",https://www.ncbi.nlm.nih.gov/pubmed/31533403
THA,Thailand,Pfkelch13,P. falciparum,2015,100,100,C580Y,32,Phu Sing,Sisaket,14.5467,104.1317,"Mahidol Oxford Tropical Medicine Research Unit, Mahidol University",https://pubmed.ncbi.nlm.nih.gov/32171078/
THA,Thailand,Pfkelch13,P. falciparum,2015,31.6,31.6,C580Y,19,Ranong Province,,9.9529,98.6085,"Department of Microbiology, Faculty of Science, Prince of Songkla University",https://www.ncbi.nlm.nih.gov/pubmed/31533403
THA,Thailand,Pfkelch13,P. falciparum,2015,100,100,C580Y,46,Sisaket and Surin Provinces,,14.9467,103.9618,"Department of Bacterial and Parasitic Diseases, Armed Forces Research Institute of Medical Sciences",https://pubmed.ncbi.nlm.nih.gov/34183715/
THA,Thailand,Pfkelch13,P. falciparum,2015,0,0,,19,Suratthani Province,,9.2122,98.1455,"Department of Microbiology, Faculty of Science, Prince of Songkla University",https://www.ncbi.nlm.nih.gov/pubmed/31533403
THA,Thailand,Pfkelch13,P. falciparum,2015,0,47.1,G533S,17,Tha Song Yang,Tak,17.5675,97.9231,"Faculty of Tropical Medicine, Mahidol University",https://pubmed.ncbi.nlm.nih.gov/36437462/
THA,Thailand,Pfkelch13,P. falciparum,2014,93.2,93.2,C580Y,88,Buntharik,Ubon Ratchathani,14.7567,105.4114,Mahidol University,https://www.ncbi.nlm.nih.gov/pubmed/28161569
THA,Thailand,Pfkelch13,P. falciparum,2014,16.7,16.7,P574L,6,Chumphon Province,,10.4939,99.18,"Department of Microbiology, Faculty of Science, Prince of Songkla University",https://www.ncbi.nlm.nih.gov/pubmed/31533403
THA,Thailand,Pfkelch13,P. falciparum,2014,40,40,C580Y,10,Sai Yok,Kanchanaburi,14.4758,98.8527,"Mahidol Vivax Research Unit, Faculty of Tropical Medicine, Mahidol University",http://www.ncbi.nlm.nih.gov/pubmed/27332904
THA,Thailand,Pfkelch13,P. falciparum,2014,100,100,C580Y,39,Sisaket and Surin Provinces,,14.9467,103.9618,"Department of Bacterial and Parasitic Diseases, Armed Forces Research Institute of Medical Sciences",https://pubmed.ncbi.nlm.nih.gov/34183715/
THA,Thailand,Pfkelch13,P. falciparum,2014,66.7,66.7,P574L,3,Suan Phueng,Ratchaburi,13.5433,99.34,"Mahidol Vivax Research Unit, Faculty of Tropical Medicine, Mahidol University",http://www.ncbi.nlm.nih.gov/pubmed/27332904
THA,Thailand,Pfkelch13,P. falciparum,2014,0,0,,17,Suratthani Province,,9.2122,98.1455,"Department of Microbiology, Faculty of Science, Prince of Songkla University",https://www.ncbi.nlm.nih.gov/pubmed/31533403
THA,Thailand,Pfkelch13,P. falciparum,2014,20,60,R561K,10,Tak Province,,16.884,99.1259,"Bureau of Vector Borne Disease, Department of Disease Control, Ministry of Public Health",https://www.ncbi.nlm.nih.gov/pubmed/29378723
THA,Thailand,Pfkelch13,P. falciparum,2014,10,35,G533S,20,Tha Song Yang,Tak,17.5675,97.9231,"Faculty of Tropical Medicine, Mahidol University",https://pubmed.ncbi.nlm.nih.gov/36437462/
THA,Thailand,Pfkelch13,P. falciparum,2014,81.5,85.2,C580Y,27,Ubon Ratchathani Province,,15.2448,104.8473,"Faculty of Medicine, Chulalongkorn University",http://www.ncbi.nlm.nih.gov/pubmed/26548510
THA,Thailand,Pfkelch13,P. falciparum,2013,0,0,,10,Chumphon Province,,10.4939,99.18,"Department of Microbiology, Faculty of Science, Prince of Songkla University",https://www.ncbi.nlm.nih.gov/pubmed/31533403
THA,Thailand,Pfkelch13,P. falciparum,2013,46.1,46.1,C580Y,13,Ranong Province,,9.9529,98.6085,"Department of Microbiology, Faculty of Science, Prince of Songkla University",https://www.ncbi.nlm.nih.gov/pubmed/31533403
THA,Thailand,Pfkelch13,P. falciparum,2013,74.4,74.4,C580Y,43,Sai Yok,Kanchanaburi,14.4758,98.8527,"Mahidol Vivax Research Unit, Faculty of Tropical Medicine, Mahidol University",http://www.ncbi.nlm.nih.gov/pubmed/27332904
THA,Thailand,Pfkelch13,P. falciparum,2013,59.7,77.4,C580Y,62,Shoklo Malaria Research Unit,Tak,16.7159,98.5392,"Shoklo Malaria Research Unit, Mahidol-Oxford Tropical Medicine Research Unit, Faculty of Tropical Medicine, Mahidol University",https://www.ncbi.nlm.nih.gov/pubmed/27313266
THA,Thailand,Pfkelch13,P. falciparum,2013,96.3,100,C580Y,27,Sisaket and Surin Provinces,,14.9467,103.9618,"Department of Bacterial and Parasitic Diseases, Armed Forces Research Institute of Medical Sciences",https://pubmed.ncbi.nlm.nih.gov/34183715/
THA,Thailand,Pfkelch13,P. falciparum,2013,0,0,,1,Suan Phueng,Ratchaburi,13.5433,99.34,"Mahidol Vivax Research Unit, Faculty of Tropical Medicine, Mahidol University",http://www.ncbi.nlm.nih.gov/pubmed/27332904
THA,Thailand,Pfkelch13,P. falciparum,2013,0,77.6,unspecified,156,Tak Province,,16.884,99.1259,Myanmar Oxford Clinical Research Unit,http://www.ncbi.nlm.nih.gov/pubmed/25704894
THA,Thailand,Pfkelch13,P. falciparum,2013,61.6,69.3,R561H,13,Tak Province,,16.884,99.1259,"Molecular Biology of Malaria and Opportunistic Parasites Research Unit, Department of Parasitology, Faculty of Medicine, Chulalongkorn University",http://www.ncbi.nlm.nih.gov/pubmed/26548510
THA,Thailand,Pfkelch13,P. falciparum,2013,100,100,C580Y,2,Tha Song Yang,Tak,17.5675,97.9231,"Faculty of Tropical Medicine, Mahidol University",https://pubmed.ncbi.nlm.nih.gov/36437462/
THA,Thailand,Pfkelch13,P. falciparum,2012,74.5,76.5,C580Y,51,Kanchanaburi Province,,14.0228,99.5328,"Bureau of Vector Borne Disease, Department of Disease Control, Ministry of Public Health",https://www.ncbi.nlm.nih.gov/pubmed/29378723
THA,Thailand,Pfkelch13,P. falciparum,2012,58.5,65.8,C580Y,41,Kanchanaburi Province,,14.0228,99.5328,"Department of Tropical Diseases, Faculty of Naval Medicine, Naval Medical University",https://pubmed.ncbi.nlm.nih.gov/35413937/
THA,Thailand,Pfkelch13,P. falciparum,2012,23.6,29.5,R561H,17,Mae Hong Son Province,,19.2881,97.9644,"Bureau of Vector Borne Disease, Department of Disease Control, Ministry of Public Health",https://www.ncbi.nlm.nih.gov/pubmed/29378723
THA,Thailand,Pfkelch13,P. falciparum,2012,64.3,71,C580Y,45,Multiple sites,,15.1061,101.6232,"Department of Tropical Infectious Diseases, Second Military Medical University",http://www.ncbi.nlm.nih.gov/pubmed/26831371
THA,Thailand,Pfkelch13,P. falciparum,2012,0,25,H366L&C447Y&V510G,4,Phang Nga Province,,8.4501,98.5255,"Department of Microbiology, Faculty of Science, Prince of Songkla University",https://www.ncbi.nlm.nih.gov/pubmed/31533403
THA,Thailand,Pfkelch13,P. falciparum,2012,68.3,68.3,C580Y,41,Ranong Province,,9.9529,98.6085,"Bureau of Vector Borne Disease, Department of Disease Control, Ministry of Public Health",https://www.ncbi.nlm.nih.gov/pubmed/29378723
THA,Thailand,Pfkelch13,P. falciparum,2012,12.5,25,C580Y,8,Ranong Province,,9.9529,98.6085,"Department of Microbiology, Faculty of Science, Prince of Songkla University",https://www.ncbi.nlm.nih.gov/pubmed/31533403
THA,Thailand,Pfkelch13,P. falciparum,2012,40.3,40.3,C580Y,72,Ranong Province,,9.9529,98.6085,"Molecular Mycology Research Laboratory, Centre for Infectious Diseases and Microbiology, Faculty of Medicine and Health, Westmead Clinical School, Marie Bashir Institute for Infectious Diseases and Biosecurity, University of Sydney",https://www.ncbi.nlm.nih.gov/pubmed/31416468
THA,Thailand,Pfkelch13,P. falciparum,2012,100,100,C580Y,3,Ranong Province,,9.9529,98.6085,"Department of Tropical Diseases, Faculty of Naval Medicine, Naval Medical University",https://pubmed.ncbi.nlm.nih.gov/35413937/
THA,Thailand,Pfkelch13,P. falciparum,2012,55.5,55.5,P574L,9,Ratchaburi Province,,13.5289,99.8144,"Bureau of Vector Borne Disease, Department of Disease Control, Ministry of Public Health",https://www.ncbi.nlm.nih.gov/pubmed/29378723
THA,Thailand,Pfkelch13,P. falciparum,2012,49,65.8,C580Y,143,Shoklo Malaria Research Unit,Tak,16.7159,98.5392,"Shoklo Malaria Research Unit, Mahidol-Oxford Tropical Medicine Research Unit, Faculty of Tropical Medicine, Mahidol University",https://www.ncbi.nlm.nih.gov/pubmed/27313266
THA,Thailand,Pfkelch13,P. falciparum,2012,0,0,,17,Suratthani Province,,9.2122,98.1455,"Molecular Mycology Research Laboratory, Centre for Infectious Diseases and Microbiology, Faculty of Medicine and Health, Westmead Clinical School, Marie Bashir Institute for Infectious Diseases and Biosecurity, University of Sydney",https://www.ncbi.nlm.nih.gov/pubmed/31416468
THA,Thailand,Pfkelch13,P. falciparum,2012,35.5,46.6,C580Y,45,Tak Province,,16.884,99.1259,"Bureau of Vector Borne Disease, Department of Disease Control, Ministry of Public Health",https://www.ncbi.nlm.nih.gov/pubmed/29378723
THA,Thailand,Pfkelch13,P. falciparum,2012,100,100,C580Y,2,Yala Province,,6.5411,101.2804,"Molecular Mycology Research Laboratory, Centre for Infectious Diseases and Microbiology, Faculty of Medicine and Health, Westmead Clinical School, Marie Bashir Institute for Infectious Diseases and Biosecurity, University of Sydney",https://www.ncbi.nlm.nih.gov/pubmed/31416468
THA,Thailand,Pfkelch13,P. falciparum,2011,44,67.1,C580Y,91,Mae Sot,Tak,16.7124,98.5747,Tracking Resistance to Artemisinin Collaboration,http://www.ncbi.nlm.nih.gov/pubmed/25075834
THA,Thailand,Pfkelch13,P. falciparum,2011,90.9,90.9,R539T,33,Phu Sing,Sisaket,14.5467,104.1317,Tracking Resistance to Artemisinin Collaboration,http://www.ncbi.nlm.nih.gov/pubmed/25075834
THA,Thailand,Pfkelch13,P. falciparum,2011,50,72.3,C580Y,18,Ranong Province,,9.9529,98.6085,Tracking Resistance to Artemisinin Collaboration,http://www.ncbi.nlm.nih.gov/pubmed/25075834
THA,Thailand,Pfkelch13,P. falciparum,2011,40.9,59.1,C580Y,44,Shoklo Malaria Research Unit,Tak,16.7159,98.5392,"Shoklo Malaria Research Unit, Mahidol-Oxford Tropical Medicine Research Unit, Faculty of Tropical Medicine, Mahidol University",https://www.ncbi.nlm.nih.gov/pubmed/27313266
THA,Thailand,Pfkelch13,P. falciparum,2010,56.5,71.7,C580Y,46,Chanthaburi Province,,12.6103,102.1028,"Molecular Biology of Malaria and Opportunistic Parasites Research Unit, Department of Parasitology, Faculty of Medicine, Chulalongkorn University",http://www.ncbi.nlm.nih.gov/pubmed/26548510
THA,Thailand,Pfkelch13,P. falciparum,2010,0,0,,17,Narathiwat Province,,6.4255,101.8253,"Molecular Biology of Malaria and Opportunistic Parasites Research Unit, Department of Parasitology, Faculty of Medicine, Chulalongkorn University",http://www.ncbi.nlm.nih.gov/pubmed/26548510
THA,Thailand,Pfkelch13,P. falciparum,2010,16.7,16.7,P574L,6,Ranong Province,,9.9529,98.6085,Thammasat University,http://www.ncbi.nlm.nih.gov/pubmed/27332904
THA,Thailand,Pfkelch13,P. falciparum,2010,34.4,49.2,A675V,61,Shoklo Malaria Research Unit,Tak,16.7159,98.5392,"Shoklo Malaria Research Unit, Mahidol-Oxford Tropical Medicine Research Unit, Faculty of Tropical Medicine, Mahidol University",https://www.ncbi.nlm.nih.gov/pubmed/27313266
THA,Thailand,Pfkelch13,P. falciparum,2010,25,33.3,C580Y,12,Tak Province,,16.884,99.1259,"Molecular Biology of Malaria and Opportunistic Parasites Research Unit, Department of Parasitology, Faculty of Medicine, Chulalongkorn University",http://www.ncbi.nlm.nih.gov/pubmed/26548510
THA,Thailand,Pfkelch13,P. falciparum,2010,0,0,,15,Yala Province,,6.5411,101.2804,"Molecular Biology of Malaria and Opportunistic Parasites Research Unit, Department of Parasitology, Faculty of Medicine, Chulalongkorn University",http://www.ncbi.nlm.nih.gov/pubmed/26548510
THA,Thailand,Pfkelch13,P. falciparum,2002,0,0,,68,Mae Sot,Tak,16.7124,98.5747,"Drug Discovery and Development Center, Office of Advanced Science and Technology, Thammasat University",https://pubmed.ncbi.nlm.nih.gov/38468205/
THA,Thailand,Pfkelch13,P. falciparum,2001,0.4,0.4,R539T,460,Tak Province,,16.884,99.1259,"US Army Medical Component, Armed Forces Research Institute of Medical Sciences, Department of Immunology & Medicine",https://pubmed.ncbi.nlm.nih.gov/39136466/
THA,Thailand,Pfkelch13,P. falciparum,1999,2.9,2.9,Y493H,206,Tak Province,,16.884,99.1259,"US Army Medical Component, Armed Forces Research Institute of Medical Sciences, Department of Immunology & Medicine",https://pubmed.ncbi.nlm.nih.gov/39136466/
THA,Thailand,Pfkelch13,P. falciparum,1998,6.6,6.7,P574L,30,Tak Province,,16.884,99.1259,"US Army Medical Component, Armed Forces Research Institute of Medical Sciences, Department of Immunology & Medicine",https://pubmed.ncbi.nlm.nih.gov/39136466/
THA,Thailand,Pfkelch13,P. falciparum,1993,0,0,,68,Mae Sot,Tak,16.7124,98.5747,"Drug Discovery and Development Center, Office of Advanced Science and Technology, Thammasat University",https://pubmed.ncbi.nlm.nih.gov/38468205/
TZA,United Republic of Tanzania,Pfkelch13,P. falciparum,2022,0,24.1,R56H,87,Karagwe,Kagera,-1.502,30.99,National Insititute for Medical Research,https://pubmed.ncbi.nlm.nih.gov/38352311/
TZA,United Republic of Tanzania,Pfkelch13,P. falciparum,2022,0,20.9,R56H,86,Karagwe,Kagera,-1.502,30.99,National Insititute for Medical Research,https://pubmed.ncbi.nlm.nih.gov/38352311/
TZA,United Republic of Tanzania,Pfkelch13,P. falciparum,2022,22.5,22.5,R561H,173,Karagwe,Kagera,-1.502,30.99,,https://pubmed.ncbi.nlm.nih.gov/39159633/
TZA,United Republic of Tanzania,Pfkelch13,P. falciparum,2022,0,0,,88,Kigoma,Kigoma,-4.8833,29.6333,National Institute for Research in Tribal Health (NIRTH),https://pubmed.ncbi.nlm.nih.gov/39186698/
TZA,United Republic of Tanzania,Pfkelch13,P. falciparum,2022,0,0,,88,Morogoro,Morogoro,-6.8242,37.6633,National Institute for Research in Tribal Health (NIRTH),https://pubmed.ncbi.nlm.nih.gov/39186698/
TZA,United Republic of Tanzania,Pfkelch13,P. falciparum,2022,0,0,,88,Pwani,,-7.3238,38.8205,National Institute for Research in Tribal Health (NIRTH),https://pubmed.ncbi.nlm.nih.gov/39186698/
TZA,United Republic of Tanzania,Pfkelch13,P. falciparum,2022,0,0,,88,Tanga,Tanga,-5.0889,39.1023,National Institute for Research in Tribal Health (NIRTH),https://pubmed.ncbi.nlm.nih.gov/39186698/
TZA,United Republic of Tanzania,Pfkelch13,P. falciparum,2021,0,0,,161,Dar es Salaam,Pwani,-6.8,39.2833,University of North Carolina at Chapel Hill,https://pubmed.ncbi.nlm.nih.gov/39159629/
TZA,United Republic of Tanzania,Pfkelch13,P. falciparum,2021,0,0,,188,Dodoma,Dodoma,-6.163,35.7516,University of North Carolina at Chapel Hill,https://pubmed.ncbi.nlm.nih.gov/39159629/
TZA,United Republic of Tanzania,Pfkelch13,P. falciparum,2021,7.8,7.8,R561H,709,Kagera Region,,-1.9167,31.3,University of North Carolina at Chapel Hill,https://pubmed.ncbi.nlm.nih.gov/39159629/
TZA,United Republic of Tanzania,Pfkelch13,P. falciparum,2021,0,0,,100,Kigoma,Kigoma,-4.8833,29.6333,University of North Carolina at Chapel Hill,https://pubmed.ncbi.nlm.nih.gov/39159629/
TZA,United Republic of Tanzania,Pfkelch13,P. falciparum,2021,0,0,,204,Kilimanjaro,,-3.3412,37.33,University of North Carolina at Chapel Hill,https://pubmed.ncbi.nlm.nih.gov/39159629/
TZA,United Republic of Tanzania,Pfkelch13,P. falciparum,2021,0.6,0.6,R561H,202,Manyara Region,,-4.315,36.9541,University of North Carolina at Chapel Hill,https://pubmed.ncbi.nlm.nih.gov/39159629/
TZA,United Republic of Tanzania,Pfkelch13,P. falciparum,2021,0,0,,585,Mara Region,,-1.7754,34.1532,University of North Carolina at Chapel Hill,https://pubmed.ncbi.nlm.nih.gov/39159629/
TZA,United Republic of Tanzania,Pfkelch13,P. falciparum,2021,0,0,,43,Mbeya,,-8.9,33.45,National Insititute for Medical Research,https://pubmed.ncbi.nlm.nih.gov/38461239/
TZA,United Republic of Tanzania,Pfkelch13,P. falciparum,2021,0,0,,87,Mtwara,Mtwara,-10.2736,40.1828,National Insititute for Medical Research,https://pubmed.ncbi.nlm.nih.gov/38461239/
TZA,United Republic of Tanzania,Pfkelch13,P. falciparum,2021,0,0,,170,Mtwara,Mtwara,-10.2736,40.1828,University of North Carolina at Chapel Hill,https://pubmed.ncbi.nlm.nih.gov/39159629/
TZA,United Republic of Tanzania,Pfkelch13,P. falciparum,2021,0,0,,96,Mwanza,Mwanza,-2.5094,32.9169,National Insititute for Medical Research,https://pubmed.ncbi.nlm.nih.gov/38461239/
TZA,United Republic of Tanzania,Pfkelch13,P. falciparum,2021,0.7,0.7,R561H,345,Njombe,,-9.3333,34.7667,University of North Carolina at Chapel Hill,https://pubmed.ncbi.nlm.nih.gov/39159629/
TZA,United Republic of Tanzania,Pfkelch13,P. falciparum,2021,0,0,,68,Ruvuma Region,,-10.6879,36.2631,University of North Carolina at Chapel Hill,https://pubmed.ncbi.nlm.nih.gov/39159629/
TZA,United Republic of Tanzania,Pfkelch13,P. falciparum,2021,0,0,,377,Songwe,,-8.4238,33.029,University of North Carolina at Chapel Hill,https://pubmed.ncbi.nlm.nih.gov/39159629/
TZA,United Republic of Tanzania,Pfkelch13,P. falciparum,2021,0,0,,107,Tabora,Tabora,-5.0167,32.8,National Insititute for Medical Research,https://pubmed.ncbi.nlm.nih.gov/38461239/
TZA,United Republic of Tanzania,Pfkelch13,P. falciparum,2021,0.7,0.7,R561H,498,Tabora,Tabora,-5.0167,32.8,University of North Carolina at Chapel Hill,https://pubmed.ncbi.nlm.nih.gov/39159629/
TZA,United Republic of Tanzania,Pfkelch13,P. falciparum,2021,0,0,,56,Tanga,Tanga,-5.0889,39.1023,University of North Carolina at Chapel Hill,https://pubmed.ncbi.nlm.nih.gov/39159629/
TZA,United Republic of Tanzania,Pfkelch13,P. falciparum,2020,0,0,,70,Kigoma,Kigoma,-4.8833,29.6333,National Insititute for Medical Research,https://pubmed.ncbi.nlm.nih.gov/38461239/
TZA,United Republic of Tanzania,Pfkelch13,P. falciparum,2020,1.05,1.1,R622I,95,Morogoro,Morogoro,-6.8242,37.6633,National Insititute for Medical Research,https://pubmed.ncbi.nlm.nih.gov/38461239/
TZA,United Republic of Tanzania,Pfkelch13,P. falciparum,2020,0,0,,83,Pwani,,-7.3238,38.8205,National Insititute for Medical Research,https://pubmed.ncbi.nlm.nih.gov/38461239/
TZA,United Republic of Tanzania,Pfkelch13,P. falciparum,2020,0,0,,100,Tanga,Tanga,-5.0889,39.1023,National Insititute for Medical Research,https://pubmed.ncbi.nlm.nih.gov/38461239/
TZA,United Republic of Tanzania,Pfkelch13,P. falciparum,2019,0,0,,85,Ipinda,Mbeya,-9.4806,33.883,"National Institute for Medical Research, Tanga Research Centre",https://pubmed.ncbi.nlm.nih.gov/38594679/
TZA,United Republic of Tanzania,Pfkelch13,P. falciparum,2019,0,0,,79,Karume,Mwanza,-2.4001,32.9711,"National Institute for Medical Research, Tanga Research Centre",https://pubmed.ncbi.nlm.nih.gov/38594679/
TZA,United Republic of Tanzania,Pfkelch13,P. falciparum,2019,0,0,,90,Mbeya,,-8.9,33.45,National Insititute for Medical Research,https://pubmed.ncbi.nlm.nih.gov/38461239/
TZA,United Republic of Tanzania,Pfkelch13,P. falciparum,2019,0,1.1,P475S,88,Mtwara,Mtwara,-10.2736,40.1828,National Insititute for Medical Research,https://pubmed.ncbi.nlm.nih.gov/38461239/
TZA,United Republic of Tanzania,Pfkelch13,P. falciparum,2019,0,0,,79,Mwanza,Mwanza,-2.5094,32.9169,National Insititute for Medical Research,https://pubmed.ncbi.nlm.nih.gov/38461239/
TZA,United Republic of Tanzania,Pfkelch13,P. falciparum,2019,0,1.1,P475S,88,Nagaga,Mtwara,-10.7324,38.8101,"National Institute for Medical Research, Tanga Research Centre",https://pubmed.ncbi.nlm.nih.gov/38594679/
TZA,United Republic of Tanzania,Pfkelch13,P. falciparum,2019,0.2,1.6,D648G,422,Rufiji,Pwani,-7.7739,39.3639,"Department of Pharmaceutical Microbiology, Muhimbili University of Health and Allied Sciences",https://pubmed.ncbi.nlm.nih.gov/32103124/
TZA,United Republic of Tanzania,Pfkelch13,P. falciparum,2019,0,0,,94,Simbo,Tabora,-4.8951,29.7461,"National Institute for Medical Research, Tanga Research Centre",https://pubmed.ncbi.nlm.nih.gov/38594679/
TZA,United Republic of Tanzania,Pfkelch13,P. falciparum,2019,0,0,,96,Tabora,Tabora,-5.0167,32.8,National Insititute for Medical Research,https://pubmed.ncbi.nlm.nih.gov/38461239/
TZA,United Republic of Tanzania,Pfkelch13,P. falciparum,2018,0,0,,96,Kigoma,Kigoma,-4.8833,29.6333,National Insititute for Medical Research,https://pubmed.ncbi.nlm.nih.gov/38461239/
TZA,United Republic of Tanzania,Pfkelch13,P. falciparum,2018,0,0,,87,Morogoro,Morogoro,-6.8242,37.6633,National Insititute for Medical Research,https://pubmed.ncbi.nlm.nih.gov/38461239/
TZA,United Republic of Tanzania,Pfkelch13,P. falciparum,2018,0,0,,79,Pwani,,-7.3238,38.8205,National Insititute for Medical Research,https://pubmed.ncbi.nlm.nih.gov/38461239/
TZA,United Republic of Tanzania,Pfkelch13,P. falciparum,2018,0,0,,97,Tanga,Tanga,-5.0889,39.1023,National Insititute for Medical Research,https://pubmed.ncbi.nlm.nih.gov/38461239/
TZA,United Republic of Tanzania,Pfkelch13,P. falciparum,2017,0,0,,96,Bagamoyo District,Pwani,-6.3819,38.6352,"Department of Women's and Children's Health, International Maternal and Child Health, Uppsala University",https://pubmed.ncbi.nlm.nih.gov/32576258/
TZA,United Republic of Tanzania,Pfkelch13,P. falciparum,2017,1.4,1.4,R561H,70,Buhigwe,Kigoma,-4.4481,29.9242,University of North Carolina at Chapel Hill,https://pubmed.ncbi.nlm.nih.gov/33107096/
TZA,United Republic of Tanzania,Pfkelch13,P. falciparum,2017,1.2,1.2,R561H,82,Chato,Geita,-2.6333,31.7667,University of North Carolina at Chapel Hill,https://pubmed.ncbi.nlm.nih.gov/33107096/
TZA,United Republic of Tanzania,Pfkelch13,P. falciparum,2017,0,0,,81,Ilemela,Mwanza,-2.5833,32.9167,University of North Carolina at Chapel Hill,https://pubmed.ncbi.nlm.nih.gov/33107096/
TZA,United Republic of Tanzania,Pfkelch13,P. falciparum,2017,0,0,,112,Kibaha,Pwani,-6.7813,38.9929,University of North Carolina at Chapel Hill,https://pubmed.ncbi.nlm.nih.gov/33107096/
TZA,United Republic of Tanzania,Pfkelch13,P. falciparum,2017,0,0,,138,Kigoma,Kigoma,-4.8833,29.6333,University of North Carolina at Chapel Hill,https://pubmed.ncbi.nlm.nih.gov/33107096/
TZA,United Republic of Tanzania,Pfkelch13,P. falciparum,2017,0,0,,17,Kyela,Mbeya,-9.4021,34.0196,University of North Carolina at Chapel Hill,https://pubmed.ncbi.nlm.nih.gov/33107096/
TZA,United Republic of Tanzania,Pfkelch13,P. falciparum,2017,0,0,,82,Masasi,Mtwara,-10.717,38.8,University of North Carolina at Chapel Hill,https://pubmed.ncbi.nlm.nih.gov/33107096/
TZA,United Republic of Tanzania,Pfkelch13,P. falciparum,2017,0,0,,13,Mtwara,Mtwara,-10.2736,40.1828,University of North Carolina at Chapel Hill,https://pubmed.ncbi.nlm.nih.gov/33107096/
TZA,United Republic of Tanzania,Pfkelch13,P. falciparum,2017,0,0,,16,Nanyumbu,Mtwara,-11.1463,38.5181,University of North Carolina at Chapel Hill,https://pubmed.ncbi.nlm.nih.gov/33107096/
TZA,United Republic of Tanzania,Pfkelch13,P. falciparum,2017,0,0,,31,Nyasa,Ruvuma,-11.4482,35.1804,University of North Carolina at Chapel Hill,https://pubmed.ncbi.nlm.nih.gov/33107096/
TZA,United Republic of Tanzania,Pfkelch13,P. falciparum,2017,0,0,,65,Tunduru,Ruvuma,-11.526,37.3557,University of North Carolina at Chapel Hill,https://pubmed.ncbi.nlm.nih.gov/33107096/
TZA,United Republic of Tanzania,Pfkelch13,P. falciparum,2017,0,0,,67,Uvinza,Kigoma,-5.1033,30.3908,University of North Carolina at Chapel Hill,https://pubmed.ncbi.nlm.nih.gov/33107096/
TZA,United Republic of Tanzania,Pfkelch13,P. falciparum,2016,0,0,,17,Cases imported from the United Republic of Tanzania (mainland) to China,,-6.171,37.7764,"National Institute of Parasitic Diseases, Chinese Center for Disease Control and Prevention, Key Laboratory of Parasite and Vector Biology, Schistosomiasis and Filariasis, MOH, and WHO Collaborating Centre for Malaria",https://pubmed.ncbi.nlm.nih.gov/32019571/
TZA,United Republic of Tanzania,Pfkelch13,P. falciparum,2016,0,0,,80,Kibaha,Pwani,-6.7813,38.9929,"National Institute for Medical Research, Tanga Research Centre",https://pubmed.ncbi.nlm.nih.gov/30898164/
TZA,United Republic of Tanzania,Pfkelch13,P. falciparum,2016,0,3,Q613E/I416V,101,Kigoma,Kigoma,-4.8833,29.6333,National Insititute for Medical Research,https://pubmed.ncbi.nlm.nih.gov/38461239/
TZA,United Republic of Tanzania,Pfkelch13,P. falciparum,2016,0,2.2,A578S,88,Kilombero,Morogoro,-8.1327,36.6818,"National Institute for Medical Research, Tanga Research Centre",https://pubmed.ncbi.nlm.nih.gov/30898164/
TZA,United Republic of Tanzania,Pfkelch13,P. falciparum,2016,0,2.1,E433D/A578S,96,Morogoro,Morogoro,-6.8242,37.6633,National Insititute for Medical Research,https://pubmed.ncbi.nlm.nih.gov/38461239/
TZA,United Republic of Tanzania,Pfkelch13,P. falciparum,2016,0,1.1,R471S,88,Muheza,Tanga,-5,38.9167,"National Institute for Medical Research, Tanga Research Centre",https://pubmed.ncbi.nlm.nih.gov/30898164/
TZA,United Republic of Tanzania,Pfkelch13,P. falciparum,2016,0,0,,79,Pwani,,-7.3238,38.8205,National Insititute for Medical Research,https://pubmed.ncbi.nlm.nih.gov/38461239/
TZA,United Republic of Tanzania,Pfkelch13,P. falciparum,2016,0,1,R471S,100,Tanga,Tanga,-5.0889,39.1023,National Insititute for Medical Research,https://pubmed.ncbi.nlm.nih.gov/38461239/
TZA,United Republic of Tanzania,Pfkelch13,P. falciparum,2016,0,2.2,Q613E,88,Ujiji,Kigoma,-4.8835,29.6333,"National Institute for Medical Research, Tanga Research Centre",https://pubmed.ncbi.nlm.nih.gov/30898164/
TZA,United Republic of Tanzania,Pfkelch13,P. falciparum,2015,0,0,,61,Kyela,Mbeya,-9.4021,34.0196,Ifakara Health Institute,https://pubmed.ncbi.nlm.nih.gov/30333022/
TZA,United Republic of Tanzania,Pfkelch13,P. falciparum,2015,0,0,,25,Rufiji,Pwani,-7.7739,39.3639,Ifakara Health Institute,https://pubmed.ncbi.nlm.nih.gov/30333022/
TZA,United Republic of Tanzania,Pfkelch13,P. falciparum,2014,0,0,,1,Cases imported from the United Republic of Tanzania (mainland) to China,,-6.171,37.7764,"Institute of Parasitic Disease Prevention and Control, Guangxi Zhuang Autonomous Region Center for Disease Control and Prevention",https://pubmed.ncbi.nlm.nih.gov/31619243/
TZA,United Republic of Tanzania,Pfkelch13,P. falciparum,2013,0,1.1,S576L,92,Tanga,Tanga,-5.0889,39.1023,Kenya Medical Research Institute/United States Army Medical Research Unit-Kenya,http://www.ncbi.nlm.nih.gov/pubmed/25367300
TZA,United Republic of Tanzania,Pfkelch13,P. falciparum,2012,0,66.6,L488V,3,Cases imported from the United Republic of Tanzania (mainland) to China,,-6.171,37.7764,Anhui Provincial Center for Disease Control and Prevention,https://pubmed.ncbi.nlm.nih.gov/29436339/
TZA,United Republic of Tanzania,Pfkelch13,P. falciparum,2012,0,0,,9,Cases imported from the United Republic of Tanzania (mainland) to China,,-6.171,37.7764,Henan Province Center for Disease Control and Prevention,https://pubmed.ncbi.nlm.nih.gov/28797235/
TZA,United Republic of Tanzania,Pfkelch13,P. falciparum,2012,0,0,,8,Cases imported from the United Republic of Tanzania (mainland) to China,,-6.171,37.7764,"Shandong Institute of Parasitic Diseases, Shandong Academy of Medical Sciences, Shandong Provincial Reference Laboratory for Malaria Diagnosis",https://pubmed.ncbi.nlm.nih.gov/30154519/
TZA,United Republic of Tanzania,Pfkelch13,P. falciparum,2012,0,50,S459T,2,Cases imported from the United Republic of Tanzania (mainland) to China,,-6.171,37.7764,Guizhou Medical University,https://pubmed.ncbi.nlm.nih.gov/32677899/
TZA,United Republic of Tanzania,Pfkelch13,P. falciparum,2012,0,1,L488V,20,Cases imported from the United Republic of Tanzania (mainland) to China,,-6.171,37.7764,"National Institute of Parasitic Diseases, Chinese Center for Disease Control and Prevention, Chinese Center for Tropical Diseases Research, WHO Collaborating Center for Tropical Diseases, National Centre for International Research On Tropical Diseases, Ministry of Science and Technology, Key Laboratory of Parasite and Vector Biology, Ministry of Health China",https://pubmed.ncbi.nlm.nih.gov/33549122/
TZA,United Republic of Tanzania,Pfkelch13,P. falciparum,2012,0,4.3,L463S,23,Chamwino,Dodoma,-5.0889,39.1023,Ifakara Health Institute,https://pubmed.ncbi.nlm.nih.gov/30333022/
TZA,United Republic of Tanzania,Pfkelch13,P. falciparum,2012,2.6,7.8,E602D,39,Kyela,Mbeya,-9.4021,34.0196,Ifakara Health Institute,https://pubmed.ncbi.nlm.nih.gov/30333022/
TZA,United Republic of Tanzania,Pfkelch13,P. falciparum,2012,0,4.8,G496S,41,Masasi,Mtwara,-10.717,38.8,Ifakara Health Institute,https://pubmed.ncbi.nlm.nih.gov/30333022/
TZA,United Republic of Tanzania,Pfkelch13,P. falciparum,2012,0,0,,4,Nyamagana,Mwanza,-2.5833,32.9167,National Malaria Control Programme,https://pubmed.ncbi.nlm.nih.gov/27332904/
TZA,United Republic of Tanzania,Pfkelch13,P. falciparum,2011,0,0,,11,Bagamoyo,Pwani,-6.4456,38.8989,National Malaria Control Programme,https://pubmed.ncbi.nlm.nih.gov/27332904/
TZA,United Republic of Tanzania,Pfkelch13,P. falciparum,2011,0,0,,4,Cases imported from the United Republic of Tanzania (mainland) to China,,-6.171,37.7764,Hubei University of Medicine,https://pubmed.ncbi.nlm.nih.gov/29941645/
TZA,United Republic of Tanzania,Pfkelch13,P. falciparum,2011,0,0,,17,Kibaha,Pwani,-6.7813,38.9929,Ifakara Health Institute,https://pubmed.ncbi.nlm.nih.gov/30333022/
TZA,United Republic of Tanzania,Pfkelch13,P. falciparum,2011,0,0,,4,Kilombero,Morogoro,-8.1327,36.6818,Ifakara Health Institute,https://pubmed.ncbi.nlm.nih.gov/30333022/
TZA,United Republic of Tanzania,Pfkelch13,P. falciparum,2011,0,0,,28,Muheza,Tanga,-5,38.9167,National Malaria Control Programme,https://pubmed.ncbi.nlm.nih.gov/27332904/
TZA,United Republic of Tanzania,Pfkelch13,P. falciparum,2011,0,4.3,E556K,23,Ujiji,Kigoma,-4.8835,29.6333,Ifakara Health Institute,https://pubmed.ncbi.nlm.nih.gov/30333022/
UGA,Uganda,Pfkelch13,P. falciparum,2022,15,18.8,C469Y,80,Adjumani,Northern Region,3.1667,31.7833,,https://pubmed.ncbi.nlm.nih.gov/38837973/
UGA,Uganda,Pfkelch13,P. falciparum,2022,41.2,41.2,C469Y,68,Agago,Northern Region,2.8333,33.3333,Infectious Diseases Research Collaboration,https://pubmed.ncbi.nlm.nih.gov/38352505/
UGA,Uganda,Pfkelch13,P. falciparum,2022,0,0,,13,Amolatar,Northern Region,1.6333,32.8333,Infectious Diseases Research Collaboration,https://pubmed.ncbi.nlm.nih.gov/38352505/
UGA,Uganda,Pfkelch13,P. falciparum,2022,10.5,11.8,C469Y,78,Arua,Northern Region,3.0353,30.9108,Infectious Diseases Research Collaboration,https://pubmed.ncbi.nlm.nih.gov/38352505/
UGA,Uganda,Pfkelch13,P. falciparum,2022,15.9,15.9,A675V,63,Hoima,Western Region,1.4319,31.3525,Infectious Diseases Research Collaboration,https://pubmed.ncbi.nlm.nih.gov/38352505/
UGA,Uganda,Pfkelch13,P. falciparum,2022,1,1,A675V,99,Jinja,Eastern Region,0.4479,33.2026,Infectious Diseases Research Collaboration,https://pubmed.ncbi.nlm.nih.gov/38352505/
UGA,Uganda,Pfkelch13,P. falciparum,2022,21.5,21.5,C469Y,68,Kaabong,Northern Region,3.52,34.12,Infectious Diseases Research Collaboration,https://pubmed.ncbi.nlm.nih.gov/38352505/
UGA,Uganda,Pfkelch13,P. falciparum,2022,5.1,28.1,P441L,65,Kanungu,Western Region,-0.8195,29.7426,Infectious Diseases Research Collaboration,https://pubmed.ncbi.nlm.nih.gov/38352505/
UGA,Uganda,Pfkelch13,P. falciparum,2022,37.4,37.4,A675V,30,Kapchorwa,Eastern Region,1.4,34.45,Infectious Diseases Research Collaboration,https://pubmed.ncbi.nlm.nih.gov/38352505/
UGA,Uganda,Pfkelch13,P. falciparum,2022,12.1,27.5,P441L,92,Kasese,Western Region,0.1867,30.0881,Infectious Diseases Research Collaboration,https://pubmed.ncbi.nlm.nih.gov/38352505/
UGA,Uganda,Pfkelch13,P. falciparum,2022,41.8,41.8,C469Y,78,Katakwi,Eastern Region,1.915,33.955,Infectious Diseases Research Collaboration,https://pubmed.ncbi.nlm.nih.gov/38352505/
UGA,Uganda,Pfkelch13,P. falciparum,2022,14.9,14.9,A675V,48,Koboko,Northern Region,3.41,30.96,Infectious Diseases Research Collaboration,https://pubmed.ncbi.nlm.nih.gov/38352505/
UGA,Uganda,Pfkelch13,P. falciparum,2022,19.9,19.9,C469Y,78,Kole,Northern Region,2.302,32.6104,Infectious Diseases Research Collaboration,https://pubmed.ncbi.nlm.nih.gov/38352505/
UGA,Uganda,Pfkelch13,P. falciparum,2022,35.9,35.9,C469Y,53,Lamwo,Northern Region,3.5333,32.8,Infectious Diseases Research Collaboration,https://pubmed.ncbi.nlm.nih.gov/38352505/
UGA,Uganda,Pfkelch13,P. falciparum,2022,11.3,22.8,P441L,53,Mubende,Central Region,0.6,31.4,Infectious Diseases Research Collaboration,https://pubmed.ncbi.nlm.nih.gov/38352505/
UGA,Uganda,Pfkelch13,P. falciparum,2022,29.9,68.2,C469F,60,Rukiga,Western Region,-1.1833,30.1,Infectious Diseases Research Collaboration,https://pubmed.ncbi.nlm.nih.gov/38352505/
UGA,Uganda,Pfkelch13,P. falciparum,2022,25.6,25.6,A675V,57,Tororo,Eastern Region,0.6782,34.1866,Infectious Diseases Research Collaboration,https://pubmed.ncbi.nlm.nih.gov/38352505/
UGA,Uganda,Pfkelch13,P. falciparum,2021,20.3,20.3,C469Y,59,Acholi,,3.2157,32.7245,Mbarara University of Science and Technology,https://pubmed.ncbi.nlm.nih.gov/39501325/
UGA,Uganda,Pfkelch13,P. falciparum,2021,29.5,29.5,C469Y,54,Agago,Northern Region,2.8333,33.3333,Infectious Diseases Research Collaboration,https://pubmed.ncbi.nlm.nih.gov/38352505/
UGA,Uganda,Pfkelch13,P. falciparum,2021,2,100,C469F,50,Amolatar,Northern Region,1.6333,32.8333,Infectious Diseases Research Collaboration,https://pubmed.ncbi.nlm.nih.gov/38352505/
UGA,Uganda,Pfkelch13,P. falciparum,2021,4.4,4.4,C469Y,69,Arua,Northern Region,3.0353,30.9108,Infectious Diseases Research Collaboration,https://pubmed.ncbi.nlm.nih.gov/38352505/
UGA,Uganda,Pfkelch13,P. falciparum,2021,0,0,,82,Hoima,Western Region,1.4319,31.3525,Infectious Diseases Research Collaboration,https://pubmed.ncbi.nlm.nih.gov/38352505/
UGA,Uganda,Pfkelch13,P. falciparum,2021,0,0,,95,Jinja,Eastern Region,0.4479,33.2026,Infectious Diseases Research Collaboration,https://pubmed.ncbi.nlm.nih.gov/38352505/
UGA,Uganda,Pfkelch13,P. falciparum,2021,29.2,34.5,A675V,60,Kaabong,Northern Region,3.52,34.12,Infectious Diseases Research Collaboration,https://pubmed.ncbi.nlm.nih.gov/38352505/
UGA,Uganda,Pfkelch13,P. falciparum,2021,0,10.3,P441L,50,Kanungu,Western Region,-0.8195,29.7426,Infectious Diseases Research Collaboration,https://pubmed.ncbi.nlm.nih.gov/38352505/
UGA,Uganda,Pfkelch13,P. falciparum,2021,5.5,5.5,A675V,77,Kapchorwa,Eastern Region,1.4,34.45,Infectious Diseases Research Collaboration,https://pubmed.ncbi.nlm.nih.gov/38352505/
UGA,Uganda,Pfkelch13,P. falciparum,2021,31.6,31.7,C469Y,60,Karamoja,,2.8452,34.0102,Mbarara University of Science and Technology,https://pubmed.ncbi.nlm.nih.gov/39501325/
UGA,Uganda,Pfkelch13,P. falciparum,2021,0,14.5,P441L,78,Kasese,Western Region,0.1867,30.0881,Infectious Diseases Research Collaboration,https://pubmed.ncbi.nlm.nih.gov/38352505/
UGA,Uganda,Pfkelch13,P. falciparum,2021,27.6,27.6,A675V,58,Katakwi,Eastern Region,1.915,33.955,Infectious Diseases Research Collaboration,https://pubmed.ncbi.nlm.nih.gov/38352505/
UGA,Uganda,Pfkelch13,P. falciparum,2021,13.6,13.6,A675V,47,Koboko,Northern Region,3.41,30.96,Infectious Diseases Research Collaboration,https://pubmed.ncbi.nlm.nih.gov/38352505/
UGA,Uganda,Pfkelch13,P. falciparum,2021,3.4,3.4,A675V,58,Kole,Northern Region,2.302,32.6104,Infectious Diseases Research Collaboration,https://pubmed.ncbi.nlm.nih.gov/38352505/
UGA,Uganda,Pfkelch13,P. falciparum,2021,54,54,C469Y,58,Lamwo,Northern Region,3.5333,32.8,Infectious Diseases Research Collaboration,https://pubmed.ncbi.nlm.nih.gov/38352505/
UGA,Uganda,Pfkelch13,P. falciparum,2021,23.3,25,C469Y,60,Lango,,2.323,33.0184,Mbarara University of Science and Technology,https://pubmed.ncbi.nlm.nih.gov/39501325/
UGA,Uganda,Pfkelch13,P. falciparum,2021,0,5.3,P441L,19,Mubende,Central Region,0.6,31.4,Infectious Diseases Research Collaboration,https://pubmed.ncbi.nlm.nih.gov/38352505/
UGA,Uganda,Pfkelch13,P. falciparum,2021,18.8,60.3,C469F,83,Rukiga,Western Region,-1.1833,30.1,Infectious Diseases Research Collaboration,https://pubmed.ncbi.nlm.nih.gov/38352505/
UGA,Uganda,Pfkelch13,P. falciparum,2021,8.2,8.2,A675V,74,Tororo,Eastern Region,0.6782,34.1866,Infectious Diseases Research Collaboration,https://pubmed.ncbi.nlm.nih.gov/38352505/
UGA,Uganda,Pfkelch13,P. falciparum,2021,1.7,1.7,C469Y,59,West Nile,,3.0102,31.2368,Mbarara University of Science and Technology,https://pubmed.ncbi.nlm.nih.gov/39501325/
UGA,Uganda,Pfkelch13,P. falciparum,2020,58.2,58.2,C469Y,79,Agago,Northern Region,2.8333,33.3333,Infectious Diseases Research Collaboration,https://pubmed.ncbi.nlm.nih.gov/38352505/
UGA,Uganda,Pfkelch13,P. falciparum,2020,0,0,,85,Amolatar,Northern Region,1.6333,32.8333,Infectious Diseases Research Collaboration,https://pubmed.ncbi.nlm.nih.gov/38352505/
UGA,Uganda,Pfkelch13,P. falciparum,2020,0,0,,81,Arua,Northern Region,3.0353,30.9108,Infectious Diseases Research Collaboration,https://pubmed.ncbi.nlm.nih.gov/38352505/
UGA,Uganda,Pfkelch13,P. falciparum,2020,15.2,15.2,C469Y,92,Hoima,Western Region,1.4319,31.3525,Infectious Diseases Research Collaboration,https://pubmed.ncbi.nlm.nih.gov/38352505/
UGA,Uganda,Pfkelch13,P. falciparum,2020,0,0,,96,Jinja,Eastern Region,0.4479,33.2026,Infectious Diseases Research Collaboration,https://pubmed.ncbi.nlm.nih.gov/38352505/
UGA,Uganda,Pfkelch13,P. falciparum,2020,36,36,A675V,75,Kaabong,Northern Region,3.52,34.12,Infectious Diseases Research Collaboration,https://pubmed.ncbi.nlm.nih.gov/38352505/
UGA,Uganda,Pfkelch13,P. falciparum,2020,0,6.6,C469F,94,Kanungu,Western Region,-0.8195,29.7426,Infectious Diseases Research Collaboration,https://pubmed.ncbi.nlm.nih.gov/38352505/
UGA,Uganda,Pfkelch13,P. falciparum,2020,0,2.2,P441L,92,Kasese,Western Region,0.1867,30.0881,Infectious Diseases Research Collaboration,https://pubmed.ncbi.nlm.nih.gov/38352505/
UGA,Uganda,Pfkelch13,P. falciparum,2020,20.6,22.9,C469Y,88,Katakwi,Eastern Region,1.915,33.955,Infectious Diseases Research Collaboration,https://pubmed.ncbi.nlm.nih.gov/38352505/
UGA,Uganda,Pfkelch13,P. falciparum,2020,11.4,11.4,A675V,64,Koboko,Northern Region,3.41,30.96,Infectious Diseases Research Collaboration,https://pubmed.ncbi.nlm.nih.gov/38352505/
UGA,Uganda,Pfkelch13,P. falciparum,2020,11.6,16.4,C469Y,86,Kole,Northern Region,2.302,32.6104,Caramal Project,
UGA,Uganda,Pfkelch13,P. falciparum,2020,25.7,25.7,C469Y,86,Kole,Northern Region,2.302,32.6104,Infectious Diseases Research Collaboration,https://pubmed.ncbi.nlm.nih.gov/38352505/
UGA,Uganda,Pfkelch13,P. falciparum,2020,0,0,,36,Kwania,Northern Region,1.8879,32.602,Caramal Project,
UGA,Uganda,Pfkelch13,P. falciparum,2020,52.3,52.3,C469Y,84,Lamwo,Northern Region,3.5333,32.8,Infectious Diseases Research Collaboration,https://pubmed.ncbi.nlm.nih.gov/38352505/
UGA,Uganda,Pfkelch13,P. falciparum,2020,10.3,11.4,A675V,88,Mubende,Central Region,0.6,31.4,Infectious Diseases Research Collaboration,https://pubmed.ncbi.nlm.nih.gov/38352505/
UGA,Uganda,Pfkelch13,P. falciparum,2020,18.5,19.8,C469Y,81,Oyam,Northern Region,2.3491,32.3852,Caramal Project,
UGA,Uganda,Pfkelch13,P. falciparum,2020,2.6,30.8,C469F,39,Rukiga,Western Region,-1.1833,30.1,Infectious Diseases Research Collaboration,https://pubmed.ncbi.nlm.nih.gov/38352505/
UGA,Uganda,Pfkelch13,P. falciparum,2020,0,0,,41,Tororo,Eastern Region,0.6782,34.1866,Infectious Diseases Research Collaboration,https://pubmed.ncbi.nlm.nih.gov/38352505/
UGA,Uganda,Pfkelch13,P. falciparum,2019,38.4,38.4,C469Y,48,Agago,Northern Region,2.8333,33.3333,Infectious Diseases Research Collaboration,https://pubmed.ncbi.nlm.nih.gov/38352505/
UGA,Uganda,Pfkelch13,P. falciparum,2019,0,0,,28,Amolatar,Northern Region,1.6333,32.8333,Infectious Diseases Research Collaboration,https://pubmed.ncbi.nlm.nih.gov/38352505/
UGA,Uganda,Pfkelch13,P. falciparum,2019,3.4,3.4,A675V,29,Arua,Northern Region,3.0353,30.9108,Infectious Diseases Research Collaboration,https://pubmed.ncbi.nlm.nih.gov/38352505/
UGA,Uganda,Pfkelch13,P. falciparum,2019,16,20,A675V,93,Gulu,Northern Region,2.7817,32.2992,Juntendo University School of Medicine,https://pubmed.ncbi.nlm.nih.gov/34551228/
UGA,Uganda,Pfkelch13,P. falciparum,2019,0,1.3,P441L,83,Hoima,Western Region,1.4319,31.3525,Infectious Diseases Research Collaboration,https://pubmed.ncbi.nlm.nih.gov/38352505/
UGA,Uganda,Pfkelch13,P. falciparum,2019,0,0,,91,Jinja,Eastern Region,0.4479,33.2026,Infectious Diseases Research Collaboration,https://pubmed.ncbi.nlm.nih.gov/38352505/
UGA,Uganda,Pfkelch13,P. falciparum,2019,22.1,22.1,A675V,46,Kaabong,Northern Region,3.52,34.12,Infectious Diseases Research Collaboration,https://pubmed.ncbi.nlm.nih.gov/38352505/
UGA,Uganda,Pfkelch13,P. falciparum,2019,0,0,,64,Kanungu,Western Region,-0.8195,29.7426,Infectious Diseases Research Collaboration,https://pubmed.ncbi.nlm.nih.gov/38352505/
UGA,Uganda,Pfkelch13,P. falciparum,2019,0,0,,16,Kapchorwa,Eastern Region,1.4,34.45,Infectious Diseases Research Collaboration,https://pubmed.ncbi.nlm.nih.gov/38352505/
UGA,Uganda,Pfkelch13,P. falciparum,2019,0,3.3,P441L,64,Kasese,Western Region,0.1867,30.0881,Infectious Diseases Research Collaboration,https://pubmed.ncbi.nlm.nih.gov/38352505/
UGA,Uganda,Pfkelch13,P. falciparum,2019,15.4,15.4,A675V,61,Katakwi,Eastern Region,1.915,33.955,Infectious Diseases Research Collaboration,https://pubmed.ncbi.nlm.nih.gov/38352505/
UGA,Uganda,Pfkelch13,P. falciparum,2019,0,0,,5,Koboko,Northern Region,3.41,30.96,Infectious Diseases Research Collaboration,https://pubmed.ncbi.nlm.nih.gov/38352505/
UGA,Uganda,Pfkelch13,P. falciparum,2019,8.7,8.7,C469Y,60,Kole,Northern Region,2.302,32.6104,Infectious Diseases Research Collaboration,https://pubmed.ncbi.nlm.nih.gov/38352505/
UGA,Uganda,Pfkelch13,P. falciparum,2019,22.2,22.2,A675V,50,Lamwo,Northern Region,3.5333,32.8,Infectious Diseases Research Collaboration,https://pubmed.ncbi.nlm.nih.gov/38352505/
UGA,Uganda,Pfkelch13,P. falciparum,2019,0,0,,24,Mubende,Central Region,0.6,31.4,Infectious Diseases Research Collaboration,https://pubmed.ncbi.nlm.nih.gov/38352505/
UGA,Uganda,Pfkelch13,P. falciparum,2019,11.8,14,A675V,482,Multiple sites,,0.8274,32.2588,University of California San Francisco,https://pubmed.ncbi.nlm.nih.gov/33146722/
UGA,Uganda,Pfkelch13,P. falciparum,2019,4.8,4.8,A675V,26,Rukiga,Western Region,-1.1833,30.1,Infectious Diseases Research Collaboration,https://pubmed.ncbi.nlm.nih.gov/38352505/
UGA,Uganda,Pfkelch13,P. falciparum,2019,0,0,,73,Tororo,Eastern Region,0.6782,34.1866,Infectious Diseases Research Collaboration,https://pubmed.ncbi.nlm.nih.gov/38352505/
UGA,Uganda,Pfkelch13,P. falciparum,2018,6,9.1,C469Y,35,Agago,Northern Region,2.8333,33.3333,Infectious Diseases Research Collaboration,https://pubmed.ncbi.nlm.nih.gov/38352505/
UGA,Uganda,Pfkelch13,P. falciparum,2018,0,0,,27,Amolatar,Northern Region,1.6333,32.8333,Infectious Diseases Research Collaboration,https://pubmed.ncbi.nlm.nih.gov/38352505/
UGA,Uganda,Pfkelch13,P. falciparum,2018,0,0,,30,Arua,Northern Region,3.0353,30.9108,Infectious Diseases Research Collaboration,https://pubmed.ncbi.nlm.nih.gov/38352505/
UGA,Uganda,Pfkelch13,P. falciparum,2018,0,0,,319,Eastern Region,,0.4167,33.2,"National Malaria Control Division, Ministry of Health",
UGA,Uganda,Pfkelch13,P. falciparum,2018,15,18,A675V,60,Gulu,Northern Region,2.7817,32.2992,Juntendo University School of Medicine,https://pubmed.ncbi.nlm.nih.gov/34551228/
UGA,Uganda,Pfkelch13,P. falciparum,2018,0,2.4,C469F,45,Hoima,Western Region,1.4319,31.3525,Infectious Diseases Research Collaboration,https://pubmed.ncbi.nlm.nih.gov/38352505/
UGA,Uganda,Pfkelch13,P. falciparum,2018,2.6,2.6,R561H,40,Jinja,Eastern Region,0.4479,33.2026,Infectious Diseases Research Collaboration,https://pubmed.ncbi.nlm.nih.gov/38352505/
UGA,Uganda,Pfkelch13,P. falciparum,2018,15.5,15.5,A675V,34,Kaabong,Northern Region,3.52,34.12,Infectious Diseases Research Collaboration,https://pubmed.ncbi.nlm.nih.gov/38352505/
UGA,Uganda,Pfkelch13,P. falciparum,2018,0,2.8,C469F,36,Kanungu,Western Region,-0.8195,29.7426,Infectious Diseases Research Collaboration,https://pubmed.ncbi.nlm.nih.gov/38352505/
UGA,Uganda,Pfkelch13,P. falciparum,2018,0,0,,24,Kasese,Western Region,0.1867,30.0881,Infectious Diseases Research Collaboration,https://pubmed.ncbi.nlm.nih.gov/38352505/
UGA,Uganda,Pfkelch13,P. falciparum,2018,7.2,7.2,C469Y,45,Katakwi,Eastern Region,1.915,33.955,Infectious Diseases Research Collaboration,https://pubmed.ncbi.nlm.nih.gov/38352505/
UGA,Uganda,Pfkelch13,P. falciparum,2018,0,0,,34,Koboko,Northern Region,3.41,30.96,Infectious Diseases Research Collaboration,https://pubmed.ncbi.nlm.nih.gov/38352505/
UGA,Uganda,Pfkelch13,P. falciparum,2018,0,4.4,V581A,45,Kole,Northern Region,2.302,32.6104,Caramal Project,
UGA,Uganda,Pfkelch13,P. falciparum,2018,2.9,2.9,A675V,36,Kole,Northern Region,2.302,32.6104,Infectious Diseases Research Collaboration,https://pubmed.ncbi.nlm.nih.gov/38352505/
UGA,Uganda,Pfkelch13,P. falciparum,2018,0,3.1,G625R,32,Kwania,Northern Region,1.8879,32.602,Caramal Project,
UGA,Uganda,Pfkelch13,P. falciparum,2018,26.3,26.3,C469Y,36,Lamwo,Northern Region,3.5333,32.8,Infectious Diseases Research Collaboration,https://pubmed.ncbi.nlm.nih.gov/38352505/
UGA,Uganda,Pfkelch13,P. falciparum,2018,0,10.5,C469F,41,Mubende,Central Region,0.6,31.4,Infectious Diseases Research Collaboration,https://pubmed.ncbi.nlm.nih.gov/38352505/
UGA,Uganda,Pfkelch13,P. falciparum,2018,9.4,11.8,A675V,796,Multiple sites,,0.8274,32.2588,University of California San Francisco,99999
UGA,Uganda,Pfkelch13,P. falciparum,2018,4.1,5.7,A675V,432,Multiple sites,,0.8274,32.2588,University of California San Francisco,https://pubmed.ncbi.nlm.nih.gov/33146722/
UGA,Uganda,Pfkelch13,P. falciparum,2018,0,0,,338,"Multiple sites: Arua, Kwania, Busia",,3.07,31.8444,Infectious Diseases Research Collaboration,https://pubmed.ncbi.nlm.nih.gov/34952573/
UGA,Uganda,Pfkelch13,P. falciparum,2018,0,6.2,A578S,32,Oyam,Northern Region,2.3491,32.3852,Caramal Project,
UGA,Uganda,Pfkelch13,P. falciparum,2018,0,0,,43,Tororo,Eastern Region,0.6782,34.1866,Infectious Diseases Research Collaboration,https://pubmed.ncbi.nlm.nih.gov/38352505/
UGA,Uganda,Pfkelch13,P. falciparum,2017,9.6,14.4,A675V,42,Agago,Northern Region,2.8333,33.3333,Infectious Diseases Research Collaboration,https://pubmed.ncbi.nlm.nih.gov/30559133/
UGA,Uganda,Pfkelch13,P. falciparum,2017,10,10,A675V,44,Agago,Northern Region,2.8333,33.3333,Infectious Diseases Research Collaboration,https://pubmed.ncbi.nlm.nih.gov/38352505/
UGA,Uganda,Pfkelch13,P. falciparum,2017,0,2.1,A578S,48,Amolatar,Northern Region,1.6333,32.8333,Infectious Diseases Research Collaboration,https://pubmed.ncbi.nlm.nih.gov/30559133/
UGA,Uganda,Pfkelch13,P. falciparum,2017,4,4,C469Y,49,Amolatar,Northern Region,1.6333,32.8333,Infectious Diseases Research Collaboration,https://pubmed.ncbi.nlm.nih.gov/38352505/
UGA,Uganda,Pfkelch13,P. falciparum,2017,2.3,7,A578S,43,Arua,Northern Region,3.0353,30.9108,Infectious Diseases Research Collaboration,https://pubmed.ncbi.nlm.nih.gov/30559133/
UGA,Uganda,Pfkelch13,P. falciparum,2017,2,2,A675V,45,Arua,Northern Region,3.0353,30.9108,Infectious Diseases Research Collaboration,https://pubmed.ncbi.nlm.nih.gov/38352505/
UGA,Uganda,Pfkelch13,P. falciparum,2017,9,9,A675V,87,Gulu,Northern Region,2.7817,32.2992,Juntendo University School of Medicine,https://pubmed.ncbi.nlm.nih.gov/34551228/
UGA,Uganda,Pfkelch13,P. falciparum,2017,0,4.2,A578S,48,Jinja,Eastern Region,0.4479,33.2026,Infectious Diseases Research Collaboration,https://pubmed.ncbi.nlm.nih.gov/30559133/
UGA,Uganda,Pfkelch13,P. falciparum,2017,0,0,,48,Jinja,Eastern Region,0.4479,33.2026,Infectious Diseases Research Collaboration,https://pubmed.ncbi.nlm.nih.gov/38352505/
UGA,Uganda,Pfkelch13,P. falciparum,2017,0,8.4,G533A,48,Kanungu,Western Region,-0.8195,29.7426,Infectious Diseases Research Collaboration,https://pubmed.ncbi.nlm.nih.gov/30559133/
UGA,Uganda,Pfkelch13,P. falciparum,2017,0,0,,48,Kanungu,Western Region,-0.8195,29.7426,Infectious Diseases Research Collaboration,https://pubmed.ncbi.nlm.nih.gov/38352505/
UGA,Uganda,Pfkelch13,P. falciparum,2017,4.2,6.3,A675V,47,Kole,Northern Region,2.302,32.6104,Infectious Diseases Research Collaboration,https://pubmed.ncbi.nlm.nih.gov/30559133/
UGA,Uganda,Pfkelch13,P. falciparum,2017,4.2,4.2,A675V,47,Kole,Northern Region,2.302,32.6104,Infectious Diseases Research Collaboration,https://pubmed.ncbi.nlm.nih.gov/38352505/
UGA,Uganda,Pfkelch13,P. falciparum,2017,14,18.7,A675V,43,Lamwo,Northern Region,3.5333,32.8,Infectious Diseases Research Collaboration,https://pubmed.ncbi.nlm.nih.gov/30559133/
UGA,Uganda,Pfkelch13,P. falciparum,2017,18.2,18.2,A675V,44,Lamwo,Northern Region,3.5333,32.8,Infectious Diseases Research Collaboration,https://pubmed.ncbi.nlm.nih.gov/38352505/
UGA,Uganda,Pfkelch13,P. falciparum,2017,2.2,2.2,C469Y,45,Mubende,Central Region,0.6,31.4,Infectious Diseases Research Collaboration,https://pubmed.ncbi.nlm.nih.gov/30559133/
UGA,Uganda,Pfkelch13,P. falciparum,2017,2.2,2.2,C469Y,46,Mubende,Central Region,0.6,31.4,Infectious Diseases Research Collaboration,https://pubmed.ncbi.nlm.nih.gov/38352505/
UGA,Uganda,Pfkelch13,P. falciparum,2017,0,2.1,C469F,48,Tororo,Eastern Region,0.6782,34.1866,Infectious Diseases Research Collaboration,https://pubmed.ncbi.nlm.nih.gov/30559133/
UGA,Uganda,Pfkelch13,P. falciparum,2017,2.1,4.2,A675V,48,Tororo,Eastern Region,0.6782,34.1866,Infectious Diseases Research Collaboration,https://pubmed.ncbi.nlm.nih.gov/38352505/
UGA,Uganda,Pfkelch13,P. falciparum,2016,0,0,,31,Agago,Northern Region,2.8333,33.3333,Infectious Diseases Research Collaboration,https://pubmed.ncbi.nlm.nih.gov/38352505/
UGA,Uganda,Pfkelch13,P. falciparum,2016,0,0,,30,Amolatar,Northern Region,1.6333,32.8333,Infectious Diseases Research Collaboration,https://pubmed.ncbi.nlm.nih.gov/38352505/
UGA,Uganda,Pfkelch13,P. falciparum,2016,0,0,,33,Arua,Northern Region,3.0353,30.9108,Infectious Diseases Research Collaboration,https://pubmed.ncbi.nlm.nih.gov/38352505/
UGA,Uganda,Pfkelch13,P. falciparum,2016,0,0,,11,Cases imported from Uganda to China,,0.8402,32.3343,"National Institute of Parasitic Diseases, Chinese Center for Disease Control and Prevention, Key Laboratory of Parasite and Vector Biology, Schistosomiasis and Filariasis, MOH, and WHO Collaborating Centre for Malaria",https://pubmed.ncbi.nlm.nih.gov/32019571/
UGA,Uganda,Pfkelch13,P. falciparum,2016,0,0,,29,Jinja,Eastern Region,0.4479,33.2026,Infectious Diseases Research Collaboration,https://pubmed.ncbi.nlm.nih.gov/38352505/
UGA,Uganda,Pfkelch13,P. falciparum,2016,0,0,,37,Kanungu,Western Region,-0.8195,29.7426,Infectious Diseases Research Collaboration,https://pubmed.ncbi.nlm.nih.gov/38352505/
UGA,Uganda,Pfkelch13,P. falciparum,2016,4.3,4.3,C469Y,26,Kole,Northern Region,2.302,32.6104,Infectious Diseases Research Collaboration,https://pubmed.ncbi.nlm.nih.gov/38352505/
UGA,Uganda,Pfkelch13,P. falciparum,2016,14.4,14.4,C469Y,37,Lamwo,Northern Region,3.5333,32.8,Infectious Diseases Research Collaboration,https://pubmed.ncbi.nlm.nih.gov/38352505/
UGA,Uganda,Pfkelch13,P. falciparum,2016,0,0,,28,Mubende,Central Region,0.6,31.4,Infectious Diseases Research Collaboration,https://pubmed.ncbi.nlm.nih.gov/38352505/
UGA,Uganda,Pfkelch13,P. falciparum,2016,0,19,C469F,42,Rukiga,Western Region,-1.1833,30.1,Infectious Diseases Research Collaboration,https://pubmed.ncbi.nlm.nih.gov/38352505/
UGA,Uganda,Pfkelch13,P. falciparum,2016,0,3.6,A578S,56,Tororo,Eastern Region,0.6782,34.1866,"Department of Natural Sciences and Mathematics, Dominican University of California",https://pubmed.ncbi.nlm.nih.gov/28923866/
UGA,Uganda,Pfkelch13,P. falciparum,2016,0,2.7,C469F,37,Tororo,Eastern Region,0.6782,34.1866,Infectious Diseases Research Collaboration,https://pubmed.ncbi.nlm.nih.gov/38352505/
UGA,Uganda,Pfkelch13,P. falciparum,2015,0,0,,17,Jinja,Eastern Region,0.4479,33.2026,Infectious Diseases Research Collaboration,https://pubmed.ncbi.nlm.nih.gov/28039354/
UGA,Uganda,Pfkelch13,P. falciparum,2015,0,0,,17,Kihihi,Western Region,-0.7489,29.7003,Infectious Diseases Research Collaboration,https://pubmed.ncbi.nlm.nih.gov/28039354/
UGA,Uganda,Pfkelch13,P. falciparum,2015,0,5.9,A569S,17,Nagongera,Eastern Region,0.77,34.0261,Infectious Diseases Research Collaboration,https://pubmed.ncbi.nlm.nih.gov/28039354/
UGA,Uganda,Pfkelch13,P. falciparum,2014,0,0,,4,Cases imported from Uganda to China,,0.8402,32.3343,"Institute of Parasitic Disease Prevention and Control, Guangxi Zhuang Autonomous Region Center for Disease Control and Prevention",https://pubmed.ncbi.nlm.nih.gov/31619243/
UGA,Uganda,Pfkelch13,P. falciparum,2014,0,0,,1,Cases imported from Uganda to Italy,,1.2424,32.7545,Istituto Superiore di Sanità,https://pubmed.ncbi.nlm.nih.gov/33295621/
UGA,Uganda,Pfkelch13,P. falciparum,2014,1,2.5,A621S,184,Gulu,Northern Region,2.7817,32.2992,Juntendo University School of Medicine,https://pubmed.ncbi.nlm.nih.gov/29553316/
UGA,Uganda,Pfkelch13,P. falciparum,2014,0,1.4,A578S,143,Gulu,Northern Region,2.7817,32.2992,"Division of Malaria Research, Proteo-Science Center, Ehime University",https://pubmed.ncbi.nlm.nih.gov/28068997/
UGA,Uganda,Pfkelch13,P. falciparum,2014,0,3.8,A578S,53,Kampala,,0.3476,32.5825,"Department of Natural Sciences and Mathematics, Dominican University of California",http://www.ncbi.nlm.nih.gov/pubmed/26033725
UGA,Uganda,Pfkelch13,P. falciparum,2014,0,3.8,A578S,53,Kampala,,0.3476,32.5825,"Department of Natural Sciences and Mathematics, Dominican University of California",https://pubmed.ncbi.nlm.nih.gov/26033725/
UGA,Uganda,Pfkelch13,P. falciparum,2014,0,2.6,A578S,116,Tororo,Eastern Region,0.6782,34.1866,Medicines for Malaria Venture,https://www.ncbi.nlm.nih.gov/pubmed/30967148
UGA,Uganda,Pfkelch13,P. falciparum,2013,0,11.8,A578S,17,Jinja,Eastern Region,0.4479,33.2026,Infectious Diseases Research Collaboration,https://pubmed.ncbi.nlm.nih.gov/28039354/
UGA,Uganda,Pfkelch13,P. falciparum,2013,0,0,,24,Kihihi,Western Region,-0.7489,29.7003,"Medical Research Council Centre for Global Infectious Disease Analysis, Imperial College London",https://pubmed.ncbi.nlm.nih.gov/32355199/
UGA,Uganda,Pfkelch13,P. falciparum,2013,0,3.4,G533C,60,Lira and Gulu,Northern Region,2.6557,32.6079,"Department of Pharmacology and Therapeutics, Makerere University",http://www.ncbi.nlm.nih.gov/pubmed/27543172
UGA,Uganda,Pfkelch13,P. falciparum,2013,0,0,,36,Mbarara,Western Region,-0.6072,30.6545,Epicentre Research Centre,http://www.ncbi.nlm.nih.gov/pubmed/27332904
UGA,Uganda,Pfkelch13,P. falciparum,2013,0,5.9,M472V,17,Nagongera,Eastern Region,0.77,34.0261,Infectious Diseases Research Collaboration,https://pubmed.ncbi.nlm.nih.gov/28039354/
UGA,Uganda,Pfkelch13,P. falciparum,2012,0,0,,19,Apac,Northern Region,1.9851,32.5344,University of California San Francisco,https://pubmed.ncbi.nlm.nih.gov/31358588/
UGA,Uganda,Pfkelch13,P. falciparum,2012,2.5,7.5,A578S,40,Arua,Northern Region,3.0353,30.9108,University of California San Francisco,https://pubmed.ncbi.nlm.nih.gov/31358588/
UGA,Uganda,Pfkelch13,P. falciparum,2012,0,25,A578S,4,Cases imported from Uganda to China,,0.8402,32.3343,Henan Province Center for Disease Control and Prevention,https://pubmed.ncbi.nlm.nih.gov/28797235/
UGA,Uganda,Pfkelch13,P. falciparum,2012,0,0,,11,Cases imported from Uganda to China,,0.8402,32.3343,Guizhou Medical University,https://pubmed.ncbi.nlm.nih.gov/32677899/
UGA,Uganda,Pfkelch13,P. falciparum,2012,0,12.5,A578S,8,Cases imported from Uganda to China,,0.8402,32.3343,"National Institute of Parasitic Diseases, Chinese Center for Disease Control and Prevention, Chinese Center for Tropical Diseases Research, WHO Collaborating Center for Tropical Diseases, National Centre for International Research On Tropical Diseases, Ministry of Science and Technology, Key Laboratory of Parasite and Vector Biology, Ministry of Health China",https://pubmed.ncbi.nlm.nih.gov/33549122/
UGA,Uganda,Pfkelch13,P. falciparum,2012,0,0,,17,Jinja,Eastern Region,0.4479,33.2026,Infectious Diseases Research Collaboration,https://pubmed.ncbi.nlm.nih.gov/28039354/
UGA,Uganda,Pfkelch13,P. falciparum,2012,0,3,A578S,99,Jinja,Eastern Region,0.4479,33.2026,University of California San Francisco,https://pubmed.ncbi.nlm.nih.gov/31358588/
UGA,Uganda,Pfkelch13,P. falciparum,2012,0,3,A578S,65,Kampala,,0.3476,32.5825,University of California San Francisco,https://pubmed.ncbi.nlm.nih.gov/31358588/
UGA,Uganda,Pfkelch13,P. falciparum,2012,0,4.2,G533A,118,Kanungu,Western Region,-0.8195,29.7426,University of California San Francisco,https://pubmed.ncbi.nlm.nih.gov/31358588/
UGA,Uganda,Pfkelch13,P. falciparum,2012,0,5.9,V555A,17,Kihihi,Western Region,-0.7489,29.7003,Infectious Diseases Research Collaboration,https://pubmed.ncbi.nlm.nih.gov/28039354/
UGA,Uganda,Pfkelch13,P. falciparum,2012,0,0,,34,Mbarara,Western Region,-0.6072,30.6545,Epicentre Research Centre,http://www.ncbi.nlm.nih.gov/pubmed/27332904
UGA,Uganda,Pfkelch13,P. falciparum,2012,3,3,C469Y,66,Mubende,Central Region,0.6,31.4,University of California San Francisco,https://pubmed.ncbi.nlm.nih.gov/31358588/
UGA,Uganda,Pfkelch13,P. falciparum,2012,0,0,,17,Nagongera,Eastern Region,0.77,34.0261,Infectious Diseases Research Collaboration,https://pubmed.ncbi.nlm.nih.gov/28039354/
UGA,Uganda,Pfkelch13,P. falciparum,2012,0,3.7,A578S,303,Tororo,Eastern Region,0.6782,34.1866,University of California San Francisco,https://pubmed.ncbi.nlm.nih.gov/31358588/
UGA,Uganda,Pfkelch13,P. falciparum,2011,0,0,,5,Cases imported from Uganda to China,,0.8402,32.3343,Hubei University of Medicine,https://pubmed.ncbi.nlm.nih.gov/29941645/
UGA,Uganda,Pfkelch13,P. falciparum,2011,0,3.8,A578S,78,Jinja,Eastern Region,0.4479,33.2026,University of Alberta,https://pubmed.ncbi.nlm.nih.gov/26079933/
UGA,Uganda,Pfkelch13,P. falciparum,2011,0,0,,7,Mbarara,Western Region,-0.6072,30.6545,Epicentre Research Centre,http://www.ncbi.nlm.nih.gov/pubmed/27332904
UGA,Uganda,Pfkelch13,P. falciparum,2010,0,1.6,A578S,191,Mbarara,Western Region,-0.6072,30.6545,Epicentre Research Centre,http://www.ncbi.nlm.nih.gov/pubmed/27332904
UGA,Uganda,Pfkelch13,P. falciparum,2010,0,4.8,A578S,133,Tororo,Eastern Region,0.6782,34.1866,University of California San Francisco,http://www.ncbi.nlm.nih.gov/pubmed/25144768
UGA,Uganda,Pfkelch13,P. falciparum,2010,0,3.5,A578S,133,Tororo,Eastern Region,0.6782,34.1866,University of California San Francisco,https://pubmed.ncbi.nlm.nih.gov/25144768/
VEN,Venezuela (Bolivarian Republic of),Pfkelch13,P. falciparum,2018,0,0,,38,All country - Venezuela (Bolivarian Republic of),,6.6405,-66.2129,Institut Pasteur de la Guyane,
VEN,Venezuela (Bolivarian Republic of),Pfkelch13,P. falciparum,2017,0,0,,65,All country - Venezuela (Bolivarian Republic of),,6.6405,-66.2129,Institut Pasteur de la Guyane,
VEN,Venezuela (Bolivarian Republic of),Pfkelch13,P. falciparum,2016,0,0,,21,All country - Venezuela (Bolivarian Republic of),,6.6405,-66.2129,Institut Pasteur de la Guyane,
VNM,Viet Nam,Pfkelch13,P. falciparum,2022,100,100,C580Y,4,Dong Xuan,Phu Yen,13.4253,109.0214,"The GenRe-Mekong Project, Mahidol-Oxford Tropical Medicine Research Unit, Faculty of Tropical Medicine, Mahidol University",https://doi.org/10.1038/s41467-025-59946-1
VNM,Viet Nam,Pfkelch13,P. falciparum,2022,100,100,C580Y,1,Ea Kar,Dak Lak,12.7554,108.5383,"The GenRe-Mekong Project, Mahidol-Oxford Tropical Medicine Research Unit, Faculty of Tropical Medicine, Mahidol University",https://doi.org/10.1038/s41467-025-59946-1
VNM,Viet Nam,Pfkelch13,P. falciparum,2022,100,100,C580Y,119,Krong Pa,Gia Lai,13.2346,108.5179,"The GenRe-Mekong Project, Mahidol-Oxford Tropical Medicine Research Unit, Faculty of Tropical Medicine, Mahidol University",https://doi.org/10.1038/s41467-025-59946-1
VNM,Viet Nam,Pfkelch13,P. falciparum,2022,100,100,C580Y,28,Krong Pa and Kbang districts,Gia Lai,13.4687,108.6721,"National Institute of Malariology, Parasitology and Entomology",
VNM,Viet Nam,Pfkelch13,P. falciparum,2021,100,100,C580Y,9,Dong Xuan,Phu Yen,13.4253,109.0214,"The GenRe-Mekong Project, Mahidol-Oxford Tropical Medicine Research Unit, Faculty of Tropical Medicine, Mahidol University",https://doi.org/10.1038/s41467-025-59946-1
VNM,Viet Nam,Pfkelch13,P. falciparum,2021,100,100,C580Y,9,Kong Chro,Gia Lai,13.7037,108.5701,"The GenRe-Mekong Project, Mahidol-Oxford Tropical Medicine Research Unit, Faculty of Tropical Medicine, Mahidol University",https://doi.org/10.1038/s41467-025-59946-1
VNM,Viet Nam,Pfkelch13,P. falciparum,2021,98,100,C580Y,64,Krong Pa,Gia Lai,13.2346,108.5179,"The GenRe-Mekong Project, Mahidol-Oxford Tropical Medicine Research Unit, Faculty of Tropical Medicine, Mahidol University",https://doi.org/10.1038/s41467-025-59946-1
VNM,Viet Nam,Pfkelch13,P. falciparum,2021,95.3,95.3,C580Y,43,Krong Pa and Ia Pa Districts,Gia Lai,13.3436,108.6386,"National Institute of Malariology, Parasitology and Entomology",
VNM,Viet Nam,Pfkelch13,P. falciparum,2021,100,100,C580Y,5,Son Hoa,Phu Yen,13.1482,108.9644,"The GenRe-Mekong Project, Mahidol-Oxford Tropical Medicine Research Unit, Faculty of Tropical Medicine, Mahidol University",https://doi.org/10.1038/s41467-025-59946-1
VNM,Viet Nam,Pfkelch13,P. falciparum,2021,100,100,C580Y,3,Song Hinh,Phu Yen,12.917,108.917,"The GenRe-Mekong Project, Mahidol-Oxford Tropical Medicine Research Unit, Faculty of Tropical Medicine, Mahidol University",https://doi.org/10.1038/s41467-025-59946-1
VNM,Viet Nam,Pfkelch13,P. falciparum,2021,100,100,C580Y,6,"Song Hinh, Son Hoa and Dong Xuan districts",Phu Yen,13.1236,108.7854,"National Institute of Malariology, Parasitology and Entomology",
VNM,Viet Nam,Pfkelch13,P. falciparum,2020,0,0,,3,Bac Ai,Ninh Thuan,11.8334,108.8551,"The GenRe-Mekong Project, Mahidol-Oxford Tropical Medicine Research Unit, Faculty of Tropical Medicine, Mahidol University",https://doi.org/10.1038/s41467-025-59946-1
VNM,Viet Nam,Pfkelch13,P. falciparum,2020,100,100,C580Y,5,Bac Binh,Binh Thuan,11.2552,108.3801,"The GenRe-Mekong Project, Mahidol-Oxford Tropical Medicine Research Unit, Faculty of Tropical Medicine, Mahidol University",https://doi.org/10.1038/s41467-025-59946-1
VNM,Viet Nam,Pfkelch13,P. falciparum,2020,86,86,C580Y,7,Bu Gia Map,Binh Phuoc,12.0392,107.0539,"The GenRe-Mekong Project, Mahidol-Oxford Tropical Medicine Research Unit, Faculty of Tropical Medicine, Mahidol University",https://doi.org/10.1038/s41467-025-59946-1
VNM,Viet Nam,Pfkelch13,P. falciparum,2020,0,0,,4,Dong Ha,Quang Tri,16.7964,107.0835,"The GenRe-Mekong Project, Mahidol-Oxford Tropical Medicine Research Unit, Faculty of Tropical Medicine, Mahidol University",https://doi.org/10.1038/s41467-025-59946-1
VNM,Viet Nam,Pfkelch13,P. falciparum,2020,100,100,C580Y,16,Dong Xuan,Phu Yen,13.4253,109.0214,"The GenRe-Mekong Project, Mahidol-Oxford Tropical Medicine Research Unit, Faculty of Tropical Medicine, Mahidol University",https://doi.org/10.1038/s41467-025-59946-1
VNM,Viet Nam,Pfkelch13,P. falciparum,2020,100,100,C580Y,24,Ea Kar,Dak Lak,12.7554,108.5383,"The GenRe-Mekong Project, Mahidol-Oxford Tropical Medicine Research Unit, Faculty of Tropical Medicine, Mahidol University",https://doi.org/10.1038/s41467-025-59946-1
VNM,Viet Nam,Pfkelch13,P. falciparum,2020,100,100,C580Y,2,Ham Thuan Bac,Binh Thuan,11.1563,108.0324,"The GenRe-Mekong Project, Mahidol-Oxford Tropical Medicine Research Unit, Faculty of Tropical Medicine, Mahidol University",https://doi.org/10.1038/s41467-025-59946-1
VNM,Viet Nam,Pfkelch13,P. falciparum,2020,100,100,C580Y,7,Kong Chro,Gia Lai,13.7037,108.5701,"The GenRe-Mekong Project, Mahidol-Oxford Tropical Medicine Research Unit, Faculty of Tropical Medicine, Mahidol University",https://doi.org/10.1038/s41467-025-59946-1
VNM,Viet Nam,Pfkelch13,P. falciparum,2020,100,100,C580Y,19,Krông Năng,Dak Lak,13,108.417,"The GenRe-Mekong Project, Mahidol-Oxford Tropical Medicine Research Unit, Faculty of Tropical Medicine, Mahidol University",https://doi.org/10.1038/s41467-025-59946-1
VNM,Viet Nam,Pfkelch13,P. falciparum,2020,100,100,C580Y,37,Krong Nang and Ea Kar districts,Dak Lak,12.9765,108.4735,"National Institute of Malariology, Parasitology and Entomology",
VNM,Viet Nam,Pfkelch13,P. falciparum,2020,100,100,C580Y,129,Krong Pa,Gia Lai,13.2346,108.5179,"The GenRe-Mekong Project, Mahidol-Oxford Tropical Medicine Research Unit, Faculty of Tropical Medicine, Mahidol University",https://doi.org/10.1038/s41467-025-59946-1
VNM,Viet Nam,Pfkelch13,P. falciparum,2020,100,100,C580Y,50,Krong Pa and Ia Pa Districts,Gia Lai,13.3436,108.6386,"National Institute of Malariology, Parasitology and Entomology",
VNM,Viet Nam,Pfkelch13,P. falciparum,2020,100,100,C580Y,4,Pleiku,Gia Lai,13.9671,108.0129,"The GenRe-Mekong Project, Mahidol-Oxford Tropical Medicine Research Unit, Faculty of Tropical Medicine, Mahidol University",https://doi.org/10.1038/s41467-025-59946-1
VNM,Viet Nam,Pfkelch13,P. falciparum,2020,100,100,C580Y,9,Son Hoa,Phu Yen,13.1482,108.9644,"The GenRe-Mekong Project, Mahidol-Oxford Tropical Medicine Research Unit, Faculty of Tropical Medicine, Mahidol University",https://doi.org/10.1038/s41467-025-59946-1
VNM,Viet Nam,Pfkelch13,P. falciparum,2020,100,100,C580Y,13,Song Hinh,Phu Yen,12.917,108.917,"The GenRe-Mekong Project, Mahidol-Oxford Tropical Medicine Research Unit, Faculty of Tropical Medicine, Mahidol University",https://doi.org/10.1038/s41467-025-59946-1
VNM,Viet Nam,Pfkelch13,P. falciparum,2020,80,80,C580Y,5,Tuy Duc,Dak Nong,12.1576,107.4342,"National Institute of Malariology, Parasitology and Entomology",
VNM,Viet Nam,Pfkelch13,P. falciparum,2019,0,0,,8,Bac Ai,Ninh Thuan,11.8334,108.8551,"The GenRe-Mekong Project, Mahidol-Oxford Tropical Medicine Research Unit, Faculty of Tropical Medicine, Mahidol University",https://doi.org/10.1038/s41467-025-59946-1
VNM,Viet Nam,Pfkelch13,P. falciparum,2019,90,90,C580Y,20,Bu Gia Map,Binh Phuoc,12.0392,107.0539,"The GenRe-Mekong Project, Mahidol-Oxford Tropical Medicine Research Unit, Faculty of Tropical Medicine, Mahidol University",https://doi.org/10.7554/eLife.62997
VNM,Viet Nam,Pfkelch13,P. falciparum,2019,100,100,C580Y,4,Bu Gia Map and Bu Dang Districts,Binh Phuoc,11.9723,107.1483,"National Institute of Malariology, Parasitology and Entomology",
VNM,Viet Nam,Pfkelch13,P. falciparum,2019,89,89,C580Y,18,Buon Ma Thuot,Dak Lak,12.6667,108.05,"The GenRe-Mekong Project, Mahidol-Oxford Tropical Medicine Research Unit, Faculty of Tropical Medicine, Mahidol University",https://doi.org/10.1038/s41467-025-59946-1
VNM,Viet Nam,Pfkelch13,P. falciparum,2019,100,100,C580Y,24,Cu Jut,Dak Nong,12.6573,107.8656,"The GenRe-Mekong Project, Mahidol-Oxford Tropical Medicine Research Unit, Faculty of Tropical Medicine, Mahidol University",https://doi.org/10.7554/eLife.62997
VNM,Viet Nam,Pfkelch13,P. falciparum,2019,100,100,C580Y,37,Dak Nong Province,,12.2646,107.6098,"National Institute of Malariology, Parasitology and Entomology",
VNM,Viet Nam,Pfkelch13,P. falciparum,2019,17,17,C580Y,6,Dong Ha,Quang Tri,16.7964,107.0835,"The GenRe-Mekong Project, Mahidol-Oxford Tropical Medicine Research Unit, Faculty of Tropical Medicine, Mahidol University",https://doi.org/10.1038/s41467-025-59946-1
VNM,Viet Nam,Pfkelch13,P. falciparum,2019,99,99,C580Y,76,Dong Xuan,Phu Yen,13.4253,109.0214,"The GenRe-Mekong Project, Mahidol-Oxford Tropical Medicine Research Unit, Faculty of Tropical Medicine, Mahidol University",https://doi.org/10.1038/s41467-025-59946-1
VNM,Viet Nam,Pfkelch13,P. falciparum,2019,75,75,C580Y,8,Duc Co,Gia Lai,13.7729,107.6544,"The GenRe-Mekong Project, Mahidol-Oxford Tropical Medicine Research Unit, Faculty of Tropical Medicine, Mahidol University",https://doi.org/10.7554/eLife.62997
VNM,Viet Nam,Pfkelch13,P. falciparum,2019,89,89,C580Y,9,Ea H'leo,Dak Lak,13.2445,108.1979,"The GenRe-Mekong Project, Mahidol-Oxford Tropical Medicine Research Unit, Faculty of Tropical Medicine, Mahidol University",https://doi.org/10.1038/s41467-025-59946-1
VNM,Viet Nam,Pfkelch13,P. falciparum,2019,98,98,C580Y,130,Ea Kar,Dak Lak,12.7554,108.5383,"The GenRe-Mekong Project, Mahidol-Oxford Tropical Medicine Research Unit, Faculty of Tropical Medicine, Mahidol University",https://doi.org/10.7554/eLife.62997
VNM,Viet Nam,Pfkelch13,P. falciparum,2019,67,67,C580Y,6,Ea Sup,Dak Lak,13.1862,107.7636,"The GenRe-Mekong Project, Mahidol-Oxford Tropical Medicine Research Unit, Faculty of Tropical Medicine, Mahidol University",https://doi.org/10.1038/s41467-025-59946-1
VNM,Viet Nam,Pfkelch13,P. falciparum,2019,100,100,C580Y,8,Ia Grai,Gia Lai,14,107.75,"The GenRe-Mekong Project, Mahidol-Oxford Tropical Medicine Research Unit, Faculty of Tropical Medicine, Mahidol University",https://doi.org/10.1038/s41467-025-59946-1
VNM,Viet Nam,Pfkelch13,P. falciparum,2019,50,50,C580Y,2,Ia H' Drai,Kon Tum,14.1026,107.4543,"The GenRe-Mekong Project, Mahidol-Oxford Tropical Medicine Research Unit, Faculty of Tropical Medicine, Mahidol University",https://doi.org/10.1038/s41467-025-59946-1
VNM,Viet Nam,Pfkelch13,P. falciparum,2019,63,63,C580Y,54,Ia Pa,Gia Lai,13.5343,108.566,"The GenRe-Mekong Project, Mahidol-Oxford Tropical Medicine Research Unit, Faculty of Tropical Medicine, Mahidol University",https://doi.org/10.7554/eLife.62997
VNM,Viet Nam,Pfkelch13,P. falciparum,2019,0,14,A578S,7,Khanh Vinh,Khánh Hòa,12.2744,108.9175,"The GenRe-Mekong Project, Mahidol-Oxford Tropical Medicine Research Unit, Faculty of Tropical Medicine, Mahidol University",https://doi.org/10.7554/eLife.62997
VNM,Viet Nam,Pfkelch13,P. falciparum,2019,100,100,C580Y,10,Kong Chro,Gia Lai,13.7037,108.5701,"The GenRe-Mekong Project, Mahidol-Oxford Tropical Medicine Research Unit, Faculty of Tropical Medicine, Mahidol University",https://doi.org/10.7554/eLife.62997
VNM,Viet Nam,Pfkelch13,P. falciparum,2019,100,100,C580Y,1,Krong Bong,Dak Lak,12.4695,108.5072,"The GenRe-Mekong Project, Mahidol-Oxford Tropical Medicine Research Unit, Faculty of Tropical Medicine, Mahidol University",https://doi.org/10.1038/s41467-025-59946-1
VNM,Viet Nam,Pfkelch13,P. falciparum,2019,100,100,C580Y,98,Krông Năng,Dak Lak,13,108.417,"National Institute of Malariology, Parasitology and Entomology",
VNM,Viet Nam,Pfkelch13,P. falciparum,2019,99,99,C580Y,122,Krông Năng,Dak Lak,13,108.417,"The GenRe-Mekong Project, Mahidol-Oxford Tropical Medicine Research Unit, Faculty of Tropical Medicine, Mahidol University",https://doi.org/10.1038/s41467-025-59946-1
VNM,Viet Nam,Pfkelch13,P. falciparum,2019,99,99,C580Y,389,Krong Pa,Gia Lai,13.2346,108.5179,"The GenRe-Mekong Project, Mahidol-Oxford Tropical Medicine Research Unit, Faculty of Tropical Medicine, Mahidol University",https://doi.org/10.7554/eLife.62997
VNM,Viet Nam,Pfkelch13,P. falciparum,2019,96.2,96.2,C580Y,52,Krong Pa and Ia Pa Districts,Gia Lai,13.3436,108.6386,"National Institute of Malariology, Parasitology and Entomology",
VNM,Viet Nam,Pfkelch13,P. falciparum,2019,100,100,C580Y,17,Krong Pa and Ia Pa Districts,Gia Lai,13.3436,108.6386,"National Institute of Malariology, Parasitology and Entomology",
VNM,Viet Nam,Pfkelch13,P. falciparum,2019,100,100,C580Y,3,M'Drak,Dak Lak,12.7308,108.8188,"The GenRe-Mekong Project, Mahidol-Oxford Tropical Medicine Research Unit, Faculty of Tropical Medicine, Mahidol University",https://doi.org/10.1038/s41467-025-59946-1
VNM,Viet Nam,Pfkelch13,P. falciparum,2019,88,88,C580Y,17,Pleiku,Gia Lai,13.9671,108.0129,"The GenRe-Mekong Project, Mahidol-Oxford Tropical Medicine Research Unit, Faculty of Tropical Medicine, Mahidol University",https://doi.org/10.1038/s41467-025-59946-1
VNM,Viet Nam,Pfkelch13,P. falciparum,2019,100,100,C580Y,29,Son Hoa,Phu Yen,13.1482,108.9644,"The GenRe-Mekong Project, Mahidol-Oxford Tropical Medicine Research Unit, Faculty of Tropical Medicine, Mahidol University",https://doi.org/10.1038/s41467-025-59946-1
VNM,Viet Nam,Pfkelch13,P. falciparum,2019,100,100,C580Y,75,Song Hinh,Phu Yen,12.917,108.917,"The GenRe-Mekong Project, Mahidol-Oxford Tropical Medicine Research Unit, Faculty of Tropical Medicine, Mahidol University",https://doi.org/10.1038/s41467-025-59946-1
VNM,Viet Nam,Pfkelch13,P. falciparum,2019,100,100,C580Y,22,Tuy Duc,Dak Nong,12.1576,107.4342,"The GenRe-Mekong Project, Mahidol-Oxford Tropical Medicine Research Unit, Faculty of Tropical Medicine, Mahidol University",https://doi.org/10.1038/s41467-025-59946-1
VNM,Viet Nam,Pfkelch13,P. falciparum,2019,100,100,C580Y,49,Tuy Duc and Cu Jut districts,Dak Nong,12.3421,107.5557,"National Institute of Malariology, Parasitology and Entomology",
VNM,Viet Nam,Pfkelch13,P. falciparum,2018,0,0,,3,Bac Ai,Ninh Thuan,11.8334,108.8551,"The GenRe-Mekong Project, Mahidol-Oxford Tropical Medicine Research Unit, Faculty of Tropical Medicine, Mahidol University",https://doi.org/10.7554/eLife.62997
VNM,Viet Nam,Pfkelch13,P. falciparum,2018,82,82,C580Y,50,Binh Phouc and Khanh Hoa Provinces,,11.9497,107.3364,"Mahidol Oxford Tropical Medicine Research Unit, Faculty of Tropical Medicine, Mahidol University, Bangkok, Thailand; Centre for Tropical Medicine and Global Health, Nuffield Department of Medicine, University of Oxford, Oxford, United Kingdom",https://pubmed.ncbi.nlm.nih.gov/35276064/
VNM,Viet Nam,Pfkelch13,P. falciparum,2018,86,86,C580Y,43,Binh Phuoc Province,,11.7512,106.7235,"Institute of Biomedicine and Pharmacy, Vietnam Military Medical University",https://pubmed.ncbi.nlm.nih.gov/38929629/
VNM,Viet Nam,Pfkelch13,P. falciparum,2018,93,93,C580Y,14,Bu Dang,Binh Phuoc,11.7693,107.1485,"The GenRe-Mekong Project, Mahidol-Oxford Tropical Medicine Research Unit, Faculty of Tropical Medicine, Mahidol University",https://doi.org/10.7554/eLife.62997
VNM,Viet Nam,Pfkelch13,P. falciparum,2018,93,93,C580Y,15,Bu Dop,Binh Phuoc,11.9856,106.7636,"The GenRe-Mekong Project, Mahidol-Oxford Tropical Medicine Research Unit, Faculty of Tropical Medicine, Mahidol University",https://doi.org/10.7554/eLife.62997
VNM,Viet Nam,Pfkelch13,P. falciparum,2018,94,94,C580Y,286,Bu Gia Map,Binh Phuoc,12.0392,107.0539,"The GenRe-Mekong Project, Mahidol-Oxford Tropical Medicine Research Unit, Faculty of Tropical Medicine, Mahidol University",https://doi.org/10.7554/eLife.62997
VNM,Viet Nam,Pfkelch13,P. falciparum,2018,87,87,C580Y,23,Buon Don,Dak Lak,12.8792,107.7163,"The GenRe-Mekong Project, Mahidol-Oxford Tropical Medicine Research Unit, Faculty of Tropical Medicine, Mahidol University",https://doi.org/10.7554/eLife.62997
VNM,Viet Nam,Pfkelch13,P. falciparum,2018,100,100,C580Y,44,Buon Ma Thuot,Dak Lak,12.6667,108.05,"The GenRe-Mekong Project, Mahidol-Oxford Tropical Medicine Research Unit, Faculty of Tropical Medicine, Mahidol University",https://doi.org/10.1038/s41467-025-59946-1
VNM,Viet Nam,Pfkelch13,P. falciparum,2018,85,85,C580Y,27,Cu Jut,Dak Nong,12.6573,107.8656,"The GenRe-Mekong Project, Mahidol-Oxford Tropical Medicine Research Unit, Faculty of Tropical Medicine, Mahidol University",https://doi.org/10.7554/eLife.62997
VNM,Viet Nam,Pfkelch13,P. falciparum,2018,92,92,C580Y,50,Cu Jut and Dak Mil districts,Dak Nong,12.6123,107.7287,"National Institute of Malariology, Parasitology and Entomology",https://pubmed.ncbi.nlm.nih.gov/34570647/
VNM,Viet Nam,Pfkelch13,P. falciparum,2018,100,100,C580Y,3,Cu M'gar,Dak Lak,12.8889,108.0319,"The GenRe-Mekong Project, Mahidol-Oxford Tropical Medicine Research Unit, Faculty of Tropical Medicine, Mahidol University",https://doi.org/10.1038/s41467-025-59946-1
VNM,Viet Nam,Pfkelch13,P. falciparum,2018,83.6,83.6,C580Y,55,Cu M'gar and Lak districts,Dak Lak,12.3424,108.2429,"Institute of Malariology, Parasitology and Entomology",https://pubmed.ncbi.nlm.nih.gov/33526483/
VNM,Viet Nam,Pfkelch13,P. falciparum,2018,0,0,,10,Da Krong,Quang Tri,16.5788,106.9769,"The GenRe-Mekong Project, Mahidol-Oxford Tropical Medicine Research Unit, Faculty of Tropical Medicine, Mahidol University",https://doi.org/10.1038/s41467-025-59946-1
VNM,Viet Nam,Pfkelch13,P. falciparum,2018,67,67,C580Y,18,Dak Nong Province,,12.2646,107.6098,"Institute of Biomedicine and Pharmacy, Vietnam Military Medical University",https://pubmed.ncbi.nlm.nih.gov/38929629/
VNM,Viet Nam,Pfkelch13,P. falciparum,2018,0,0,,2,Dong Ha,Quang Tri,16.7964,107.0835,"The GenRe-Mekong Project, Mahidol-Oxford Tropical Medicine Research Unit, Faculty of Tropical Medicine, Mahidol University",https://doi.org/10.7554/eLife.62997
VNM,Viet Nam,Pfkelch13,P. falciparum,2018,90,90,C580Y,42,Duc Co,Gia Lai,13.7729,107.6544,"The GenRe-Mekong Project, Mahidol-Oxford Tropical Medicine Research Unit, Faculty of Tropical Medicine, Mahidol University",https://doi.org/10.7554/eLife.62997
VNM,Viet Nam,Pfkelch13,P. falciparum,2018,100,100,C580Y,5,Ea H'leo,Dak Lak,13.2445,108.1979,"The GenRe-Mekong Project, Mahidol-Oxford Tropical Medicine Research Unit, Faculty of Tropical Medicine, Mahidol University",https://doi.org/10.1038/s41467-025-59946-1
VNM,Viet Nam,Pfkelch13,P. falciparum,2018,100,100,C580Y,13,Ea Sup,Dak Lak,13.1862,107.7636,"The GenRe-Mekong Project, Mahidol-Oxford Tropical Medicine Research Unit, Faculty of Tropical Medicine, Mahidol University",https://doi.org/10.7554/eLife.62997
VNM,Viet Nam,Pfkelch13,P. falciparum,2018,100,100,C580Y,1,Hon Quan,Binh Phuoc,11.5878,106.6525,"The GenRe-Mekong Project, Mahidol-Oxford Tropical Medicine Research Unit, Faculty of Tropical Medicine, Mahidol University",https://doi.org/10.7554/eLife.62997
VNM,Viet Nam,Pfkelch13,P. falciparum,2018,0,0,,6,Huong Hoa,Quang Tri,16.6496,106.6763,"The GenRe-Mekong Project, Mahidol-Oxford Tropical Medicine Research Unit, Faculty of Tropical Medicine, Mahidol University",https://doi.org/10.7554/eLife.62997
VNM,Viet Nam,Pfkelch13,P. falciparum,2018,82,82,C580Y,17,Ia Grai,Gia Lai,14,107.75,"The GenRe-Mekong Project, Mahidol-Oxford Tropical Medicine Research Unit, Faculty of Tropical Medicine, Mahidol University",https://doi.org/10.7554/eLife.62997
VNM,Viet Nam,Pfkelch13,P. falciparum,2018,39.1,39.1,C580Y,23,Ia Hdrai and Ngoc Hoi districts,Kon Tum,14.4194,107.5632,"Institute of Malariology, Parasitology and Entomology",https://pubmed.ncbi.nlm.nih.gov/33526483/
VNM,Viet Nam,Pfkelch13,P. falciparum,2018,22,22,C580Y,27,Ia Pa,Gia Lai,13.5343,108.566,"The GenRe-Mekong Project, Mahidol-Oxford Tropical Medicine Research Unit, Faculty of Tropical Medicine, Mahidol University",https://doi.org/10.7554/eLife.62997
VNM,Viet Nam,Pfkelch13,P. falciparum,2018,38.5,38.5,C580Y,13,Kbang and Kong Chro districts,Gia Lai,13.9086,108.5933,"Institute of Malariology, Parasitology and Entomology",https://pubmed.ncbi.nlm.nih.gov/33526483/
VNM,Viet Nam,Pfkelch13,P. falciparum,2018,9,9,P553L,44,Khanh Vinh,Khánh Hòa,12.2744,108.9175,"The GenRe-Mekong Project, Mahidol-Oxford Tropical Medicine Research Unit, Faculty of Tropical Medicine, Mahidol University",https://doi.org/10.7554/eLife.62997
VNM,Viet Nam,Pfkelch13,P. falciparum,2018,97,97,C580Y,306,Krong Pa,Gia Lai,13.2346,108.5179,"The GenRe-Mekong Project, Mahidol-Oxford Tropical Medicine Research Unit, Faculty of Tropical Medicine, Mahidol University",https://doi.org/10.7554/eLife.62997
VNM,Viet Nam,Pfkelch13,P. falciparum,2018,93,93,C580Y,29,Pleiku,Gia Lai,13.9671,108.0129,"The GenRe-Mekong Project, Mahidol-Oxford Tropical Medicine Research Unit, Faculty of Tropical Medicine, Mahidol University",https://doi.org/10.1038/s41467-025-59946-1
VNM,Viet Nam,Pfkelch13,P. falciparum,2018,100,100,C580Y,34,Tuy Duc,Dak Nong,12.1576,107.4342,"The GenRe-Mekong Project, Mahidol-Oxford Tropical Medicine Research Unit, Faculty of Tropical Medicine, Mahidol University",https://doi.org/10.7554/eLife.62997
VNM,Viet Nam,Pfkelch13,P. falciparum,2018,80.6,80.6,C580Y,36,Tuy Duc and Cu Jut districts,Dak Nong,12.3421,107.5557,"Institute of Malariology, Parasitology and Entomology",https://pubmed.ncbi.nlm.nih.gov/33526483/
VNM,Viet Nam,Pfkelch13,P. falciparum,2017,3.4,3.4,C580Y,29,Bac Ai,Ninh Thuan,11.8334,108.8551,"National Institute of Malariology, Parasitology and Entomology",
VNM,Viet Nam,Pfkelch13,P. falciparum,2017,3.6,3.6,C580Y,28,Bac Ai,Ninh Thuan,11.8334,108.8551,"National Institute of Malariology, Parasitology and Entomology",
VNM,Viet Nam,Pfkelch13,P. falciparum,2017,23,23,C580Y,13,Bac Ai,Ninh Thuan,11.8334,108.8551,"The GenRe-Mekong Project, Mahidol-Oxford Tropical Medicine Research Unit, Faculty of Tropical Medicine, Mahidol University",https://doi.org/10.7554/eLife.62997
VNM,Viet Nam,Pfkelch13,P. falciparum,2017,97.7,97.7,C580Y,44,Bu Dang,Binh Phuoc,11.7693,107.1485,"National Institute of Malariology, Parasitology and Entomology",
VNM,Viet Nam,Pfkelch13,P. falciparum,2017,97.4,97.4,C580Y,38,Bu Gia Map,Binh Phuoc,12.0392,107.0539,"National Institute of Malariology, Parasitology and Entomology",
VNM,Viet Nam,Pfkelch13,P. falciparum,2017,89,89,C580Y,112,Bu Gia Map,Binh Phuoc,12.0392,107.0539,"The GenRe-Mekong Project, Mahidol-Oxford Tropical Medicine Research Unit, Faculty of Tropical Medicine, Mahidol University",https://doi.org/10.7554/eLife.62997
VNM,Viet Nam,Pfkelch13,P. falciparum,2017,97,97,C580Y,31,Buon Don,Dak Lak,12.8792,107.7163,"The GenRe-Mekong Project, Mahidol-Oxford Tropical Medicine Research Unit, Faculty of Tropical Medicine, Mahidol University",https://doi.org/10.7554/eLife.62997
VNM,Viet Nam,Pfkelch13,P. falciparum,2017,93,93,C580Y,45,Buon Ma Thuot,Dak Lak,12.6667,108.05,"The GenRe-Mekong Project, Mahidol-Oxford Tropical Medicine Research Unit, Faculty of Tropical Medicine, Mahidol University",https://doi.org/10.1038/s41467-025-59946-1
VNM,Viet Nam,Pfkelch13,P. falciparum,2017,0,0,,2,Cam Lam,Khánh Hòa,12.0017,109.2233,"The GenRe-Mekong Project, Mahidol-Oxford Tropical Medicine Research Unit, Faculty of Tropical Medicine, Mahidol University",https://doi.org/10.7554/eLife.62997
VNM,Viet Nam,Pfkelch13,P. falciparum,2017,92.3,92.3,C580Y,13,Cu Jut,Dak Nong,12.6573,107.8656,"National Institute of Malariology, Parasitology and Entomology",
VNM,Viet Nam,Pfkelch13,P. falciparum,2017,100,100,C580Y,25,Cu Jut,Dak Nong,12.6573,107.8656,"The GenRe-Mekong Project, Mahidol-Oxford Tropical Medicine Research Unit, Faculty of Tropical Medicine, Mahidol University",https://doi.org/10.7554/eLife.62997
VNM,Viet Nam,Pfkelch13,P. falciparum,2017,100,100,C580Y,4,Cu M'gar,Dak Lak,12.8889,108.0319,"The GenRe-Mekong Project, Mahidol-Oxford Tropical Medicine Research Unit, Faculty of Tropical Medicine, Mahidol University",https://doi.org/10.1038/s41467-025-59946-1
VNM,Viet Nam,Pfkelch13,P. falciparum,2017,29,29,C580Y,21,Dong Ha,Quang Tri,16.7964,107.0835,"The GenRe-Mekong Project, Mahidol-Oxford Tropical Medicine Research Unit, Faculty of Tropical Medicine, Mahidol University",https://doi.org/10.7554/eLife.62997
VNM,Viet Nam,Pfkelch13,P. falciparum,2017,93,93,C580Y,83,Dong Xoai,Binh Phuoc,11.5219,106.8608,"The GenRe-Mekong Project, Mahidol-Oxford Tropical Medicine Research Unit, Faculty of Tropical Medicine, Mahidol University",https://doi.org/10.1038/s41467-025-59946-1
VNM,Viet Nam,Pfkelch13,P. falciparum,2017,79,79,C580Y,66,Duc Co,Gia Lai,13.7729,107.6544,"The GenRe-Mekong Project, Mahidol-Oxford Tropical Medicine Research Unit, Faculty of Tropical Medicine, Mahidol University",https://doi.org/10.7554/eLife.62997
VNM,Viet Nam,Pfkelch13,P. falciparum,2017,95,95,C580Y,21,Ea H'leo,Dak Lak,13.2445,108.1979,"The GenRe-Mekong Project, Mahidol-Oxford Tropical Medicine Research Unit, Faculty of Tropical Medicine, Mahidol University",https://doi.org/10.1038/s41467-025-59946-1
VNM,Viet Nam,Pfkelch13,P. falciparum,2017,100,100,C580Y,26,Ea Kar,Dak Lak,12.7554,108.5383,"The GenRe-Mekong Project, Mahidol-Oxford Tropical Medicine Research Unit, Faculty of Tropical Medicine, Mahidol University",https://doi.org/10.7554/eLife.62997
VNM,Viet Nam,Pfkelch13,P. falciparum,2017,95,95,C580Y,19,Ea Sup,Dak Lak,13.1862,107.7636,"The GenRe-Mekong Project, Mahidol-Oxford Tropical Medicine Research Unit, Faculty of Tropical Medicine, Mahidol University",https://doi.org/10.7554/eLife.62997
VNM,Viet Nam,Pfkelch13,P. falciparum,2017,51.6,57.9,C580Y,64,Gia Lai Province,,13.8079,108.1094,"National Institute of Malariology, Parasitology and Entomology",
VNM,Viet Nam,Pfkelch13,P. falciparum,2017,90,90,C580Y,30,Ia Grai,Gia Lai,14,107.75,"The GenRe-Mekong Project, Mahidol-Oxford Tropical Medicine Research Unit, Faculty of Tropical Medicine, Mahidol University",https://doi.org/10.7554/eLife.62997
VNM,Viet Nam,Pfkelch13,P. falciparum,2017,22,25,C580Y,36,Ia Pa,Gia Lai,13.5343,108.566,"The GenRe-Mekong Project, Mahidol-Oxford Tropical Medicine Research Unit, Faculty of Tropical Medicine, Mahidol University",https://doi.org/10.7554/eLife.62997
VNM,Viet Nam,Pfkelch13,P. falciparum,2017,66.7,66.7,P553L,9,Khanh Vinh,Khánh Hòa,12.2744,108.9175,"National Institute of Malariology, Parasitology and Entomology",
VNM,Viet Nam,Pfkelch13,P. falciparum,2017,52,52,P553L,21,Khanh Vinh,Khánh Hòa,12.2744,108.9175,"The GenRe-Mekong Project, Mahidol-Oxford Tropical Medicine Research Unit, Faculty of Tropical Medicine, Mahidol University",https://doi.org/10.7554/eLife.62997
VNM,Viet Nam,Pfkelch13,P. falciparum,2017,30,30,C580Y,10,Kong Chro,Gia Lai,13.7037,108.5701,"The GenRe-Mekong Project, Mahidol-Oxford Tropical Medicine Research Unit, Faculty of Tropical Medicine, Mahidol University",https://doi.org/10.7554/eLife.62997
VNM,Viet Nam,Pfkelch13,P. falciparum,2017,100,100,C580Y,1,Krông Năng,Dak Lak,13,108.417,"The GenRe-Mekong Project, Mahidol-Oxford Tropical Medicine Research Unit, Faculty of Tropical Medicine, Mahidol University",https://doi.org/10.7554/eLife.62997
VNM,Viet Nam,Pfkelch13,P. falciparum,2017,64.3,71.4,C580Y,28,Krong Pa,Gia Lai,13.2346,108.5179,"National Institute of Malariology, Parasitology and Entomology",
VNM,Viet Nam,Pfkelch13,P. falciparum,2017,79,79,C580Y,29,Krong Pa,Gia Lai,13.2346,108.5179,"The GenRe-Mekong Project, Mahidol-Oxford Tropical Medicine Research Unit, Faculty of Tropical Medicine, Mahidol University",https://doi.org/10.7554/eLife.62997
VNM,Viet Nam,Pfkelch13,P. falciparum,2017,50,50,C580Y,2,Nha Trang,Khánh Hòa,12.2388,109.1967,"The GenRe-Mekong Project, Mahidol-Oxford Tropical Medicine Research Unit, Faculty of Tropical Medicine, Mahidol University",https://doi.org/10.1038/s41467-025-59946-1
VNM,Viet Nam,Pfkelch13,P. falciparum,2017,0,0,,4,Ninh Son,Ninh Thuan,11.6889,108.7363,"The GenRe-Mekong Project, Mahidol-Oxford Tropical Medicine Research Unit, Faculty of Tropical Medicine, Mahidol University",https://doi.org/10.7554/eLife.62997
VNM,Viet Nam,Pfkelch13,P. falciparum,2017,62,66,C580Y,47,Pleiku,Gia Lai,13.9671,108.0129,"The GenRe-Mekong Project, Mahidol-Oxford Tropical Medicine Research Unit, Faculty of Tropical Medicine, Mahidol University",https://doi.org/10.1038/s41467-025-59946-1
VNM,Viet Nam,Pfkelch13,P. falciparum,2017,0,0,,4,Thuan Bac,Ninh Thuan,11.7533,109.0691,"The GenRe-Mekong Project, Mahidol-Oxford Tropical Medicine Research Unit, Faculty of Tropical Medicine, Mahidol University",https://doi.org/10.7554/eLife.62997
VNM,Viet Nam,Pfkelch13,P. falciparum,2017,96.1,96.1,C580Y,26,Tuy Duc,Dak Nong,12.1576,107.4342,"National Institute of Malariology, Parasitology and Entomology",
VNM,Viet Nam,Pfkelch13,P. falciparum,2017,90,90,C580Y,30,Tuy Duc,Dak Nong,12.1576,107.4342,"The GenRe-Mekong Project, Mahidol-Oxford Tropical Medicine Research Unit, Faculty of Tropical Medicine, Mahidol University",https://doi.org/10.7554/eLife.62997
VNM,Viet Nam,Pfkelch13,P. falciparum,2016,72,72,C580Y,18,Bu Gia Map,Binh Phuoc,12.0392,107.0539,"The GenRe-Mekong Project, Mahidol-Oxford Tropical Medicine Research Unit, Faculty of Tropical Medicine, Mahidol University",https://doi.org/10.7554/eLife.62997
VNM,Viet Nam,Pfkelch13,P. falciparum,2016,100,100,C580Y,21,Dong Xoai,Binh Phuoc,11.5219,106.8608,"The GenRe-Mekong Project, Mahidol-Oxford Tropical Medicine Research Unit, Faculty of Tropical Medicine, Mahidol University",https://doi.org/10.1038/s41467-025-59946-1
VNM,Viet Nam,Pfkelch13,P. falciparum,2015,3.6,3.6,C580Y,55,Bac Ai,Ninh Thuan,11.8334,108.8551,"Oxford University Clinical Research Unit, Wellcome Trust Major Overseas Programme",https://www.ncbi.nlm.nih.gov/pubmed/28086775
VNM,Viet Nam,Pfkelch13,P. falciparum,2015,3.8,3.8,C580Y,53,Bac Ai,Ninh Thuan,11.8334,108.8551,"Oxford University Clinical Research Unit, Wellcome Trust Major Overseas Programme",https://www.ncbi.nlm.nih.gov/pubmed/28137815
VNM,Viet Nam,Pfkelch13,P. falciparum,2015,68.41,73.68,C580Y,11,Binh Phuoc Province,,11.7512,106.7235,Institute of Tropical Medicine,https://pubmed.ncbi.nlm.nih.gov/37626131/
VNM,Viet Nam,Pfkelch13,P. falciparum,2015,72.7,72.7,C580Y,66,Bu Gia Map,Binh Phuoc,12.0392,107.0539,"Oxford University Clinical Research Unit, Wellcome Trust Major Overseas Programme",https://www.ncbi.nlm.nih.gov/pubmed/28086775
VNM,Viet Nam,Pfkelch13,P. falciparum,2015,94.1,94.1,C580Y,120,Bu Gia Map,Binh Phuoc,12.0392,107.0539,"Mahidol Oxford Tropical Medicine Research Unit, Mahidol University",https://pubmed.ncbi.nlm.nih.gov/32171078/
VNM,Viet Nam,Pfkelch13,P. falciparum,2015,70,83.33,C580Y,18,Gia Lai Province,,13.8079,108.1094,Institute of Tropical Medicine,https://pubmed.ncbi.nlm.nih.gov/37626131/
VNM,Viet Nam,Pfkelch13,P. falciparum,2015,74.1,74.1,C580Y,27,Krong Pa,Gia Lai,13.2346,108.5179,"Oxford University Clinical Research Unit, Wellcome Trust Major Overseas Programme",https://www.ncbi.nlm.nih.gov/pubmed/28086775
VNM,Viet Nam,Pfkelch13,P. falciparum,2015,75.8,75.8,C580Y,29,Krong Pa,Gia Lai,13.2346,108.5179,University of Sassari,https://www.ncbi.nlm.nih.gov/pubmed/30939179
VNM,Viet Nam,Pfkelch13,P. falciparum,2015,63,63,C580Y,27,Krong Pa,Gia Lai,13.2346,108.5179,"Oxford University Clinical Research Unit, Wellcome Trust Major Overseas Programme",https://www.ncbi.nlm.nih.gov/pubmed/28137815
VNM,Viet Nam,Pfkelch13,P. falciparum,2015,68.9,86.7,C580Y,45,Krong Pa,Gia Lai,13.2346,108.5179,Institute of Tropical Medicine,https://pubmed.ncbi.nlm.nih.gov/32437557/
VNM,Viet Nam,Pfkelch13,P. falciparum,2015,15,15,C580Y,20,Thuan Bac,Ninh Thuan,11.7533,109.0691,University of Sassari,https://www.ncbi.nlm.nih.gov/pubmed/30939179
VNM,Viet Nam,Pfkelch13,P. falciparum,2015,0,0,,26,Thuan Bac,Ninh Thuan,11.7533,109.0691,Vietnam People's Army Military Institute of Preventive Medicine,https://www.ncbi.nlm.nih.gov/pubmed/30654808
VNM,Viet Nam,Pfkelch13,P. falciparum,2014,7.2,7.2,C580Y,56,Bac Ai,Ninh Thuan,11.8334,108.8551,"Oxford University Clinical Research Unit, Wellcome Trust Major Overseas Programme",https://www.ncbi.nlm.nih.gov/pubmed/28086775
VNM,Viet Nam,Pfkelch13,P. falciparum,2014,39.5,39.5,C580Y,86,Binh Phuoc Province,,11.7512,106.7235,"Oxford University Clinical Research Unit, Wellcome Trust Major Overseas Programme",https://www.ncbi.nlm.nih.gov/pubmed/28137815
VNM,Viet Nam,Pfkelch13,P. falciparum,2014,73,73,C580Y,26,Binh Phuoc Province,,11.7512,106.7235,Medicines for Malaria Venture,https://www.ncbi.nlm.nih.gov/pubmed/30967148
VNM,Viet Nam,Pfkelch13,P. falciparum,2014,60,61.8,C580Y,55,Bu Dang,Binh Phuoc,11.7693,107.1485,"National Institute of Malariology, Parasitology and Entomology",
VNM,Viet Nam,Pfkelch13,P. falciparum,2014,44.6,44.6,C580Y,65,Bu Gia Map,Binh Phuoc,12.0392,107.0539,"Oxford University Clinical Research Unit, Wellcome Trust Major Overseas Programme",https://www.ncbi.nlm.nih.gov/pubmed/28086775
VNM,Viet Nam,Pfkelch13,P. falciparum,2014,53.9,69.3,P553L,13,Gia Lai Province,,13.8079,108.1094,Medicines for Malaria Venture,https://www.ncbi.nlm.nih.gov/pubmed/30967148
VNM,Viet Nam,Pfkelch13,P. falciparum,2014,1.2,1.2,C580Y,84,Huong Hoa,Quang Tri,16.6496,106.6763,University of Sassari,https://www.ncbi.nlm.nih.gov/pubmed/30939179
VNM,Viet Nam,Pfkelch13,P. falciparum,2014,67.8,67.8,P553L,28,Khanh Hoa Province,,12.3181,108.5073,Medicines for Malaria Venture,https://www.ncbi.nlm.nih.gov/pubmed/30967148
VNM,Viet Nam,Pfkelch13,P. falciparum,2014,30.4,30.4,P553L,46,Khanh Vinh,Khánh Hòa,12.2744,108.9175,"National Institute of Malariology, Parasitology and Entomology",
VNM,Viet Nam,Pfkelch13,P. falciparum,2014,45.6,49.1,C580Y,57,Krong Pa,Gia Lai,13.2346,108.5179,"Oxford University Clinical Research Unit, Wellcome Trust Major Overseas Programme",https://www.ncbi.nlm.nih.gov/pubmed/28137815
VNM,Viet Nam,Pfkelch13,P. falciparum,2014,41.7,41.7,C580Y,12,Ngoc Hoi,Kon Tum,14.671,107.6215,"National Institute of Malariology, Parasitology and Entomology",
VNM,Viet Nam,Pfkelch13,P. falciparum,2014,0,0,,1,Quang Tri Province,,16.7469,107.194,Medicines for Malaria Venture,https://www.ncbi.nlm.nih.gov/pubmed/30967148
VNM,Viet Nam,Pfkelch13,P. falciparum,2013,6.5,6.5,Y493H,77,Bac Ai,Ninh Thuan,11.8334,108.8551,"Oxford University Clinical Research Unit, Wellcome Trust Major Overseas Programme",https://www.ncbi.nlm.nih.gov/pubmed/28086775
VNM,Viet Nam,Pfkelch13,P. falciparum,2013,27.1,27.1,Y493H,48,Binh Phuoc Province,,11.7512,106.7235,"Oxford University Clinical Research Unit, Wellcome Trust Major Overseas Programme",https://www.ncbi.nlm.nih.gov/pubmed/28137815
VNM,Viet Nam,Pfkelch13,P. falciparum,2013,42.66,49.33,R539T,47,Binh Phuoc Province,,11.7512,106.7235,Institute of Tropical Medicine,https://pubmed.ncbi.nlm.nih.gov/37626131/
VNM,Viet Nam,Pfkelch13,P. falciparum,2013,36.9,36.9,Y493H,65,Bu Gia Map,Binh Phuoc,12.0392,107.0539,"Oxford University Clinical Research Unit, Wellcome Trust Major Overseas Programme",https://www.ncbi.nlm.nih.gov/pubmed/28086775
VNM,Viet Nam,Pfkelch13,P. falciparum,2013,0,3,P475L,69,Ea Sup,Dak Lak,13.1862,107.7636,"National Institute of Malariology, Parasitology and Entomology",
VNM,Viet Nam,Pfkelch13,P. falciparum,2013,39.13,41.3,P553L,27,Khanh Hoa Province,,12.3181,108.5073,Institute of Tropical Medicine,https://pubmed.ncbi.nlm.nih.gov/37626131/
VNM,Viet Nam,Pfkelch13,P. falciparum,2013,0,0,,75,Ninh Thuan Province,,11.5826,108.9912,Institute of Tropical Medicine,https://pubmed.ncbi.nlm.nih.gov/37626131/
VNM,Viet Nam,Pfkelch13,P. falciparum,2013,50,100,I543T,6,Quang Nam Province,,15.5833,107.9167,Institute of Tropical Medicine,https://pubmed.ncbi.nlm.nih.gov/37626131/
VNM,Viet Nam,Pfkelch13,P. falciparum,2012,32.9,32.9,Y493H,76,Binh Phuoc Province,,11.7512,106.7235,"Oxford University Clinical Research Unit, Wellcome Trust Major Overseas Programme",https://www.ncbi.nlm.nih.gov/pubmed/28137815
VNM,Viet Nam,Pfkelch13,P. falciparum,2012,64.3,64.3,C580Y,28,Bu Dang,Binh Phuoc,11.7693,107.1485,"National Institute of Malariology, Parasitology and Entomology",http://www.ncbi.nlm.nih.gov/pubmed/27332904
VNM,Viet Nam,Pfkelch13,P. falciparum,2012,38,38,Y493H,50,Bu Gia Map,Binh Phuoc,12.0392,107.0539,"Oxford University Clinical Research Unit, Wellcome Trust Major Overseas Programme",https://www.ncbi.nlm.nih.gov/pubmed/28086775
VNM,Viet Nam,Pfkelch13,P. falciparum,2012,0,0,,64,Huong Hoa,Quang Tri,16.6496,106.6763,"National Institute of Malariology, Parasitology and Entomology",http://www.ncbi.nlm.nih.gov/pubmed/27332904
VNM,Viet Nam,Pfkelch13,P. falciparum,2012,82,82,I543T,83,Nam Trà My,Quang Nam,15.2425,107.9617,Institute of Tropical Medicine,http://www.ncbi.nlm.nih.gov/pubmed/25224002
VNM,Viet Nam,Pfkelch13,P. falciparum,2012,29.7,45.9,P553L,37,Phu Thien,Gia Lai,13.4589,108.2852,"National Institute of Malariology, Parasitology and Entomology",http://www.ncbi.nlm.nih.gov/pubmed/27332904
VNM,Viet Nam,Pfkelch13,P. falciparum,2012,69.6,76.1,C580Y,46,Tuy Duc,Dak Nong,12.1576,107.4342,"National Institute of Malariology, Parasitology and Entomology",http://www.ncbi.nlm.nih.gov/pubmed/27332904
VNM,Viet Nam,Pfkelch13,P. falciparum,2011,38.2,43.3,P553L,136,Binh Phuoc Province,,11.7512,106.7235,"Oxford University Clinical Research Unit, Wellcome Trust Major Overseas Programme",https://www.ncbi.nlm.nih.gov/pubmed/28137815
VNM,Viet Nam,Pfkelch13,P. falciparum,2011,55.54,59.26,Y493H,20,Binh Phuoc Province,,11.7512,106.7235,Institute of Tropical Medicine,https://pubmed.ncbi.nlm.nih.gov/37626131/
VNM,Viet Nam,Pfkelch13,P. falciparum,2011,25.2,27.1,I543T,103,Bu Gia Map,Binh Phuoc,12.0392,107.0539,Tracking Resistance to Artemisinin Collaboration,http://www.ncbi.nlm.nih.gov/pubmed/25075834
VNM,Viet Nam,Pfkelch13,P. falciparum,2011,45,50,P553L,18,Gia Lai Province,,13.8079,108.1094,Institute of Tropical Medicine,https://pubmed.ncbi.nlm.nih.gov/37626131/
VNM,Viet Nam,Pfkelch13,P. falciparum,2011,0,0,,20,Ia Grai,Gia Lai,14,107.75,"Oxford University Clinical Research Unit, Wellcome Trust Major Overseas Programme",https://www.ncbi.nlm.nih.gov/pubmed/28086775
VNM,Viet Nam,Pfkelch13,P. falciparum,2011,40,60,I543T,116,Khanh Hoa Province,,12.3181,108.5073,Institute of Tropical Medicine,https://pubmed.ncbi.nlm.nih.gov/37626131/
VNM,Viet Nam,Pfkelch13,P. falciparum,2011,11.25,17.5,K607E,80,Ninh Thuan Province,,11.5826,108.9912,Institute of Tropical Medicine,https://pubmed.ncbi.nlm.nih.gov/37626131/
VNM,Viet Nam,Pfkelch13,P. falciparum,2011,75.86,96.55,I543T,2,Quang Nam Province,,15.5833,107.9167,Institute of Tropical Medicine,https://pubmed.ncbi.nlm.nih.gov/37626131/
VNM,Viet Nam,Pfkelch13,P. falciparum,2010,21.8,25.2,I543T,147,Binh Phuoc Province,,11.7512,106.7235,"Oxford University Clinical Research Unit, Wellcome Trust Major Overseas Programme",https://www.ncbi.nlm.nih.gov/pubmed/28137815
VNM,Viet Nam,Pfkelch13,P. falciparum,2010,27.9,36.9,I543T,133,Phuoc Long,Binh Phuoc,11.8337,106.9949,"Howard Hughes Medical Institute, Center for Vaccine Development",https://www.ncbi.nlm.nih.gov/pubmed/25180241
VNM,Viet Nam,Pfkelch13,P. falciparum,2006,81.81,90.91,I543T,23,Gia Lai Province,,13.8079,108.1094,Institute of Tropical Medicine,https://pubmed.ncbi.nlm.nih.gov/37626131/
VNM,Viet Nam,Pfkelch13,P. falciparum,2006,4.35,8.7,R539T,10,Ninh Thuan Province,,11.5826,108.9912,Institute of Tropical Medicine,https://pubmed.ncbi.nlm.nih.gov/37626131/
VNM,Viet Nam,Pfkelch13,P. falciparum,2006,61.11,77.78,I543T,46,Quang Nam Province,,15.5833,107.9167,Institute of Tropical Medicine,https://pubmed.ncbi.nlm.nih.gov/37626131/
VNM,Viet Nam,Pfkelch13,P. falciparum,2006,0,0,,19,Quang Tri Province,,16.7469,107.194,Institute of Tropical Medicine,https://pubmed.ncbi.nlm.nih.gov/37626131/
VNM,Viet Nam,Pfkelch13,P. falciparum,2000,38.89,44.44,P553L,18,Binh Phuoc Province,,11.7512,106.7235,Institute of Tropical Medicine,https://pubmed.ncbi.nlm.nih.gov/37626131/
VNM,Viet Nam,Pfkelch13,P. falciparum,2000,45,55,I543T,19,Binh Thuan Province,Binh Thuan,10.9333,108.1,Institute of Tropical Medicine,https://pubmed.ncbi.nlm.nih.gov/37626131/
VNM,Viet Nam,Pfkelch13,P. falciparum,2000,12.77,23.4,I543T,20,Ninh Thuan Province,,11.5826,108.9912,Institute of Tropical Medicine,https://pubmed.ncbi.nlm.nih.gov/37626131/
YEM,Yemen,Pfkelch13,P. falciparum,2019,0,0,,99,Bajil,Al Hudaydah,15.1,43.4667,"National Malaria Control Programme, Yemen",
YEM,Yemen,Pfkelch13,P. falciparum,2019,0,0,,99,Bajil,Al Hudaydah,15.1,43.4667,,https://pubmed.ncbi.nlm.nih.gov/37705047/
YEM,Yemen,Pfkelch13,P. falciparum,2014,0,0,,86,Al Hudaydah Governorate,,14.8022,42.9511,"Faculty of Medicine, University of Malaya",http://www.ncbi.nlm.nih.gov/pubmed/27234587
ZAF,South Africa,Pfkelch13,P. falciparum,2018,0,0,,532,Mpumalanga Province,,-26,30,"Centre for Emerging Zoonotic and Parasitic Diseases, National Institute for Communicable Diseases",https://www.ncbi.nlm.nih.gov/pubmed/31438951
ZAF,South Africa,Pfkelch13,P. falciparum,2016,0,0,,5,Cases imported from South Africa to China,,-29.911,22.838,"National Institute of Parasitic Diseases, Chinese Center for Disease Control and Prevention, Key Laboratory of Parasite and Vector Biology, Schistosomiasis and Filariasis, MOH, and WHO Collaborating Centre for Malaria",https://pubmed.ncbi.nlm.nih.gov/32019571/
ZAF,South Africa,Pfkelch13,P. falciparum,2012,0,0,,1,Cases imported from South Africa to China,,-29.911,22.838,"Shandong Institute of Parasitic Diseases, Shandong Academy of Medical Sciences, Shandong Provincial Reference Laboratory for Malaria Diagnosis",https://pubmed.ncbi.nlm.nih.gov/30154519/
ZAF,South Africa,Pfkelch13,P. falciparum,2012,0,0,,1,Cases imported from South Africa to China,,-29.911,22.838,"National Institute of Parasitic Diseases, Chinese Center for Disease Control and Prevention, Chinese Center for Tropical Diseases Research, WHO Collaborating Center for Tropical Diseases, National Centre for International Research On Tropical Diseases, Ministry of Science and Technology, Key Laboratory of Parasite and Vector Biology, Ministry of Health China",https://pubmed.ncbi.nlm.nih.gov/33549122/
ZMB,Zambia,Pfkelch13,P. falciparum,2017,0,1.4,A578S,70,Southern and Western Provinces,,-16.3522,25.0917,"Centre for International Health, University of Bergen, Norway; University of Zambia",https://pubmed.ncbi.nlm.nih.gov/33002448/
ZMB,Zambia,Pfkelch13,P. falciparum,2016,0,0,,4,Cases imported from Zambia to China,,-14.559,27.5141,"National Institute of Parasitic Diseases, Chinese Center for Disease Control and Prevention, Key Laboratory of Parasite and Vector Biology, Schistosomiasis and Filariasis, MOH, and WHO Collaborating Centre for Malaria",https://pubmed.ncbi.nlm.nih.gov/32019571/
ZMB,Zambia,Pfkelch13,P. falciparum,2014,0,0,,3,Cases imported from Zambia to China,,-14.559,27.5141,"Institute of Parasitic Disease Prevention and Control, Guangxi Zhuang Autonomous Region Center for Disease Control and Prevention",https://pubmed.ncbi.nlm.nih.gov/31619243/
ZMB,Zambia,Pfkelch13,P. falciparum,2014,0,0,,1,Cases imported from Zambia to Italy,,-16.146,24.1776,Istituto Superiore di Sanità,https://pubmed.ncbi.nlm.nih.gov/33295621/
ZMB,Zambia,Pfkelch13,P. falciparum,2014,0,0,,14,Nchelenge,Luapula Province,-9,29,"Johns Hopkins Malaria Research Institute, Johns Hopkins University Bloomberg School of Public Health",https://pubmed.ncbi.nlm.nih.gov/33078701/
ZMB,Zambia,Pfkelch13,P. falciparum,2013,0,0,,45,Nchelenge,Luapula Province,-9,29,"Medical Research Council Centre for Global Infectious Disease Analysis, Imperial College London",https://pubmed.ncbi.nlm.nih.gov/32355199/
ZMB,Zambia,Pfkelch13,P. falciparum,2012,0,0,,19,Cases imported from Zambia to China,,-14.559,27.5141,Henan Province Center for Disease Control and Prevention,https://pubmed.ncbi.nlm.nih.gov/28797235/
ZMB,Zambia,Pfkelch13,P. falciparum,2012,0,0,,4,Cases imported from Zambia to China,,-14.559,27.5141,"Shandong Institute of Parasitic Diseases, Shandong Academy of Medical Sciences, Shandong Provincial Reference Laboratory for Malaria Diagnosis",https://pubmed.ncbi.nlm.nih.gov/30154519/
ZMB,Zambia,Pfkelch13,P. falciparum,2012,0,0,,1,Cases imported from Zambia to China,,-14.559,27.5141,Guizhou Medical University,https://pubmed.ncbi.nlm.nih.gov/32677899/
ZMB,Zambia,Pfkelch13,P. falciparum,2012,0,0,,39,Cases imported from Zambia to China,,-14.559,27.5141,"National Institute of Parasitic Diseases, Chinese Center for Disease Control and Prevention, Chinese Center for Tropical Diseases Research, WHO Collaborating Center for Tropical Diseases, National Centre for International Research On Tropical Diseases, Ministry of Science and Technology, Key Laboratory of Parasite and Vector Biology, Ministry of Health China",https://pubmed.ncbi.nlm.nih.gov/33549122/
ZMB,Zambia,Pfkelch13,P. falciparum,2012,0.4,5.6,A578S,280,Nchelenge,Luapula Province,-9,29,Tropical Diseases Research Center,http://www.ncbi.nlm.nih.gov/pubmed/27332904
ZMB,Zambia,Pfkelch13,P. falciparum,2011,0,0,,10,Cases imported from Zambia to China,,-14.559,27.5141,Hubei University of Medicine,https://pubmed.ncbi.nlm.nih.gov/29941645/
ZWE,Zimbabwe,Pfkelch13,P. falciparum,2012,0,100,N664D,1,Cases imported from Zimbabwe to China,,-19.3641,30.4539,Henan Province Center for Disease Control and Prevention,https://pubmed.ncbi.nlm.nih.gov/28797235/
ZWE,Zimbabwe,Pfkelch13,P. falciparum,2012,0,0,,1,Cases imported from Zimbabwe to China,,-19.3641,30.4539,"National Institute of Parasitic Diseases, Chinese Center for Disease Control and Prevention, Chinese Center for Tropical Diseases Research, WHO Collaborating Center for Tropical Diseases, National Centre for International Research On Tropical Diseases, Ministry of Science and Technology, Key Laboratory of Parasite and Vector Biology, Ministry of Health China",https://pubmed.ncbi.nlm.nih.gov/33549122/
AFG,Afghanistan,Pfmdr1 amplifications,P. falciparum,2019,0,0,,57,Darai Nur and Kama Districts,Nangarhar,34.6553,70.6852,National Malaria and Leishmaniasis Control Programme,
AFG,Afghanistan,Pfmdr1 amplifications,P. falciparum,2019,0,0,,51,Mihtarlam,Laghman,34.6456,70.1814,National Malaria and Leishmaniasis Control Programme,
AFG,Afghanistan,Pfmdr1 amplifications,P. falciparum,2016,0,0,,60,Laghman Province,,34.66,70.2,National Malaria and Leishmaniasis Control Programme,
AFG,Afghanistan,Pfmdr1 amplifications,P. falciparum,2016,0,0,,54,Nangarhar Province,,34.25,70.5,National Malaria and Leishmaniasis Control Programme,
AGO,Angola,Pfmdr1 amplifications,P. falciparum,2015,0,0,,185,Benguela,Benguela Province,-12.5905,13.4165,"Malaria Branch and President's Malaria Initiative, Division of Parasitic Diseases and Malaria, Center for Global Health, Centers for Disease Control and Prevention",https://www.ncbi.nlm.nih.gov/pubmed/28153004
AGO,Angola,Pfmdr1 amplifications,P. falciparum,2015,0,0,,99,M'Banza-Kongo,Zaire,-6.2694,14.2338,"Malaria Branch and President's Malaria Initiative, Division of Parasitic Diseases and Malaria, Center for Global Health, Centers for Disease Control and Prevention",https://www.ncbi.nlm.nih.gov/pubmed/28153004
AGO,Angola,Pfmdr1 amplifications,P. falciparum,2015,0,0,,203,Saurimo,Lunda Sul,-9.6612,20.3905,"Malaria Branch and President's Malaria Initiative, Division of Parasitic Diseases and Malaria, Center for Global Health, Centers for Disease Control and Prevention",https://www.ncbi.nlm.nih.gov/pubmed/28153004
AGO,Angola,Pfmdr1 amplifications,P. falciparum,2013,15.6,15.6,MC,32,Luanda,Luanda Province,-8.84,13.2894,"Unidade de Parasitologia Médica, Instituto de Higiene e Medicina Tropical, Universidade Nova de Lisboa",http://www.ncbi.nlm.nih.gov/pubmed/26670642
AGO,Angola,Pfmdr1 amplifications,P. falciparum,2012,13.8,13.8,MC,29,Luanda,Luanda Province,-8.84,13.2894,"Unidade de Parasitologia Médica, Instituto de Higiene e Medicina Tropical, Universidade Nova de Lisboa",http://www.ncbi.nlm.nih.gov/pubmed/26670642
AGO,Angola,Pfmdr1 amplifications,P. falciparum,2011,12.5,12.5,MC,32,Luanda,Luanda Province,-8.84,13.2894,"Unidade de Parasitologia Médica, Instituto de Higiene e Medicina Tropical, Universidade Nova de Lisboa",http://www.ncbi.nlm.nih.gov/pubmed/26670642
BDI,Burundi,Pfmdr1 amplifications,P. falciparum,2019,26.7,26.7,MC,86,Buhiga,Karuzi,-3.0307,30.1604,Programme National Intégré de Lutte contre le Paludisme,
BDI,Burundi,Pfmdr1 amplifications,P. falciparum,2019,84.1,84.1,MC,88,Bujumbura,Bujumbura Mairie,-3.3614,29.3599,Programme National Intégré de Lutte contre le Paludisme,
BDI,Burundi,Pfmdr1 amplifications,P. falciparum,2019,47.2,47.2,MC,72,Mutaho,Gitega,-3.1567,29.8561,Programme National Intégré de Lutte contre le Paludisme,
BDI,Burundi,Pfmdr1 amplifications,P. falciparum,2019,19.3,19.3,MC,78,Nyanza-lac,Makamba,-4.3062,29.4947,Programme National Intégré de Lutte contre le Paludisme,
BDI,Burundi,Pfmdr1 amplifications,P. falciparum,2015,10.9,10.9,MC,55,Bujumbura,Bujumbura Mairie,-3.3614,29.3599,Programme National Intégré de Lutte contre le Paludisme,
BFA,Burkina Faso,Pfmdr1 amplifications,P. falciparum,2018,30.4,30.4,MC,122,Gourcy,Zondoma,13.2036,-2.3567,Centre National de Recherche et de Formation sur le Paludisme,https://pubmed.ncbi.nlm.nih.gov/33468147/
BFA,Burkina Faso,Pfmdr1 amplifications,P. falciparum,2017,15,15,MC,107,Banfora,Comoé,10.64,-4.7588,Centre National de Recherche et de Formation sur le Paludisme,https://pubmed.ncbi.nlm.nih.gov/33468147/
BFA,Burkina Faso,Pfmdr1 amplifications,P. falciparum,2017,23.4,23.4,MC,137,Nanoro,Boulkiemdé,12.6833,-2.1833,Centre National de Recherche et de Formation sur le Paludisme,https://pubmed.ncbi.nlm.nih.gov/33468147/
BFA,Burkina Faso,Pfmdr1 amplifications,P. falciparum,2014,12.4,12.4,MC,105,"Multiple sites in Nanoro, Banfora, Niangoloko",,10.5459,-4.7175,Medicines for Malaria Venture,https://www.ncbi.nlm.nih.gov/pubmed/30967148
BGD,Bangladesh,Pfmdr1 amplifications,P. falciparum,2018,0,0,,5,Bandarban,Chittagong,21.8311,92.3686,"Malaria and Parasitic Disease Control Unit, Directorate General of Health Services",
BGD,Bangladesh,Pfmdr1 amplifications,P. falciparum,2018,0,0,,58,Bandarban,Chittagong,21.8311,92.3686,"Malaria and Parasitic Disease Control Unit, Directorate General of Health Services",
BGD,Bangladesh,Pfmdr1 amplifications,P. falciparum,2018,0,0,,9,Khagrachari,Chittagong,23.1322,91.949,"Malaria and Parasitic Disease Control Unit, Directorate General of Health Services",
BGD,Bangladesh,Pfmdr1 amplifications,P. falciparum,2017,0,0,,5,Bandarban,Chittagong,21.8311,92.3686,"Malaria and Parasitic Disease Control Unit, Directorate General of Health Services",
BGD,Bangladesh,Pfmdr1 amplifications,P. falciparum,2017,0,0,,26,Khagrachari,Chittagong,23.1322,91.949,"Malaria and Parasitic Disease Control Unit, Directorate General of Health Services",
BGD,Bangladesh,Pfmdr1 amplifications,P. falciparum,2017,0,0,,7,Rangamati,Chittagong,22.6574,92.1733,"Malaria and Parasitic Disease Control Unit, Directorate General of Health Services",
BGD,Bangladesh,Pfmdr1 amplifications,P. falciparum,2015,0,0,,119,Cox's Bazar,Chittagong,21.4395,92.0077,"Mahidol-Oxford Tropical Medicine Research Unit, Faculty of Tropical Medicine, Mahidol University, Bangkok, Thailand; Centre for Tropical Medicine and Global Health, University of Oxford, Oxford, UK; The Open University, Milton Keynes, UK.",https://pubmed.ncbi.nlm.nih.gov/32171078/
BGD,Bangladesh,Pfmdr1 amplifications,P. falciparum,2012,0,0,,51,Cox's Bazar,Chittagong,21.4395,92.0077,"Faculty of Tropical Medicine, Mahidol University",https://www.ncbi.nlm.nih.gov/pubmed/27825353
BRA,Brazil,Pfmdr1 amplifications,P. falciparum,2016,2.5,2.5,MC,240,Roraima,,2.05,-61.4,Centers for Disease Control and Prevention,https://www.ncbi.nlm.nih.gov/pubmed/31833470
BRA,Brazil,Pfmdr1 amplifications,P. falciparum,2010,0,0,,161,Cruzeiro do Sul,Acre,-7.628,-72.6762,Oswaldo Cruz Foundation,https://www.ncbi.nlm.nih.gov/pubmed/27068396
COD,Democratic Republic of the Congo,Pfmdr1 amplifications,P. falciparum,2018,0,0,,60,Bolenge,Equateur,0.0001,18.2167,"Department of Basic Sciences, Faculty of Medicine, University of Kinshasa",https://pubmed.ncbi.nlm.nih.gov/33706773/
COD,Democratic Republic of the Congo,Pfmdr1 amplifications,P. falciparum,2018,0,0,,58,Fungurume,Lualaba,-10.6167,26.3,"Department of Basic Sciences, Faculty of Medicine, University of Kinshasa",https://pubmed.ncbi.nlm.nih.gov/33706773/
COD,Democratic Republic of the Congo,Pfmdr1 amplifications,P. falciparum,2018,0,0,,85,Katana,Sud-Kivu,-2.225,28.8314,"Department of Basic Sciences, Faculty of Medicine, University of Kinshasa",https://pubmed.ncbi.nlm.nih.gov/33706773/
COD,Democratic Republic of the Congo,Pfmdr1 amplifications,P. falciparum,2018,0,0,,80,Kingasani,Kinshasa,-4.4102,15.4112,"Department of Basic Sciences, Faculty of Medicine, University of Kinshasa",https://pubmed.ncbi.nlm.nih.gov/33706773/
COD,Democratic Republic of the Congo,Pfmdr1 amplifications,P. falciparum,2018,0,0,,17,Kisangani,Tshopo,0.5167,25.2,"Department of Basic Sciences, Faculty of Medicine, University of Kinshasa",https://pubmed.ncbi.nlm.nih.gov/33706773/
COD,Democratic Republic of the Congo,Pfmdr1 amplifications,P. falciparum,2018,0,0,,24,Vanga,Kwilu,-4.4147,18.4309,"Department of Basic Sciences, Faculty of Medicine, University of Kinshasa",https://pubmed.ncbi.nlm.nih.gov/33706773/
COD,Democratic Republic of the Congo,Pfmdr1 amplifications,P. falciparum,2015,0,0,,103,Kinshasa,,-4.325,15.3222,"Mahidol-Oxford Tropical Medicine Research Unit, Faculty of Tropical Medicine, Mahidol University, Bangkok, Thailand; Centre for Tropical Medicine and Global Health, University of Oxford, Oxford, UK; The Open University, Milton Keynes, UK.",https://pubmed.ncbi.nlm.nih.gov/32171078/
COD,Democratic Republic of the Congo,Pfmdr1 amplifications,P. falciparum,2014,0,0,,51,Bolenge,Equateur,0.0001,18.2167,"Biochemistry and Molecular Biology Unit, Department of Basic Sciences, School of Medicine, University of Kinshasa",https://www.ncbi.nlm.nih.gov/pubmed/28594879
COD,Democratic Republic of the Congo,Pfmdr1 amplifications,P. falciparum,2014,13.6,13.6,MC,22,Butembo,Nord Kivu,0.15,29.2833,"Biochemistry and Molecular Biology Unit, Department of Basic Sciences, School of Medicine, University of Kinshasa",https://www.ncbi.nlm.nih.gov/pubmed/28594879
COD,Democratic Republic of the Congo,Pfmdr1 amplifications,P. falciparum,2014,0,0,,63,Kapolowe,Haut-Katanga,-10.9424,26.9522,"Biochemistry and Molecular Biology Unit, Department of Basic Sciences, School of Medicine, University of Kinshasa",https://www.ncbi.nlm.nih.gov/pubmed/28594879
COD,Democratic Republic of the Congo,Pfmdr1 amplifications,P. falciparum,2014,0,0,,62,Kinshasa,,-4.325,15.3222,"Biochemistry and Molecular Biology Unit, Department of Basic Sciences, School of Medicine, University of Kinshasa",https://www.ncbi.nlm.nih.gov/pubmed/28594879
COD,Democratic Republic of the Congo,Pfmdr1 amplifications,P. falciparum,2014,50,50,MC,2,Kinshasa,,-4.325,15.3222,Medicines for Malaria Venture,https://www.ncbi.nlm.nih.gov/pubmed/30967148
COD,Democratic Republic of the Congo,Pfmdr1 amplifications,P. falciparum,2014,0,0,,31,Mweka,Kasaï,-4.85,21.5667,"Biochemistry and Molecular Biology Unit, Department of Basic Sciences, School of Medicine, University of Kinshasa",https://www.ncbi.nlm.nih.gov/pubmed/28594879
COD,Democratic Republic of the Congo,Pfmdr1 amplifications,P. falciparum,2014,0,0,,51,Punia,Maniema,-1.4667,26.45,"Biochemistry and Molecular Biology Unit, Department of Basic Sciences, School of Medicine, University of Kinshasa",https://www.ncbi.nlm.nih.gov/pubmed/28594879
COG,Congo,Pfmdr1 amplifications,P. falciparum,2019,3.4,3.4,MC,58,Ouesso,Sangha,1.6141,16.0326,"Programme National de Lutte contre le Paludisme, Ministère de la Santé et de la Population",
COL,Colombia,Pfmdr1 amplifications,P. falciparum,2014,15.8,15.8,MC,19,Antioquia Department,,6.2167,-75.5667,"Grupo Malaria, Universidad de Antioquia",https://www.ncbi.nlm.nih.gov/pubmed/28947476
COL,Colombia,Pfmdr1 amplifications,P. falciparum,2014,7.1,7.1,MC,70,"Antioquia, Choco and Narino departments",,5.5564,-77.0364,"Grupo Malaria, Universidad de Antioquia",https://pubmed.ncbi.nlm.nih.gov/33289466/
COL,Colombia,Pfmdr1 amplifications,P. falciparum,2014,14.3,14.3,MC,98,Chocó Department,,5.7,-76.6667,"Grupo Malaria, Universidad de Antioquia",https://www.ncbi.nlm.nih.gov/pubmed/28947476
COL,Colombia,Pfmdr1 amplifications,P. falciparum,2014,0,0,,2,Córdoba Department,,8.75,-75.8833,"Grupo Malaria, Universidad de Antioquia",https://www.ncbi.nlm.nih.gov/pubmed/28947476
COL,Colombia,Pfmdr1 amplifications,P. falciparum,2014,10.2,10.2,MC,59,Nariño Department,,1.1667,-77.2667,"Grupo Malaria, Universidad de Antioquia",https://www.ncbi.nlm.nih.gov/pubmed/28947476
COL,Colombia,Pfmdr1 amplifications,P. falciparum,2011,32.1,32.1,MC,81,"Cordoba, Guaviare and Narino departments",,2.5667,-72.6333,"Grupo de Bioquímica y Biología Celular, Instituto Nacional de Salud",https://pubmed.ncbi.nlm.nih.gov/28460112/
COM,Comoros,Pfmdr1 amplifications,P. falciparum,2017,53.3,53.3,MC,15,Grande Comore,,-11.5833,43.3333,Programme National de Lutte Contre le Paludisme,
COM,Comoros,Pfmdr1 amplifications,P. falciparum,2017,8.4,8.4,MC,12,Grande Comore,,-11.5833,43.3333,Programme National de Lutte Contre le Paludisme,
COM,Comoros,Pfmdr1 amplifications,P. falciparum,2017,36.7,36.7,MC,60,Moroni,Ngazidja,-11.7172,43.2473,Programme National de Lutte Contre le Paludisme,
COM,Comoros,Pfmdr1 amplifications,P. falciparum,2013,10.9,10.9,MC,46,Grande Comore,,-11.5833,43.3333,Programme National de Lutte Contre le Paludisme,
ECU,Ecuador,Pfmdr1 amplifications,P. falciparum,2013,0,0,,45,Multiple sites,,-2.1563,-78.7447,"Centro de Investigación para la Salud en América Latina, Facultad de Ciencias Exactas y Naturales, Pontificia Universidad Católica del Ecuador",https://pubmed.ncbi.nlm.nih.gov/31822269/
ERI,Eritrea,Pfmdr1 amplifications,P. falciparum,2016,0,0,,8,Agordat,Gash-Barka,15.55,37.8833,"National Malaria Control Program, Disease Prevention and Control Division",
ERI,Eritrea,Pfmdr1 amplifications,P. falciparum,2016,0,0,,13,Goluj,Gash-Barka,14.7438,36.72,"National Malaria Control Program, Disease Prevention and Control Division",
ERI,Eritrea,Pfmdr1 amplifications,P. falciparum,2016,0,0,,12,Laelay Gash,Gash-Barka,14.5685,36.8932,"National Malaria Control Program, Disease Prevention and Control Division",
ERI,Eritrea,Pfmdr1 amplifications,P. falciparum,2016,0,0,,9,Shambuko,Gash-Barka,14.9252,37.838,"National Malaria Control Program, Disease Prevention and Control Division",
ETH,Ethiopia,Pfmdr1 amplifications,P. falciparum,2011,0,0,,170,Multiple sites,,7.3979,40.4807,"Aklilu Lemma Institute of Pathobiology, Addis Ababa University",https://www.ncbi.nlm.nih.gov/pubmed/24964730
GAB,Gabon,Pfmdr1 amplifications,P. falciparum,2014,23.6,23.6,MC,72,Moyen Ogooué et Estuaire Provinces,,-0.923,9.2241,Medicines for Malaria Venture,https://www.ncbi.nlm.nih.gov/pubmed/30967148
GAB,Gabon,Pfmdr1 amplifications,P. falciparum,2011,2.6,2.6,MC,114,Lambaréné,Ogooué et des Lacs,-0.7015,10.2404,"Institute of Tropical Medicine, University Tübingen",https://www.ncbi.nlm.nih.gov/pubmed/28535801
GHA,Ghana,Pfmdr1 amplifications,P. falciparum,2011,89.9,89.9,MC,89,Kumasi,Ashanti,6.6666,-1.6163,"Institute of Tropical Medicine, University Tübingen",https://www.ncbi.nlm.nih.gov/pubmed/28535801
GNQ,Equatorial Guinea,Pfmdr1 amplifications,P. falciparum,2017,15.9,15.9,MC,88,Bata,Litoral,1.8533,9.779,"Programa Nacional de Lucha contra el Paludismo, Dirección General de Salud Pública y Prevención de Enfermedades",
GNQ,Equatorial Guinea,Pfmdr1 amplifications,P. falciparum,2017,17.2,17.2,MC,87,Ebebiyin,Kié-Ntem,2.0656,11.207,"Programa Nacional de Lucha contra el Paludismo, Dirección General de Salud Pública y Prevención de Enfermedades",
GNQ,Equatorial Guinea,Pfmdr1 amplifications,P. falciparum,2017,32.6,32.6,MC,49,Malabo,Bioko Norte,3.7504,8.7371,"Programa Nacional de Lucha contra el Paludismo, Dirección General de Salud Pública y Prevención de Enfermedades",
GNQ,Equatorial Guinea,Pfmdr1 amplifications,P. falciparum,2013,22.7,22.7,MC,22,Machinda,Litoral,1.8833,9.9667,"Instituto de Higiene e Medicina Tropical, Universidade Nova de Lisboa",https://www.ncbi.nlm.nih.gov/pubmed/27795385
GNQ,Equatorial Guinea,Pfmdr1 amplifications,P. falciparum,2013,23.8,23.8,MC,42,Niefang,Centro Sur,1.85,10.25,"Instituto de Higiene e Medicina Tropical, Universidade Nova de Lisboa",https://www.ncbi.nlm.nih.gov/pubmed/27795385
IND,India,Pfmdr1 amplifications,P. falciparum,2015,0,0,,11,Agartala,Tripura,23.841,91.2919,"Mahidol-Oxford Tropical Medicine Research Unit, Faculty of Tropical Medicine, Mahidol University, Bangkok, Thailand; Centre for Tropical Medicine and Global Health, University of Oxford, Oxford, UK; The Open University, Milton Keynes, UK.",https://pubmed.ncbi.nlm.nih.gov/32171078/
IND,India,Pfmdr1 amplifications,P. falciparum,2015,0,0,,11,Midnapur,West Bengal,22.4308,87.2835,"Mahidol-Oxford Tropical Medicine Research Unit, Faculty of Tropical Medicine, Mahidol University, Bangkok, Thailand; Centre for Tropical Medicine and Global Health, University of Oxford, Oxford, UK; The Open University, Milton Keynes, UK.",https://pubmed.ncbi.nlm.nih.gov/32171078/
IND,India,Pfmdr1 amplifications,P. falciparum,2015,0,0,,14,"Rourkela, Sundergarh",Odisha,22.2604,84.8536,"Mahidol-Oxford Tropical Medicine Research Unit, Faculty of Tropical Medicine, Mahidol University, Bangkok, Thailand; Centre for Tropical Medicine and Global Health, University of Oxford, Oxford, UK; The Open University, Milton Keynes, UK.",https://pubmed.ncbi.nlm.nih.gov/32171078/
IND,India,Pfmdr1 amplifications,P. falciparum,2012,0,0,,30,Sundergarh,Odisha,22.124,84.0432,"National Institute of Malaria Research, Indian Council of Medical Research",https://www.ncbi.nlm.nih.gov/pubmed/26113507
IRN,Iran (Islamic Republic of),Pfmdr1 amplifications,P. falciparum,2010,0,0,,78,Chabahar,Sistan and Baluchestan,25.2969,60.6459,Institut Pasteur d'Iran,https://pubmed.ncbi.nlm.nih.gov/23287027/
KEN,Kenya,Pfmdr1 amplifications,P. falciparum,2013,9.9,9.9,MC,71,Kisumu,,-0.0917,34.768,Kenya Medical Research Institute/United States Army Medical Research Unit-Kenya,https://pubmed.ncbi.nlm.nih.gov/25655315/
KEN,Kenya,Pfmdr1 amplifications,P. falciparum,2011,1.2,1.2,MC,84,Kisumu,,-0.0917,34.768,"Institute of Tropical Medicine, University Tübingen",https://www.ncbi.nlm.nih.gov/pubmed/28535801
KHM,Cambodia,Pfmdr1 amplifications,P. falciparum,2023,0,0,,9,Kampong Speu and Pursat Provinces,,11.8674,104.1685,"National Center for Parasitology, Entomology and Malaria Control, Ministry of Health",
KHM,Cambodia,Pfmdr1 amplifications,P. falciparum,2022,0,0,,4,Battambang,,13.0287,102.9896,"Cambodia Malaria Elimination Project 2, University Research Co., LLC",
KHM,Cambodia,Pfmdr1 amplifications,P. falciparum,2022,0,0,,7,Kaev Seima,Mondulkiri,12.3628,106.8187,"The GenRe-Mekong Project, Mahidol-Oxford Tropical Medicine Research Unit, Faculty of Tropical Medicine, Mahidol University",https://doi.org/10.1038/s41467-025-59946-1
KHM,Cambodia,Pfmdr1 amplifications,P. falciparum,2022,0,0,,2,Krakor,Pursat,12.5467,104.1729,"The GenRe-Mekong Project, Mahidol-Oxford Tropical Medicine Research Unit, Faculty of Tropical Medicine, Mahidol University",https://doi.org/10.1038/s41467-025-59946-1
KHM,Cambodia,Pfmdr1 amplifications,P. falciparum,2022,0,0,,27,Phnom Kravanh,Pursat,12.3333,103.75,"Mahidol Oxford Tropical Medicine Research Unit, Faculty of Tropical Medicine, Mahidol University, Bangkok, Thailand; Centre for Tropical Medicine and Global Health, Nuffield Department of Medicine, University of Oxford, Oxford, United Kingdom",
KHM,Cambodia,Pfmdr1 amplifications,P. falciparum,2022,3.4,3.4,MC,59,Phnom Kravanh,Pursat,12.3333,103.75,"Cambodia Malaria Elimination Project 2, University Research Co., LLC",
KHM,Cambodia,Pfmdr1 amplifications,P. falciparum,2022,0,0,,74,Phnom Kravanh,Pursat,12.3333,103.75,"The GenRe-Mekong Project, Mahidol-Oxford Tropical Medicine Research Unit, Faculty of Tropical Medicine, Mahidol University",https://doi.org/10.1038/s41467-025-59946-1
KHM,Cambodia,Pfmdr1 amplifications,P. falciparum,2022,0,0,,8,Phnom Sruoch,Kampong Speu,11.4,104.4,"The GenRe-Mekong Project, Mahidol-Oxford Tropical Medicine Research Unit, Faculty of Tropical Medicine, Mahidol University",https://doi.org/10.1038/s41467-025-59946-1
KHM,Cambodia,Pfmdr1 amplifications,P. falciparum,2022,0,0,,9,Sambour,Kratié,12.7423,105.2615,"National Center for Parasitology, Entomology and Malaria Control, Ministry of Health",
KHM,Cambodia,Pfmdr1 amplifications,P. falciparum,2022,0,0,,6,Siem Pang,Stung Treng,14.1125,106.3905,"National Center for Parasitology, Entomology and Malaria Control, Ministry of Health",
KHM,Cambodia,Pfmdr1 amplifications,P. falciparum,2022,0,0,,3,Veal Veng,Pursat,12.5463,103.9187,"The GenRe-Mekong Project, Mahidol-Oxford Tropical Medicine Research Unit, Faculty of Tropical Medicine, Mahidol University",https://doi.org/10.1038/s41467-025-59946-1
KHM,Cambodia,Pfmdr1 amplifications,P. falciparum,2021,0,0,,4,Kaev Seima,Mondulkiri,12.3628,106.8187,"The GenRe-Mekong Project, Mahidol-Oxford Tropical Medicine Research Unit, Faculty of Tropical Medicine, Mahidol University",https://doi.org/10.1038/s41467-025-59946-1
KHM,Cambodia,Pfmdr1 amplifications,P. falciparum,2021,0,0,,1,Oral,Kampong Speu,11.8119,104.0072,"National Center for Parasitology, Entomology and Malaria Control, Ministry of Health",
KHM,Cambodia,Pfmdr1 amplifications,P. falciparum,2021,0,0,,18,Phnom Kravanh,Pursat,12.3333,103.75,"The GenRe-Mekong Project, Mahidol-Oxford Tropical Medicine Research Unit, Faculty of Tropical Medicine, Mahidol University",https://doi.org/10.1038/s41467-025-59946-1
KHM,Cambodia,Pfmdr1 amplifications,P. falciparum,2021,0,0,,20,Phnom Sruoch,Kampong Speu,11.4,104.4,"National Center for Parasitology, Entomology and Malaria Control, Ministry of Health",
KHM,Cambodia,Pfmdr1 amplifications,P. falciparum,2021,0,0,,25,Phnom Sruoch,Kampong Speu,11.4,104.4,"The GenRe-Mekong Project, Mahidol-Oxford Tropical Medicine Research Unit, Faculty of Tropical Medicine, Mahidol University",https://doi.org/10.1038/s41467-025-59946-1
KHM,Cambodia,Pfmdr1 amplifications,P. falciparum,2021,0,0,,26,Pursat Province,,12.3663,103.6363,"Mahidol Oxford Tropical Medicine Research Unit, Faculty of Tropical Medicine, Mahidol University, Bangkok, Thailand; Centre for Tropical Medicine and Global Health, Nuffield Department of Medicine, University of Oxford, Oxford, United Kingdom",
KHM,Cambodia,Pfmdr1 amplifications,P. falciparum,2021,0,0,,25,Stung Treng Province,,13.5765,105.97,"Mahidol Oxford Tropical Medicine Research Unit, Faculty of Tropical Medicine, Mahidol University, Bangkok, Thailand; Centre for Tropical Medicine and Global Health, Nuffield Department of Medicine, University of Oxford, Oxford, United Kingdom",
KHM,Cambodia,Pfmdr1 amplifications,P. falciparum,2020,0,0,,3,Oral,Kampong Speu,11.8119,104.0072,"National Center for Parasitology, Entomology and Malaria Control, Ministry of Health",
KHM,Cambodia,Pfmdr1 amplifications,P. falciparum,2020,0,0,,15,Phnom Sruoch,Kampong Speu,11.4,104.4,"National Center for Parasitology, Entomology and Malaria Control, Ministry of Health",
KHM,Cambodia,Pfmdr1 amplifications,P. falciparum,2020,0,0,,6,Siem Pang,Stung Treng,14.1125,106.3905,"National Center for Parasitology, Entomology and Malaria Control, Ministry of Health",
KHM,Cambodia,Pfmdr1 amplifications,P. falciparum,2020,47.4,47.4,MC,19,Veun Sai,Ratanakiri,14.261,106.7942,"National Center for Parasitology, Entomology and Malaria Control, Ministry of Health",
KHM,Cambodia,Pfmdr1 amplifications,P. falciparum,2019,12.5,12.5,MC,16,Krakor,Pursat,12.5467,104.1729,"National Center for Parasitology, Entomology and Malaria Control, Ministry of Health",
KHM,Cambodia,Pfmdr1 amplifications,P. falciparum,2019,0,0,,13,Oral,Kampong Speu,11.8119,104.0072,"National Center for Parasitology, Entomology and Malaria Control, Ministry of Health",
KHM,Cambodia,Pfmdr1 amplifications,P. falciparum,2019,18.2,18.2,MC,22,Oral,Kampong Speu,11.8119,104.0072,"National Center for Parasitology, Entomology and Malaria Control, Ministry of Health",
KHM,Cambodia,Pfmdr1 amplifications,P. falciparum,2019,0,0,,2,Ou Reang,Mondulkiri,12.3318,107.1684,"National Center for Parasitology, Entomology and Malaria Control, Ministry of Health",
KHM,Cambodia,Pfmdr1 amplifications,P. falciparum,2019,0,0,,8,Sambour,Kratié,12.7423,105.2615,"National Center for Parasitology, Entomology and Malaria Control, Ministry of Health",
KHM,Cambodia,Pfmdr1 amplifications,P. falciparum,2019,50,50,MC,52,Veun Sai,Ratanakiri,14.261,106.7942,"National Center for Parasitology, Entomology and Malaria Control, Ministry of Health",
KHM,Cambodia,Pfmdr1 amplifications,P. falciparum,2019,0,0,,5,Veun Sai,Ratanakiri,14.261,106.7942,"National Center for Parasitology, Entomology and Malaria Control, Ministry of Health",
KHM,Cambodia,Pfmdr1 amplifications,P. falciparum,2018,0,0,,44,Kaoh Nheaek,Mondulkiri,13.0755,107.0362,"National Center for Parasitology, Entomology and Malaria Control, Ministry of Health",
KHM,Cambodia,Pfmdr1 amplifications,P. falciparum,2018,4.2,4.2,MC,24,Ksim,Kratié,12.1681,106.4118,"National Center for Parasitology, Entomology and Malaria Control, Ministry of Health",
KHM,Cambodia,Pfmdr1 amplifications,P. falciparum,2018,7.9,7.9,MC,63,Oral,Kampong Speu,11.8119,104.0072,"National Center for Parasitology, Entomology and Malaria Control, Ministry of Health",
KHM,Cambodia,Pfmdr1 amplifications,P. falciparum,2018,5.4,5.4,MC,74,Pailin and Pursat Provinces,,12.4626,102.9863,"Mahidol Oxford Tropical Medicine Research Unit, Faculty of Tropical Medicine, Mahidol University, Bangkok, Thailand; Centre for Tropical Medicine and Global Health, Nuffield Department of Medicine, University of Oxford, Oxford, United Kingdom",
KHM,Cambodia,Pfmdr1 amplifications,P. falciparum,2018,0,0,,10,Phnom Kravanh,Pursat,12.3333,103.75,"National Center for Parasitology, Entomology and Malaria Control, Ministry of Health",
KHM,Cambodia,Pfmdr1 amplifications,P. falciparum,2018,0,0,,11,Sesan,Stung Treng,13.5037,106.3935,"National Center for Parasitology, Entomology and Malaria Control, Ministry of Health",
KHM,Cambodia,Pfmdr1 amplifications,P. falciparum,2018,3.3,3.3,MC,30,Siem Pang,Stung Treng,14.1125,106.3905,"National Center for Parasitology, Entomology and Malaria Control, Ministry of Health",
KHM,Cambodia,Pfmdr1 amplifications,P. falciparum,2018,10,10,MC,10,Siem Pang,Stung Treng,14.1125,106.3905,"National Center for Parasitology, Entomology and Malaria Control, Ministry of Health",
KHM,Cambodia,Pfmdr1 amplifications,P. falciparum,2018,8.3,8.3,MC,181,Stung Treng Province,,13.5765,105.97,"Mahidol Oxford Tropical Medicine Research Unit, Faculty of Tropical Medicine, Mahidol University, Bangkok, Thailand; Centre for Tropical Medicine and Global Health, Nuffield Department of Medicine, University of Oxford, Oxford, United Kingdom",
KHM,Cambodia,Pfmdr1 amplifications,P. falciparum,2018,0,0,,6,Taveng,Ratanakiri,14.0473,107.0993,"National Center for Parasitology, Entomology and Malaria Control, Ministry of Health",
KHM,Cambodia,Pfmdr1 amplifications,P. falciparum,2018,0,0,,43,Veal Veng,Pursat,12.5463,103.9187,"National Center for Parasitology, Entomology and Malaria Control, Ministry of Health",
KHM,Cambodia,Pfmdr1 amplifications,P. falciparum,2018,7.5,7.5,MC,53,Veun Sai,Ratanakiri,14.261,106.7942,"National Center for Parasitology, Entomology and Malaria Control, Ministry of Health",
KHM,Cambodia,Pfmdr1 amplifications,P. falciparum,2017,3.3,3.3,MC,60,Kaoh Nheaek,Mondulkiri,13.0755,107.0362,"National Center for Parasitology, Entomology and Malaria Control, Ministry of Health",
KHM,Cambodia,Pfmdr1 amplifications,P. falciparum,2017,1.3,1.3,MC,149,Mondulkiri Province,,12.7879,107.1012,"National Center for Parasitology, Entomology and Malaria Control, Ministry of Health",
KHM,Cambodia,Pfmdr1 amplifications,P. falciparum,2017,0,0,,56,Pursat Province,,12.3663,103.6363,"National Center for Parasitology, Entomology and Malaria Control, Ministry of Health",
KHM,Cambodia,Pfmdr1 amplifications,P. falciparum,2017,1.5,1.5,MC,68,Ratanakiri Province,,13.8577,107.1012,"National Center for Parasitology, Entomology and Malaria Control, Ministry of Health",
KHM,Cambodia,Pfmdr1 amplifications,P. falciparum,2017,0.4,0.4,MC,247,Stung Treng Province,,13.5765,105.97,"National Center for Parasitology, Entomology and Malaria Control, Ministry of Health",
KHM,Cambodia,Pfmdr1 amplifications,P. falciparum,2017,0,0,,59,Veun Sai,Ratanakiri,14.261,106.7942,"National Center for Parasitology, Entomology and Malaria Control, Ministry of Health",
KHM,Cambodia,Pfmdr1 amplifications,P. falciparum,2016,30.7,30.7,MC,75,Chey Saen,Preah Vihear,13.5706,105.36,Médecins Sans Frontières,https://www.ncbi.nlm.nih.gov/pubmed/29173875
KHM,Cambodia,Pfmdr1 amplifications,P. falciparum,2016,33.3,33.3,MC,3,Chi Kraeng,Siem Reap,13.2243,104.3792,"National Center for Parasitology, Entomology and Malaria Control, Ministry of Health",
KHM,Cambodia,Pfmdr1 amplifications,P. falciparum,2016,0,0,,4,Choam Khsant,Preah Vihear,14.1667,104.9167,"National Center for Parasitology, Entomology and Malaria Control, Ministry of Health",
KHM,Cambodia,Pfmdr1 amplifications,P. falciparum,2016,0,0,,31,Kaoh Nheaek,Mondulkiri,13.0755,107.0362,"National Center for Parasitology, Entomology and Malaria Control, Ministry of Health",
KHM,Cambodia,Pfmdr1 amplifications,P. falciparum,2016,5,5,MC,40,Oral,Kampong Speu,11.8119,104.0072,"National Center for Parasitology, Entomology and Malaria Control, Ministry of Health",
KHM,Cambodia,Pfmdr1 amplifications,P. falciparum,2016,34.1,34.1,MC,44,Siem Pang,Stung Treng,14.1125,106.3905,"National Center for Parasitology, Entomology and Malaria Control, Ministry of Health",
KHM,Cambodia,Pfmdr1 amplifications,P. falciparum,2016,0,0,,14,Snuol,Kratié,12.2096,106.4406,"National Center for Parasitology, Entomology and Malaria Control, Ministry of Health",
KHM,Cambodia,Pfmdr1 amplifications,P. falciparum,2016,0,0,,29,Veal Veng,Pursat,12.5463,103.9187,"National Center for Parasitology, Entomology and Malaria Control, Ministry of Health",
KHM,Cambodia,Pfmdr1 amplifications,P. falciparum,2016,30.9,30.9,MC,55,Veun Sai,Ratanakiri,14.261,106.7942,"National Center for Parasitology, Entomology and Malaria Control, Ministry of Health",
KHM,Cambodia,Pfmdr1 amplifications,P. falciparum,2015,0,0,,89,Ban Lung,Ratanakiri,13.6789,106.9498,"Mahidol-Oxford Tropical Medicine Research Unit, Faculty of Tropical Medicine, Mahidol University, Bangkok, Thailand; Centre for Tropical Medicine and Global Health, University of Oxford, Oxford, UK; The Open University, Milton Keynes, UK.",https://pubmed.ncbi.nlm.nih.gov/32171078/
KHM,Cambodia,Pfmdr1 amplifications,P. falciparum,2015,3.7,3.7,MC,54,Chey Saen,Preah Vihear,13.5706,105.36,Médecins Sans Frontières,https://www.ncbi.nlm.nih.gov/pubmed/29173875
KHM,Cambodia,Pfmdr1 amplifications,P. falciparum,2015,5.7,5.7,MC,53,Chi Kraeng,Siem Reap,13.2243,104.3792,"National Center for Parasitology, Entomology and Malaria Control, Ministry of Health",
KHM,Cambodia,Pfmdr1 amplifications,P. falciparum,2015,2,2,MC,51,Oral,Kampong Speu,11.8119,104.0072,"National Center for Parasitology, Entomology and Malaria Control, Ministry of Health",
KHM,Cambodia,Pfmdr1 amplifications,P. falciparum,2015,0,0,,64,Pailin,Pailin Province,12.7418,102.6331,"Mahidol-Oxford Tropical Medicine Research Unit, Faculty of Tropical Medicine, Mahidol University, Bangkok, Thailand; Centre for Tropical Medicine and Global Health, University of Oxford, Oxford, UK; The Open University, Milton Keynes, UK.",https://pubmed.ncbi.nlm.nih.gov/32171078/
KHM,Cambodia,Pfmdr1 amplifications,P. falciparum,2015,0,0,,36,Pursat Province,,12.3663,103.6363,"Wellcome Trust Sanger Institute (Hinxton, UK) and the Centre for Genomics and Global Health, Wellcome Trust Centre for Human Genetics (Oxford, UK)",https://pubmed.ncbi.nlm.nih.gov/32404110/
KHM,Cambodia,Pfmdr1 amplifications,P. falciparum,2015,0,0,,110,Sampov Meas,Pursat,12.5076,103.9376,"Mahidol-Oxford Tropical Medicine Research Unit, Faculty of Tropical Medicine, Mahidol University, Bangkok, Thailand; Centre for Tropical Medicine and Global Health, University of Oxford, Oxford, UK; The Open University, Milton Keynes, UK.",https://pubmed.ncbi.nlm.nih.gov/32171078/
KHM,Cambodia,Pfmdr1 amplifications,P. falciparum,2015,1.9,1.9,MC,52,Siem Pang,Stung Treng,14.1125,106.3905,"National Center for Parasitology, Entomology and Malaria Control, Ministry of Health",
KHM,Cambodia,Pfmdr1 amplifications,P. falciparum,2015,0,0,,48,Snuol,Kratié,12.2096,106.4406,"National Center for Parasitology, Entomology and Malaria Control, Ministry of Health",
KHM,Cambodia,Pfmdr1 amplifications,P. falciparum,2015,0,0,,7,Thbaeng Meanchey,Preah Vihear,13.7701,104.8711,"Mahidol-Oxford Tropical Medicine Research Unit, Faculty of Tropical Medicine, Mahidol University, Bangkok, Thailand; Centre for Tropical Medicine and Global Health, University of Oxford, Oxford, UK; The Open University, Milton Keynes, UK.",https://pubmed.ncbi.nlm.nih.gov/32171078/
KHM,Cambodia,Pfmdr1 amplifications,P. falciparum,2015,4.2,4.2,MC,48,Veal Veng,Pursat,12.5463,103.9187,"National Center for Parasitology, Entomology and Malaria Control, Ministry of Health",
KHM,Cambodia,Pfmdr1 amplifications,P. falciparum,2014,10.6,10.6,MC,47,Pailin,Pailin Province,12.7418,102.6331,"National Center for Parasitology, Entomology and Malaria Control, Ministry of Health",
KHM,Cambodia,Pfmdr1 amplifications,P. falciparum,2014,0,0,,8,Samlout,Battambang,12.6173,102.8617,"National Center for Parasitology, Entomology and Malaria Control, Ministry of Health",
KHM,Cambodia,Pfmdr1 amplifications,P. falciparum,2014,0,0,,53,Veal Veng,Pursat,12.5463,103.9187,"National Center for Parasitology, Entomology and Malaria Control, Ministry of Health",
KHM,Cambodia,Pfmdr1 amplifications,P. falciparum,2013,0,0,,18,Chhouk,Kampot,10.8357,104.4567,"National Center for Parasitology, Entomology and Malaria Control, Ministry of Health",
KHM,Cambodia,Pfmdr1 amplifications,P. falciparum,2013,12,12,MC,42,Oddar Meanchey Province,,14.1717,103.6363,Armed Forces Research Institute of Medical Sciences,https://www.ncbi.nlm.nih.gov/pubmed/26014942
KHM,Cambodia,Pfmdr1 amplifications,P. falciparum,2013,12.5,12.5,MC,32,Preah Vihear Province,,14.0086,104.8455,"National Institute of Allergy and Infectious Diseases, National Institutes of Health",https://www.ncbi.nlm.nih.gov/pubmed/25712365
KHM,Cambodia,Pfmdr1 amplifications,P. falciparum,2013,9.9,9.9,MC,71,Pursat Province,,12.3663,103.6363,"National Institute of Allergy and Infectious Diseases, National Institutes of Health",https://www.ncbi.nlm.nih.gov/pubmed/25712365
KHM,Cambodia,Pfmdr1 amplifications,P. falciparum,2013,2.9,2.9,MC,34,Ratanakiri Province,,13.8577,107.1012,"National Institute of Allergy and Infectious Diseases, National Institutes of Health",https://www.ncbi.nlm.nih.gov/pubmed/25712365
KHM,Cambodia,Pfmdr1 amplifications,P. falciparum,2013,0,0,,17,Rovieng,Preah Vihear,13.408,105.0791,"National Center for Parasitology, Entomology and Malaria Control, Ministry of Health",
KHM,Cambodia,Pfmdr1 amplifications,P. falciparum,2013,13.6,13.6,MC,22,Snuol,Kratié,12.2096,106.4406,"National Center for Parasitology, Entomology and Malaria Control, Ministry of Health",
KHM,Cambodia,Pfmdr1 amplifications,P. falciparum,2013,1.6,1.6,MC,61,Veun Sai,Ratanakiri,14.261,106.7942,"National Center for Parasitology, Entomology and Malaria Control, Ministry of Health",
KHM,Cambodia,Pfmdr1 amplifications,P. falciparum,2012,24.8,24.8,MC,8,Oddar Meanchey Province,,14.1717,103.6363,Armed Forces Research Institute of Medical Sciences,https://www.ncbi.nlm.nih.gov/pubmed/26014942
KHM,Cambodia,Pfmdr1 amplifications,P. falciparum,2012,31.7,31.7,MC,60,Oral,Kampong Speu,11.8119,104.0072,"National Center for Parasitology, Entomology and Malaria Control, Ministry of Health",
KHM,Cambodia,Pfmdr1 amplifications,P. falciparum,2012,6.9,6.9,MC,72,Preah Vihear Province,,14.0086,104.8455,"National Institute of Allergy and Infectious Diseases, National Institutes of Health",https://www.ncbi.nlm.nih.gov/pubmed/25712365
KHM,Cambodia,Pfmdr1 amplifications,P. falciparum,2012,10.2,10.2,MC,49,Pursat Province,,12.3663,103.6363,"National Institute of Allergy and Infectious Diseases, National Institutes of Health",https://www.ncbi.nlm.nih.gov/pubmed/25712365
KHM,Cambodia,Pfmdr1 amplifications,P. falciparum,2012,0,0,,52,Ratanakiri Province,,13.8577,107.1012,"National Institute of Allergy and Infectious Diseases, National Institutes of Health",https://www.ncbi.nlm.nih.gov/pubmed/25712365
KHM,Cambodia,Pfmdr1 amplifications,P. falciparum,2012,42.9,42.9,MC,21,Samlout,Battambang,12.6173,102.8617,"National Center for Parasitology, Entomology and Malaria Control, Ministry of Health",
KHM,Cambodia,Pfmdr1 amplifications,P. falciparum,2012,30.4,30.4,MC,23,Sandan,Kampong Thom,13.1693,105.3131,"National Center for Parasitology, Entomology and Malaria Control, Ministry of Health",
KHM,Cambodia,Pfmdr1 amplifications,P. falciparum,2012,0,0,,52,Veal Veng,Pursat,12.5463,103.9187,"National Center for Parasitology, Entomology and Malaria Control, Ministry of Health",
KHM,Cambodia,Pfmdr1 amplifications,P. falciparum,2011,21.4,21.4,MC,52,Battambang and Pailin Provinces,,12.4304,103.65,Armed Forces Research Institute of Medical Sciences,https://www.ncbi.nlm.nih.gov/pubmed/26014942
KHM,Cambodia,Pfmdr1 amplifications,P. falciparum,2011,35.2,35.2,MC,57,Oddar Meanchey and Preah Vihear Provinces,,13.6121,104.448,Armed Forces Research Institute of Medical Sciences,https://www.ncbi.nlm.nih.gov/pubmed/26014942
KHM,Cambodia,Pfmdr1 amplifications,P. falciparum,2011,6.9,6.9,MC,29,Pailin,Pailin Province,12.7418,102.6331,"National Center for Parasitology, Entomology and Malaria Control, Ministry of Health",
KHM,Cambodia,Pfmdr1 amplifications,P. falciparum,2011,11.1,11.1,MC,90,Pailin Province,,12.9093,102.6676,"Faculty of Tropical Medicine, Mahidol University",https://www.ncbi.nlm.nih.gov/pubmed/27825353
KHM,Cambodia,Pfmdr1 amplifications,P. falciparum,2011,22.3,22.3,MC,81,Preah Vihear Province,,14.0086,104.8455,"National Institute of Allergy and Infectious Diseases, National Institutes of Health",https://www.ncbi.nlm.nih.gov/pubmed/25712365
KHM,Cambodia,Pfmdr1 amplifications,P. falciparum,2011,9.2,9.2,MC,120,Preah Vihear Province,,14.0086,104.8455,"Faculty of Tropical Medicine, Mahidol University",https://www.ncbi.nlm.nih.gov/pubmed/27825353
KHM,Cambodia,Pfmdr1 amplifications,P. falciparum,2011,40,40,MC,120,Pursat Municipality,Pursat,12.4652,103.8912,"Faculty of Tropical Medicine, Mahidol University",https://www.ncbi.nlm.nih.gov/pubmed/27825353
KHM,Cambodia,Pfmdr1 amplifications,P. falciparum,2011,33.6,33.6,MC,110,Pursat Province,,12.3663,103.6363,"National Institute of Allergy and Infectious Diseases, National Institutes of Health",https://www.ncbi.nlm.nih.gov/pubmed/25712365
KHM,Cambodia,Pfmdr1 amplifications,P. falciparum,2011,9,9,MC,100,Ratanakiri Province,,13.8577,107.1012,"National Institute of Allergy and Infectious Diseases, National Institutes of Health",https://www.ncbi.nlm.nih.gov/pubmed/25712365
KHM,Cambodia,Pfmdr1 amplifications,P. falciparum,2011,4.2,4.2,MC,120,Ratanakiri Province,,13.8577,107.1012,"Faculty of Tropical Medicine, Mahidol University",https://www.ncbi.nlm.nih.gov/pubmed/27825353
KHM,Cambodia,Pfmdr1 amplifications,P. falciparum,2011,31.7,31.7,MC,60,Rovieng,Preah Vihear,13.408,105.0791,"National Center for Parasitology, Entomology and Malaria Control, Ministry of Health",
KHM,Cambodia,Pfmdr1 amplifications,P. falciparum,2011,27,27,MC,63,Snuol,Kratié,12.2096,106.4406,"National Center for Parasitology, Entomology and Malaria Control, Ministry of Health",
KHM,Cambodia,Pfmdr1 amplifications,P. falciparum,2011,15.2,15.2,MC,46,Veal Veng,Pursat,12.5463,103.9187,"National Center for Parasitology, Entomology and Malaria Control, Ministry of Health",
KHM,Cambodia,Pfmdr1 amplifications,P. falciparum,2010,13.6,13.6,MC,37,Battambang and Pailin Provinces,,12.4304,103.65,Armed Forces Research Institute of Medical Sciences,https://www.ncbi.nlm.nih.gov/pubmed/26014942
KHM,Cambodia,Pfmdr1 amplifications,P. falciparum,2010,32.4,32.4,MC,71,Oddar Meanchey and Preah Vihear Provinces,,13.6121,104.448,Armed Forces Research Institute of Medical Sciences,https://www.ncbi.nlm.nih.gov/pubmed/26014942
KHM,Cambodia,Pfmdr1 amplifications,P. falciparum,2010,33.3,33.3,MC,60,Pursat Province,,12.3663,103.6363,"National Institute of Allergy and Infectious Diseases, National Institutes of Health",https://www.ncbi.nlm.nih.gov/pubmed/27818095
KHM,Cambodia,Pfmdr1 amplifications,P. falciparum,2010,0,0,,54,Ratanakiri Province,,13.8577,107.1012,"National Institute of Allergy and Infectious Diseases, National Institutes of Health",https://www.ncbi.nlm.nih.gov/pubmed/27818095
LAO,Lao People's Democratic Republic,Pfmdr1 amplifications,P. falciparum,2022,0,0,,8,Attapeu and Salavanh provinces,,15.32,106.5506,"Center of Malariology, Parasitology and Entomology, Ministry of Public Health",
LAO,Lao People's Democratic Republic,Pfmdr1 amplifications,P. falciparum,2022,0,0,,2,Khongxedone,Salavan,15.5783,105.7998,"The GenRe-Mekong Project, Mahidol-Oxford Tropical Medicine Research Unit, Faculty of Tropical Medicine, Mahidol University",https://doi.org/10.1038/s41467-025-59946-1
LAO,Lao People's Democratic Republic,Pfmdr1 amplifications,P. falciparum,2022,0,0,,5,Nong,Savannakhet,16.4045,106.6278,"The GenRe-Mekong Project, Mahidol-Oxford Tropical Medicine Research Unit, Faculty of Tropical Medicine, Mahidol University",https://doi.org/10.1038/s41467-025-59946-1
LAO,Lao People's Democratic Republic,Pfmdr1 amplifications,P. falciparum,2022,0,0,,20,Phouvong,Attapeu,14.7513,106.958,"The GenRe-Mekong Project, Mahidol-Oxford Tropical Medicine Research Unit, Faculty of Tropical Medicine, Mahidol University",https://doi.org/10.1038/s41467-025-59946-1
LAO,Lao People's Democratic Republic,Pfmdr1 amplifications,P. falciparum,2022,0,0,,37,Sanxay,Attapeu,15.0856,107.2153,"The GenRe-Mekong Project, Mahidol-Oxford Tropical Medicine Research Unit, Faculty of Tropical Medicine, Mahidol University",https://doi.org/10.1038/s41467-025-59946-1
LAO,Lao People's Democratic Republic,Pfmdr1 amplifications,P. falciparum,2022,0,0,,1,Xaysetha,Attapeu,14.8144,106.9344,"The GenRe-Mekong Project, Mahidol-Oxford Tropical Medicine Research Unit, Faculty of Tropical Medicine, Mahidol University",https://doi.org/10.1038/s41467-025-59946-1
LAO,Lao People's Democratic Republic,Pfmdr1 amplifications,P. falciparum,2021,0,0,,5,Attapeu (city),Attapeu,14.8,106.8333,"The GenRe-Mekong Project, Mahidol-Oxford Tropical Medicine Research Unit, Faculty of Tropical Medicine, Mahidol University",https://doi.org/10.1038/s41467-025-59946-1
LAO,Lao People's Democratic Republic,Pfmdr1 amplifications,P. falciparum,2021,0,0,,32,Attapeu Province,,14.9363,107.1012,"Center of Malariology, Parasitology and Entomology, Ministry of Public Health",
LAO,Lao People's Democratic Republic,Pfmdr1 amplifications,P. falciparum,2021,4,4,MC,50,Khanthabouly,Savannakhet,16.5825,104.8673,"The GenRe-Mekong Project, Mahidol-Oxford Tropical Medicine Research Unit, Faculty of Tropical Medicine, Mahidol University",https://doi.org/10.1038/s41467-025-59946-1
LAO,Lao People's Democratic Republic,Pfmdr1 amplifications,P. falciparum,2021,0,0,,4,Lam Mam,Sekong Province,15.3094,106.7173,"The GenRe-Mekong Project, Mahidol-Oxford Tropical Medicine Research Unit, Faculty of Tropical Medicine, Mahidol University",https://doi.org/10.1038/s41467-025-59946-1
LAO,Lao People's Democratic Republic,Pfmdr1 amplifications,P. falciparum,2021,0,0,,55,Nong,Savannakhet,16.4045,106.6278,"The GenRe-Mekong Project, Mahidol-Oxford Tropical Medicine Research Unit, Faculty of Tropical Medicine, Mahidol University",https://doi.org/10.1038/s41467-025-59946-1
LAO,Lao People's Democratic Republic,Pfmdr1 amplifications,P. falciparum,2021,0,0,,4,Pakse,Champasak,15.1138,105.816,"The GenRe-Mekong Project, Mahidol-Oxford Tropical Medicine Research Unit, Faculty of Tropical Medicine, Mahidol University",https://doi.org/10.1038/s41467-025-59946-1
LAO,Lao People's Democratic Republic,Pfmdr1 amplifications,P. falciparum,2021,0,0,,6,Paksong,Champasak,15.1788,106.2394,"The GenRe-Mekong Project, Mahidol-Oxford Tropical Medicine Research Unit, Faculty of Tropical Medicine, Mahidol University",https://doi.org/10.1038/s41467-025-59946-1
LAO,Lao People's Democratic Republic,Pfmdr1 amplifications,P. falciparum,2021,6,6,MC,34,Phouvong,Attapeu,14.7513,106.958,"The GenRe-Mekong Project, Mahidol-Oxford Tropical Medicine Research Unit, Faculty of Tropical Medicine, Mahidol University",https://doi.org/10.1038/s41467-025-59946-1
LAO,Lao People's Democratic Republic,Pfmdr1 amplifications,P. falciparum,2021,2,2,MC,44,Sanxay,Attapeu,15.0856,107.2153,"The GenRe-Mekong Project, Mahidol-Oxford Tropical Medicine Research Unit, Faculty of Tropical Medicine, Mahidol University",https://doi.org/10.1038/s41467-025-59946-1
LAO,Lao People's Democratic Republic,Pfmdr1 amplifications,P. falciparum,2021,6.2,6.2,MC,32,Savannakhet Province,,16.54,105.78,"Center of Malariology, Parasitology and Entomology, Ministry of Public Health",
LAO,Lao People's Democratic Republic,Pfmdr1 amplifications,P. falciparum,2021,0,0,,17,Xaysetha,Attapeu,14.8144,106.9344,"The GenRe-Mekong Project, Mahidol-Oxford Tropical Medicine Research Unit, Faculty of Tropical Medicine, Mahidol University",https://doi.org/10.1038/s41467-025-59946-1
LAO,Lao People's Democratic Republic,Pfmdr1 amplifications,P. falciparum,2020,0,0,,5,Attapeu (city),Attapeu,14.8,106.8333,"The GenRe-Mekong Project, Mahidol-Oxford Tropical Medicine Research Unit, Faculty of Tropical Medicine, Mahidol University",https://doi.org/10.1038/s41467-025-59946-1
LAO,Lao People's Democratic Republic,Pfmdr1 amplifications,P. falciparum,2020,0,0,,11,Khanthabouly,Savannakhet,16.5825,104.8673,"The GenRe-Mekong Project, Mahidol-Oxford Tropical Medicine Research Unit, Faculty of Tropical Medicine, Mahidol University",https://doi.org/10.1038/s41467-025-59946-1
LAO,Lao People's Democratic Republic,Pfmdr1 amplifications,P. falciparum,2020,0,0,,8,Lam Mam,Sekong Province,15.3094,106.7173,"The GenRe-Mekong Project, Mahidol-Oxford Tropical Medicine Research Unit, Faculty of Tropical Medicine, Mahidol University",https://doi.org/10.1038/s41467-025-59946-1
LAO,Lao People's Democratic Republic,Pfmdr1 amplifications,P. falciparum,2020,0,0,,13,Nong,Savannakhet,16.4045,106.6278,"The GenRe-Mekong Project, Mahidol-Oxford Tropical Medicine Research Unit, Faculty of Tropical Medicine, Mahidol University",https://doi.org/10.1038/s41467-025-59946-1
LAO,Lao People's Democratic Republic,Pfmdr1 amplifications,P. falciparum,2020,5,5,MC,84,Phouvong,Attapeu,14.7513,106.958,"The GenRe-Mekong Project, Mahidol-Oxford Tropical Medicine Research Unit, Faculty of Tropical Medicine, Mahidol University",https://doi.org/10.1038/s41467-025-59946-1
LAO,Lao People's Democratic Republic,Pfmdr1 amplifications,P. falciparum,2020,10,10,MC,20,Sanxay,Attapeu,15.0856,107.2153,"The GenRe-Mekong Project, Mahidol-Oxford Tropical Medicine Research Unit, Faculty of Tropical Medicine, Mahidol University",https://doi.org/10.1038/s41467-025-59946-1
LAO,Lao People's Democratic Republic,Pfmdr1 amplifications,P. falciparum,2020,0,0,,9,Sepone,Savannakhet,16.7611,106.3375,"The GenRe-Mekong Project, Mahidol-Oxford Tropical Medicine Research Unit, Faculty of Tropical Medicine, Mahidol University",https://doi.org/10.1038/s41467-025-59946-1
LAO,Lao People's Democratic Republic,Pfmdr1 amplifications,P. falciparum,2020,0,0,,4,Ta Oy,Salavan,16.05,106.5833,"The GenRe-Mekong Project, Mahidol-Oxford Tropical Medicine Research Unit, Faculty of Tropical Medicine, Mahidol University",https://doi.org/10.1038/s41467-025-59946-1
LAO,Lao People's Democratic Republic,Pfmdr1 amplifications,P. falciparum,2020,0,0,,5,Thapangthong,Savannakhet,15.993,105.7928,"The GenRe-Mekong Project, Mahidol-Oxford Tropical Medicine Research Unit, Faculty of Tropical Medicine, Mahidol University",https://doi.org/10.1038/s41467-025-59946-1
LAO,Lao People's Democratic Republic,Pfmdr1 amplifications,P. falciparum,2020,0,0,,1,Thaphalanxay,Savannakhet,16.7,105.6,"The GenRe-Mekong Project, Mahidol-Oxford Tropical Medicine Research Unit, Faculty of Tropical Medicine, Mahidol University",https://doi.org/10.1038/s41467-025-59946-1
LAO,Lao People's Democratic Republic,Pfmdr1 amplifications,P. falciparum,2020,9,9,MC,11,Xaysetha,Attapeu,14.8144,106.9344,"The GenRe-Mekong Project, Mahidol-Oxford Tropical Medicine Research Unit, Faculty of Tropical Medicine, Mahidol University",https://doi.org/10.1038/s41467-025-59946-1
LAO,Lao People's Democratic Republic,Pfmdr1 amplifications,P. falciparum,2019,0,0,,3,Champasak Province,,14.6579,105.97,"Center of Malariology, Parasitology and Entomology, Ministry of Public Health",
LAO,Lao People's Democratic Republic,Pfmdr1 amplifications,P. falciparum,2019,0,0,,6,Khanthabouly,Savannakhet,16.5825,104.8673,"The GenRe-Mekong Project, Mahidol-Oxford Tropical Medicine Research Unit, Faculty of Tropical Medicine, Mahidol University",https://doi.org/10.1038/s41467-025-59946-1
LAO,Lao People's Democratic Republic,Pfmdr1 amplifications,P. falciparum,2019,0,0,,1,Khong,Champasak,14.047,105.8327,"The GenRe-Mekong Project, Mahidol-Oxford Tropical Medicine Research Unit, Faculty of Tropical Medicine, Mahidol University",https://doi.org/10.1038/s41467-025-59946-1
LAO,Lao People's Democratic Republic,Pfmdr1 amplifications,P. falciparum,2019,0,0,,20,Nong,Savannakhet,16.4045,106.6278,"The GenRe-Mekong Project, Mahidol-Oxford Tropical Medicine Research Unit, Faculty of Tropical Medicine, Mahidol University",https://doi.org/10.1038/s41467-025-59946-1
LAO,Lao People's Democratic Republic,Pfmdr1 amplifications,P. falciparum,2019,0,0,,3,Paksong,Champasak,15.1788,106.2394,"The GenRe-Mekong Project, Mahidol-Oxford Tropical Medicine Research Unit, Faculty of Tropical Medicine, Mahidol University",https://doi.org/10.1038/s41467-025-59946-1
LAO,Lao People's Democratic Republic,Pfmdr1 amplifications,P. falciparum,2019,0,0,,7,Pathouphone,Champasak,14.8419,105.948,"The GenRe-Mekong Project, Mahidol-Oxford Tropical Medicine Research Unit, Faculty of Tropical Medicine, Mahidol University",https://doi.org/10.1038/s41467-025-59946-1
LAO,Lao People's Democratic Republic,Pfmdr1 amplifications,P. falciparum,2019,0,0,,8,Phine,Savannakhet,16.5328,105.952,"The GenRe-Mekong Project, Mahidol-Oxford Tropical Medicine Research Unit, Faculty of Tropical Medicine, Mahidol University",https://doi.org/10.1038/s41467-025-59946-1
LAO,Lao People's Democratic Republic,Pfmdr1 amplifications,P. falciparum,2019,12,12,MC,16,Phouvong,Attapeu,14.7513,106.958,"The GenRe-Mekong Project, Mahidol-Oxford Tropical Medicine Research Unit, Faculty of Tropical Medicine, Mahidol University",https://doi.org/10.1038/s41467-025-59946-1
LAO,Lao People's Democratic Republic,Pfmdr1 amplifications,P. falciparum,2019,0,0,,17,Salavan Province,,15.7166,106.4141,"Center of Malariology, Parasitology and Entomology, Ministry of Public Health",
LAO,Lao People's Democratic Republic,Pfmdr1 amplifications,P. falciparum,2019,0,0,,81,Savannakhet Province,,16.54,105.78,"Center of Malariology, Parasitology and Entomology, Ministry of Public Health",
LAO,Lao People's Democratic Republic,Pfmdr1 amplifications,P. falciparum,2019,0,0,,3,Sepone,Savannakhet,16.7611,106.3375,"The GenRe-Mekong Project, Mahidol-Oxford Tropical Medicine Research Unit, Faculty of Tropical Medicine, Mahidol University",https://doi.org/10.1038/s41467-025-59946-1
LAO,Lao People's Democratic Republic,Pfmdr1 amplifications,P. falciparum,2019,0,0,,3,Ta Oy,Salavan,16.05,106.5833,"The GenRe-Mekong Project, Mahidol-Oxford Tropical Medicine Research Unit, Faculty of Tropical Medicine, Mahidol University",https://doi.org/10.1038/s41467-025-59946-1
LAO,Lao People's Democratic Republic,Pfmdr1 amplifications,P. falciparum,2019,33,33,MC,9,Xaysetha,Attapeu,14.8144,106.9344,"The GenRe-Mekong Project, Mahidol-Oxford Tropical Medicine Research Unit, Faculty of Tropical Medicine, Mahidol University",https://doi.org/10.1038/s41467-025-59946-1
LAO,Lao People's Democratic Republic,Pfmdr1 amplifications,P. falciparum,2018,50,50,MC,2,Attapeu (city),Attapeu,14.8,106.8333,"The GenRe-Mekong Project, Mahidol-Oxford Tropical Medicine Research Unit, Faculty of Tropical Medicine, Mahidol University",https://doi.org/10.1038/s41467-025-59946-1
LAO,Lao People's Democratic Republic,Pfmdr1 amplifications,P. falciparum,2018,0,0,,12,Champasak Province,,14.6579,105.97,"Center of Malariology, Parasitology and Entomology, Ministry of Public Health",
LAO,Lao People's Democratic Republic,Pfmdr1 amplifications,P. falciparum,2018,0,0,,1,Khong,Champasak,14.047,105.8327,"The GenRe-Mekong Project, Mahidol-Oxford Tropical Medicine Research Unit, Faculty of Tropical Medicine, Mahidol University",https://doi.org/10.7554/eLife.62997
LAO,Lao People's Democratic Republic,Pfmdr1 amplifications,P. falciparum,2018,0,0,,2,Pathouphone,Champasak,14.8419,105.948,"The GenRe-Mekong Project, Mahidol-Oxford Tropical Medicine Research Unit, Faculty of Tropical Medicine, Mahidol University",https://doi.org/10.1038/s41467-025-59946-1
LAO,Lao People's Democratic Republic,Pfmdr1 amplifications,P. falciparum,2018,0,0,,6,Phouvong,Attapeu,14.7513,106.958,"The GenRe-Mekong Project, Mahidol-Oxford Tropical Medicine Research Unit, Faculty of Tropical Medicine, Mahidol University",https://doi.org/10.7554/eLife.62997
LAO,Lao People's Democratic Republic,Pfmdr1 amplifications,P. falciparum,2018,0,0,,2,Salavan (district),Salavan,15.7167,106.4167,"The GenRe-Mekong Project, Mahidol-Oxford Tropical Medicine Research Unit, Faculty of Tropical Medicine, Mahidol University",https://doi.org/10.7554/eLife.62997
LAO,Lao People's Democratic Republic,Pfmdr1 amplifications,P. falciparum,2018,0,0,,29,Salavan Province,,15.7166,106.4141,"Center of Malariology, Parasitology and Entomology, Ministry of Public Health",
LAO,Lao People's Democratic Republic,Pfmdr1 amplifications,P. falciparum,2018,0,0,,3,Samuoi,Salavan,16.3273,106.892,"The GenRe-Mekong Project, Mahidol-Oxford Tropical Medicine Research Unit, Faculty of Tropical Medicine, Mahidol University",https://doi.org/10.7554/eLife.62997
LAO,Lao People's Democratic Republic,Pfmdr1 amplifications,P. falciparum,2018,0,0,,2,Sanamxay,Attapeu,14.6845,106.5757,"The GenRe-Mekong Project, Mahidol-Oxford Tropical Medicine Research Unit, Faculty of Tropical Medicine, Mahidol University",https://doi.org/10.7554/eLife.62997
LAO,Lao People's Democratic Republic,Pfmdr1 amplifications,P. falciparum,2018,0,0,,3,Sanxay,Attapeu,15.0856,107.2153,"The GenRe-Mekong Project, Mahidol-Oxford Tropical Medicine Research Unit, Faculty of Tropical Medicine, Mahidol University",https://doi.org/10.1038/s41467-025-59946-1
LAO,Lao People's Democratic Republic,Pfmdr1 amplifications,P. falciparum,2018,0,0,,6,Thapangthong,Savannakhet,15.993,105.7928,"The GenRe-Mekong Project, Mahidol-Oxford Tropical Medicine Research Unit, Faculty of Tropical Medicine, Mahidol University",https://doi.org/10.1038/s41467-025-59946-1
LAO,Lao People's Democratic Republic,Pfmdr1 amplifications,P. falciparum,2018,0,0,,1,Vapy,Salavan,15.8293,105.6914,"The GenRe-Mekong Project, Mahidol-Oxford Tropical Medicine Research Unit, Faculty of Tropical Medicine, Mahidol University",https://doi.org/10.7554/eLife.62997
LAO,Lao People's Democratic Republic,Pfmdr1 amplifications,P. falciparum,2018,0,0,,9,Xaysetha,Attapeu,14.8144,106.9344,"The GenRe-Mekong Project, Mahidol-Oxford Tropical Medicine Research Unit, Faculty of Tropical Medicine, Mahidol University",https://doi.org/10.7554/eLife.62997
LAO,Lao People's Democratic Republic,Pfmdr1 amplifications,P. falciparum,2017,0,0,,36,Nong,Savannakhet,16.4045,106.6278,"Center of Malariology, Parasitology and Entomology, Ministry of Public Health",
LAO,Lao People's Democratic Republic,Pfmdr1 amplifications,P. falciparum,2017,25,25,MC,4,Pakse,Champasak,15.1138,105.816,"The GenRe-Mekong Project, Mahidol-Oxford Tropical Medicine Research Unit, Faculty of Tropical Medicine, Mahidol University",https://doi.org/10.7554/eLife.62997
LAO,Lao People's Democratic Republic,Pfmdr1 amplifications,P. falciparum,2017,0,0,,26,Salavan Province,,15.7166,106.4141,"Center of Malariology, Parasitology and Entomology, Ministry of Public Health",
LAO,Lao People's Democratic Republic,Pfmdr1 amplifications,P. falciparum,2017,0,0,,1,Thaphalanxay,Savannakhet,16.7,105.6,"The GenRe-Mekong Project, Mahidol-Oxford Tropical Medicine Research Unit, Faculty of Tropical Medicine, Mahidol University",https://doi.org/10.7554/eLife.62997
LAO,Lao People's Democratic Republic,Pfmdr1 amplifications,P. falciparum,2017,0,0,,10,Vilabuly,Savannakhet,16.9414,105.9753,"The GenRe-Mekong Project, Mahidol-Oxford Tropical Medicine Research Unit, Faculty of Tropical Medicine, Mahidol University",https://doi.org/10.7554/eLife.62997
LAO,Lao People's Democratic Republic,Pfmdr1 amplifications,P. falciparum,2016,2.4,2.4,MC,42,Champasak Province,,14.6579,105.97,"Center of Malariology, Parasitology and Entomology, Ministry of Public Health",
LAO,Lao People's Democratic Republic,Pfmdr1 amplifications,P. falciparum,2015,0,0,,11,Sekong,Sekong Province,15.3454,106.6736,"Mahidol-Oxford Tropical Medicine Research Unit, Faculty of Tropical Medicine, Mahidol University, Bangkok, Thailand; Centre for Tropical Medicine and Global Health, University of Oxford, Oxford, UK; The Open University, Milton Keynes, UK.",https://pubmed.ncbi.nlm.nih.gov/32171078/
LAO,Lao People's Democratic Republic,Pfmdr1 amplifications,P. falciparum,2014,9.7,9.7,MC,31,Champasak Province,,14.6579,105.97,"Center of Malariology, Parasitology and Entomology, Ministry of Public Health",
LAO,Lao People's Democratic Republic,Pfmdr1 amplifications,P. falciparum,2014,5.9,5.9,MC,17,Phouvong,Attapeu,14.7513,106.958,"Center of Malariology, Parasitology and Entomology, Ministry of Public Health",
LAO,Lao People's Democratic Republic,Pfmdr1 amplifications,P. falciparum,2011,0,0,,86,Attapeu Province,,14.9363,107.1012,"Faculty of Tropical Medicine, Mahidol University",https://www.ncbi.nlm.nih.gov/pubmed/27825353
MMR,Myanmar,Pfmdr1 amplifications,P. falciparum,2017,0,0,,16,Kawkareik,Kayin,16.5556,98.24,"Department of Medical Research, Ministry of Health and Sports",
MMR,Myanmar,Pfmdr1 amplifications,P. falciparum,2017,0,0,,17,Kawthaung,Tanintharyi,9.9958,98.5529,"Department of Medical Research, Ministry of Health and Sports",
MMR,Myanmar,Pfmdr1 amplifications,P. falciparum,2017,0,0,,36,Mohnyin,Kachin,24.7833,96.3667,Department of Medical Research (Upper Myanmar),
MMR,Myanmar,Pfmdr1 amplifications,P. falciparum,2017,0,0,,16,Mohnyin,Kachin,24.7833,96.3667,"Department of Medical Research, Ministry of Health and Sports",
MMR,Myanmar,Pfmdr1 amplifications,P. falciparum,2017,0,0,,27,Nawnghkio,Shan,22.3338,96.8014,Department of Medical Research (Upper Myanmar),
MMR,Myanmar,Pfmdr1 amplifications,P. falciparum,2017,0,0,,16,Nawnghkio,Shan,22.3338,96.8014,"Department of Medical Research, Ministry of Health and Sports",
MMR,Myanmar,Pfmdr1 amplifications,P. falciparum,2016,0,0,,43,Buthidaung,Rakhine,20.8695,92.5272,"Department of Medical Research, Ministry of Health and Sports",
MMR,Myanmar,Pfmdr1 amplifications,P. falciparum,2016,2,2,MC,437,Kayin State,,16.9459,97.9593,"Shoklo Malaria Research Unit, Mahidol-Oxford Tropical Medicine Research Unit, Faculty of Tropical Medicine, Mahidol University",https://www.ncbi.nlm.nih.gov/pubmed/29703425
MMR,Myanmar,Pfmdr1 amplifications,P. falciparum,2016,0,0,,16,Pyin Oo Lwin,Mandalay,22.0392,96.4717,"Department of Medical Research, Ministry of Health and Sports",
MMR,Myanmar,Pfmdr1 amplifications,P. falciparum,2016,0,0,,16,Tamu,Sagaing,24.2199,94.3103,"Department of Medical Research, Ministry of Health and Sports",
MMR,Myanmar,Pfmdr1 amplifications,P. falciparum,2015,0,0,,28,Ann,Rakhine,19.85,94,"Mahidol-Oxford Tropical Medicine Research Unit, Faculty of Tropical Medicine, Mahidol University, Bangkok, Thailand; Centre for Tropical Medicine and Global Health, University of Oxford, Oxford, UK; The Open University, Milton Keynes, UK.",https://pubmed.ncbi.nlm.nih.gov/32171078/
MMR,Myanmar,Pfmdr1 amplifications,P. falciparum,2015,0,0,,16,Mu Se,Shan,23.9933,97.9103,"Department of Medical Research, Ministry of Health and Sports",
MMR,Myanmar,Pfmdr1 amplifications,P. falciparum,2015,0,0,,15,Myitkyina,Kachin,25.3946,97.3841,"Department of Medical Research, Ministry of Health and Sports",
MMR,Myanmar,Pfmdr1 amplifications,P. falciparum,2015,0,0,,32,Pyay,Bago,18.9147,95.1723,"Mahidol-Oxford Tropical Medicine Research Unit, Faculty of Tropical Medicine, Mahidol University, Bangkok, Thailand; Centre for Tropical Medicine and Global Health, University of Oxford, Oxford, UK; The Open University, Milton Keynes, UK.",https://pubmed.ncbi.nlm.nih.gov/32171078/
MMR,Myanmar,Pfmdr1 amplifications,P. falciparum,2015,0,0,,27,Pyin Oo Lwin,Mandalay,22.0392,96.4717,"Mahidol-Oxford Tropical Medicine Research Unit, Faculty of Tropical Medicine, Mahidol University, Bangkok, Thailand; Centre for Tropical Medicine and Global Health, University of Oxford, Oxford, UK; The Open University, Milton Keynes, UK.",https://pubmed.ncbi.nlm.nih.gov/32171078/
MMR,Myanmar,Pfmdr1 amplifications,P. falciparum,2015,0,0,,27,Pyin Oo Lwin,Mandalay,22.0392,96.4717,"Mahidol-Oxford Tropical Medicine Research Unit, Faculty of Tropical Medicine, Mahidol University, Bangkok, Thailand; Centre for Tropical Medicine and Global Health, University of Oxford, Oxford, UK; The Open University, Milton Keynes, UK.",https://pubmed.ncbi.nlm.nih.gov/32171078/
MMR,Myanmar,Pfmdr1 amplifications,P. falciparum,2013,3.1,3.1,MC,65,Ann,Rakhine,19.85,94,"Department of Medicine, Institute of Medicine",https://www.ncbi.nlm.nih.gov/pubmed/26911145
MMR,Myanmar,Pfmdr1 amplifications,P. falciparum,2013,4.1,4.1,MC,98,Homalin,Sagaing,24.8833,94.9167,"Department of Medicine, Institute of Medicine",https://www.ncbi.nlm.nih.gov/pubmed/26911145
MMR,Myanmar,Pfmdr1 amplifications,P. falciparum,2013,16.7,16.7,MC,6,Hpruso,Kayah,19.05,97.1333,"Department of Medicine, Institute of Medicine",https://www.ncbi.nlm.nih.gov/pubmed/26911145
MMR,Myanmar,Pfmdr1 amplifications,P. falciparum,2013,30.8,30.8,MC,13,Kyaukme,Shan,22.5392,97.0283,"Department of Medicine, Institute of Medicine",https://www.ncbi.nlm.nih.gov/pubmed/26911145
MMR,Myanmar,Pfmdr1 amplifications,P. falciparum,2013,5,5,MC,20,Myitkyina,Kachin,25.3946,97.3841,"Faculty of Tropical Medicine, Mahidol University",https://www.ncbi.nlm.nih.gov/pubmed/27825353
MMR,Myanmar,Pfmdr1 amplifications,P. falciparum,2013,2.8,2.8,MC,36,Myitkyina,Kachin,25.3946,97.3841,"Department of Medicine, Institute of Medicine",https://www.ncbi.nlm.nih.gov/pubmed/26911145
MMR,Myanmar,Pfmdr1 amplifications,P. falciparum,2013,0,0,,30,Pyin Oo Lwin,Mandalay,22.0392,96.4717,"Faculty of Tropical Medicine, Mahidol University",https://www.ncbi.nlm.nih.gov/pubmed/27825353
MMR,Myanmar,Pfmdr1 amplifications,P. falciparum,2012,27.6,27.6,MC,29,Pyin Oo Lwin,Mandalay,22.0392,96.4717,"Faculty of Tropical Medicine, Mahidol University",https://www.ncbi.nlm.nih.gov/pubmed/27825353
MMR,Myanmar,Pfmdr1 amplifications,P. falciparum,2012,12.5,12.5,MC,64,Shwegyin,Bago,17.9293,96.8807,"Faculty of Tropical Medicine, Mahidol University",https://www.ncbi.nlm.nih.gov/pubmed/27825353
MMR,Myanmar,Pfmdr1 amplifications,P. falciparum,2011,81.7,81.7,MC,60,Kachin State,,25.8509,97.4381,University of California at Irvine,https://www.ncbi.nlm.nih.gov/pubmed/27084511
MMR,Myanmar,Pfmdr1 amplifications,P. falciparum,2011,11,11,MC,100,Shwegyin,Bago,17.9293,96.8807,"Department of Medical Environmental Biology and Tropical Medicine, School of Medicine, Kangwon National University",https://www.ncbi.nlm.nih.gov/pubmed/28249583
MMR,Myanmar,Pfmdr1 amplifications,P. falciparum,2010,0,0,,10,Laiza,Kachin,24.754,97.5505,"Department of Pathogen Biology and Immunology, Kunming Medical University",https://www.ncbi.nlm.nih.gov/pubmed/23357760
MOZ,Mozambique,Pfmdr1 amplifications,P. falciparum,2017,6.8,6.8,MC,59,Magude,Maputo,-25.0231,32.6481,"ISGlobal, Barcelona Institute for Global Health, Hospital Clínic-Universitat de Barcelona",https://pubmed.ncbi.nlm.nih.gov/33075062/
MOZ,Mozambique,Pfmdr1 amplifications,P. falciparum,2015,2.3,2.3,MC,87,Chókwè,Gaza,-24.5323,32.9832,"ISGlobal, Barcelona Institute for Global Health, Hospital Clínic-Universitat de Barcelona",https://pubmed.ncbi.nlm.nih.gov/29260689/
MOZ,Mozambique,Pfmdr1 amplifications,P. falciparum,2015,2.3,2.3,MC,88,Dondo,Sofala,-19.6115,34.7409,"ISGlobal, Barcelona Institute for Global Health, Hospital Clínic-Universitat de Barcelona",https://pubmed.ncbi.nlm.nih.gov/29260689/
MOZ,Mozambique,Pfmdr1 amplifications,P. falciparum,2015,4.9,4.9,MC,61,Magude,Maputo,-25.0231,32.6481,"ISGlobal, Barcelona Institute for Global Health, Hospital Clínic-Universitat de Barcelona",https://pubmed.ncbi.nlm.nih.gov/33075062/
MOZ,Mozambique,Pfmdr1 amplifications,P. falciparum,2015,1.1,1.1,MC,89,Moatize,Tete,-16.1167,33.7333,"ISGlobal, Barcelona Institute for Global Health, Hospital Clínic-Universitat de Barcelona",https://pubmed.ncbi.nlm.nih.gov/29260689/
MOZ,Mozambique,Pfmdr1 amplifications,P. falciparum,2015,0,0,,87,Montepuez,Cabo Delgado,-13.134,38.9981,"ISGlobal, Barcelona Institute for Global Health, Hospital Clínic-Universitat de Barcelona",https://pubmed.ncbi.nlm.nih.gov/29260689/
MOZ,Mozambique,Pfmdr1 amplifications,P. falciparum,2014,16.7,16.7,MC,12,Manhiça,Maputo,-25.3923,32.7972,Medicines for Malaria Venture,https://www.ncbi.nlm.nih.gov/pubmed/30967148
MRT,Mauritania,Pfmdr1 amplifications,P. falciparum,2010,0,0,,6,Ayoun el Atrous,Hodh El Gharbi,16.6667,-9.6167,"Faculté des sciences et techniques, Université de Nouachkott Al-Aasriya",https://www.ncbi.nlm.nih.gov/pubmed/28381273
MRT,Mauritania,Pfmdr1 amplifications,P. falciparum,2010,11.4,11.4,MC,88,Kobeni,Hodh El Gharbi,15.8208,-9.4145,"Faculté des sciences et techniques, Université de Nouachkott Al-Aasriya",https://www.ncbi.nlm.nih.gov/pubmed/28381273
MRT,Mauritania,Pfmdr1 amplifications,P. falciparum,2010,0,0,,8,Tintane,Hodh El Gharbi,16.4,-10.1667,"Faculté des sciences et techniques, Université de Nouachkott Al-Aasriya",https://www.ncbi.nlm.nih.gov/pubmed/28381273
MYS,Malaysia,Pfmdr1 amplifications,P. falciparum,2011,0,0,,16,Kalabakan,Sabah,4.4167,117.4833,"Herbal Medicine Research Center, Institute for Medical Research",https://www.ncbi.nlm.nih.gov/pubmed/27788228
MYS,Malaysia,Pfmdr1 amplifications,P. falciparum,2011,0,0,,22,Kudat,Sabah,6.8868,116.8253,"Herbal Medicine Research Center, Institute for Medical Research",https://www.ncbi.nlm.nih.gov/pubmed/27788228
PAK,Pakistan,Pfmdr1 amplifications,P. falciparum,2017,3.9,3.9,MC,179,Khyber District,Khyber Pakhtunkhwa,34.0211,71.2874,"Directorate of Malaria Control, Ministry of National Health Services, Regulations and Coordination",
PAK,Pakistan,Pfmdr1 amplifications,P. falciparum,2017,1.7,1.7,MC,175,Zhob,Balochistan,31.3413,69.4487,"Directorate of Malaria Control, Ministry of National Health Services, Regulations and Coordination",
PAK,Pakistan,Pfmdr1 amplifications,P. falciparum,2015,0,0,,241,Sindh and Balochistan Provinces,,26.9973,67.1393,"Section of Microbiology, Department of Pathology and Laboratory Medicine, Aga Khan University",https://pubmed.ncbi.nlm.nih.gov/33827592/
PAK,Pakistan,Pfmdr1 amplifications,P. falciparum,2015,1.1,1.1,MC,92,Zhob,Balochistan,31.3413,69.4487,"Directorate of Malaria Control, Ministry of National Health Services, Regulations and Coordination",
PAK,Pakistan,Pfmdr1 amplifications,P. falciparum,2011,0,0,,33,Balochistan Province,,27.7,65.7,"Center for Vaccine Development, University of Maryland School of Medicine",https://www.ncbi.nlm.nih.gov/pubmed/23988011
PAK,Pakistan,Pfmdr1 amplifications,P. falciparum,2011,0,0,,2,Hyderabad,Sindh,25.3818,68.3694,"Center for Vaccine Development, University of Maryland School of Medicine",https://www.ncbi.nlm.nih.gov/pubmed/23988011
PAK,Pakistan,Pfmdr1 amplifications,P. falciparum,2011,0,0,,2,Islamabad Capital Territory,,33.7167,73.0667,"Center for Vaccine Development, University of Maryland School of Medicine",https://www.ncbi.nlm.nih.gov/pubmed/23988011
PAK,Pakistan,Pfmdr1 amplifications,P. falciparum,2011,0,0,,91,Khyber Pakhtunkhwa Province,,34,71.32,"Center for Vaccine Development, University of Maryland School of Medicine",https://www.ncbi.nlm.nih.gov/pubmed/23988011
PAK,Pakistan,Pfmdr1 amplifications,P. falciparum,2011,0,0,,43,Punjab Province,,31,72,"Center for Vaccine Development, University of Maryland School of Medicine",https://www.ncbi.nlm.nih.gov/pubmed/23988011
PNG,Papua New Guinea,Pfmdr1 amplifications,P. falciparum,2022,0,0,,57,Kavieng,New Ireland,-2.5718,150.8048,Papua New Guinea Institute of Medical Research,
PNG,Papua New Guinea,Pfmdr1 amplifications,P. falciparum,2021,0,0,,62,Vanimo-Green River,Sandaun,-2.6833,141.2833,Papua New Guinea Institute of Medical Research,
PNG,Papua New Guinea,Pfmdr1 amplifications,P. falciparum,2019,4.6,4.6,MC,43,Madang District,Madang Province,-5.0101,144.4717,Papua New Guinea Institute of Medical Research,
PNG,Papua New Guinea,Pfmdr1 amplifications,P. falciparum,2018,0,0,,12,Kuriva,Central,-10.6208,151.2719,Papua New Guinea Institute of Medical Research,
PNG,Papua New Guinea,Pfmdr1 amplifications,P. falciparum,2017,0,0,,21,Alotau,Milne Bay,-10.3157,150.4588,Papua New Guinea Institute of Medical Research,
RWA,Rwanda,Pfmdr1 amplifications,P. falciparum,2013,3.1,3.1,MC,127,Gasabo,Kigali,-1.8833,30.1333,"Malaria and Other Parasitic Division, Institute of HIV/AIDS, Disease Prevention & Control (IHDPC), Rwanda Biomedical Center, Ministry of Health",
RWA,Rwanda,Pfmdr1 amplifications,P. falciparum,2013,7.6,7.6,MC,105,Kayonza,Eastern Province,-1.9139,30.62,"Malaria and Other Parasitic Division, Institute of HIV/AIDS, Disease Prevention & Control (IHDPC), Rwanda Biomedical Center, Ministry of Health",
SDN,Sudan,Pfmdr1 amplifications,P. falciparum,2017,0,0,,83,Damazin,Blue Nile,11.7855,34.3421,"Federal Ministry of Health, National Malaria Control Programme",
SDN,Sudan,Pfmdr1 amplifications,P. falciparum,2017,0,0,,64,Geneina,West Darfur,13.45,22.45,"Federal Ministry of Health, National Malaria Control Programme",
SDN,Sudan,Pfmdr1 amplifications,P. falciparum,2017,2.6,2.6,MC,38,Geneina,West Darfur,13.45,22.45,"Federal Ministry of Health, National Malaria Control Programme",
SDN,Sudan,Pfmdr1 amplifications,P. falciparum,2017,0,0,,71,Kas,South Darfur,12.6763,24.0602,"Federal Ministry of Health, National Malaria Control Programme",
SDN,Sudan,Pfmdr1 amplifications,P. falciparum,2017,0,0,,75,Kassala,Kassala State,15.4558,36.3787,"Federal Ministry of Health, National Malaria Control Programme",
SDN,Sudan,Pfmdr1 amplifications,P. falciparum,2017,0,0,,78,Nyala,South Darfur,12.0364,24.8769,"Federal Ministry of Health, National Malaria Control Programme",
SDN,Sudan,Pfmdr1 amplifications,P. falciparum,2017,0,0,,44,Sennar,Sennar,13.5675,33.5672,"Federal Ministry of Health, National Malaria Control Programme",
SDN,Sudan,Pfmdr1 amplifications,P. falciparum,2016,0,0,,95,Al Qadarif,Al Qadarif,14.04,35.3833,"Federal Ministry of Health, National Malaria Control Programme",
SDN,Sudan,Pfmdr1 amplifications,P. falciparum,2012,0,0,,68,Kassala State,,15.4512,36.401,London School of Hygiene and Tropical Medicine,https://www.ncbi.nlm.nih.gov/pubmed/23870667
SEN,Senegal,Pfmdr1 amplifications,P. falciparum,2019,0,0,,193,Kolda,Kolda,12.9337,-14.9561,Cheikh Anta Diop University,
SEN,Senegal,Pfmdr1 amplifications,P. falciparum,2019,0,0,,176,Mbour,Thiès Region,14.4165,-16.9872,Cheikh Anta Diop University,
SEN,Senegal,Pfmdr1 amplifications,P. falciparum,2018,0,0,,192,Diourbel,Diourbel Region,14.6543,-16.2526,"Faculty of Medicine, University of Cheikh Anta Diop",
SEN,Senegal,Pfmdr1 amplifications,P. falciparum,2018,0,0,,272,Kedougou,Kedougou,12.5578,-12.2006,"Faculty of Medicine, University of Cheikh Anta Diop",
SLE,Sierra Leone,Pfmdr1 amplifications,P. falciparum,2016,15.7,15.7,MC,51,Bo,Southern Province,7.9564,-11.74,National Malaria Control Programme,https://www.ncbi.nlm.nih.gov/pubmed/29932931
SLE,Sierra Leone,Pfmdr1 amplifications,P. falciparum,2016,6,6,MC,50,Makeni,Northern Province,8.8817,-12.0442,National Malaria Control Programme,https://www.ncbi.nlm.nih.gov/pubmed/29932931
SOM,Somalia,Pfmdr1 amplifications,P. falciparum,2017,0,0,,86,Bosaso,Bari,11.2847,49.1825,"Global Malaria Programme, World Health Organization",https://pubmed.ncbi.nlm.nih.gov/31296223/
SOM,Somalia,Pfmdr1 amplifications,P. falciparum,2017,0,0,,49,Jowhar,Middle Shabelle,2.7833,45.5,"Global Malaria Programme, World Health Organization",https://pubmed.ncbi.nlm.nih.gov/31296223/
SOM,Somalia,Pfmdr1 amplifications,P. falciparum,2016,10.9,10.9,MC,101,Jowhar,Middle Shabelle,2.7833,45.5,"Global Malaria Programme, World Health Organization",https://pubmed.ncbi.nlm.nih.gov/31296223/
THA,Thailand,Pfmdr1 amplifications,P. falciparum,2018,0,0,,26,Kantharalak,Sisaket,14.64,104.65,"The GenRe-Mekong Project, Mahidol-Oxford Tropical Medicine Research Unit, Faculty of Tropical Medicine, Mahidol University",https://doi.org/10.7554/eLife.62997
THA,Thailand,Pfmdr1 amplifications,P. falciparum,2018,25,25,MC,4,Nam Yuen,Ubon Ratchathani,14.4892,105.0008,"The GenRe-Mekong Project, Mahidol-Oxford Tropical Medicine Research Unit, Faculty of Tropical Medicine, Mahidol University",https://doi.org/10.1038/s41467-025-59946-1
THA,Thailand,Pfmdr1 amplifications,P. falciparum,2018,0,0,,9,Phu Sing,Sisaket,14.5467,104.1317,"The GenRe-Mekong Project, Mahidol-Oxford Tropical Medicine Research Unit, Faculty of Tropical Medicine, Mahidol University",https://doi.org/10.7554/eLife.62997
THA,Thailand,Pfmdr1 amplifications,P. falciparum,2017,11,11,MC,9,Buntharik,Ubon Ratchathani,14.7567,105.4114,"The GenRe-Mekong Project, Mahidol-Oxford Tropical Medicine Research Unit, Faculty of Tropical Medicine, Mahidol University",https://doi.org/10.7554/eLife.62997
THA,Thailand,Pfmdr1 amplifications,P. falciparum,2017,0,0,,3,Na Chaluai,Ubon Ratchathani,14.5036,105.2429,"The GenRe-Mekong Project, Mahidol-Oxford Tropical Medicine Research Unit, Faculty of Tropical Medicine, Mahidol University",https://doi.org/10.7554/eLife.62997
THA,Thailand,Pfmdr1 amplifications,P. falciparum,2015,0,0,,11,Khun Han,Sisaket,14.5473,104.2593,"Mahidol-Oxford Tropical Medicine Research Unit, Faculty of Tropical Medicine, Mahidol University, Bangkok, Thailand; Centre for Tropical Medicine and Global Health, University of Oxford, Oxford, UK; The Open University, Milton Keynes, UK.",https://pubmed.ncbi.nlm.nih.gov/32171078/
THA,Thailand,Pfmdr1 amplifications,P. falciparum,2015,0,0,,32,Phu Sing,Sisaket,14.5467,104.1317,"Mahidol-Oxford Tropical Medicine Research Unit, Faculty of Tropical Medicine, Mahidol University, Bangkok, Thailand; Centre for Tropical Medicine and Global Health, University of Oxford, Oxford, UK; The Open University, Milton Keynes, UK.",https://pubmed.ncbi.nlm.nih.gov/32171078/
THA,Thailand,Pfmdr1 amplifications,P. falciparum,2015,0,0,,46,Sisaket and Surin Provinces,,14.9467,103.9618,"Department of Bacterial and Parasitic Diseases, Armed Forces Research Institute of Medical Sciences",https://pubmed.ncbi.nlm.nih.gov/34183715/
THA,Thailand,Pfmdr1 amplifications,P. falciparum,2014,9,9,MC,101,Buntharik,Ubon Ratchathani,14.7567,105.4114,"Faculty of Tropical Medicine, Mahidol University",https://www.ncbi.nlm.nih.gov/pubmed/26616851
THA,Thailand,Pfmdr1 amplifications,P. falciparum,2014,5.2,5.2,MC,39,Sisaket and Surin Provinces,,14.9467,103.9618,"Department of Bacterial and Parasitic Diseases, Armed Forces Research Institute of Medical Sciences",https://pubmed.ncbi.nlm.nih.gov/34183715/
THA,Thailand,Pfmdr1 amplifications,P. falciparum,2013,64.7,64.7,MC,34,Mae Sot,Tak,16.7124,98.5747,"Faculty of Tropical Medicine, Mahidol University",https://www.ncbi.nlm.nih.gov/pubmed/27313266
THA,Thailand,Pfmdr1 amplifications,P. falciparum,2013,11.1,11.1,MC,27,Sisaket and Surin Provinces,,14.9467,103.9618,"Department of Bacterial and Parasitic Diseases, Armed Forces Research Institute of Medical Sciences",https://pubmed.ncbi.nlm.nih.gov/34183715/
THA,Thailand,Pfmdr1 amplifications,P. falciparum,2012,52.7,52.7,MC,110,Mae Sot,Tak,16.7124,98.5747,"Faculty of Tropical Medicine, Mahidol University",https://www.ncbi.nlm.nih.gov/pubmed/27313266
THA,Thailand,Pfmdr1 amplifications,P. falciparum,2011,8.7,8.7,MC,23,Kra Buri,Ranong,10.056,98.641,"Faculty of Tropical Medicine, Mahidol University",https://www.ncbi.nlm.nih.gov/pubmed/27825353
THA,Thailand,Pfmdr1 amplifications,P. falciparum,2011,59.8,59.8,MC,107,Mae Sot,Tak,16.7124,98.5747,"Faculty of Tropical Medicine, Mahidol University",https://www.ncbi.nlm.nih.gov/pubmed/27825353
THA,Thailand,Pfmdr1 amplifications,P. falciparum,2011,73.9,73.9,MC,23,Mae Sot,Tak,16.7124,98.5747,"Faculty of Tropical Medicine, Mahidol University",https://www.ncbi.nlm.nih.gov/pubmed/27313266
THA,Thailand,Pfmdr1 amplifications,P. falciparum,2011,33.3,33.3,MC,36,Phu Sing,Sisaket,14.5467,104.1317,"Faculty of Tropical Medicine, Mahidol University",https://www.ncbi.nlm.nih.gov/pubmed/27825353
THA,Thailand,Pfmdr1 amplifications,P. falciparum,2010,56.2,56.2,MC,73,Mae Sot,Tak,16.7124,98.5747,"Faculty of Tropical Medicine, Mahidol University",https://www.ncbi.nlm.nih.gov/pubmed/27313266
TZA,United Republic of Tanzania,Pfmdr1 amplifications,P. falciparum,2015,0,0,,22,Rufiji,Pwani,-7.7739,39.3639,Ifakara Health Institute,https://pubmed.ncbi.nlm.nih.gov/30333022/
UGA,Uganda,Pfmdr1 amplifications,P. falciparum,2018,0,0,,520,Multiple sites,,0.8274,32.2588,University of California San Francisco,https://pubmed.ncbi.nlm.nih.gov/33146722/
UGA,Uganda,Pfmdr1 amplifications,P. falciparum,2017,6.7,6.7,MC,30,Agago,Northern Region,2.8333,33.3333,Infectious Diseases Research Collaboration,https://pubmed.ncbi.nlm.nih.gov/30559133/
UGA,Uganda,Pfmdr1 amplifications,P. falciparum,2017,0,0,,41,Amolatar,Northern Region,1.6333,32.8333,Infectious Diseases Research Collaboration,https://pubmed.ncbi.nlm.nih.gov/30559133/
UGA,Uganda,Pfmdr1 amplifications,P. falciparum,2017,0,0,,37,Arua,Northern Region,3.0353,30.9108,Infectious Diseases Research Collaboration,https://pubmed.ncbi.nlm.nih.gov/30559133/
UGA,Uganda,Pfmdr1 amplifications,P. falciparum,2017,0,0,,37,Jinja,Eastern Region,0.4479,33.2026,Infectious Diseases Research Collaboration,https://pubmed.ncbi.nlm.nih.gov/30559133/
UGA,Uganda,Pfmdr1 amplifications,P. falciparum,2017,0,0,,45,Kanungu,Western Region,-0.8195,29.7426,Infectious Diseases Research Collaboration,https://pubmed.ncbi.nlm.nih.gov/30559133/
UGA,Uganda,Pfmdr1 amplifications,P. falciparum,2017,0,0,,31,Kole,Northern Region,2.302,32.6104,Infectious Diseases Research Collaboration,https://pubmed.ncbi.nlm.nih.gov/30559133/
UGA,Uganda,Pfmdr1 amplifications,P. falciparum,2017,0,0,,35,Lamwo,Northern Region,3.5333,32.8,Infectious Diseases Research Collaboration,https://pubmed.ncbi.nlm.nih.gov/30559133/
UGA,Uganda,Pfmdr1 amplifications,P. falciparum,2017,0,0,,39,Mubende,Central Region,0.6,31.4,Infectious Diseases Research Collaboration,https://pubmed.ncbi.nlm.nih.gov/30559133/
UGA,Uganda,Pfmdr1 amplifications,P. falciparum,2017,0,0,,40,Tororo,Eastern Region,0.6782,34.1866,Infectious Diseases Research Collaboration,https://pubmed.ncbi.nlm.nih.gov/30559133/
UGA,Uganda,Pfmdr1 amplifications,P. falciparum,2016,0,0,,58,Tororo,Eastern Region,0.6782,34.1866,"Department of Natural Sciences and Mathematics, Dominican University of California",https://pubmed.ncbi.nlm.nih.gov/28923866/
UGA,Uganda,Pfmdr1 amplifications,P. falciparum,2014,27.4,27.4,MC,113,Tororo,Eastern Region,0.6782,34.1866,Medicines for Malaria Venture,https://www.ncbi.nlm.nih.gov/pubmed/30967148
UGA,Uganda,Pfmdr1 amplifications,P. falciparum,2010,1.7,1.7,MC,58,Tororo,Eastern Region,0.6782,34.1866,University of California San Francisco,https://pubmed.ncbi.nlm.nih.gov/23796921/
VNM,Viet Nam,Pfmdr1 amplifications,P. falciparum,2022,0,0,,1,Dong Hoi,Quang Binh,13.3662,108.9831,"The GenRe-Mekong Project, Mahidol-Oxford Tropical Medicine Research Unit, Faculty of Tropical Medicine, Mahidol University",https://doi.org/10.1038/s41467-025-59946-1
VNM,Viet Nam,Pfmdr1 amplifications,P. falciparum,2022,0,0,,4,Dong Xuan,Phu Yen,13.4253,109.0214,"The GenRe-Mekong Project, Mahidol-Oxford Tropical Medicine Research Unit, Faculty of Tropical Medicine, Mahidol University",https://doi.org/10.1038/s41467-025-59946-1
VNM,Viet Nam,Pfmdr1 amplifications,P. falciparum,2022,0,0,,1,Ea Kar,Dak Lak,12.7554,108.5383,"The GenRe-Mekong Project, Mahidol-Oxford Tropical Medicine Research Unit, Faculty of Tropical Medicine, Mahidol University",https://doi.org/10.1038/s41467-025-59946-1
VNM,Viet Nam,Pfmdr1 amplifications,P. falciparum,2022,0,0,,144,Krong Pa,Gia Lai,13.2346,108.5179,"The GenRe-Mekong Project, Mahidol-Oxford Tropical Medicine Research Unit, Faculty of Tropical Medicine, Mahidol University",https://doi.org/10.1038/s41467-025-59946-1
VNM,Viet Nam,Pfmdr1 amplifications,P. falciparum,2022,0,0,,32,Krong Pa and Kbang districts,Gia Lai,13.4687,108.6721,"National Institute of Malariology, Parasitology and Entomology",
VNM,Viet Nam,Pfmdr1 amplifications,P. falciparum,2021,0,0,,9,Dong Xuan,Phu Yen,13.4253,109.0214,"The GenRe-Mekong Project, Mahidol-Oxford Tropical Medicine Research Unit, Faculty of Tropical Medicine, Mahidol University",https://doi.org/10.1038/s41467-025-59946-1
VNM,Viet Nam,Pfmdr1 amplifications,P. falciparum,2021,0,0,,9,Kong Chro,Gia Lai,13.7037,108.5701,"The GenRe-Mekong Project, Mahidol-Oxford Tropical Medicine Research Unit, Faculty of Tropical Medicine, Mahidol University",https://doi.org/10.1038/s41467-025-59946-1
VNM,Viet Nam,Pfmdr1 amplifications,P. falciparum,2021,0,0,,64,Krong Pa,Gia Lai,13.2346,108.5179,"The GenRe-Mekong Project, Mahidol-Oxford Tropical Medicine Research Unit, Faculty of Tropical Medicine, Mahidol University",https://doi.org/10.1038/s41467-025-59946-1
VNM,Viet Nam,Pfmdr1 amplifications,P. falciparum,2021,9.9,9.9,MC,11,Krong Pa and Ia Pa Districts,Gia Lai,13.3436,108.6386,"National Institute of Malariology, Parasitology and Entomology",
VNM,Viet Nam,Pfmdr1 amplifications,P. falciparum,2021,0,0,,9,Son Hoa,Phu Yen,13.1482,108.9644,"The GenRe-Mekong Project, Mahidol-Oxford Tropical Medicine Research Unit, Faculty of Tropical Medicine, Mahidol University",https://doi.org/10.1038/s41467-025-59946-1
VNM,Viet Nam,Pfmdr1 amplifications,P. falciparum,2021,0,0,,4,Song Hinh,Phu Yen,12.917,108.917,"The GenRe-Mekong Project, Mahidol-Oxford Tropical Medicine Research Unit, Faculty of Tropical Medicine, Mahidol University",https://doi.org/10.1038/s41467-025-59946-1
VNM,Viet Nam,Pfmdr1 amplifications,P. falciparum,2021,0,0,,41,"Song Hinh, Son Hoa and Dong Xuan districts",Phu Yen,13.1236,108.7854,"National Institute of Malariology, Parasitology and Entomology",
VNM,Viet Nam,Pfmdr1 amplifications,P. falciparum,2020,0,0,,3,Bac Ai,Ninh Thuan,11.8334,108.8551,"The GenRe-Mekong Project, Mahidol-Oxford Tropical Medicine Research Unit, Faculty of Tropical Medicine, Mahidol University",https://doi.org/10.1038/s41467-025-59946-1
VNM,Viet Nam,Pfmdr1 amplifications,P. falciparum,2020,0,0,,5,Bac Binh,Binh Thuan,11.2552,108.3801,"The GenRe-Mekong Project, Mahidol-Oxford Tropical Medicine Research Unit, Faculty of Tropical Medicine, Mahidol University",https://doi.org/10.1038/s41467-025-59946-1
VNM,Viet Nam,Pfmdr1 amplifications,P. falciparum,2020,0,0,,7,Bu Gia Map,Binh Phuoc,12.0392,107.0539,"The GenRe-Mekong Project, Mahidol-Oxford Tropical Medicine Research Unit, Faculty of Tropical Medicine, Mahidol University",https://doi.org/10.1038/s41467-025-59946-1
VNM,Viet Nam,Pfmdr1 amplifications,P. falciparum,2020,0,0,,5,Dong Ha,Quang Tri,16.7964,107.0835,"The GenRe-Mekong Project, Mahidol-Oxford Tropical Medicine Research Unit, Faculty of Tropical Medicine, Mahidol University",https://doi.org/10.1038/s41467-025-59946-1
VNM,Viet Nam,Pfmdr1 amplifications,P. falciparum,2020,0,0,,16,Dong Xuan,Phu Yen,13.4253,109.0214,"The GenRe-Mekong Project, Mahidol-Oxford Tropical Medicine Research Unit, Faculty of Tropical Medicine, Mahidol University",https://doi.org/10.1038/s41467-025-59946-1
VNM,Viet Nam,Pfmdr1 amplifications,P. falciparum,2020,0,0,,25,Ea Kar,Dak Lak,12.7554,108.5383,"The GenRe-Mekong Project, Mahidol-Oxford Tropical Medicine Research Unit, Faculty of Tropical Medicine, Mahidol University",https://doi.org/10.1038/s41467-025-59946-1
VNM,Viet Nam,Pfmdr1 amplifications,P. falciparum,2020,0,0,,2,Ham Thuan Bac,Binh Thuan,11.1563,108.0324,"The GenRe-Mekong Project, Mahidol-Oxford Tropical Medicine Research Unit, Faculty of Tropical Medicine, Mahidol University",https://doi.org/10.1038/s41467-025-59946-1
VNM,Viet Nam,Pfmdr1 amplifications,P. falciparum,2020,0,0,,7,Kong Chro,Gia Lai,13.7037,108.5701,"The GenRe-Mekong Project, Mahidol-Oxford Tropical Medicine Research Unit, Faculty of Tropical Medicine, Mahidol University",https://doi.org/10.1038/s41467-025-59946-1
VNM,Viet Nam,Pfmdr1 amplifications,P. falciparum,2020,0,0,,21,Krông Năng,Dak Lak,13,108.417,"The GenRe-Mekong Project, Mahidol-Oxford Tropical Medicine Research Unit, Faculty of Tropical Medicine, Mahidol University",https://doi.org/10.1038/s41467-025-59946-1
VNM,Viet Nam,Pfmdr1 amplifications,P. falciparum,2020,0,0,,35,Krong Nang and Ea Kar districts,Dak Lak,12.9765,108.4735,"National Institute of Malariology, Parasitology and Entomology",
VNM,Viet Nam,Pfmdr1 amplifications,P. falciparum,2020,0,0,,131,Krong Pa,Gia Lai,13.2346,108.5179,"The GenRe-Mekong Project, Mahidol-Oxford Tropical Medicine Research Unit, Faculty of Tropical Medicine, Mahidol University",https://doi.org/10.1038/s41467-025-59946-1
VNM,Viet Nam,Pfmdr1 amplifications,P. falciparum,2020,0,0,,50,Krong Pa and Ia Pa Districts,Gia Lai,13.3436,108.6386,"National Institute of Malariology, Parasitology and Entomology",
VNM,Viet Nam,Pfmdr1 amplifications,P. falciparum,2020,0,0,,5,Pleiku,Gia Lai,13.9671,108.0129,"The GenRe-Mekong Project, Mahidol-Oxford Tropical Medicine Research Unit, Faculty of Tropical Medicine, Mahidol University",https://doi.org/10.1038/s41467-025-59946-1
VNM,Viet Nam,Pfmdr1 amplifications,P. falciparum,2020,0,0,,11,Son Hoa,Phu Yen,13.1482,108.9644,"The GenRe-Mekong Project, Mahidol-Oxford Tropical Medicine Research Unit, Faculty of Tropical Medicine, Mahidol University",https://doi.org/10.1038/s41467-025-59946-1
VNM,Viet Nam,Pfmdr1 amplifications,P. falciparum,2020,0,0,,29,Song Hinh,Phu Yen,12.917,108.917,"The GenRe-Mekong Project, Mahidol-Oxford Tropical Medicine Research Unit, Faculty of Tropical Medicine, Mahidol University",https://doi.org/10.1038/s41467-025-59946-1
VNM,Viet Nam,Pfmdr1 amplifications,P. falciparum,2020,0,0,,6,Tuy Duc,Dak Nong,12.1576,107.4342,"National Institute of Malariology, Parasitology and Entomology",
VNM,Viet Nam,Pfmdr1 amplifications,P. falciparum,2019,0,0,,13,Bac Ai,Ninh Thuan,11.8334,108.8551,"The GenRe-Mekong Project, Mahidol-Oxford Tropical Medicine Research Unit, Faculty of Tropical Medicine, Mahidol University",https://doi.org/10.1038/s41467-025-59946-1
VNM,Viet Nam,Pfmdr1 amplifications,P. falciparum,2019,0,0,,24,Bu Gia Map,Binh Phuoc,12.0392,107.0539,"The GenRe-Mekong Project, Mahidol-Oxford Tropical Medicine Research Unit, Faculty of Tropical Medicine, Mahidol University",https://doi.org/10.7554/eLife.62997
VNM,Viet Nam,Pfmdr1 amplifications,P. falciparum,2019,0,0,,4,Bu Gia Map and Bu Dang Districts,Binh Phuoc,11.9723,107.1483,"National Institute of Malariology, Parasitology and Entomology",
VNM,Viet Nam,Pfmdr1 amplifications,P. falciparum,2019,0,0,,20,Buon Ma Thuot,Dak Lak,12.6667,108.05,"The GenRe-Mekong Project, Mahidol-Oxford Tropical Medicine Research Unit, Faculty of Tropical Medicine, Mahidol University",https://doi.org/10.1038/s41467-025-59946-1
VNM,Viet Nam,Pfmdr1 amplifications,P. falciparum,2019,0,0,,33,Cu Jut,Dak Nong,12.6573,107.8656,"The GenRe-Mekong Project, Mahidol-Oxford Tropical Medicine Research Unit, Faculty of Tropical Medicine, Mahidol University",https://doi.org/10.7554/eLife.62997
VNM,Viet Nam,Pfmdr1 amplifications,P. falciparum,2019,0,0,,38,Dak Nong Province,,12.2646,107.6098,"National Institute of Malariology, Parasitology and Entomology",
VNM,Viet Nam,Pfmdr1 amplifications,P. falciparum,2019,0,0,,4,Dong Ha,Quang Tri,16.7964,107.0835,"The GenRe-Mekong Project, Mahidol-Oxford Tropical Medicine Research Unit, Faculty of Tropical Medicine, Mahidol University",https://doi.org/10.1038/s41467-025-59946-1
VNM,Viet Nam,Pfmdr1 amplifications,P. falciparum,2019,0,0,,76,Dong Xuan,Phu Yen,13.4253,109.0214,"The GenRe-Mekong Project, Mahidol-Oxford Tropical Medicine Research Unit, Faculty of Tropical Medicine, Mahidol University",https://doi.org/10.1038/s41467-025-59946-1
VNM,Viet Nam,Pfmdr1 amplifications,P. falciparum,2019,0,0,,14,Duc Co,Gia Lai,13.7729,107.6544,"The GenRe-Mekong Project, Mahidol-Oxford Tropical Medicine Research Unit, Faculty of Tropical Medicine, Mahidol University",https://doi.org/10.7554/eLife.62997
VNM,Viet Nam,Pfmdr1 amplifications,P. falciparum,2019,0,0,,9,Ea H'leo,Dak Lak,13.2445,108.1979,"The GenRe-Mekong Project, Mahidol-Oxford Tropical Medicine Research Unit, Faculty of Tropical Medicine, Mahidol University",https://doi.org/10.1038/s41467-025-59946-1
VNM,Viet Nam,Pfmdr1 amplifications,P. falciparum,2019,1,1,MC,139,Ea Kar,Dak Lak,12.7554,108.5383,"The GenRe-Mekong Project, Mahidol-Oxford Tropical Medicine Research Unit, Faculty of Tropical Medicine, Mahidol University",https://doi.org/10.7554/eLife.62997
VNM,Viet Nam,Pfmdr1 amplifications,P. falciparum,2019,0,0,,6,Ea Sup,Dak Lak,13.1862,107.7636,"The GenRe-Mekong Project, Mahidol-Oxford Tropical Medicine Research Unit, Faculty of Tropical Medicine, Mahidol University",https://doi.org/10.1038/s41467-025-59946-1
VNM,Viet Nam,Pfmdr1 amplifications,P. falciparum,2019,0,0,,52,Gia Lai Province,,13.8079,108.1094,"National Institute of Malariology, Parasitology and Entomology",
VNM,Viet Nam,Pfmdr1 amplifications,P. falciparum,2019,0,0,,10,Ia Grai,Gia Lai,14,107.75,"The GenRe-Mekong Project, Mahidol-Oxford Tropical Medicine Research Unit, Faculty of Tropical Medicine, Mahidol University",https://doi.org/10.1038/s41467-025-59946-1
VNM,Viet Nam,Pfmdr1 amplifications,P. falciparum,2019,0,0,,2,Ia H' Drai,Kon Tum,14.1026,107.4543,"The GenRe-Mekong Project, Mahidol-Oxford Tropical Medicine Research Unit, Faculty of Tropical Medicine, Mahidol University",https://doi.org/10.1038/s41467-025-59946-1
VNM,Viet Nam,Pfmdr1 amplifications,P. falciparum,2019,0,0,,55,Ia Pa,Gia Lai,13.5343,108.566,"The GenRe-Mekong Project, Mahidol-Oxford Tropical Medicine Research Unit, Faculty of Tropical Medicine, Mahidol University",https://doi.org/10.7554/eLife.62997
VNM,Viet Nam,Pfmdr1 amplifications,P. falciparum,2019,0,0,,6,Khanh Vinh,Khánh Hòa,12.2744,108.9175,"The GenRe-Mekong Project, Mahidol-Oxford Tropical Medicine Research Unit, Faculty of Tropical Medicine, Mahidol University",https://doi.org/10.7554/eLife.62997
VNM,Viet Nam,Pfmdr1 amplifications,P. falciparum,2019,100,100,MC,1,Kon Tum,Kon Tum,14.3438,108.0031,"The GenRe-Mekong Project, Mahidol-Oxford Tropical Medicine Research Unit, Faculty of Tropical Medicine, Mahidol University",https://doi.org/10.1038/s41467-025-59946-1
VNM,Viet Nam,Pfmdr1 amplifications,P. falciparum,2019,0,0,,13,Kong Chro,Gia Lai,13.7037,108.5701,"The GenRe-Mekong Project, Mahidol-Oxford Tropical Medicine Research Unit, Faculty of Tropical Medicine, Mahidol University",https://doi.org/10.7554/eLife.62997
VNM,Viet Nam,Pfmdr1 amplifications,P. falciparum,2019,0,0,,1,Krong Bong,Dak Lak,12.4695,108.5072,"The GenRe-Mekong Project, Mahidol-Oxford Tropical Medicine Research Unit, Faculty of Tropical Medicine, Mahidol University",https://doi.org/10.1038/s41467-025-59946-1
VNM,Viet Nam,Pfmdr1 amplifications,P. falciparum,2019,2.2,2.2,MC,92,Krông Năng,Dak Lak,13,108.417,"National Institute of Malariology, Parasitology and Entomology",
VNM,Viet Nam,Pfmdr1 amplifications,P. falciparum,2019,0,0,,129,Krông Năng,Dak Lak,13,108.417,"The GenRe-Mekong Project, Mahidol-Oxford Tropical Medicine Research Unit, Faculty of Tropical Medicine, Mahidol University",https://doi.org/10.1038/s41467-025-59946-1
VNM,Viet Nam,Pfmdr1 amplifications,P. falciparum,2019,0,0,,423,Krong Pa,Gia Lai,13.2346,108.5179,"The GenRe-Mekong Project, Mahidol-Oxford Tropical Medicine Research Unit, Faculty of Tropical Medicine, Mahidol University",https://doi.org/10.7554/eLife.62997
VNM,Viet Nam,Pfmdr1 amplifications,P. falciparum,2019,5.3,5.3,MC,19,Krong Pa and Ia Pa Districts,Gia Lai,13.3436,108.6386,"National Institute of Malariology, Parasitology and Entomology",
VNM,Viet Nam,Pfmdr1 amplifications,P. falciparum,2019,1,1,MC,71,Krong Pa and Ia Pa Districts,Gia Lai,13.3436,108.6386,"National Institute of Malariology, Parasitology and Entomology",
VNM,Viet Nam,Pfmdr1 amplifications,P. falciparum,2019,0,0,,4,M'Drak,Dak Lak,12.7308,108.8188,"The GenRe-Mekong Project, Mahidol-Oxford Tropical Medicine Research Unit, Faculty of Tropical Medicine, Mahidol University",https://doi.org/10.1038/s41467-025-59946-1
VNM,Viet Nam,Pfmdr1 amplifications,P. falciparum,2019,0,0,,21,Pleiku,Gia Lai,13.9671,108.0129,"The GenRe-Mekong Project, Mahidol-Oxford Tropical Medicine Research Unit, Faculty of Tropical Medicine, Mahidol University",https://doi.org/10.1038/s41467-025-59946-1
VNM,Viet Nam,Pfmdr1 amplifications,P. falciparum,2019,0,0,,38,Son Hoa,Phu Yen,13.1482,108.9644,"The GenRe-Mekong Project, Mahidol-Oxford Tropical Medicine Research Unit, Faculty of Tropical Medicine, Mahidol University",https://doi.org/10.1038/s41467-025-59946-1
VNM,Viet Nam,Pfmdr1 amplifications,P. falciparum,2019,0,0,,83,Song Hinh,Phu Yen,12.917,108.917,"The GenRe-Mekong Project, Mahidol-Oxford Tropical Medicine Research Unit, Faculty of Tropical Medicine, Mahidol University",https://doi.org/10.1038/s41467-025-59946-1
VNM,Viet Nam,Pfmdr1 amplifications,P. falciparum,2019,0,0,,24,Tuy Duc,Dak Nong,12.1576,107.4342,"The GenRe-Mekong Project, Mahidol-Oxford Tropical Medicine Research Unit, Faculty of Tropical Medicine, Mahidol University",https://doi.org/10.1038/s41467-025-59946-1
VNM,Viet Nam,Pfmdr1 amplifications,P. falciparum,2019,6,6,MC,50,Tuy Duc and Cu Jut districts,Dak Nong,12.3421,107.5557,"National Institute of Malariology, Parasitology and Entomology",
VNM,Viet Nam,Pfmdr1 amplifications,P. falciparum,2018,0,0,,10,Bac Ai,Ninh Thuan,11.8334,108.8551,"The GenRe-Mekong Project, Mahidol-Oxford Tropical Medicine Research Unit, Faculty of Tropical Medicine, Mahidol University",https://doi.org/10.7554/eLife.62997
VNM,Viet Nam,Pfmdr1 amplifications,P. falciparum,2018,0,0,,50,Binh Phouc and Khanh Hoa Provinces,,11.9497,107.3364,"Mahidol Oxford Tropical Medicine Research Unit, Faculty of Tropical Medicine, Mahidol University, Bangkok, Thailand; Centre for Tropical Medicine and Global Health, Nuffield Department of Medicine, University of Oxford, Oxford, United Kingdom",
VNM,Viet Nam,Pfmdr1 amplifications,P. falciparum,2018,0,0,,110,Bu Gia Map,Binh Phuoc,12.0392,107.0539,"The GenRe-Mekong Project, Mahidol-Oxford Tropical Medicine Research Unit, Faculty of Tropical Medicine, Mahidol University",https://doi.org/10.7554/eLife.62997
VNM,Viet Nam,Pfmdr1 amplifications,P. falciparum,2018,0,0,,24,Buon Don,Dak Lak,12.8792,107.7163,"The GenRe-Mekong Project, Mahidol-Oxford Tropical Medicine Research Unit, Faculty of Tropical Medicine, Mahidol University",https://doi.org/10.7554/eLife.62997
VNM,Viet Nam,Pfmdr1 amplifications,P. falciparum,2018,0,0,,50,Buon Ma Thuot,Dak Lak,12.6667,108.05,"The GenRe-Mekong Project, Mahidol-Oxford Tropical Medicine Research Unit, Faculty of Tropical Medicine, Mahidol University",https://doi.org/10.1038/s41467-025-59946-1
VNM,Viet Nam,Pfmdr1 amplifications,P. falciparum,2018,0,0,,33,Cu Jut,Dak Nong,12.6573,107.8656,"The GenRe-Mekong Project, Mahidol-Oxford Tropical Medicine Research Unit, Faculty of Tropical Medicine, Mahidol University",https://doi.org/10.7554/eLife.62997
VNM,Viet Nam,Pfmdr1 amplifications,P. falciparum,2018,12,12,MC,50,Cu Jut and Dak Mil districts,Dak Nong,12.6123,107.7287,Vietnam People's Army Military Institute of Preventive Medicine,
VNM,Viet Nam,Pfmdr1 amplifications,P. falciparum,2018,0,0,,3,Cu M'gar,Dak Lak,12.8889,108.0319,"The GenRe-Mekong Project, Mahidol-Oxford Tropical Medicine Research Unit, Faculty of Tropical Medicine, Mahidol University",https://doi.org/10.1038/s41467-025-59946-1
VNM,Viet Nam,Pfmdr1 amplifications,P. falciparum,2018,23.6,23.6,MC,55,Cu M'gar and Lak districts,Dak Lak,12.3424,108.2429,"Institute of Malariology, Parasitology and Entomology",
VNM,Viet Nam,Pfmdr1 amplifications,P. falciparum,2018,0,0,,10,Da Krong,Quang Tri,16.5788,106.9769,"The GenRe-Mekong Project, Mahidol-Oxford Tropical Medicine Research Unit, Faculty of Tropical Medicine, Mahidol University",https://doi.org/10.1038/s41467-025-59946-1
VNM,Viet Nam,Pfmdr1 amplifications,P. falciparum,2018,0,0,,3,Dong Ha,Quang Tri,16.7964,107.0835,"The GenRe-Mekong Project, Mahidol-Oxford Tropical Medicine Research Unit, Faculty of Tropical Medicine, Mahidol University",https://doi.org/10.7554/eLife.62997
VNM,Viet Nam,Pfmdr1 amplifications,P. falciparum,2018,0,0,,51,Duc Co,Gia Lai,13.7729,107.6544,"The GenRe-Mekong Project, Mahidol-Oxford Tropical Medicine Research Unit, Faculty of Tropical Medicine, Mahidol University",https://doi.org/10.7554/eLife.62997
VNM,Viet Nam,Pfmdr1 amplifications,P. falciparum,2018,0,0,,6,Ea H'leo,Dak Lak,13.2445,108.1979,"The GenRe-Mekong Project, Mahidol-Oxford Tropical Medicine Research Unit, Faculty of Tropical Medicine, Mahidol University",https://doi.org/10.1038/s41467-025-59946-1
VNM,Viet Nam,Pfmdr1 amplifications,P. falciparum,2018,0,0,,16,Ea Sup,Dak Lak,13.1862,107.7636,"The GenRe-Mekong Project, Mahidol-Oxford Tropical Medicine Research Unit, Faculty of Tropical Medicine, Mahidol University",https://doi.org/10.7554/eLife.62997
VNM,Viet Nam,Pfmdr1 amplifications,P. falciparum,2018,0,0,,6,Huong Hoa,Quang Tri,16.6496,106.6763,"The GenRe-Mekong Project, Mahidol-Oxford Tropical Medicine Research Unit, Faculty of Tropical Medicine, Mahidol University",https://doi.org/10.7554/eLife.62997
VNM,Viet Nam,Pfmdr1 amplifications,P. falciparum,2018,0,0,,18,Ia Grai,Gia Lai,14,107.75,"The GenRe-Mekong Project, Mahidol-Oxford Tropical Medicine Research Unit, Faculty of Tropical Medicine, Mahidol University",https://doi.org/10.7554/eLife.62997
VNM,Viet Nam,Pfmdr1 amplifications,P. falciparum,2018,8.7,8.7,MC,23,Ia Hdrai and Ngoc Hoi districts,Kon Tum,14.4194,107.5632,"Institute of Malariology, Parasitology and Entomology",
VNM,Viet Nam,Pfmdr1 amplifications,P. falciparum,2018,0,0,,32,Ia Pa,Gia Lai,13.5343,108.566,"The GenRe-Mekong Project, Mahidol-Oxford Tropical Medicine Research Unit, Faculty of Tropical Medicine, Mahidol University",https://doi.org/10.7554/eLife.62997
VNM,Viet Nam,Pfmdr1 amplifications,P. falciparum,2018,15.4,15.4,MC,13,Kbang and Kong Chro districts,Gia Lai,13.9086,108.5933,"Institute of Malariology, Parasitology and Entomology",
VNM,Viet Nam,Pfmdr1 amplifications,P. falciparum,2018,0,0,,48,Khanh Vinh,Khánh Hòa,12.2744,108.9175,"The GenRe-Mekong Project, Mahidol-Oxford Tropical Medicine Research Unit, Faculty of Tropical Medicine, Mahidol University",https://doi.org/10.7554/eLife.62997
VNM,Viet Nam,Pfmdr1 amplifications,P. falciparum,2018,0,0,,301,Krong Pa,Gia Lai,13.2346,108.5179,"The GenRe-Mekong Project, Mahidol-Oxford Tropical Medicine Research Unit, Faculty of Tropical Medicine, Mahidol University",https://doi.org/10.7554/eLife.62997
VNM,Viet Nam,Pfmdr1 amplifications,P. falciparum,2018,0,0,,31,Pleiku,Gia Lai,13.9671,108.0129,"The GenRe-Mekong Project, Mahidol-Oxford Tropical Medicine Research Unit, Faculty of Tropical Medicine, Mahidol University",https://doi.org/10.1038/s41467-025-59946-1
VNM,Viet Nam,Pfmdr1 amplifications,P. falciparum,2018,0,0,,28,Tuy Duc,Dak Nong,12.1576,107.4342,"The GenRe-Mekong Project, Mahidol-Oxford Tropical Medicine Research Unit, Faculty of Tropical Medicine, Mahidol University",https://doi.org/10.7554/eLife.62997
VNM,Viet Nam,Pfmdr1 amplifications,P. falciparum,2018,19.4,19.4,MC,36,Tuy Duc and Cu Jut districts,Dak Nong,12.3421,107.5557,"Institute of Malariology, Parasitology and Entomology",
VNM,Viet Nam,Pfmdr1 amplifications,P. falciparum,2017,0,0,,30,Bac Ai,Ninh Thuan,11.8334,108.8551,"National Institute of Malariology, Parasitology and Entomology",
VNM,Viet Nam,Pfmdr1 amplifications,P. falciparum,2017,0,0,,28,Bac Ai,Ninh Thuan,11.8334,108.8551,"National Institute of Malariology, Parasitology and Entomology",
VNM,Viet Nam,Pfmdr1 amplifications,P. falciparum,2017,15,15,MC,34,Bac Ai,Ninh Thuan,11.8334,108.8551,"The GenRe-Mekong Project, Mahidol-Oxford Tropical Medicine Research Unit, Faculty of Tropical Medicine, Mahidol University",https://doi.org/10.7554/eLife.62997
VNM,Viet Nam,Pfmdr1 amplifications,P. falciparum,2017,2.2,2.2,MC,44,Bu Dang,Binh Phuoc,11.7693,107.1485,"National Institute of Malariology, Parasitology and Entomology",
VNM,Viet Nam,Pfmdr1 amplifications,P. falciparum,2017,0,0,,38,Bu Gia Map,Binh Phuoc,12.0392,107.0539,"National Institute of Malariology, Parasitology and Entomology",
VNM,Viet Nam,Pfmdr1 amplifications,P. falciparum,2017,0,0,,51,Bu Gia Map,Binh Phuoc,12.0392,107.0539,"The GenRe-Mekong Project, Mahidol-Oxford Tropical Medicine Research Unit, Faculty of Tropical Medicine, Mahidol University",https://doi.org/10.7554/eLife.62997
VNM,Viet Nam,Pfmdr1 amplifications,P. falciparum,2017,5,5,MC,38,Buon Don,Dak Lak,12.8792,107.7163,"The GenRe-Mekong Project, Mahidol-Oxford Tropical Medicine Research Unit, Faculty of Tropical Medicine, Mahidol University",https://doi.org/10.7554/eLife.62997
VNM,Viet Nam,Pfmdr1 amplifications,P. falciparum,2017,0,0,,64,Buon Ma Thuot,Dak Lak,12.6667,108.05,"The GenRe-Mekong Project, Mahidol-Oxford Tropical Medicine Research Unit, Faculty of Tropical Medicine, Mahidol University",https://doi.org/10.1038/s41467-025-59946-1
VNM,Viet Nam,Pfmdr1 amplifications,P. falciparum,2017,0,0,,4,Cam Lam,Khánh Hòa,12.0017,109.2233,"The GenRe-Mekong Project, Mahidol-Oxford Tropical Medicine Research Unit, Faculty of Tropical Medicine, Mahidol University",https://doi.org/10.7554/eLife.62997
VNM,Viet Nam,Pfmdr1 amplifications,P. falciparum,2017,0,0,,13,Cu Jut,Dak Nong,12.6573,107.8656,"National Institute of Malariology, Parasitology and Entomology",
VNM,Viet Nam,Pfmdr1 amplifications,P. falciparum,2017,0,0,,27,Cu Jut,Dak Nong,12.6573,107.8656,"The GenRe-Mekong Project, Mahidol-Oxford Tropical Medicine Research Unit, Faculty of Tropical Medicine, Mahidol University",https://doi.org/10.7554/eLife.62997
VNM,Viet Nam,Pfmdr1 amplifications,P. falciparum,2017,0,0,,5,Cu M'gar,Dak Lak,12.8889,108.0319,"The GenRe-Mekong Project, Mahidol-Oxford Tropical Medicine Research Unit, Faculty of Tropical Medicine, Mahidol University",https://doi.org/10.1038/s41467-025-59946-1
VNM,Viet Nam,Pfmdr1 amplifications,P. falciparum,2017,0,0,,29,Dong Ha,Quang Tri,16.7964,107.0835,"The GenRe-Mekong Project, Mahidol-Oxford Tropical Medicine Research Unit, Faculty of Tropical Medicine, Mahidol University",https://doi.org/10.7554/eLife.62997
VNM,Viet Nam,Pfmdr1 amplifications,P. falciparum,2017,0,0,,92,Duc Co,Gia Lai,13.7729,107.6544,"The GenRe-Mekong Project, Mahidol-Oxford Tropical Medicine Research Unit, Faculty of Tropical Medicine, Mahidol University",https://doi.org/10.7554/eLife.62997
VNM,Viet Nam,Pfmdr1 amplifications,P. falciparum,2017,0,0,,30,Ea H'leo,Dak Lak,13.2445,108.1979,"The GenRe-Mekong Project, Mahidol-Oxford Tropical Medicine Research Unit, Faculty of Tropical Medicine, Mahidol University",https://doi.org/10.1038/s41467-025-59946-1
VNM,Viet Nam,Pfmdr1 amplifications,P. falciparum,2017,3,3,MC,33,Ea Kar,Dak Lak,12.7554,108.5383,"The GenRe-Mekong Project, Mahidol-Oxford Tropical Medicine Research Unit, Faculty of Tropical Medicine, Mahidol University",https://doi.org/10.7554/eLife.62997
VNM,Viet Nam,Pfmdr1 amplifications,P. falciparum,2017,0,0,,29,Ea Sup,Dak Lak,13.1862,107.7636,"The GenRe-Mekong Project, Mahidol-Oxford Tropical Medicine Research Unit, Faculty of Tropical Medicine, Mahidol University",https://doi.org/10.7554/eLife.62997
VNM,Viet Nam,Pfmdr1 amplifications,P. falciparum,2017,0,0,,64,Gia Lai Province,,13.8079,108.1094,"National Institute of Malariology, Parasitology and Entomology",
VNM,Viet Nam,Pfmdr1 amplifications,P. falciparum,2017,0,0,,30,Ia Grai,Gia Lai,14,107.75,"The GenRe-Mekong Project, Mahidol-Oxford Tropical Medicine Research Unit, Faculty of Tropical Medicine, Mahidol University",https://doi.org/10.7554/eLife.62997
VNM,Viet Nam,Pfmdr1 amplifications,P. falciparum,2017,0,0,,43,Ia Pa,Gia Lai,13.5343,108.566,"The GenRe-Mekong Project, Mahidol-Oxford Tropical Medicine Research Unit, Faculty of Tropical Medicine, Mahidol University",https://doi.org/10.7554/eLife.62997
VNM,Viet Nam,Pfmdr1 amplifications,P. falciparum,2017,0,0,,8,Khanh Vinh,Khánh Hòa,12.2744,108.9175,"National Institute of Malariology, Parasitology and Entomology",
VNM,Viet Nam,Pfmdr1 amplifications,P. falciparum,2017,0,0,,21,Khanh Vinh,Khánh Hòa,12.2744,108.9175,"The GenRe-Mekong Project, Mahidol-Oxford Tropical Medicine Research Unit, Faculty of Tropical Medicine, Mahidol University",https://doi.org/10.7554/eLife.62997
VNM,Viet Nam,Pfmdr1 amplifications,P. falciparum,2017,0,0,,10,Kong Chro,Gia Lai,13.7037,108.5701,"The GenRe-Mekong Project, Mahidol-Oxford Tropical Medicine Research Unit, Faculty of Tropical Medicine, Mahidol University",https://doi.org/10.7554/eLife.62997
VNM,Viet Nam,Pfmdr1 amplifications,P. falciparum,2017,0,0,,2,Krông Năng,Dak Lak,13,108.417,"The GenRe-Mekong Project, Mahidol-Oxford Tropical Medicine Research Unit, Faculty of Tropical Medicine, Mahidol University",https://doi.org/10.7554/eLife.62997
VNM,Viet Nam,Pfmdr1 amplifications,P. falciparum,2017,0,0,,28,Krong Pa,Gia Lai,13.2346,108.5179,"National Institute of Malariology, Parasitology and Entomology",
VNM,Viet Nam,Pfmdr1 amplifications,P. falciparum,2017,2,2,MC,40,Krong Pa,Gia Lai,13.2346,108.5179,"The GenRe-Mekong Project, Mahidol-Oxford Tropical Medicine Research Unit, Faculty of Tropical Medicine, Mahidol University",https://doi.org/10.7554/eLife.62997
VNM,Viet Nam,Pfmdr1 amplifications,P. falciparum,2017,0,0,,3,Nha Trang,Khánh Hòa,12.2388,109.1967,"The GenRe-Mekong Project, Mahidol-Oxford Tropical Medicine Research Unit, Faculty of Tropical Medicine, Mahidol University",https://doi.org/10.1038/s41467-025-59946-1
VNM,Viet Nam,Pfmdr1 amplifications,P. falciparum,2017,20,20,MC,5,Ninh Son,Ninh Thuan,11.6889,108.7363,"The GenRe-Mekong Project, Mahidol-Oxford Tropical Medicine Research Unit, Faculty of Tropical Medicine, Mahidol University",https://doi.org/10.7554/eLife.62997
VNM,Viet Nam,Pfmdr1 amplifications,P. falciparum,2017,0,0,,58,Pleiku,Gia Lai,13.9671,108.0129,"The GenRe-Mekong Project, Mahidol-Oxford Tropical Medicine Research Unit, Faculty of Tropical Medicine, Mahidol University",https://doi.org/10.1038/s41467-025-59946-1
VNM,Viet Nam,Pfmdr1 amplifications,P. falciparum,2017,0,0,,4,Thuan Bac,Ninh Thuan,11.7533,109.0691,"The GenRe-Mekong Project, Mahidol-Oxford Tropical Medicine Research Unit, Faculty of Tropical Medicine, Mahidol University",https://doi.org/10.7554/eLife.62997
VNM,Viet Nam,Pfmdr1 amplifications,P. falciparum,2017,3.8,3.8,MC,26,Tuy Duc,Dak Nong,12.1576,107.4342,"National Institute of Malariology, Parasitology and Entomology",
VNM,Viet Nam,Pfmdr1 amplifications,P. falciparum,2017,0,0,,34,Tuy Duc,Dak Nong,12.1576,107.4342,"The GenRe-Mekong Project, Mahidol-Oxford Tropical Medicine Research Unit, Faculty of Tropical Medicine, Mahidol University",https://doi.org/10.7554/eLife.62997
VNM,Viet Nam,Pfmdr1 amplifications,P. falciparum,2015,0,0,,46,Bu Gia Map,Binh Phuoc,12.0392,107.0539,"National Institute of Malariology, Parasitology and Entomology",
VNM,Viet Nam,Pfmdr1 amplifications,P. falciparum,2015,0,0,,120,Bu Gia Map,Binh Phuoc,12.0392,107.0539,"Mahidol-Oxford Tropical Medicine Research Unit, Faculty of Tropical Medicine, Mahidol University, Bangkok, Thailand; Centre for Tropical Medicine and Global Health, University of Oxford, Oxford, UK; The Open University, Milton Keynes, UK.",https://pubmed.ncbi.nlm.nih.gov/32171078/
VNM,Viet Nam,Pfmdr1 amplifications,P. falciparum,2015,8.5,8.5,MC,47,Krong Pa,Gia Lai,13.2346,108.5179,Institute of Tropical Medicine,https://pubmed.ncbi.nlm.nih.gov/32437557/
VNM,Viet Nam,Pfmdr1 amplifications,P. falciparum,2014,3.6,3.6,MC,28,Binh Phuoc Province,,11.7512,106.7235,Medicines for Malaria Venture,https://www.ncbi.nlm.nih.gov/pubmed/30967148
VNM,Viet Nam,Pfmdr1 amplifications,P. falciparum,2014,11.1,11.1,MC,18,Gia Lai Province,,13.8079,108.1094,Medicines for Malaria Venture,https://www.ncbi.nlm.nih.gov/pubmed/30967148
VNM,Viet Nam,Pfmdr1 amplifications,P. falciparum,2014,6.2,6.2,MC,32,Khanh Hoa Province,,12.3181,108.5073,Medicines for Malaria Venture,https://www.ncbi.nlm.nih.gov/pubmed/30967148
VNM,Viet Nam,Pfmdr1 amplifications,P. falciparum,2014,0,0,,1,Quang Tri Province,,16.7469,107.194,Medicines for Malaria Venture,https://www.ncbi.nlm.nih.gov/pubmed/30967148
VNM,Viet Nam,Pfmdr1 amplifications,P. falciparum,2011,3.9,3.9,MC,102,Bu Gia Map,Binh Phuoc,12.0392,107.0539,"Faculty of Tropical Medicine, Mahidol University",https://www.ncbi.nlm.nih.gov/pubmed/27825353
YEM,Yemen,Pfmdr1 amplifications,P. falciparum,2019,0,0,,86,Bajil,Al Hudaydah,15.1,43.4667,"National Malaria Control Programme, Yemen",
ZAF,South Africa,Pfmdr1 amplifications,P. falciparum,2018,0,0,,482,Mpumalanga Province,,-26,30,"Centre for Emerging Zoonotic and Parasitic Diseases, National Institute for Communicable Diseases",https://www.ncbi.nlm.nih.gov/pubmed/31438951
ZAF,South Africa,Pfmdr1 amplifications,P. falciparum,2011,0,0,,390,Mpumalanga Province,,-26,30,"Centre for Emerging Zoonotic and Parasitic Diseases, National Institute for Communicable Diseases",https://www.ncbi.nlm.nih.gov/pubmed/31438951
ZMB,Zambia,Pfmdr1 amplifications,P. falciparum,2014,0,0,,9,Nchelenge,Luapula Province,-9,29,"Johns Hopkins Malaria Research Institute, Johns Hopkins University Bloomberg School of Public Health",https://pubmed.ncbi.nlm.nih.gov/33078701/
AFG,Afghanistan,Pfplasmepsin 2-3 amplifications,P. falciparum,2019,0,0,,51,Mihtarlam,Laghman,34.6456,70.1814,National Malaria and Leishmaniasis Control Programme,
AFG,Afghanistan,Pfplasmepsin 2-3 amplifications,P. falciparum,2019,0,0,,57,Nangarhar Province,,34.25,70.5,National Malaria and Leishmaniasis Control Programme,
AFG,Afghanistan,Pfplasmepsin 2-3 amplifications,P. falciparum,2016,0,0,,60,Laghman Province,,34.66,70.2,National Malaria and Leishmaniasis Control Programme,
AFG,Afghanistan,Pfplasmepsin 2-3 amplifications,P. falciparum,2016,0,0,,54,Nangarhar Province,,34.25,70.5,National Malaria and Leishmaniasis Control Programme,
BDI,Burundi,Pfplasmepsin 2-3 amplifications,P. falciparum,2019,30.6,30.6,MC,85,Buhiga,Karuzi,-3.0307,30.1604,Programme National Intégré de Lutte contre le Paludisme,
BDI,Burundi,Pfplasmepsin 2-3 amplifications,P. falciparum,2019,27.3,27.3,MC,88,Bujumbura,Bujumbura Mairie,-3.3614,29.3599,Programme National Intégré de Lutte contre le Paludisme,
BDI,Burundi,Pfplasmepsin 2-3 amplifications,P. falciparum,2019,18.9,18.9,MC,74,Mutaho,Gitega,-3.1567,29.8561,Programme National Intégré de Lutte contre le Paludisme,
BDI,Burundi,Pfplasmepsin 2-3 amplifications,P. falciparum,2019,50,50,MC,78,Nyanza-lac,Makamba,-4.3062,29.4947,Programme National Intégré de Lutte contre le Paludisme,
BDI,Burundi,Pfplasmepsin 2-3 amplifications,P. falciparum,2015,0,0,,55,Bujumbura,Bujumbura Mairie,-3.3614,29.3599,Programme National Intégré de Lutte contre le Paludisme,
BFA,Burkina Faso,Pfplasmepsin 2-3 amplifications,P. falciparum,2018,30.3,30.3,MC,122,Gourcy,Zondoma,13.2036,-2.3567,Centre National de Recherche et de Formation sur le Paludisme,https://pubmed.ncbi.nlm.nih.gov/33468147/
BFA,Burkina Faso,Pfplasmepsin 2-3 amplifications,P. falciparum,2017,21.5,21.5,MC,107,Banfora,Comoé,10.64,-4.7588,Centre National de Recherche et de Formation sur le Paludisme,https://pubmed.ncbi.nlm.nih.gov/33468147/
BFA,Burkina Faso,Pfplasmepsin 2-3 amplifications,P. falciparum,2017,45.2,45.2,MC,135,Nanoro,Boulkiemdé,12.6833,-2.1833,Centre National de Recherche et de Formation sur le Paludisme,https://pubmed.ncbi.nlm.nih.gov/33468147/
BFA,Burkina Faso,Pfplasmepsin 2-3 amplifications,P. falciparum,2014,30.5,30.5,MC,105,"Multiple sites in Nanoro, Banfora, Niangoloko",,10.5459,-4.7175,Medicines for Malaria Venture,https://www.ncbi.nlm.nih.gov/pubmed/30967148
BGD,Bangladesh,Pfplasmepsin 2-3 amplifications,P. falciparum,2018,0,0,,5,Bandarban,Chittagong,21.8311,92.3686,"Malaria and Parasitic Disease Control Unit, Directorate General of Health Services",
BGD,Bangladesh,Pfplasmepsin 2-3 amplifications,P. falciparum,2018,0,0,,58,Bandarban,Chittagong,21.8311,92.3686,"Malaria and Parasitic Disease Control Unit, Directorate General of Health Services",
BGD,Bangladesh,Pfplasmepsin 2-3 amplifications,P. falciparum,2018,0,0,,9,Khagrachari,Chittagong,23.1322,91.949,"Malaria and Parasitic Disease Control Unit, Directorate General of Health Services",
BGD,Bangladesh,Pfplasmepsin 2-3 amplifications,P. falciparum,2017,0,0,,5,Bandarban,Chittagong,21.8311,92.3686,"Malaria and Parasitic Disease Control Unit, Directorate General of Health Services",
BGD,Bangladesh,Pfplasmepsin 2-3 amplifications,P. falciparum,2017,0,0,,26,Khagrachari,Chittagong,23.1322,91.949,"Malaria and Parasitic Disease Control Unit, Directorate General of Health Services",
BGD,Bangladesh,Pfplasmepsin 2-3 amplifications,P. falciparum,2017,0,0,,7,Rangamati,Chittagong,22.6574,92.1733,"Malaria and Parasitic Disease Control Unit, Directorate General of Health Services",
BGD,Bangladesh,Pfplasmepsin 2-3 amplifications,P. falciparum,2015,0,0,,119,Cox's Bazar,Chittagong,21.4395,92.0077,"Mahidol-Oxford Tropical Medicine Research Unit, Faculty of Tropical Medicine, Mahidol University, Bangkok, Thailand; Centre for Tropical Medicine and Global Health, University of Oxford, Oxford, UK; The Open University, Milton Keynes, UK.",https://pubmed.ncbi.nlm.nih.gov/32171078/
CHN,China,Pfplasmepsin 2-3 amplifications,P. falciparum,2014,0,0,,10,Menglian,Yunnan,22.3291,99.5842,"National Institute of Parasitic Diseases, Chinese Center for Disease Control and Prevention, WHO Collaborating Center for Malaria, Schistosomiasis and Filariasis",https://pubmed.ncbi.nlm.nih.gov/32928233/
CHN,China,Pfplasmepsin 2-3 amplifications,P. falciparum,2014,0,0,,13,Yingjiang,Yunnan,24.7052,97.932,"National Institute of Parasitic Diseases, Chinese Center for Disease Control and Prevention, WHO Collaborating Center for Malaria, Schistosomiasis and Filariasis",https://pubmed.ncbi.nlm.nih.gov/32928233/
CHN,China,Pfplasmepsin 2-3 amplifications,P. falciparum,2013,0,0,,6,"Ruili City, Dehong",Yunnan,24.0146,97.8353,"National Institute of Parasitic Diseases, Chinese Center for Disease Control and Prevention",https://pubmed.ncbi.nlm.nih.gov/32928233/
CHN,China,Pfplasmepsin 2-3 amplifications,P. falciparum,2013,0,0,,6,Tengchong,Yunnan,25.0204,98.491,"National Institute of Parasitic Diseases, Chinese Center for Disease Control and Prevention, WHO Collaborating Center for Malaria, Schistosomiasis and Filariasis",https://pubmed.ncbi.nlm.nih.gov/32928233/
CHN,China,Pfplasmepsin 2-3 amplifications,P. falciparum,2013,0,0,,19,Yingjiang,Yunnan,24.7052,97.932,"National Institute of Parasitic Diseases, Chinese Center for Disease Control and Prevention, WHO Collaborating Center for Malaria, Schistosomiasis and Filariasis",https://pubmed.ncbi.nlm.nih.gov/32928233/
CHN,China,Pfplasmepsin 2-3 amplifications,P. falciparum,2013,8.3,8.3,MC,12,Yingjiang,Yunnan,24.7052,97.932,"National Institute of Parasitic Diseases, Chinese Center for Disease Control and Prevention, WHO Collaborating Center for Malaria, Schistosomiasis and Filariasis",https://pubmed.ncbi.nlm.nih.gov/32928233/
CHN,China,Pfplasmepsin 2-3 amplifications,P. falciparum,2012,0,0,,10,Tengchong,Yunnan,25.0204,98.491,"National Institute of Parasitic Diseases, Chinese Center for Disease Control and Prevention, WHO Collaborating Center for Malaria, Schistosomiasis and Filariasis",https://pubmed.ncbi.nlm.nih.gov/32928233/
CHN,China,Pfplasmepsin 2-3 amplifications,P. falciparum,2012,0,0,,20,Yingjiang,Yunnan,24.7052,97.932,"National Institute of Parasitic Diseases, Chinese Center for Disease Control and Prevention, WHO Collaborating Center for Malaria, Schistosomiasis and Filariasis",https://pubmed.ncbi.nlm.nih.gov/32928233/
CHN,China,Pfplasmepsin 2-3 amplifications,P. falciparum,2012,0,0,,3,Yingjiang,Yunnan,24.7052,97.932,"National Institute of Parasitic Diseases, Chinese Center for Disease Control and Prevention, WHO Collaborating Center for Malaria, Schistosomiasis and Filariasis",https://pubmed.ncbi.nlm.nih.gov/32928233/
CHN,China,Pfplasmepsin 2-3 amplifications,P. falciparum,2011,0,0,,105,Tengchong,Yunnan,25.0204,98.491,"National Institute of Parasitic Diseases, Chinese Center for Disease Control and Prevention, WHO Collaborating Center for Malaria, Schistosomiasis and Filariasis",https://pubmed.ncbi.nlm.nih.gov/32928233/
CHN,China,Pfplasmepsin 2-3 amplifications,P. falciparum,2010,0,0,,20,Yingjiang,Yunnan,24.7052,97.932,"National Institute of Parasitic Diseases, Chinese Center for Disease Control and Prevention, WHO Collaborating Center for Malaria, Schistosomiasis and Filariasis",https://pubmed.ncbi.nlm.nih.gov/32928233/
CMR,Cameroon,Pfplasmepsin 2-3 amplifications,P. falciparum,2018,0,0,,148,Yaoundé,Mfoundi,3.848,11.5021,"Institut Toulousain des Maladies Infectieuses et Inflammatoires, Université Toulouse",https://pubmed.ncbi.nlm.nih.gov/34453535/
COD,Democratic Republic of the Congo,Pfplasmepsin 2-3 amplifications,P. falciparum,2015,0,0,,103,Kinshasa,,-4.325,15.3222,"Mahidol-Oxford Tropical Medicine Research Unit, Faculty of Tropical Medicine, Mahidol University, Bangkok, Thailand; Centre for Tropical Medicine and Global Health, University of Oxford, Oxford, UK; The Open University, Milton Keynes, UK.",https://pubmed.ncbi.nlm.nih.gov/32171078/
COD,Democratic Republic of the Congo,Pfplasmepsin 2-3 amplifications,P. falciparum,2014,50,50,MC,2,Kinshasa,,-4.325,15.3222,Medicines for Malaria Venture,https://www.ncbi.nlm.nih.gov/pubmed/30967148
COG,Congo,Pfplasmepsin 2-3 amplifications,P. falciparum,2019,39.6,39.6,MC,58,Ouesso,Sangha,1.6141,16.0326,"Programme National de Lutte contre le Paludisme, Ministère de la Santé et de la Population",
COM,Comoros,Pfplasmepsin 2-3 amplifications,P. falciparum,2017,0,0,,15,Grande Comore,,-11.5833,43.3333,Programme National de Lutte Contre le Paludisme,
COM,Comoros,Pfplasmepsin 2-3 amplifications,P. falciparum,2017,16.7,16.7,MC,12,Grande Comore,,-11.5833,43.3333,Programme National de Lutte Contre le Paludisme,
COM,Comoros,Pfplasmepsin 2-3 amplifications,P. falciparum,2017,25,25,MC,60,Moroni,Ngazidja,-11.7172,43.2473,Programme National de Lutte Contre le Paludisme,
COM,Comoros,Pfplasmepsin 2-3 amplifications,P. falciparum,2013,8.7,8.7,MC,46,Grande Comore,,-11.5833,43.3333,Programme National de Lutte Contre le Paludisme,
ERI,Eritrea,Pfplasmepsin 2-3 amplifications,P. falciparum,2017,100,100,MC,5,Agordat,Gash-Barka,15.55,37.8833,"National Malaria Control Program, Disease Prevention and Control Division",
ERI,Eritrea,Pfplasmepsin 2-3 amplifications,P. falciparum,2017,0,0,,2,Gīnda,North Red Sea,16,39,"National Malaria Control Program, Disease Prevention and Control Division",
ERI,Eritrea,Pfplasmepsin 2-3 amplifications,P. falciparum,2017,31.8,31.8,MC,22,Goluj,Gash-Barka,14.7438,36.72,"National Malaria Control Program, Disease Prevention and Control Division",
ERI,Eritrea,Pfplasmepsin 2-3 amplifications,P. falciparum,2017,27.8,27.8,MC,36,Laelay Gash,Gash-Barka,14.5685,36.8932,"National Malaria Control Program, Disease Prevention and Control Division",
ERI,Eritrea,Pfplasmepsin 2-3 amplifications,P. falciparum,2017,26.9,26.9,MC,52,Shambuko,Gash-Barka,14.9252,37.838,"National Malaria Control Program, Disease Prevention and Control Division",
ERI,Eritrea,Pfplasmepsin 2-3 amplifications,P. falciparum,2016,25,25,MC,8,Agordat,Gash-Barka,15.55,37.8833,"National Malaria Control Program, Disease Prevention and Control Division",
ERI,Eritrea,Pfplasmepsin 2-3 amplifications,P. falciparum,2016,15.4,15.4,MC,13,Goluj,Gash-Barka,14.7438,36.72,"National Malaria Control Program, Disease Prevention and Control Division",
ERI,Eritrea,Pfplasmepsin 2-3 amplifications,P. falciparum,2016,16.7,16.7,MC,12,Laelay Gash,Gash-Barka,14.5685,36.8932,"National Malaria Control Program, Disease Prevention and Control Division",
ERI,Eritrea,Pfplasmepsin 2-3 amplifications,P. falciparum,2016,22.2,22.2,MC,9,Shambuko,Gash-Barka,14.9252,37.838,"National Malaria Control Program, Disease Prevention and Control Division",
GAB,Gabon,Pfplasmepsin 2-3 amplifications,P. falciparum,2014,11.3,11.3,MC,71,Moyen Ogooué et Estuaire Provinces,,-0.923,9.2241,Medicines for Malaria Venture,https://www.ncbi.nlm.nih.gov/pubmed/30967148
GMB,Gambia,Pfplasmepsin 2-3 amplifications,P. falciparum,2016,49.3,49.3,MC,73,Basse Fulladu East,Basse LGA,13.3333,-14.25,National Malaria Control Programme,
GMB,Gambia,Pfplasmepsin 2-3 amplifications,P. falciparum,2016,29.4,29.4,MC,85,Kombo Central,Brikama LGA,13.25,-16.6667,National Malaria Control Programme,
GNQ,Equatorial Guinea,Pfplasmepsin 2-3 amplifications,P. falciparum,2017,10.8,10.8,MC,37,Bata,Litoral,1.8533,9.779,"Programa Nacional de Lucha contra el Paludismo, Dirección General de Salud Pública y Prevención de Enfermedades",
GNQ,Equatorial Guinea,Pfplasmepsin 2-3 amplifications,P. falciparum,2017,5.3,5.3,MC,38,Ebebiyin,Kié-Ntem,2.0656,11.207,"Programa Nacional de Lucha contra el Paludismo, Dirección General de Salud Pública y Prevención de Enfermedades",
GNQ,Equatorial Guinea,Pfplasmepsin 2-3 amplifications,P. falciparum,2017,19.6,19.6,MC,46,Malabo,Bioko Norte,3.7504,8.7371,"Programa Nacional de Lucha contra el Paludismo, Dirección General de Salud Pública y Prevención de Enfermedades",
IDN,Indonesia,Pfplasmepsin 2-3 amplifications,P. falciparum,2017,3.2,3.2,MC,81,Keerom,Papua,-3.3,140.6167,Eijkman Institute for Molecular Biology,
IDN,Indonesia,Pfplasmepsin 2-3 amplifications,P. falciparum,2017,0,0,,16,Mimika,Papua,-4.55,136.89,"Global and Tropical Health Division, Menzies School of Health Research and Charles Darwin University",https://pubmed.ncbi.nlm.nih.gov/34193398/
IDN,Indonesia,Pfplasmepsin 2-3 amplifications,P. falciparum,2016,0,0,,13,Mimika,Papua,-4.55,136.89,"Global and Tropical Health Division, Menzies School of Health Research and Charles Darwin University",https://pubmed.ncbi.nlm.nih.gov/34193398/
IDN,Indonesia,Pfplasmepsin 2-3 amplifications,P. falciparum,2015,0,0,,74,Mimika,Papua,-4.55,136.89,Mimika District Hospital,https://pubmed.ncbi.nlm.nih.gov/29345221/
IDN,Indonesia,Pfplasmepsin 2-3 amplifications,P. falciparum,2015,0,0,,10,Mimika,Papua,-4.55,136.89,"Global and Tropical Health Division, Menzies School of Health Research and Charles Darwin University",https://pubmed.ncbi.nlm.nih.gov/34193398/
IDN,Indonesia,Pfplasmepsin 2-3 amplifications,P. falciparum,2014,0,0,,37,Mimika,Papua,-4.55,136.89,"Global and Tropical Health Division, Menzies School of Health Research and Charles Darwin University",https://pubmed.ncbi.nlm.nih.gov/34193398/
IDN,Indonesia,Pfplasmepsin 2-3 amplifications,P. falciparum,2013,0,0,,13,Mimika,Papua,-4.55,136.89,"Global and Tropical Health Division, Menzies School of Health Research and Charles Darwin University",https://pubmed.ncbi.nlm.nih.gov/34193398/
IDN,Indonesia,Pfplasmepsin 2-3 amplifications,P. falciparum,2012,0,0,,9,Mimika,Papua,-4.55,136.89,"Global and Tropical Health Division, Menzies School of Health Research and Charles Darwin University",https://pubmed.ncbi.nlm.nih.gov/34193398/
IDN,Indonesia,Pfplasmepsin 2-3 amplifications,P. falciparum,2011,0,0,,16,Mimika,Papua,-4.55,136.89,"Global and Tropical Health Division, Menzies School of Health Research and Charles Darwin University",https://pubmed.ncbi.nlm.nih.gov/34193398/
IND,India,Pfplasmepsin 2-3 amplifications,P. falciparum,2016,0,0,,1,Sundergarh,Odisha,22.124,84.0432,"The GenRe-Mekong Project, Mahidol-Oxford Tropical Medicine Research Unit, Faculty of Tropical Medicine, Mahidol University",https://doi.org/10.1038/s41467-025-59946-1
IND,India,Pfplasmepsin 2-3 amplifications,P. falciparum,2015,0,0,,11,Agartala,Tripura,23.841,91.2919,"Mahidol-Oxford Tropical Medicine Research Unit, Faculty of Tropical Medicine, Mahidol University, Bangkok, Thailand; Centre for Tropical Medicine and Global Health, University of Oxford, Oxford, UK; The Open University, Milton Keynes, UK.",https://pubmed.ncbi.nlm.nih.gov/32171078/
IND,India,Pfplasmepsin 2-3 amplifications,P. falciparum,2015,0,0,,11,Midnapur,West Bengal,22.4308,87.2835,"Mahidol-Oxford Tropical Medicine Research Unit, Faculty of Tropical Medicine, Mahidol University, Bangkok, Thailand; Centre for Tropical Medicine and Global Health, University of Oxford, Oxford, UK; The Open University, Milton Keynes, UK.",https://pubmed.ncbi.nlm.nih.gov/32171078/
IND,India,Pfplasmepsin 2-3 amplifications,P. falciparum,2015,0,0,,14,"Rourkela, Sundergarh",Odisha,22.2604,84.8536,"Mahidol-Oxford Tropical Medicine Research Unit, Faculty of Tropical Medicine, Mahidol University, Bangkok, Thailand; Centre for Tropical Medicine and Global Health, University of Oxford, Oxford, UK; The Open University, Milton Keynes, UK.",https://pubmed.ncbi.nlm.nih.gov/32171078/
KEN,Kenya,Pfplasmepsin 2-3 amplifications,P. falciparum,2016,0,0,,8,Siaya,,-0.0998,34.2747,"Kenya Medical Research Institute, Centre for Global Health Research",https://pubmed.ncbi.nlm.nih.gov/32795367/
KHM,Cambodia,Pfplasmepsin 2-3 amplifications,P. falciparum,2023,0,0,,9,Kampong Speu and Pursat Provinces,,11.8674,104.1685,"National Center for Parasitology, Entomology and Malaria Control, Ministry of Health",
KHM,Cambodia,Pfplasmepsin 2-3 amplifications,P. falciparum,2022,25,25,MC,4,Battambang,,13.0287,102.9896,"Cambodia Malaria Elimination Project 2, University Research Co., LLC",
KHM,Cambodia,Pfplasmepsin 2-3 amplifications,P. falciparum,2022,29,29,MC,7,Kaev Seima,Mondulkiri,12.3628,106.8187,"The GenRe-Mekong Project, Mahidol-Oxford Tropical Medicine Research Unit, Faculty of Tropical Medicine, Mahidol University",https://doi.org/10.1038/s41467-025-59946-1
KHM,Cambodia,Pfplasmepsin 2-3 amplifications,P. falciparum,2022,0,0,,2,Krakor,Pursat,12.5467,104.1729,"The GenRe-Mekong Project, Mahidol-Oxford Tropical Medicine Research Unit, Faculty of Tropical Medicine, Mahidol University",https://doi.org/10.1038/s41467-025-59946-1
KHM,Cambodia,Pfplasmepsin 2-3 amplifications,P. falciparum,2022,3.7,3.7,MC,54,Phnom Kravanh,Pursat,12.3333,103.75,"Cambodia Malaria Elimination Project 2, University Research Co., LLC",
KHM,Cambodia,Pfplasmepsin 2-3 amplifications,P. falciparum,2022,0,0,,74,Phnom Kravanh,Pursat,12.3333,103.75,"The GenRe-Mekong Project, Mahidol-Oxford Tropical Medicine Research Unit, Faculty of Tropical Medicine, Mahidol University",https://doi.org/10.1038/s41467-025-59946-1
KHM,Cambodia,Pfplasmepsin 2-3 amplifications,P. falciparum,2022,0,0,,8,Phnom Sruoch,Kampong Speu,11.4,104.4,"The GenRe-Mekong Project, Mahidol-Oxford Tropical Medicine Research Unit, Faculty of Tropical Medicine, Mahidol University",https://doi.org/10.1038/s41467-025-59946-1
KHM,Cambodia,Pfplasmepsin 2-3 amplifications,P. falciparum,2022,0,0,,9,Sambour,Kratié,12.7423,105.2615,"National Center for Parasitology, Entomology and Malaria Control, Ministry of Health",
KHM,Cambodia,Pfplasmepsin 2-3 amplifications,P. falciparum,2022,0,0,,6,Siem Pang,Stung Treng,14.1125,106.3905,"National Center for Parasitology, Entomology and Malaria Control, Ministry of Health",
KHM,Cambodia,Pfplasmepsin 2-3 amplifications,P. falciparum,2022,0,0,,3,Veal Veng,Pursat,12.5463,103.9187,"The GenRe-Mekong Project, Mahidol-Oxford Tropical Medicine Research Unit, Faculty of Tropical Medicine, Mahidol University",https://doi.org/10.1038/s41467-025-59946-1
KHM,Cambodia,Pfplasmepsin 2-3 amplifications,P. falciparum,2021,50,50,MC,4,Kaev Seima,Mondulkiri,12.3628,106.8187,"The GenRe-Mekong Project, Mahidol-Oxford Tropical Medicine Research Unit, Faculty of Tropical Medicine, Mahidol University",https://doi.org/10.1038/s41467-025-59946-1
KHM,Cambodia,Pfplasmepsin 2-3 amplifications,P. falciparum,2021,0,0,,1,Oral,Kampong Speu,11.8119,104.0072,"National Center for Parasitology, Entomology and Malaria Control, Ministry of Health",
KHM,Cambodia,Pfplasmepsin 2-3 amplifications,P. falciparum,2021,0,0,,18,Phnom Kravanh,Pursat,12.3333,103.75,"The GenRe-Mekong Project, Mahidol-Oxford Tropical Medicine Research Unit, Faculty of Tropical Medicine, Mahidol University",https://doi.org/10.1038/s41467-025-59946-1
KHM,Cambodia,Pfplasmepsin 2-3 amplifications,P. falciparum,2021,100,100,MC,20,Phnom Sruoch,Kampong Speu,11.4,104.4,"National Center for Parasitology, Entomology and Malaria Control, Ministry of Health",
KHM,Cambodia,Pfplasmepsin 2-3 amplifications,P. falciparum,2021,0,0,,25,Phnom Sruoch,Kampong Speu,11.4,104.4,"The GenRe-Mekong Project, Mahidol-Oxford Tropical Medicine Research Unit, Faculty of Tropical Medicine, Mahidol University",https://doi.org/10.1038/s41467-025-59946-1
KHM,Cambodia,Pfplasmepsin 2-3 amplifications,P. falciparum,2020,66.7,66.7,MC,3,Oral,Kampong Speu,11.8119,104.0072,"National Center for Parasitology, Entomology and Malaria Control, Ministry of Health",
KHM,Cambodia,Pfplasmepsin 2-3 amplifications,P. falciparum,2020,0,0,,15,Phnom Sruoch,Kampong Speu,11.4,104.4,"National Center for Parasitology, Entomology and Malaria Control, Ministry of Health",
KHM,Cambodia,Pfplasmepsin 2-3 amplifications,P. falciparum,2020,0,0,,6,Siem Pang,Stung Treng,14.1125,106.3905,"National Center for Parasitology, Entomology and Malaria Control, Ministry of Health",
KHM,Cambodia,Pfplasmepsin 2-3 amplifications,P. falciparum,2020,0,0,,19,Veun Sai,Ratanakiri,14.261,106.7942,"National Center for Parasitology, Entomology and Malaria Control, Ministry of Health",
KHM,Cambodia,Pfplasmepsin 2-3 amplifications,P. falciparum,2019,12.5,12.5,MC,16,Krakor,Pursat,12.5467,104.1729,"National Center for Parasitology, Entomology and Malaria Control, Ministry of Health",
KHM,Cambodia,Pfplasmepsin 2-3 amplifications,P. falciparum,2019,7.7,7.7,MC,13,Oral,Kampong Speu,11.8119,104.0072,"National Center for Parasitology, Entomology and Malaria Control, Ministry of Health",
KHM,Cambodia,Pfplasmepsin 2-3 amplifications,P. falciparum,2019,36.4,36.4,MC,22,Oral,Kampong Speu,11.8119,104.0072,"National Center for Parasitology, Entomology and Malaria Control, Ministry of Health",
KHM,Cambodia,Pfplasmepsin 2-3 amplifications,P. falciparum,2019,0,0,,2,Ou Reang,Mondulkiri,12.3318,107.1684,"National Center for Parasitology, Entomology and Malaria Control, Ministry of Health",
KHM,Cambodia,Pfplasmepsin 2-3 amplifications,P. falciparum,2019,12.5,12.5,MC,8,Sambour,Kratié,12.7423,105.2615,"National Center for Parasitology, Entomology and Malaria Control, Ministry of Health",
KHM,Cambodia,Pfplasmepsin 2-3 amplifications,P. falciparum,2019,3.8,3.8,MC,52,Veun Sai,Ratanakiri,14.261,106.7942,"National Center for Parasitology, Entomology and Malaria Control, Ministry of Health",
KHM,Cambodia,Pfplasmepsin 2-3 amplifications,P. falciparum,2019,20,20,MC,5,Veun Sai,Ratanakiri,14.261,106.7942,"National Center for Parasitology, Entomology and Malaria Control, Ministry of Health",
KHM,Cambodia,Pfplasmepsin 2-3 amplifications,P. falciparum,2018,100,100,MC,5,Ban Lung,Ratanakiri,13.6789,106.9498,"The GenRe-Mekong Project, Mahidol-Oxford Tropical Medicine Research Unit, Faculty of Tropical Medicine, Mahidol University",https://doi.org/10.7554/eLife.62997
KHM,Cambodia,Pfplasmepsin 2-3 amplifications,P. falciparum,2018,15.9,15.9,MC,44,Kaoh Nheaek,Mondulkiri,13.0755,107.0362,"National Center for Parasitology, Entomology and Malaria Control, Ministry of Health",
KHM,Cambodia,Pfplasmepsin 2-3 amplifications,P. falciparum,2018,25,25,MC,24,Ksim,Kratié,12.1681,106.4118,"National Center for Parasitology, Entomology and Malaria Control, Ministry of Health",
KHM,Cambodia,Pfplasmepsin 2-3 amplifications,P. falciparum,2018,46,46,MC,63,Oral,Kampong Speu,11.8119,104.0072,"National Center for Parasitology, Entomology and Malaria Control, Ministry of Health",
KHM,Cambodia,Pfplasmepsin 2-3 amplifications,P. falciparum,2018,5.4,5.4,MC,74,Pailin and Pursat Provinces,,12.4626,102.9863,"Mahidol Oxford Tropical Medicine Research Unit, Faculty of Tropical Medicine, Mahidol University, Bangkok, Thailand; Centre for Tropical Medicine and Global Health, Nuffield Department of Medicine, University of Oxford, Oxford, United Kingdom",https://pubmed.ncbi.nlm.nih.gov/35276064/
KHM,Cambodia,Pfplasmepsin 2-3 amplifications,P. falciparum,2018,50,50,MC,10,Phnom Kravanh,Pursat,12.3333,103.75,"National Center for Parasitology, Entomology and Malaria Control, Ministry of Health",
KHM,Cambodia,Pfplasmepsin 2-3 amplifications,P. falciparum,2018,100,100,MC,5,Sampov Meas,Pursat,12.5076,103.9376,"The GenRe-Mekong Project, Mahidol-Oxford Tropical Medicine Research Unit, Faculty of Tropical Medicine, Mahidol University",https://doi.org/10.1038/s41467-025-59946-1
KHM,Cambodia,Pfplasmepsin 2-3 amplifications,P. falciparum,2018,36.4,36.4,MC,11,Sesan,Stung Treng,13.5037,106.3935,"National Center for Parasitology, Entomology and Malaria Control, Ministry of Health",
KHM,Cambodia,Pfplasmepsin 2-3 amplifications,P. falciparum,2018,23.3,23.3,MC,30,Siem Pang,Stung Treng,14.1125,106.3905,"National Center for Parasitology, Entomology and Malaria Control, Ministry of Health",
KHM,Cambodia,Pfplasmepsin 2-3 amplifications,P. falciparum,2018,30,30,MC,10,Siem Pang,Stung Treng,14.1125,106.3905,"National Center for Parasitology, Entomology and Malaria Control, Ministry of Health",
KHM,Cambodia,Pfplasmepsin 2-3 amplifications,P. falciparum,2018,8.3,8.3,MC,181,Stung Treng Province,,13.5765,105.97,"Mahidol Oxford Tropical Medicine Research Unit, Faculty of Tropical Medicine, Mahidol University, Bangkok, Thailand; Centre for Tropical Medicine and Global Health, Nuffield Department of Medicine, University of Oxford, Oxford, United Kingdom",https://pubmed.ncbi.nlm.nih.gov/35276064/
KHM,Cambodia,Pfplasmepsin 2-3 amplifications,P. falciparum,2018,50,50,MC,6,Taveng,Ratanakiri,14.0473,107.0993,"National Center for Parasitology, Entomology and Malaria Control, Ministry of Health",
KHM,Cambodia,Pfplasmepsin 2-3 amplifications,P. falciparum,2018,16.3,16.3,MC,43,Veal Veng,Pursat,12.5463,103.9187,"National Center for Parasitology, Entomology and Malaria Control, Ministry of Health",
KHM,Cambodia,Pfplasmepsin 2-3 amplifications,P. falciparum,2018,15.1,15.1,MC,53,Veun Sai,Ratanakiri,14.261,106.7942,"National Center for Parasitology, Entomology and Malaria Control, Ministry of Health",
KHM,Cambodia,Pfplasmepsin 2-3 amplifications,P. falciparum,2017,85,85,MC,46,Ban Lung,Ratanakiri,13.6789,106.9498,"The GenRe-Mekong Project, Mahidol-Oxford Tropical Medicine Research Unit, Faculty of Tropical Medicine, Mahidol University",https://doi.org/10.7554/eLife.62997
KHM,Cambodia,Pfplasmepsin 2-3 amplifications,P. falciparum,2017,56.7,56.7,MC,60,Kaoh Nheaek,Mondulkiri,13.0755,107.0362,"National Center for Parasitology, Entomology and Malaria Control, Ministry of Health",
KHM,Cambodia,Pfplasmepsin 2-3 amplifications,P. falciparum,2017,67.8,67.8,MC,149,Mondulkiri Province,,12.7879,107.1012,"National Center for Parasitology, Entomology and Malaria Control, Ministry of Health",
KHM,Cambodia,Pfplasmepsin 2-3 amplifications,P. falciparum,2017,95,95,MC,22,Pailin,Pailin Province,12.7418,102.6331,"The GenRe-Mekong Project, Mahidol-Oxford Tropical Medicine Research Unit, Faculty of Tropical Medicine, Mahidol University",https://doi.org/10.7554/eLife.62997
KHM,Cambodia,Pfplasmepsin 2-3 amplifications,P. falciparum,2017,62.5,62.5,MC,56,Pursat Province,,12.3663,103.6363,"National Center for Parasitology, Entomology and Malaria Control, Ministry of Health",
KHM,Cambodia,Pfplasmepsin 2-3 amplifications,P. falciparum,2017,63.2,63.2,MC,68,Ratanakiri Province,,13.8577,107.1012,"National Center for Parasitology, Entomology and Malaria Control, Ministry of Health",
KHM,Cambodia,Pfplasmepsin 2-3 amplifications,P. falciparum,2017,94,94,MC,32,Sampov Meas,Pursat,12.5076,103.9376,"The GenRe-Mekong Project, Mahidol-Oxford Tropical Medicine Research Unit, Faculty of Tropical Medicine, Mahidol University",https://doi.org/10.1038/s41467-025-59946-1
KHM,Cambodia,Pfplasmepsin 2-3 amplifications,P. falciparum,2017,61.9,61.9,MC,247,Stung Treng Province,,13.5765,105.97,"National Center for Parasitology, Entomology and Malaria Control, Ministry of Health",
KHM,Cambodia,Pfplasmepsin 2-3 amplifications,P. falciparum,2017,66.1,66.1,MC,59,Veun Sai,Ratanakiri,14.261,106.7942,"National Center for Parasitology, Entomology and Malaria Control, Ministry of Health",
KHM,Cambodia,Pfplasmepsin 2-3 amplifications,P. falciparum,2016,61.3,61.3,MC,75,Chey Saen,Preah Vihear,13.5706,105.36,Médecins Sans Frontières,https://www.ncbi.nlm.nih.gov/pubmed/29173875
KHM,Cambodia,Pfplasmepsin 2-3 amplifications,P. falciparum,2016,33.3,33.3,MC,3,Chi Kraeng,Siem Reap,13.2243,104.3792,"National Center for Parasitology, Entomology and Malaria Control, Ministry of Health",
KHM,Cambodia,Pfplasmepsin 2-3 amplifications,P. falciparum,2016,75,75,MC,4,Choam Khsant,Preah Vihear,14.1667,104.9167,"National Center for Parasitology, Entomology and Malaria Control, Ministry of Health",
KHM,Cambodia,Pfplasmepsin 2-3 amplifications,P. falciparum,2016,12.9,12.9,MC,31,Kaoh Nheaek,Mondulkiri,13.0755,107.0362,"National Center for Parasitology, Entomology and Malaria Control, Ministry of Health",
KHM,Cambodia,Pfplasmepsin 2-3 amplifications,P. falciparum,2016,53.7,53.7,MC,41,Oral,Kampong Speu,11.8119,104.0072,"National Center for Parasitology, Entomology and Malaria Control, Ministry of Health",
KHM,Cambodia,Pfplasmepsin 2-3 amplifications,P. falciparum,2016,15.6,15.6,MC,45,Siem Pang,Stung Treng,14.1125,106.3905,"National Center for Parasitology, Entomology and Malaria Control, Ministry of Health",
KHM,Cambodia,Pfplasmepsin 2-3 amplifications,P. falciparum,2016,60,60,MC,15,Snuol,Kratié,12.2096,106.4406,"National Center for Parasitology, Entomology and Malaria Control, Ministry of Health",
KHM,Cambodia,Pfplasmepsin 2-3 amplifications,P. falciparum,2016,24.1,24.1,MC,29,Veal Veng,Pursat,12.5463,103.9187,"National Center for Parasitology, Entomology and Malaria Control, Ministry of Health",
KHM,Cambodia,Pfplasmepsin 2-3 amplifications,P. falciparum,2016,56.6,56.6,MC,53,Veun Sai,Ratanakiri,14.261,106.7942,"National Center for Parasitology, Entomology and Malaria Control, Ministry of Health",
KHM,Cambodia,Pfplasmepsin 2-3 amplifications,P. falciparum,2015,70.8,70.8,MC,89,Ban Lung,Ratanakiri,13.6789,106.9498,"Mahidol-Oxford Tropical Medicine Research Unit, Faculty of Tropical Medicine, Mahidol University, Bangkok, Thailand; Centre for Tropical Medicine and Global Health, University of Oxford, Oxford, UK; The Open University, Milton Keynes, UK.",https://pubmed.ncbi.nlm.nih.gov/32171078/
KHM,Cambodia,Pfplasmepsin 2-3 amplifications,P. falciparum,2015,81.5,81.5,MC,54,Chey Saen,Preah Vihear,13.5706,105.36,Médecins Sans Frontières,https://www.ncbi.nlm.nih.gov/pubmed/29173875
KHM,Cambodia,Pfplasmepsin 2-3 amplifications,P. falciparum,2015,81.1,81.1,MC,53,Chi Kraeng,Siem Reap,13.2243,104.3792,"National Center for Parasitology, Entomology and Malaria Control, Ministry of Health",
KHM,Cambodia,Pfplasmepsin 2-3 amplifications,P. falciparum,2015,90.2,90.2,MC,51,Oral,Kampong Speu,11.8119,104.0072,"National Center for Parasitology, Entomology and Malaria Control, Ministry of Health",
KHM,Cambodia,Pfplasmepsin 2-3 amplifications,P. falciparum,2015,69.4,69.4,MC,62,Pailin,Pailin Province,12.7418,102.6331,"Mahidol-Oxford Tropical Medicine Research Unit, Faculty of Tropical Medicine, Mahidol University, Bangkok, Thailand; Centre for Tropical Medicine and Global Health, University of Oxford, Oxford, UK; The Open University, Milton Keynes, UK.",https://pubmed.ncbi.nlm.nih.gov/32171078/
KHM,Cambodia,Pfplasmepsin 2-3 amplifications,P. falciparum,2015,94,94,MC,36,Pursat Province,,12.3663,103.6363,"Wellcome Trust Sanger Institute (Hinxton, UK) and the Centre for Genomics and Global Health, Wellcome Trust Centre for Human Genetics (Oxford, UK)",https://pubmed.ncbi.nlm.nih.gov/32404110/
KHM,Cambodia,Pfplasmepsin 2-3 amplifications,P. falciparum,2015,79.1,79.1,MC,110,Sampov Meas,Pursat,12.5076,103.9376,"Mahidol-Oxford Tropical Medicine Research Unit, Faculty of Tropical Medicine, Mahidol University, Bangkok, Thailand; Centre for Tropical Medicine and Global Health, University of Oxford, Oxford, UK; The Open University, Milton Keynes, UK.",https://pubmed.ncbi.nlm.nih.gov/32171078/
KHM,Cambodia,Pfplasmepsin 2-3 amplifications,P. falciparum,2015,50,50,MC,52,Siem Pang,Stung Treng,14.1125,106.3905,"National Center for Parasitology, Entomology and Malaria Control, Ministry of Health",
KHM,Cambodia,Pfplasmepsin 2-3 amplifications,P. falciparum,2015,75,75,MC,48,Snuol,Kratié,12.2096,106.4406,"National Center for Parasitology, Entomology and Malaria Control, Ministry of Health",
KHM,Cambodia,Pfplasmepsin 2-3 amplifications,P. falciparum,2015,100,100,MC,7,Thbaeng Meanchey,Preah Vihear,13.7701,104.8711,"Mahidol-Oxford Tropical Medicine Research Unit, Faculty of Tropical Medicine, Mahidol University, Bangkok, Thailand; Centre for Tropical Medicine and Global Health, University of Oxford, Oxford, UK; The Open University, Milton Keynes, UK.",https://pubmed.ncbi.nlm.nih.gov/32171078/
KHM,Cambodia,Pfplasmepsin 2-3 amplifications,P. falciparum,2015,85.4,85.4,MC,48,Veal Veng,Pursat,12.5463,103.9187,"National Center for Parasitology, Entomology and Malaria Control, Ministry of Health",
KHM,Cambodia,Pfplasmepsin 2-3 amplifications,P. falciparum,2014,32.7,32.7,MC,49,Pailin,Pailin Province,12.7418,102.6331,"National Center for Parasitology, Entomology and Malaria Control, Ministry of Health",
KHM,Cambodia,Pfplasmepsin 2-3 amplifications,P. falciparum,2014,28.6,28.6,MC,7,Samlout,Battambang,12.6173,102.8617,"National Center for Parasitology, Entomology and Malaria Control, Ministry of Health",
KHM,Cambodia,Pfplasmepsin 2-3 amplifications,P. falciparum,2014,32.1,32.1,MC,53,Veal Veng,Pursat,12.5463,103.9187,"National Center for Parasitology, Entomology and Malaria Control, Ministry of Health",
KHM,Cambodia,Pfplasmepsin 2-3 amplifications,P. falciparum,2013,40,40,MC,20,Preah Vihear Province,,14.0086,104.8455,Wellcome Sanger Institute,https://www.ncbi.nlm.nih.gov/pubmed/27818095
KHM,Cambodia,Pfplasmepsin 2-3 amplifications,P. falciparum,2013,82.1,82.1,MC,39,Pursat Province,,12.3663,103.6363,Wellcome Sanger Institute,https://www.ncbi.nlm.nih.gov/pubmed/27818095
KHM,Cambodia,Pfplasmepsin 2-3 amplifications,P. falciparum,2013,15.4,15.4,MC,13,Ratanakiri Province,,13.8577,107.1012,Wellcome Sanger Institute,https://www.ncbi.nlm.nih.gov/pubmed/27818095
KHM,Cambodia,Pfplasmepsin 2-3 amplifications,P. falciparum,2012,3,3,MC,34,Preah Vihear Province,,14.0086,104.8455,Wellcome Sanger Institute,https://www.ncbi.nlm.nih.gov/pubmed/27818095
KHM,Cambodia,Pfplasmepsin 2-3 amplifications,P. falciparum,2012,63.6,63.6,MC,22,Pursat Province,,12.3663,103.6363,Wellcome Sanger Institute,https://www.ncbi.nlm.nih.gov/pubmed/27818095
KHM,Cambodia,Pfplasmepsin 2-3 amplifications,P. falciparum,2012,0,0,,23,Ratanakiri Province,,13.8577,107.1012,Wellcome Sanger Institute,https://www.ncbi.nlm.nih.gov/pubmed/27818095
KHM,Cambodia,Pfplasmepsin 2-3 amplifications,P. falciparum,2011,37.5,37.5,MC,40,Pailin Province,,12.9093,102.6676,"Mahidol Oxford Research Unit, Faculty of Tropical Medicine, Mahidol University",https://www.ncbi.nlm.nih.gov/pubmed/28161569
KHM,Cambodia,Pfplasmepsin 2-3 amplifications,P. falciparum,2011,1.5,1.5,MC,67,Preah Vihear Province,,14.0086,104.8455,Wellcome Sanger Institute,https://www.ncbi.nlm.nih.gov/pubmed/27818095
KHM,Cambodia,Pfplasmepsin 2-3 amplifications,P. falciparum,2011,59.6,59.6,MC,94,Pursat Province,,12.3663,103.6363,Wellcome Sanger Institute,https://www.ncbi.nlm.nih.gov/pubmed/27818095
KHM,Cambodia,Pfplasmepsin 2-3 amplifications,P. falciparum,2011,1.4,1.4,MC,72,Ratanakiri Province,,13.8577,107.1012,Wellcome Sanger Institute,https://www.ncbi.nlm.nih.gov/pubmed/27818095
KHM,Cambodia,Pfplasmepsin 2-3 amplifications,P. falciparum,2010,24.5,24.5,MC,53,Pursat Province,,12.3663,103.6363,Wellcome Sanger Institute,https://www.ncbi.nlm.nih.gov/pubmed/27818095
KHM,Cambodia,Pfplasmepsin 2-3 amplifications,P. falciparum,2010,0,0,,49,Ratanakiri Province,,13.8577,107.1012,Wellcome Sanger Institute,https://www.ncbi.nlm.nih.gov/pubmed/27818095
LAO,Lao People's Democratic Republic,Pfplasmepsin 2-3 amplifications,P. falciparum,2022,0,0,,8,Attapeu and Salavanh provinces,,15.32,106.5506,"Center of Malariology, Parasitology and Entomology, Ministry of Public Health",
LAO,Lao People's Democratic Republic,Pfplasmepsin 2-3 amplifications,P. falciparum,2022,100,100,MC,2,Khongxedone,Salavan,15.5783,105.7998,"The GenRe-Mekong Project, Mahidol-Oxford Tropical Medicine Research Unit, Faculty of Tropical Medicine, Mahidol University",https://doi.org/10.1038/s41467-025-59946-1
LAO,Lao People's Democratic Republic,Pfplasmepsin 2-3 amplifications,P. falciparum,2022,0,0,,5,Nong,Savannakhet,16.4045,106.6278,"The GenRe-Mekong Project, Mahidol-Oxford Tropical Medicine Research Unit, Faculty of Tropical Medicine, Mahidol University",https://doi.org/10.1038/s41467-025-59946-1
LAO,Lao People's Democratic Republic,Pfplasmepsin 2-3 amplifications,P. falciparum,2022,0,0,,20,Phouvong,Attapeu,14.7513,106.958,"The GenRe-Mekong Project, Mahidol-Oxford Tropical Medicine Research Unit, Faculty of Tropical Medicine, Mahidol University",https://doi.org/10.1038/s41467-025-59946-1
LAO,Lao People's Democratic Republic,Pfplasmepsin 2-3 amplifications,P. falciparum,2022,0,0,,37,Sanxay,Attapeu,15.0856,107.2153,"The GenRe-Mekong Project, Mahidol-Oxford Tropical Medicine Research Unit, Faculty of Tropical Medicine, Mahidol University",https://doi.org/10.1038/s41467-025-59946-1
LAO,Lao People's Democratic Republic,Pfplasmepsin 2-3 amplifications,P. falciparum,2022,0,0,,1,Xaysetha,Attapeu,14.8144,106.9344,"The GenRe-Mekong Project, Mahidol-Oxford Tropical Medicine Research Unit, Faculty of Tropical Medicine, Mahidol University",https://doi.org/10.1038/s41467-025-59946-1
LAO,Lao People's Democratic Republic,Pfplasmepsin 2-3 amplifications,P. falciparum,2021,0,0,,4,Attapeu (city),Attapeu,14.8,106.8333,"The GenRe-Mekong Project, Mahidol-Oxford Tropical Medicine Research Unit, Faculty of Tropical Medicine, Mahidol University",https://doi.org/10.1038/s41467-025-59946-1
LAO,Lao People's Democratic Republic,Pfplasmepsin 2-3 amplifications,P. falciparum,2021,0,0,,9,Khanthabouly,Savannakhet,16.5825,104.8673,"The GenRe-Mekong Project, Mahidol-Oxford Tropical Medicine Research Unit, Faculty of Tropical Medicine, Mahidol University",https://doi.org/10.1038/s41467-025-59946-1
LAO,Lao People's Democratic Republic,Pfplasmepsin 2-3 amplifications,P. falciparum,2021,0,0,,1,Lam Mam,Sekong Province,15.3094,106.7173,"The GenRe-Mekong Project, Mahidol-Oxford Tropical Medicine Research Unit, Faculty of Tropical Medicine, Mahidol University",https://doi.org/10.1038/s41467-025-59946-1
LAO,Lao People's Democratic Republic,Pfplasmepsin 2-3 amplifications,P. falciparum,2021,0,0,,22,Nong,Savannakhet,16.4045,106.6278,"The GenRe-Mekong Project, Mahidol-Oxford Tropical Medicine Research Unit, Faculty of Tropical Medicine, Mahidol University",https://doi.org/10.1038/s41467-025-59946-1
LAO,Lao People's Democratic Republic,Pfplasmepsin 2-3 amplifications,P. falciparum,2021,0,0,,32,"Nong, Vilabouly, Phine and Xaepone districts",Savannakhet,16.8667,106.0333,"Center of Malariology, Parasitology and Entomology, Ministry of Public Health",
LAO,Lao People's Democratic Republic,Pfplasmepsin 2-3 amplifications,P. falciparum,2021,0,0,,4,Pakse,Champasak,15.1138,105.816,"The GenRe-Mekong Project, Mahidol-Oxford Tropical Medicine Research Unit, Faculty of Tropical Medicine, Mahidol University",https://doi.org/10.1038/s41467-025-59946-1
LAO,Lao People's Democratic Republic,Pfplasmepsin 2-3 amplifications,P. falciparum,2021,0,0,,6,Paksong,Champasak,15.1788,106.2394,"The GenRe-Mekong Project, Mahidol-Oxford Tropical Medicine Research Unit, Faculty of Tropical Medicine, Mahidol University",https://doi.org/10.1038/s41467-025-59946-1
LAO,Lao People's Democratic Republic,Pfplasmepsin 2-3 amplifications,P. falciparum,2021,0,0,,35,Phouvong,Attapeu,14.7513,106.958,"The GenRe-Mekong Project, Mahidol-Oxford Tropical Medicine Research Unit, Faculty of Tropical Medicine, Mahidol University",https://doi.org/10.1038/s41467-025-59946-1
LAO,Lao People's Democratic Republic,Pfplasmepsin 2-3 amplifications,P. falciparum,2021,0,0,,20,Sanxay,Attapeu,15.0856,107.2153,"The GenRe-Mekong Project, Mahidol-Oxford Tropical Medicine Research Unit, Faculty of Tropical Medicine, Mahidol University",https://doi.org/10.1038/s41467-025-59946-1
LAO,Lao People's Democratic Republic,Pfplasmepsin 2-3 amplifications,P. falciparum,2021,0,0,,32,"Sanxay, Saysetha, Sanamxay and Phouvong districts",Attapeu,14.6806,106.512,"Center of Malariology, Parasitology and Entomology, Ministry of Public Health",
LAO,Lao People's Democratic Republic,Pfplasmepsin 2-3 amplifications,P. falciparum,2021,0,0,,9,Xaysetha,Attapeu,14.8144,106.9344,"The GenRe-Mekong Project, Mahidol-Oxford Tropical Medicine Research Unit, Faculty of Tropical Medicine, Mahidol University",https://doi.org/10.1038/s41467-025-59946-1
LAO,Lao People's Democratic Republic,Pfplasmepsin 2-3 amplifications,P. falciparum,2020,0,0,,5,Attapeu (city),Attapeu,14.8,106.8333,"The GenRe-Mekong Project, Mahidol-Oxford Tropical Medicine Research Unit, Faculty of Tropical Medicine, Mahidol University",https://doi.org/10.1038/s41467-025-59946-1
LAO,Lao People's Democratic Republic,Pfplasmepsin 2-3 amplifications,P. falciparum,2020,0,0,,11,Khanthabouly,Savannakhet,16.5825,104.8673,"The GenRe-Mekong Project, Mahidol-Oxford Tropical Medicine Research Unit, Faculty of Tropical Medicine, Mahidol University",https://doi.org/10.1038/s41467-025-59946-1
LAO,Lao People's Democratic Republic,Pfplasmepsin 2-3 amplifications,P. falciparum,2020,0,0,,3,Lam Mam,Sekong Province,15.3094,106.7173,"The GenRe-Mekong Project, Mahidol-Oxford Tropical Medicine Research Unit, Faculty of Tropical Medicine, Mahidol University",https://doi.org/10.1038/s41467-025-59946-1
LAO,Lao People's Democratic Republic,Pfplasmepsin 2-3 amplifications,P. falciparum,2020,0,0,,16,Nong,Savannakhet,16.4045,106.6278,"The GenRe-Mekong Project, Mahidol-Oxford Tropical Medicine Research Unit, Faculty of Tropical Medicine, Mahidol University",https://doi.org/10.1038/s41467-025-59946-1
LAO,Lao People's Democratic Republic,Pfplasmepsin 2-3 amplifications,P. falciparum,2020,3,3,MC,94,Phouvong,Attapeu,14.7513,106.958,"The GenRe-Mekong Project, Mahidol-Oxford Tropical Medicine Research Unit, Faculty of Tropical Medicine, Mahidol University",https://doi.org/10.1038/s41467-025-59946-1
LAO,Lao People's Democratic Republic,Pfplasmepsin 2-3 amplifications,P. falciparum,2020,0,0,,17,Sanxay,Attapeu,15.0856,107.2153,"The GenRe-Mekong Project, Mahidol-Oxford Tropical Medicine Research Unit, Faculty of Tropical Medicine, Mahidol University",https://doi.org/10.1038/s41467-025-59946-1
LAO,Lao People's Democratic Republic,Pfplasmepsin 2-3 amplifications,P. falciparum,2020,0,0,,4,Sepone,Savannakhet,16.7611,106.3375,"The GenRe-Mekong Project, Mahidol-Oxford Tropical Medicine Research Unit, Faculty of Tropical Medicine, Mahidol University",https://doi.org/10.1038/s41467-025-59946-1
LAO,Lao People's Democratic Republic,Pfplasmepsin 2-3 amplifications,P. falciparum,2020,0,0,,6,Ta Oy,Salavan,16.05,106.5833,"The GenRe-Mekong Project, Mahidol-Oxford Tropical Medicine Research Unit, Faculty of Tropical Medicine, Mahidol University",https://doi.org/10.1038/s41467-025-59946-1
LAO,Lao People's Democratic Republic,Pfplasmepsin 2-3 amplifications,P. falciparum,2020,0,0,,5,Thapangthong,Savannakhet,15.993,105.7928,"The GenRe-Mekong Project, Mahidol-Oxford Tropical Medicine Research Unit, Faculty of Tropical Medicine, Mahidol University",https://doi.org/10.1038/s41467-025-59946-1
LAO,Lao People's Democratic Republic,Pfplasmepsin 2-3 amplifications,P. falciparum,2020,0,0,,1,Thaphalanxay,Savannakhet,16.7,105.6,"The GenRe-Mekong Project, Mahidol-Oxford Tropical Medicine Research Unit, Faculty of Tropical Medicine, Mahidol University",https://doi.org/10.1038/s41467-025-59946-1
LAO,Lao People's Democratic Republic,Pfplasmepsin 2-3 amplifications,P. falciparum,2020,0,0,,14,Xaysetha,Attapeu,14.8144,106.9344,"The GenRe-Mekong Project, Mahidol-Oxford Tropical Medicine Research Unit, Faculty of Tropical Medicine, Mahidol University",https://doi.org/10.1038/s41467-025-59946-1
LAO,Lao People's Democratic Republic,Pfplasmepsin 2-3 amplifications,P. falciparum,2019,67,67,MC,3,Champasak Province,,14.6579,105.97,"Center of Malariology, Parasitology and Entomology, Ministry of Public Health",
LAO,Lao People's Democratic Republic,Pfplasmepsin 2-3 amplifications,P. falciparum,2019,0,0,,17,Khanthabouly,Savannakhet,16.5825,104.8673,"The GenRe-Mekong Project, Mahidol-Oxford Tropical Medicine Research Unit, Faculty of Tropical Medicine, Mahidol University",https://doi.org/10.1038/s41467-025-59946-1
LAO,Lao People's Democratic Republic,Pfplasmepsin 2-3 amplifications,P. falciparum,2019,100,100,MC,3,Khong,Champasak,14.047,105.8327,"The GenRe-Mekong Project, Mahidol-Oxford Tropical Medicine Research Unit, Faculty of Tropical Medicine, Mahidol University",https://doi.org/10.1038/s41467-025-59946-1
LAO,Lao People's Democratic Republic,Pfplasmepsin 2-3 amplifications,P. falciparum,2019,0,0,,37,Nong,Savannakhet,16.4045,106.6278,"The GenRe-Mekong Project, Mahidol-Oxford Tropical Medicine Research Unit, Faculty of Tropical Medicine, Mahidol University",https://doi.org/10.1038/s41467-025-59946-1
LAO,Lao People's Democratic Republic,Pfplasmepsin 2-3 amplifications,P. falciparum,2019,5,5,MC,81,"Nong, Vilabouly, Songkhone, Phine and Xaepone",Savannakhet,16.1554,105.2991,"Center of Malariology, Parasitology and Entomology, Ministry of Public Health",
LAO,Lao People's Democratic Republic,Pfplasmepsin 2-3 amplifications,P. falciparum,2019,0,0,,2,Paksong,Champasak,15.1788,106.2394,"The GenRe-Mekong Project, Mahidol-Oxford Tropical Medicine Research Unit, Faculty of Tropical Medicine, Mahidol University",https://doi.org/10.1038/s41467-025-59946-1
LAO,Lao People's Democratic Republic,Pfplasmepsin 2-3 amplifications,P. falciparum,2019,75,75,MC,8,Pathouphone,Champasak,14.8419,105.948,"The GenRe-Mekong Project, Mahidol-Oxford Tropical Medicine Research Unit, Faculty of Tropical Medicine, Mahidol University",https://doi.org/10.1038/s41467-025-59946-1
LAO,Lao People's Democratic Republic,Pfplasmepsin 2-3 amplifications,P. falciparum,2019,0,0,,7,Phine,Savannakhet,16.5328,105.952,"The GenRe-Mekong Project, Mahidol-Oxford Tropical Medicine Research Unit, Faculty of Tropical Medicine, Mahidol University",https://doi.org/10.1038/s41467-025-59946-1
LAO,Lao People's Democratic Republic,Pfplasmepsin 2-3 amplifications,P. falciparum,2019,13,13,MC,15,Phouvong,Attapeu,14.7513,106.958,"The GenRe-Mekong Project, Mahidol-Oxford Tropical Medicine Research Unit, Faculty of Tropical Medicine, Mahidol University",https://doi.org/10.1038/s41467-025-59946-1
LAO,Lao People's Democratic Republic,Pfplasmepsin 2-3 amplifications,P. falciparum,2019,0,0,,17,"Salavan, Taoy, Samoi, Khongsedone, Tomlane and Lakhonpheng",Salavan,15.8171,105.6436,"Center of Malariology, Parasitology and Entomology, Ministry of Public Health",
LAO,Lao People's Democratic Republic,Pfplasmepsin 2-3 amplifications,P. falciparum,2019,0,0,,5,Sepone,Savannakhet,16.7611,106.3375,"The GenRe-Mekong Project, Mahidol-Oxford Tropical Medicine Research Unit, Faculty of Tropical Medicine, Mahidol University",https://doi.org/10.1038/s41467-025-59946-1
LAO,Lao People's Democratic Republic,Pfplasmepsin 2-3 amplifications,P. falciparum,2019,0,0,,6,Ta Oy,Salavan,16.05,106.5833,"The GenRe-Mekong Project, Mahidol-Oxford Tropical Medicine Research Unit, Faculty of Tropical Medicine, Mahidol University",https://doi.org/10.1038/s41467-025-59946-1
LAO,Lao People's Democratic Republic,Pfplasmepsin 2-3 amplifications,P. falciparum,2019,36,36,MC,11,Xaysetha,Attapeu,14.8144,106.9344,"The GenRe-Mekong Project, Mahidol-Oxford Tropical Medicine Research Unit, Faculty of Tropical Medicine, Mahidol University",https://doi.org/10.1038/s41467-025-59946-1
LAO,Lao People's Democratic Republic,Pfplasmepsin 2-3 amplifications,P. falciparum,2018,100,100,MC,1,Attapeu (city),Attapeu,14.8,106.8333,"The GenRe-Mekong Project, Mahidol-Oxford Tropical Medicine Research Unit, Faculty of Tropical Medicine, Mahidol University",https://doi.org/10.1038/s41467-025-59946-1
LAO,Lao People's Democratic Republic,Pfplasmepsin 2-3 amplifications,P. falciparum,2018,33.3,33.3,MC,12,Champasak Province,,14.6579,105.97,"Center of Malariology, Parasitology and Entomology, Ministry of Public Health",
LAO,Lao People's Democratic Republic,Pfplasmepsin 2-3 amplifications,P. falciparum,2018,100,100,MC,1,Khong,Champasak,14.047,105.8327,"The GenRe-Mekong Project, Mahidol-Oxford Tropical Medicine Research Unit, Faculty of Tropical Medicine, Mahidol University",https://doi.org/10.7554/eLife.62997
LAO,Lao People's Democratic Republic,Pfplasmepsin 2-3 amplifications,P. falciparum,2018,0,0,,3,Lam Mam,Sekong Province,15.3094,106.7173,"The GenRe-Mekong Project, Mahidol-Oxford Tropical Medicine Research Unit, Faculty of Tropical Medicine, Mahidol University",https://doi.org/10.1038/s41467-025-59946-1
LAO,Lao People's Democratic Republic,Pfplasmepsin 2-3 amplifications,P. falciparum,2018,0,0,,5,Nong,Savannakhet,16.4045,106.6278,"The GenRe-Mekong Project, Mahidol-Oxford Tropical Medicine Research Unit, Faculty of Tropical Medicine, Mahidol University",https://doi.org/10.7554/eLife.62997
LAO,Lao People's Democratic Republic,Pfplasmepsin 2-3 amplifications,P. falciparum,2018,100,100,MC,2,Pathouphone,Champasak,14.8419,105.948,"The GenRe-Mekong Project, Mahidol-Oxford Tropical Medicine Research Unit, Faculty of Tropical Medicine, Mahidol University",https://doi.org/10.1038/s41467-025-59946-1
LAO,Lao People's Democratic Republic,Pfplasmepsin 2-3 amplifications,P. falciparum,2018,50,50,MC,4,Phouvong,Attapeu,14.7513,106.958,"The GenRe-Mekong Project, Mahidol-Oxford Tropical Medicine Research Unit, Faculty of Tropical Medicine, Mahidol University",https://doi.org/10.7554/eLife.62997
LAO,Lao People's Democratic Republic,Pfplasmepsin 2-3 amplifications,P. falciparum,2018,0,0,,3,Salavan (district),Salavan,15.7167,106.4167,"The GenRe-Mekong Project, Mahidol-Oxford Tropical Medicine Research Unit, Faculty of Tropical Medicine, Mahidol University",https://doi.org/10.7554/eLife.62997
LAO,Lao People's Democratic Republic,Pfplasmepsin 2-3 amplifications,P. falciparum,2018,0,0,,29,Salavan Province,,15.7166,106.4141,"Center of Malariology, Parasitology and Entomology, Ministry of Public Health",
LAO,Lao People's Democratic Republic,Pfplasmepsin 2-3 amplifications,P. falciparum,2018,0,0,,2,Samuoi,Salavan,16.3273,106.892,"The GenRe-Mekong Project, Mahidol-Oxford Tropical Medicine Research Unit, Faculty of Tropical Medicine, Mahidol University",https://doi.org/10.7554/eLife.62997
LAO,Lao People's Democratic Republic,Pfplasmepsin 2-3 amplifications,P. falciparum,2018,0,0,,1,Sanamxay,Attapeu,14.6845,106.5757,"The GenRe-Mekong Project, Mahidol-Oxford Tropical Medicine Research Unit, Faculty of Tropical Medicine, Mahidol University",https://doi.org/10.7554/eLife.62997
LAO,Lao People's Democratic Republic,Pfplasmepsin 2-3 amplifications,P. falciparum,2018,100,100,MC,2,Sanxay,Attapeu,15.0856,107.2153,"The GenRe-Mekong Project, Mahidol-Oxford Tropical Medicine Research Unit, Faculty of Tropical Medicine, Mahidol University",https://doi.org/10.1038/s41467-025-59946-1
LAO,Lao People's Democratic Republic,Pfplasmepsin 2-3 amplifications,P. falciparum,2018,0,0,,6,Thapangthong,Savannakhet,15.993,105.7928,"The GenRe-Mekong Project, Mahidol-Oxford Tropical Medicine Research Unit, Faculty of Tropical Medicine, Mahidol University",https://doi.org/10.1038/s41467-025-59946-1
LAO,Lao People's Democratic Republic,Pfplasmepsin 2-3 amplifications,P. falciparum,2018,86,86,MC,7,Xaysetha,Attapeu,14.8144,106.9344,"The GenRe-Mekong Project, Mahidol-Oxford Tropical Medicine Research Unit, Faculty of Tropical Medicine, Mahidol University",https://doi.org/10.7554/eLife.62997
LAO,Lao People's Democratic Republic,Pfplasmepsin 2-3 amplifications,P. falciparum,2017,2.7,2.7,MC,36,Nong,Savannakhet,16.4045,106.6278,"Center of Malariology, Parasitology and Entomology, Ministry of Public Health",
LAO,Lao People's Democratic Republic,Pfplasmepsin 2-3 amplifications,P. falciparum,2017,100,100,MC,4,Pakse,Champasak,15.1138,105.816,"The GenRe-Mekong Project, Mahidol-Oxford Tropical Medicine Research Unit, Faculty of Tropical Medicine, Mahidol University",https://doi.org/10.7554/eLife.62997
LAO,Lao People's Democratic Republic,Pfplasmepsin 2-3 amplifications,P. falciparum,2017,0,0,,26,Salavan Province,,15.7166,106.4141,"Center of Malariology, Parasitology and Entomology, Ministry of Public Health",
LAO,Lao People's Democratic Republic,Pfplasmepsin 2-3 amplifications,P. falciparum,2017,50,50,MC,2,Tha Teng,Sekong Province,15.4288,106.379,"The GenRe-Mekong Project, Mahidol-Oxford Tropical Medicine Research Unit, Faculty of Tropical Medicine, Mahidol University",https://doi.org/10.7554/eLife.62997
LAO,Lao People's Democratic Republic,Pfplasmepsin 2-3 amplifications,P. falciparum,2017,0,0,,2,Thaphalanxay,Savannakhet,16.7,105.6,"The GenRe-Mekong Project, Mahidol-Oxford Tropical Medicine Research Unit, Faculty of Tropical Medicine, Mahidol University",https://doi.org/10.7554/eLife.62997
LAO,Lao People's Democratic Republic,Pfplasmepsin 2-3 amplifications,P. falciparum,2017,0,0,,6,Vilabuly,Savannakhet,16.9414,105.9753,"The GenRe-Mekong Project, Mahidol-Oxford Tropical Medicine Research Unit, Faculty of Tropical Medicine, Mahidol University",https://doi.org/10.7554/eLife.62997
LAO,Lao People's Democratic Republic,Pfplasmepsin 2-3 amplifications,P. falciparum,2016,59.5,59.5,MC,42,Champasak Province,,14.6579,105.97,"Center of Malariology, Parasitology and Entomology, Ministry of Public Health",
LAO,Lao People's Democratic Republic,Pfplasmepsin 2-3 amplifications,P. falciparum,2015,0,0,,11,Lam Mam,Sekong Province,15.3094,106.7173,"Mahidol-Oxford Tropical Medicine Research Unit, Faculty of Tropical Medicine, Mahidol University, Bangkok, Thailand; Centre for Tropical Medicine and Global Health, University of Oxford, Oxford, UK; The Open University, Milton Keynes, UK.",https://pubmed.ncbi.nlm.nih.gov/32171078/
LAO,Lao People's Democratic Republic,Pfplasmepsin 2-3 amplifications,P. falciparum,2014,6.5,6.5,MC,31,Champasak Province,,14.6579,105.97,"Center of Malariology, Parasitology and Entomology, Ministry of Public Health",
LAO,Lao People's Democratic Republic,Pfplasmepsin 2-3 amplifications,P. falciparum,2014,0,0,,111,Champasak Province,,14.6579,105.97,"Mahidol Oxford Research Unit, Faculty of Tropical Medicine, Mahidol University",https://www.ncbi.nlm.nih.gov/pubmed/28161569
LAO,Lao People's Democratic Republic,Pfplasmepsin 2-3 amplifications,P. falciparum,2014,5.9,5.9,MC,17,Phouvong,Attapeu,14.7513,106.958,"Center of Malariology, Parasitology and Entomology, Ministry of Public Health",
LBR,Liberia,Pfplasmepsin 2-3 amplifications,P. falciparum,2017,0,0,,27,Careyburg,Montserrado,6.396,-10.4979,"National Malaria Control Programme, Ministry of Health",
LBR,Liberia,Pfplasmepsin 2-3 amplifications,P. falciparum,2017,0,0,,21,Garwula,Grand Cape Mount,6.7491,-11.1378,"National Malaria Control Programme, Ministry of Health",
LBR,Liberia,Pfplasmepsin 2-3 amplifications,P. falciparum,2017,0,0,,25,Kakata,Margibi,6.5292,-10.3584,"National Malaria Control Programme, Ministry of Health",
LBR,Liberia,Pfplasmepsin 2-3 amplifications,P. falciparum,2017,0,0,,27,Sanniquelleh-Mahn,Nimba,7.3622,-8.7061,"National Malaria Control Programme, Ministry of Health",
MLI,Mali,Pfplasmepsin 2-3 amplifications,P. falciparum,2012,10.8,10.8,MC,65,Sikasso,Sikasso,11.3224,-5.6984,Uppsala University,https://www.ncbi.nlm.nih.gov/pubmed/29798744
MMR,Myanmar,Pfplasmepsin 2-3 amplifications,P. falciparum,2017,0,0,,16,Kawkareik,Kayin,16.5556,98.24,"Department of Medical Research, Ministry of Health and Sports",
MMR,Myanmar,Pfplasmepsin 2-3 amplifications,P. falciparum,2017,5.9,5.9,MC,17,Kawthaung,Tanintharyi,9.9958,98.5529,"Department of Medical Research, Ministry of Health and Sports",
MMR,Myanmar,Pfplasmepsin 2-3 amplifications,P. falciparum,2017,0,0,,31,Kyaukphyu,Rakhine,19.4222,93.5264,"The GenRe-Mekong Project, Mahidol-Oxford Tropical Medicine Research Unit, Faculty of Tropical Medicine, Mahidol University",https://doi.org/10.1038/s41467-025-59946-1
MMR,Myanmar,Pfplasmepsin 2-3 amplifications,P. falciparum,2017,0,0,,36,Mohnyin,Kachin,24.7833,96.3667,Department of Medical Research (Upper Myanmar),
MMR,Myanmar,Pfplasmepsin 2-3 amplifications,P. falciparum,2017,0,0,,16,Mohnyin,Kachin,24.7833,96.3667,"Department of Medical Research, Ministry of Health and Sports",
MMR,Myanmar,Pfplasmepsin 2-3 amplifications,P. falciparum,2017,0,0,,52,Mohnyin,Kachin,24.7833,96.3667,"Department of Medical Research, Ministry of Health and Sports",
MMR,Myanmar,Pfplasmepsin 2-3 amplifications,P. falciparum,2017,0,0,,27,Nawnghkio,Shan,22.3338,96.8014,Department of Medical Research (Upper Myanmar),
MMR,Myanmar,Pfplasmepsin 2-3 amplifications,P. falciparum,2017,0,0,,16,Nawnghkio,Shan,22.3338,96.8014,"Department of Medical Research, Ministry of Health and Sports",
MMR,Myanmar,Pfplasmepsin 2-3 amplifications,P. falciparum,2017,0,0,,43,Nawnghkio,Shan,22.3338,96.8014,"Department of Medical Research, Ministry of Health and Sports",
MMR,Myanmar,Pfplasmepsin 2-3 amplifications,P. falciparum,2017,0,0,,3,Pyay,Bago,18.9147,95.1723,"The GenRe-Mekong Project, Mahidol-Oxford Tropical Medicine Research Unit, Faculty of Tropical Medicine, Mahidol University",https://doi.org/10.7554/eLife.62997
MMR,Myanmar,Pfplasmepsin 2-3 amplifications,P. falciparum,2017,0,0,,12,Pyin Oo Lwin,Mandalay,22.0392,96.4717,"The GenRe-Mekong Project, Mahidol-Oxford Tropical Medicine Research Unit, Faculty of Tropical Medicine, Mahidol University",https://doi.org/10.1038/s41467-025-59946-1
MMR,Myanmar,Pfplasmepsin 2-3 amplifications,P. falciparum,2016,0,0,,43,Buthidaung,Rakhine,20.8695,92.5272,"Department of Medical Research, Ministry of Health and Sports",
MMR,Myanmar,Pfplasmepsin 2-3 amplifications,P. falciparum,2016,0,0,,496,Kayin State,,16.9459,97.9593,"Shoklo Malaria Research Unit, Mahidol-Oxford Tropical Medicine Research Unit, Faculty of Tropical Medicine, Mahidol University",https://www.ncbi.nlm.nih.gov/pubmed/29703425
MMR,Myanmar,Pfplasmepsin 2-3 amplifications,P. falciparum,2016,0,0,,16,Pyin Oo Lwin,Mandalay,22.0392,96.4717,"Department of Medical Research, Ministry of Health and Sports",
MMR,Myanmar,Pfplasmepsin 2-3 amplifications,P. falciparum,2016,0,0,,16,Tamu,Sagaing,24.2199,94.3103,"Department of Medical Research, Ministry of Health and Sports",
MMR,Myanmar,Pfplasmepsin 2-3 amplifications,P. falciparum,2015,0,0,,28,Ann,Rakhine,19.85,94,"Mahidol-Oxford Tropical Medicine Research Unit, Faculty of Tropical Medicine, Mahidol University, Bangkok, Thailand; Centre for Tropical Medicine and Global Health, University of Oxford, Oxford, UK; The Open University, Milton Keynes, UK.",https://pubmed.ncbi.nlm.nih.gov/32171078/
MMR,Myanmar,Pfplasmepsin 2-3 amplifications,P. falciparum,2015,0,0,,51,Kayin State,,16.9459,97.9593,"Shoklo Malaria Research Unit, Mahidol-Oxford Tropical Medicine Research Unit, Faculty of Tropical Medicine, Mahidol University",https://www.ncbi.nlm.nih.gov/pubmed/29703425
MMR,Myanmar,Pfplasmepsin 2-3 amplifications,P. falciparum,2015,0,0,,16,Mu Se,Shan,23.9933,97.9103,"Department of Medical Research, Ministry of Health and Sports",
MMR,Myanmar,Pfplasmepsin 2-3 amplifications,P. falciparum,2015,0,0,,15,Myitkyina,Kachin,25.3946,97.3841,"Department of Medical Research, Ministry of Health and Sports",
MMR,Myanmar,Pfplasmepsin 2-3 amplifications,P. falciparum,2015,0,0,,32,Pyay,Bago,18.9147,95.1723,"Mahidol-Oxford Tropical Medicine Research Unit, Faculty of Tropical Medicine, Mahidol University, Bangkok, Thailand; Centre for Tropical Medicine and Global Health, University of Oxford, Oxford, UK; The Open University, Milton Keynes, UK.",https://pubmed.ncbi.nlm.nih.gov/32171078/
MMR,Myanmar,Pfplasmepsin 2-3 amplifications,P. falciparum,2015,0,0,,27,Pyin Oo Lwin,Mandalay,22.0392,96.4717,"Mahidol-Oxford Tropical Medicine Research Unit, Faculty of Tropical Medicine, Mahidol University, Bangkok, Thailand; Centre for Tropical Medicine and Global Health, University of Oxford, Oxford, UK; The Open University, Milton Keynes, UK.",https://pubmed.ncbi.nlm.nih.gov/32171078/
MMR,Myanmar,Pfplasmepsin 2-3 amplifications,P. falciparum,2015,0,0,,27,Pyin Oo Lwin,Mandalay,22.0392,96.4717,"Mahidol-Oxford Tropical Medicine Research Unit, Faculty of Tropical Medicine, Mahidol University, Bangkok, Thailand; Centre for Tropical Medicine and Global Health, University of Oxford, Oxford, UK; The Open University, Milton Keynes, UK.",https://pubmed.ncbi.nlm.nih.gov/32171078/
MMR,Myanmar,Pfplasmepsin 2-3 amplifications,P. falciparum,2014,0,0,,171,China-Myanmar border area,,24.2545,97.6572,Yunnan International Joint Laboratory of Tropical Infectious Diseases,https://pubmed.ncbi.nlm.nih.gov/37816434/
MMR,Myanmar,Pfplasmepsin 2-3 amplifications,P. falciparum,2013,0,0,,107,Kawkareik,Kayin,16.5556,98.24,"Mahidol Oxford Research Unit, Faculty of Tropical Medicine, Mahidol University",https://www.ncbi.nlm.nih.gov/pubmed/28161569
MMR,Myanmar,Pfplasmepsin 2-3 amplifications,P. falciparum,2013,0,0,,53,Kayin State,,16.9459,97.9593,"Shoklo Malaria Research Unit, Mahidol-Oxford Tropical Medicine Research Unit, Faculty of Tropical Medicine, Mahidol University",https://www.ncbi.nlm.nih.gov/pubmed/29062913
MOZ,Mozambique,Pfplasmepsin 2-3 amplifications,P. falciparum,2017,3.4,3.4,MC,59,Magude,Maputo,-25.0231,32.6481,"ISGlobal, Barcelona Institute for Global Health, Hospital Clínic-Universitat de Barcelona",https://pubmed.ncbi.nlm.nih.gov/33075062/
MOZ,Mozambique,Pfplasmepsin 2-3 amplifications,P. falciparum,2015,2.3,2.3,MC,87,Chókwè,Gaza,-24.5323,32.9832,"ISGlobal, Barcelona Institute for Global Health, Hospital Clínic-Universitat de Barcelona",https://pubmed.ncbi.nlm.nih.gov/29260689/
MOZ,Mozambique,Pfplasmepsin 2-3 amplifications,P. falciparum,2015,1.1,1.1,MC,88,Dondo,Sofala,-19.6115,34.7409,"ISGlobal, Barcelona Institute for Global Health, Hospital Clínic-Universitat de Barcelona",https://pubmed.ncbi.nlm.nih.gov/29260689/
MOZ,Mozambique,Pfplasmepsin 2-3 amplifications,P. falciparum,2015,4.9,4.9,MC,61,Magude,Maputo,-25.0231,32.6481,"ISGlobal, Barcelona Institute for Global Health, Hospital Clínic-Universitat de Barcelona",https://pubmed.ncbi.nlm.nih.gov/33075062/
MOZ,Mozambique,Pfplasmepsin 2-3 amplifications,P. falciparum,2015,1.1,1.1,MC,89,Moatize,Tete,-16.1167,33.7333,"ISGlobal, Barcelona Institute for Global Health, Hospital Clínic-Universitat de Barcelona",https://pubmed.ncbi.nlm.nih.gov/29260689/
MOZ,Mozambique,Pfplasmepsin 2-3 amplifications,P. falciparum,2015,0,0,,87,Montepuez,Cabo Delgado,-13.134,38.9981,"ISGlobal, Barcelona Institute for Global Health, Hospital Clínic-Universitat de Barcelona",https://pubmed.ncbi.nlm.nih.gov/29260689/
MOZ,Mozambique,Pfplasmepsin 2-3 amplifications,P. falciparum,2014,12.5,12.5,MC,8,Manhiça,Maputo,-25.3923,32.7972,Medicines for Malaria Venture,https://www.ncbi.nlm.nih.gov/pubmed/30967148
PNG,Papua New Guinea,Pfplasmepsin 2-3 amplifications,P. falciparum,2022,0,0,,57,Kavieng,New Ireland,-2.5718,150.8048,Papua New Guinea Institute of Medical Research,
PNG,Papua New Guinea,Pfplasmepsin 2-3 amplifications,P. falciparum,2021,0,0,,62,Vanimo-Green River,Sandaun,-2.6833,141.2833,Papua New Guinea Institute of Medical Research,
PNG,Papua New Guinea,Pfplasmepsin 2-3 amplifications,P. falciparum,2019,0,0,,43,Madang,Madang Province,-5.2095,145.8046,Papua New Guinea Institute of Medical Research,
PNG,Papua New Guinea,Pfplasmepsin 2-3 amplifications,P. falciparum,2018,0,0,,12,Kuriva,Central,-10.6208,151.2719,Papua New Guinea Institute of Medical Research,
PNG,Papua New Guinea,Pfplasmepsin 2-3 amplifications,P. falciparum,2017,0,0,,21,Alotau,Milne Bay,-10.3157,150.4588,Papua New Guinea Institute of Medical Research,
RWA,Rwanda,Pfplasmepsin 2-3 amplifications,P. falciparum,2013,3.1,3.1,MC,130,Gasabo,Kigali,-1.8833,30.1333,"Malaria and Other Parasitic Division, Institute of HIV/AIDS, Disease Prevention & Control (IHDPC), Rwanda Biomedical Center, Ministry of Health",
RWA,Rwanda,Pfplasmepsin 2-3 amplifications,P. falciparum,2013,0,0,,103,Kayonza,Eastern Province,-1.9139,30.62,"Malaria and Other Parasitic Division, Institute of HIV/AIDS, Disease Prevention & Control (IHDPC), Rwanda Biomedical Center, Ministry of Health",
SDN,Sudan,Pfplasmepsin 2-3 amplifications,P. falciparum,2017,0,0,,83,Damazin,Blue Nile,11.7855,34.3421,"Federal Ministry of Health, National Malaria Control Programme",
SDN,Sudan,Pfplasmepsin 2-3 amplifications,P. falciparum,2017,0,0,,102,Geneina,West Darfur,13.45,22.45,"Federal Ministry of Health, National Malaria Control Programme",
SDN,Sudan,Pfplasmepsin 2-3 amplifications,P. falciparum,2017,0,0,,71,Kas,South Darfur,12.6763,24.0602,"Federal Ministry of Health, National Malaria Control Programme",
SDN,Sudan,Pfplasmepsin 2-3 amplifications,P. falciparum,2017,0,0,,75,Kassala,Kassala State,15.4558,36.3787,"Federal Ministry of Health, National Malaria Control Programme",
SDN,Sudan,Pfplasmepsin 2-3 amplifications,P. falciparum,2017,1.3,1.3,MC,78,Nyala,South Darfur,12.0364,24.8769,"Federal Ministry of Health, National Malaria Control Programme",
SDN,Sudan,Pfplasmepsin 2-3 amplifications,P. falciparum,2017,0,0,,40,Sennar,Sennar,13.5675,33.5672,"Federal Ministry of Health, National Malaria Control Programme",
SDN,Sudan,Pfplasmepsin 2-3 amplifications,P. falciparum,2016,0,0,,95,Al Qadarif,Al Qadarif,14.04,35.3833,"Federal Ministry of Health, National Malaria Control Programme",
SEN,Senegal,Pfplasmepsin 2-3 amplifications,P. falciparum,2019,0,0,,193,Kolda,Kolda,12.9337,-14.9561,"Faculty of Medicine, University of Cheikh Anta Diop",
SEN,Senegal,Pfplasmepsin 2-3 amplifications,P. falciparum,2019,0,0,,176,Mbour,Thiès Region,14.4165,-16.9872,"Faculty of Medicine, University of Cheikh Anta Diop",
SEN,Senegal,Pfplasmepsin 2-3 amplifications,P. falciparum,2018,0,0,,192,Diourbel,Diourbel Region,14.6543,-16.2526,"Faculty of Medicine, University of Cheikh Anta Diop",
SEN,Senegal,Pfplasmepsin 2-3 amplifications,P. falciparum,2018,0,0,,272,Kedougou,Kedougou,12.5578,-12.2006,"Faculty of Medicine, University of Cheikh Anta Diop",
SEN,Senegal,Pfplasmepsin 2-3 amplifications,P. falciparum,2015,0,0,,24,Dakar,Dakar,14.7645,-17.366,Institut de Recherche Biomédicale des Armées,https://pubmed.ncbi.nlm.nih.gov/30782997/
SEN,Senegal,Pfplasmepsin 2-3 amplifications,P. falciparum,2014,0,0,,29,Dakar,Dakar,14.7645,-17.366,Institut de Recherche Biomédicale des Armées,https://pubmed.ncbi.nlm.nih.gov/30782997/
SEN,Senegal,Pfplasmepsin 2-3 amplifications,P. falciparum,2013,0,0,,11,Dakar,Dakar,14.7645,-17.366,Institut de Recherche Biomédicale des Armées,https://pubmed.ncbi.nlm.nih.gov/30782997/
SLE,Sierra Leone,Pfplasmepsin 2-3 amplifications,P. falciparum,2016,0,0,,50,Bo,Southern Province,7.9564,-11.74,National Malaria Control Programme,https://www.ncbi.nlm.nih.gov/pubmed/29932931
SLE,Sierra Leone,Pfplasmepsin 2-3 amplifications,P. falciparum,2016,0,0,,50,Bombali,Northern Province,9.3333,-12.25,National Malaria Control Programme,https://www.ncbi.nlm.nih.gov/pubmed/29932931
SOM,Somalia,Pfplasmepsin 2-3 amplifications,P. falciparum,2017,0,0,,86,Bosaso,Bari,11.2847,49.1825,"Global Malaria Programme, World Health Organization",https://pubmed.ncbi.nlm.nih.gov/31296223/
SOM,Somalia,Pfplasmepsin 2-3 amplifications,P. falciparum,2017,0,0,,49,Jowhar,Middle Shabelle,2.7833,45.5,"Global Malaria Programme, World Health Organization",https://pubmed.ncbi.nlm.nih.gov/31296223/
SOM,Somalia,Pfplasmepsin 2-3 amplifications,P. falciparum,2016,0,0,,100,Jowhar,Middle Shabelle,2.7833,45.5,"Global Malaria Programme, World Health Organization",https://pubmed.ncbi.nlm.nih.gov/31296223/
STP,Sao Tome and Principe,Pfplasmepsin 2-3 amplifications,P. falciparum,2017,14.8,14.8,MC,27,Água Grande,Sao Tome Island,0.3333,6.7333,"Centre National des Endémies, Ministère de la Santé",
STP,Sao Tome and Principe,Pfplasmepsin 2-3 amplifications,P. falciparum,2017,22.7,22.7,MC,22,Lobata,Sao Tome Island,0.3667,6.6667,"Centre National des Endémies, Ministère de la Santé",
THA,Thailand,Pfplasmepsin 2-3 amplifications,P. falciparum,2019,0,0,,5,Tha Song Yang,Tak,17.5675,97.9231,"Faculty of Tropical Medicine, Mahidol University",https://pubmed.ncbi.nlm.nih.gov/36437462/
THA,Thailand,Pfplasmepsin 2-3 amplifications,P. falciparum,2018,92,92,MC,24,Kantharalak,Sisaket,14.64,104.65,"The GenRe-Mekong Project, Mahidol-Oxford Tropical Medicine Research Unit, Faculty of Tropical Medicine, Mahidol University",https://doi.org/10.7554/eLife.62997
THA,Thailand,Pfplasmepsin 2-3 amplifications,P. falciparum,2018,75,75,MC,4,Nam Yuen,Ubon Ratchathani,14.4892,105.0008,"The GenRe-Mekong Project, Mahidol-Oxford Tropical Medicine Research Unit, Faculty of Tropical Medicine, Mahidol University",https://doi.org/10.1038/s41467-025-59946-1
THA,Thailand,Pfplasmepsin 2-3 amplifications,P. falciparum,2018,71,71,MC,7,Phu Sing,Sisaket,14.5467,104.1317,"The GenRe-Mekong Project, Mahidol-Oxford Tropical Medicine Research Unit, Faculty of Tropical Medicine, Mahidol University",https://doi.org/10.7554/eLife.62997
THA,Thailand,Pfplasmepsin 2-3 amplifications,P. falciparum,2018,0,0,,5,Tha Song Yang,Tak,17.5675,97.9231,"Faculty of Tropical Medicine, Mahidol University",https://pubmed.ncbi.nlm.nih.gov/36437462/
THA,Thailand,Pfplasmepsin 2-3 amplifications,P. falciparum,2017,70,70,MC,10,Buntharik,Ubon Ratchathani,14.7567,105.4114,"The GenRe-Mekong Project, Mahidol-Oxford Tropical Medicine Research Unit, Faculty of Tropical Medicine, Mahidol University",https://doi.org/10.7554/eLife.62997
THA,Thailand,Pfplasmepsin 2-3 amplifications,P. falciparum,2017,100,100,MC,12,Khun Han,Sisaket,14.5473,104.2593,"The GenRe-Mekong Project, Mahidol-Oxford Tropical Medicine Research Unit, Faculty of Tropical Medicine, Mahidol University",https://doi.org/10.7554/eLife.62997
THA,Thailand,Pfplasmepsin 2-3 amplifications,P. falciparum,2017,100,100,MC,1,Na Chaluai,Ubon Ratchathani,14.5036,105.2429,"The GenRe-Mekong Project, Mahidol-Oxford Tropical Medicine Research Unit, Faculty of Tropical Medicine, Mahidol University",https://doi.org/10.7554/eLife.62997
THA,Thailand,Pfplasmepsin 2-3 amplifications,P. falciparum,2017,100,100,MC,11,Phu Sing,Sisaket,14.5467,104.1317,"The GenRe-Mekong Project, Mahidol-Oxford Tropical Medicine Research Unit, Faculty of Tropical Medicine, Mahidol University",https://doi.org/10.7554/eLife.62997
THA,Thailand,Pfplasmepsin 2-3 amplifications,P. falciparum,2016,0,0,,1,Tha Song Yang,Tak,17.5675,97.9231,"Faculty of Tropical Medicine, Mahidol University",https://pubmed.ncbi.nlm.nih.gov/36437462/
THA,Thailand,Pfplasmepsin 2-3 amplifications,P. falciparum,2015,90.9,90.9,MC,11,Khun Han,Sisaket,14.5473,104.2593,"Mahidol-Oxford Tropical Medicine Research Unit, Faculty of Tropical Medicine, Mahidol University, Bangkok, Thailand; Centre for Tropical Medicine and Global Health, University of Oxford, Oxford, UK; The Open University, Milton Keynes, UK.",https://pubmed.ncbi.nlm.nih.gov/32171078/
THA,Thailand,Pfplasmepsin 2-3 amplifications,P. falciparum,2015,81.3,81.3,MC,32,Phu Sing,Sisaket,14.5467,104.1317,"Mahidol-Oxford Tropical Medicine Research Unit, Faculty of Tropical Medicine, Mahidol University, Bangkok, Thailand; Centre for Tropical Medicine and Global Health, University of Oxford, Oxford, UK; The Open University, Milton Keynes, UK.",https://pubmed.ncbi.nlm.nih.gov/32171078/
THA,Thailand,Pfplasmepsin 2-3 amplifications,P. falciparum,2015,78.3,78.3,MC,46,Sisaket and Surin Provinces,,14.9467,103.9618,"Department of Bacterial and Parasitic Diseases, Armed Forces Research Institute of Medical Sciences",https://pubmed.ncbi.nlm.nih.gov/34183715/
THA,Thailand,Pfplasmepsin 2-3 amplifications,P. falciparum,2015,0,0,,17,Tha Song Yang,Tak,17.5675,97.9231,"Faculty of Tropical Medicine, Mahidol University",https://pubmed.ncbi.nlm.nih.gov/36437462/
THA,Thailand,Pfplasmepsin 2-3 amplifications,P. falciparum,2014,51.3,51.3,MC,39,Sisaket and Surin Provinces,,14.9467,103.9618,"Department of Bacterial and Parasitic Diseases, Armed Forces Research Institute of Medical Sciences",https://pubmed.ncbi.nlm.nih.gov/34183715/
THA,Thailand,Pfplasmepsin 2-3 amplifications,P. falciparum,2014,0,0,,21,Tha Song Yang,Tak,17.5675,97.9231,"Faculty of Tropical Medicine, Mahidol University",https://pubmed.ncbi.nlm.nih.gov/36437462/
THA,Thailand,Pfplasmepsin 2-3 amplifications,P. falciparum,2014,1.1,1.1,MC,88,Ubon Ratchathani Province,,15.2448,104.8473,"Mahidol Oxford Research Unit, Faculty of Tropical Medicine, Mahidol University",https://www.ncbi.nlm.nih.gov/pubmed/28161569
THA,Thailand,Pfplasmepsin 2-3 amplifications,P. falciparum,2013,7.4,7.4,MC,27,Sisaket and Surin Provinces,,14.9467,103.9618,"Department of Bacterial and Parasitic Diseases, Armed Forces Research Institute of Medical Sciences",https://pubmed.ncbi.nlm.nih.gov/34183715/
THA,Thailand,Pfplasmepsin 2-3 amplifications,P. falciparum,2013,0,0,,2,Tha Song Yang,Tak,17.5675,97.9231,"Faculty of Tropical Medicine, Mahidol University",https://pubmed.ncbi.nlm.nih.gov/36437462/
THA,Thailand,Pfplasmepsin 2-3 amplifications,P. falciparum,2012,2.4,2.4,MC,41,Kanchanaburi Province,,14.0228,99.5328,"Department of Tropical Diseases, Faculty of Naval Medicine, Naval Medical University",https://pubmed.ncbi.nlm.nih.gov/35413937/
THA,Thailand,Pfplasmepsin 2-3 amplifications,P. falciparum,2012,0,0,,3,Ranong Province,,9.9529,98.6085,"Department of Tropical Diseases, Faculty of Naval Medicine, Naval Medical University",https://pubmed.ncbi.nlm.nih.gov/35413937/
TZA,United Republic of Tanzania,Pfplasmepsin 2-3 amplifications,P. falciparum,2015,10,10,MC,30,Rufiji,Pwani,-7.7739,39.3639,Ifakara Health Institute,https://pubmed.ncbi.nlm.nih.gov/30333022/
UGA,Uganda,Pfplasmepsin 2-3 amplifications,P. falciparum,2018,0,0,,95,Multiple sites,,0.8274,32.2588,"National Malaria Control Division, Ministry of Health",
UGA,Uganda,Pfplasmepsin 2-3 amplifications,P. falciparum,2018,0,0,,462,Multiple sites,,0.8274,32.2588,University of California San Francisco,https://pubmed.ncbi.nlm.nih.gov/33146722/
UGA,Uganda,Pfplasmepsin 2-3 amplifications,P. falciparum,2017,3.3,3.3,MC,30,Agago,Northern Region,2.8333,33.3333,Infectious Diseases Research Collaboration,https://pubmed.ncbi.nlm.nih.gov/30559133/
UGA,Uganda,Pfplasmepsin 2-3 amplifications,P. falciparum,2017,0,0,,41,Amolatar,Northern Region,1.6333,32.8333,Infectious Diseases Research Collaboration,https://pubmed.ncbi.nlm.nih.gov/30559133/
UGA,Uganda,Pfplasmepsin 2-3 amplifications,P. falciparum,2017,0,0,,37,Arua,Northern Region,3.0353,30.9108,Infectious Diseases Research Collaboration,https://pubmed.ncbi.nlm.nih.gov/30559133/
UGA,Uganda,Pfplasmepsin 2-3 amplifications,P. falciparum,2017,2.7,2.7,MC,37,Jinja,Eastern Region,0.4479,33.2026,Infectious Diseases Research Collaboration,https://pubmed.ncbi.nlm.nih.gov/30559133/
UGA,Uganda,Pfplasmepsin 2-3 amplifications,P. falciparum,2017,0,0,,45,Kanungu,Western Region,-0.8195,29.7426,Infectious Diseases Research Collaboration,https://pubmed.ncbi.nlm.nih.gov/30559133/
UGA,Uganda,Pfplasmepsin 2-3 amplifications,P. falciparum,2017,0,0,,31,Kole,Northern Region,2.302,32.6104,Infectious Diseases Research Collaboration,https://pubmed.ncbi.nlm.nih.gov/30559133/
UGA,Uganda,Pfplasmepsin 2-3 amplifications,P. falciparum,2017,0,0,,35,Lamwo,Northern Region,3.5333,32.8,Infectious Diseases Research Collaboration,https://pubmed.ncbi.nlm.nih.gov/30559133/
UGA,Uganda,Pfplasmepsin 2-3 amplifications,P. falciparum,2017,0,0,,39,Mubende,Central Region,0.6,31.4,Infectious Diseases Research Collaboration,https://pubmed.ncbi.nlm.nih.gov/30559133/
UGA,Uganda,Pfplasmepsin 2-3 amplifications,P. falciparum,2017,0,0,,40,Tororo,Eastern Region,0.6782,34.1866,Infectious Diseases Research Collaboration,https://pubmed.ncbi.nlm.nih.gov/30559133/
UGA,Uganda,Pfplasmepsin 2-3 amplifications,P. falciparum,2016,12.1,12.1,MC,58,Tororo,Eastern Region,0.6782,34.1866,"Department of Natural Sciences and Mathematics, Dominican University of California",https://pubmed.ncbi.nlm.nih.gov/28923866/
UGA,Uganda,Pfplasmepsin 2-3 amplifications,P. falciparum,2014,33.9,33.9,MC,112,Tororo,Eastern Region,0.6782,34.1866,Medicines for Malaria Venture,https://www.ncbi.nlm.nih.gov/pubmed/30967148
UGA,Uganda,Pfplasmepsin 2-3 amplifications,P. falciparum,2010,12.1,12.1,MC,58,Tororo,Eastern Region,0.6782,34.1866,"Department of Natural Sciences and Mathematics, Dominican University of California",https://pubmed.ncbi.nlm.nih.gov/28923866/
VNM,Viet Nam,Pfplasmepsin 2-3 amplifications,P. falciparum,2022,0,0,,1,Dong Hoi,Quang Binh,13.3662,108.9831,"The GenRe-Mekong Project, Mahidol-Oxford Tropical Medicine Research Unit, Faculty of Tropical Medicine, Mahidol University",https://doi.org/10.1038/s41467-025-59946-1
VNM,Viet Nam,Pfplasmepsin 2-3 amplifications,P. falciparum,2022,0,0,,4,Dong Xuan,Phu Yen,13.4253,109.0214,"The GenRe-Mekong Project, Mahidol-Oxford Tropical Medicine Research Unit, Faculty of Tropical Medicine, Mahidol University",https://doi.org/10.1038/s41467-025-59946-1
VNM,Viet Nam,Pfplasmepsin 2-3 amplifications,P. falciparum,2022,0,0,,1,Ea Kar,Dak Lak,12.7554,108.5383,"The GenRe-Mekong Project, Mahidol-Oxford Tropical Medicine Research Unit, Faculty of Tropical Medicine, Mahidol University",https://doi.org/10.1038/s41467-025-59946-1
VNM,Viet Nam,Pfplasmepsin 2-3 amplifications,P. falciparum,2022,0,0,,143,Krong Pa,Gia Lai,13.2346,108.5179,"The GenRe-Mekong Project, Mahidol-Oxford Tropical Medicine Research Unit, Faculty of Tropical Medicine, Mahidol University",https://doi.org/10.1038/s41467-025-59946-1
VNM,Viet Nam,Pfplasmepsin 2-3 amplifications,P. falciparum,2022,0,0,,32,Krong Pa and Kbang districts,Gia Lai,13.4687,108.6721,"National Institute of Malariology, Parasitology and Entomology",
VNM,Viet Nam,Pfplasmepsin 2-3 amplifications,P. falciparum,2021,12,12,MC,8,Dong Xuan,Phu Yen,13.4253,109.0214,"The GenRe-Mekong Project, Mahidol-Oxford Tropical Medicine Research Unit, Faculty of Tropical Medicine, Mahidol University",https://doi.org/10.1038/s41467-025-59946-1
VNM,Viet Nam,Pfplasmepsin 2-3 amplifications,P. falciparum,2021,0,0,,9,Kong Chro,Gia Lai,13.7037,108.5701,"The GenRe-Mekong Project, Mahidol-Oxford Tropical Medicine Research Unit, Faculty of Tropical Medicine, Mahidol University",https://doi.org/10.1038/s41467-025-59946-1
VNM,Viet Nam,Pfplasmepsin 2-3 amplifications,P. falciparum,2021,0,0,,63,Krong Pa,Gia Lai,13.2346,108.5179,"The GenRe-Mekong Project, Mahidol-Oxford Tropical Medicine Research Unit, Faculty of Tropical Medicine, Mahidol University",https://doi.org/10.1038/s41467-025-59946-1
VNM,Viet Nam,Pfplasmepsin 2-3 amplifications,P. falciparum,2021,27.3,27.3,MC,11,Krong Pa and Ia Pa Districts,Gia Lai,13.3436,108.6386,"National Institute of Malariology, Parasitology and Entomology",
VNM,Viet Nam,Pfplasmepsin 2-3 amplifications,P. falciparum,2021,33,33,MC,9,Son Hoa,Phu Yen,13.1482,108.9644,"The GenRe-Mekong Project, Mahidol-Oxford Tropical Medicine Research Unit, Faculty of Tropical Medicine, Mahidol University",https://doi.org/10.1038/s41467-025-59946-1
VNM,Viet Nam,Pfplasmepsin 2-3 amplifications,P. falciparum,2021,0,0,,4,Song Hinh,Phu Yen,12.917,108.917,"The GenRe-Mekong Project, Mahidol-Oxford Tropical Medicine Research Unit, Faculty of Tropical Medicine, Mahidol University",https://doi.org/10.1038/s41467-025-59946-1
VNM,Viet Nam,Pfplasmepsin 2-3 amplifications,P. falciparum,2021,0,0,,41,"Song Hinh, Son Hoa and Dong Xuan districts",Phu Yen,13.1236,108.7854,"National Institute of Malariology, Parasitology and Entomology",
VNM,Viet Nam,Pfplasmepsin 2-3 amplifications,P. falciparum,2020,0,0,,3,Bac Ai,Ninh Thuan,11.8334,108.8551,"The GenRe-Mekong Project, Mahidol-Oxford Tropical Medicine Research Unit, Faculty of Tropical Medicine, Mahidol University",https://doi.org/10.1038/s41467-025-59946-1
VNM,Viet Nam,Pfplasmepsin 2-3 amplifications,P. falciparum,2020,80,80,MC,5,Bac Binh,Binh Thuan,11.2552,108.3801,"The GenRe-Mekong Project, Mahidol-Oxford Tropical Medicine Research Unit, Faculty of Tropical Medicine, Mahidol University",https://doi.org/10.1038/s41467-025-59946-1
VNM,Viet Nam,Pfplasmepsin 2-3 amplifications,P. falciparum,2020,43,43,MC,7,Bu Gia Map,Binh Phuoc,12.0392,107.0539,"The GenRe-Mekong Project, Mahidol-Oxford Tropical Medicine Research Unit, Faculty of Tropical Medicine, Mahidol University",https://doi.org/10.1038/s41467-025-59946-1
VNM,Viet Nam,Pfplasmepsin 2-3 amplifications,P. falciparum,2020,0,0,,5,Dong Ha,Quang Tri,16.7964,107.0835,"The GenRe-Mekong Project, Mahidol-Oxford Tropical Medicine Research Unit, Faculty of Tropical Medicine, Mahidol University",https://doi.org/10.1038/s41467-025-59946-1
VNM,Viet Nam,Pfplasmepsin 2-3 amplifications,P. falciparum,2020,62,62,MC,16,Dong Xuan,Phu Yen,13.4253,109.0214,"The GenRe-Mekong Project, Mahidol-Oxford Tropical Medicine Research Unit, Faculty of Tropical Medicine, Mahidol University",https://doi.org/10.1038/s41467-025-59946-1
VNM,Viet Nam,Pfplasmepsin 2-3 amplifications,P. falciparum,2020,96,96,MC,25,Ea Kar,Dak Lak,12.7554,108.5383,"The GenRe-Mekong Project, Mahidol-Oxford Tropical Medicine Research Unit, Faculty of Tropical Medicine, Mahidol University",https://doi.org/10.1038/s41467-025-59946-1
VNM,Viet Nam,Pfplasmepsin 2-3 amplifications,P. falciparum,2020,100,100,MC,2,Ham Thuan Bac,Binh Thuan,11.1563,108.0324,"The GenRe-Mekong Project, Mahidol-Oxford Tropical Medicine Research Unit, Faculty of Tropical Medicine, Mahidol University",https://doi.org/10.1038/s41467-025-59946-1
VNM,Viet Nam,Pfplasmepsin 2-3 amplifications,P. falciparum,2020,43,43,MC,7,Kong Chro,Gia Lai,13.7037,108.5701,"The GenRe-Mekong Project, Mahidol-Oxford Tropical Medicine Research Unit, Faculty of Tropical Medicine, Mahidol University",https://doi.org/10.1038/s41467-025-59946-1
VNM,Viet Nam,Pfplasmepsin 2-3 amplifications,P. falciparum,2020,86,86,MC,21,Krông Năng,Dak Lak,13,108.417,"The GenRe-Mekong Project, Mahidol-Oxford Tropical Medicine Research Unit, Faculty of Tropical Medicine, Mahidol University",https://doi.org/10.1038/s41467-025-59946-1
VNM,Viet Nam,Pfplasmepsin 2-3 amplifications,P. falciparum,2020,71.1,77.1,MC,35,Krong Nang and Ea Kar districts,Dak Lak,12.9765,108.4735,"National Institute of Malariology, Parasitology and Entomology",
VNM,Viet Nam,Pfplasmepsin 2-3 amplifications,P. falciparum,2020,73,73,MC,131,Krong Pa,Gia Lai,13.2346,108.5179,"The GenRe-Mekong Project, Mahidol-Oxford Tropical Medicine Research Unit, Faculty of Tropical Medicine, Mahidol University",https://doi.org/10.1038/s41467-025-59946-1
VNM,Viet Nam,Pfplasmepsin 2-3 amplifications,P. falciparum,2020,58,58,MC,50,Krong Pa and Ia Pa Districts,Gia Lai,13.3436,108.6386,"National Institute of Malariology, Parasitology and Entomology",
VNM,Viet Nam,Pfplasmepsin 2-3 amplifications,P. falciparum,2020,100,100,MC,5,Pleiku,Gia Lai,13.9671,108.0129,"The GenRe-Mekong Project, Mahidol-Oxford Tropical Medicine Research Unit, Faculty of Tropical Medicine, Mahidol University",https://doi.org/10.1038/s41467-025-59946-1
VNM,Viet Nam,Pfplasmepsin 2-3 amplifications,P. falciparum,2020,91,91,MC,11,Son Hoa,Phu Yen,13.1482,108.9644,"The GenRe-Mekong Project, Mahidol-Oxford Tropical Medicine Research Unit, Faculty of Tropical Medicine, Mahidol University",https://doi.org/10.1038/s41467-025-59946-1
VNM,Viet Nam,Pfplasmepsin 2-3 amplifications,P. falciparum,2020,86,86,MC,29,Song Hinh,Phu Yen,12.917,108.917,"The GenRe-Mekong Project, Mahidol-Oxford Tropical Medicine Research Unit, Faculty of Tropical Medicine, Mahidol University",https://doi.org/10.1038/s41467-025-59946-1
VNM,Viet Nam,Pfplasmepsin 2-3 amplifications,P. falciparum,2020,50,50,MC,6,Tuy Duc,Dak Nong,12.1576,107.4342,"National Institute of Malariology, Parasitology and Entomology",
VNM,Viet Nam,Pfplasmepsin 2-3 amplifications,P. falciparum,2019,7,7,MC,14,Bac Ai,Ninh Thuan,11.8334,108.8551,"The GenRe-Mekong Project, Mahidol-Oxford Tropical Medicine Research Unit, Faculty of Tropical Medicine, Mahidol University",https://doi.org/10.1038/s41467-025-59946-1
VNM,Viet Nam,Pfplasmepsin 2-3 amplifications,P. falciparum,2019,42,42,MC,24,Bu Gia Map,Binh Phuoc,12.0392,107.0539,"The GenRe-Mekong Project, Mahidol-Oxford Tropical Medicine Research Unit, Faculty of Tropical Medicine, Mahidol University",https://doi.org/10.7554/eLife.62997
VNM,Viet Nam,Pfplasmepsin 2-3 amplifications,P. falciparum,2019,50,50,MC,4,Bu Gia Map and Bu Dang Districts,Binh Phuoc,11.9723,107.1483,"National Institute of Malariology, Parasitology and Entomology",
VNM,Viet Nam,Pfplasmepsin 2-3 amplifications,P. falciparum,2019,76,76,MC,17,Buon Ma Thuot,Dak Lak,12.6667,108.05,"The GenRe-Mekong Project, Mahidol-Oxford Tropical Medicine Research Unit, Faculty of Tropical Medicine, Mahidol University",https://doi.org/10.1038/s41467-025-59946-1
VNM,Viet Nam,Pfplasmepsin 2-3 amplifications,P. falciparum,2019,48,48,MC,31,Cu Jut,Dak Nong,12.6573,107.8656,"The GenRe-Mekong Project, Mahidol-Oxford Tropical Medicine Research Unit, Faculty of Tropical Medicine, Mahidol University",https://doi.org/10.7554/eLife.62997
VNM,Viet Nam,Pfplasmepsin 2-3 amplifications,P. falciparum,2019,44,44,MC,9,Dong Ha,Quang Tri,16.7964,107.0835,"The GenRe-Mekong Project, Mahidol-Oxford Tropical Medicine Research Unit, Faculty of Tropical Medicine, Mahidol University",https://doi.org/10.1038/s41467-025-59946-1
VNM,Viet Nam,Pfplasmepsin 2-3 amplifications,P. falciparum,2019,99,99,MC,75,Dong Xuan,Phu Yen,13.4253,109.0214,"The GenRe-Mekong Project, Mahidol-Oxford Tropical Medicine Research Unit, Faculty of Tropical Medicine, Mahidol University",https://doi.org/10.1038/s41467-025-59946-1
VNM,Viet Nam,Pfplasmepsin 2-3 amplifications,P. falciparum,2019,60,60,MC,15,Duc Co,Gia Lai,13.7729,107.6544,"The GenRe-Mekong Project, Mahidol-Oxford Tropical Medicine Research Unit, Faculty of Tropical Medicine, Mahidol University",https://doi.org/10.7554/eLife.62997
VNM,Viet Nam,Pfplasmepsin 2-3 amplifications,P. falciparum,2019,90,90,MC,10,Ea H'leo,Dak Lak,13.2445,108.1979,"The GenRe-Mekong Project, Mahidol-Oxford Tropical Medicine Research Unit, Faculty of Tropical Medicine, Mahidol University",https://doi.org/10.1038/s41467-025-59946-1
VNM,Viet Nam,Pfplasmepsin 2-3 amplifications,P. falciparum,2019,95,95,MC,133,Ea Kar,Dak Lak,12.7554,108.5383,"The GenRe-Mekong Project, Mahidol-Oxford Tropical Medicine Research Unit, Faculty of Tropical Medicine, Mahidol University",https://doi.org/10.7554/eLife.62997
VNM,Viet Nam,Pfplasmepsin 2-3 amplifications,P. falciparum,2019,67,67,MC,6,Ea Sup,Dak Lak,13.1862,107.7636,"The GenRe-Mekong Project, Mahidol-Oxford Tropical Medicine Research Unit, Faculty of Tropical Medicine, Mahidol University",https://doi.org/10.1038/s41467-025-59946-1
VNM,Viet Nam,Pfplasmepsin 2-3 amplifications,P. falciparum,2019,69.2,69.2,MC,52,Gia Lai Province,,13.8079,108.1094,"National Institute of Malariology, Parasitology and Entomology",
VNM,Viet Nam,Pfplasmepsin 2-3 amplifications,P. falciparum,2019,80,80,MC,10,Ia Grai,Gia Lai,14,107.75,"The GenRe-Mekong Project, Mahidol-Oxford Tropical Medicine Research Unit, Faculty of Tropical Medicine, Mahidol University",https://doi.org/10.1038/s41467-025-59946-1
VNM,Viet Nam,Pfplasmepsin 2-3 amplifications,P. falciparum,2019,50,50,MC,2,Ia H' Drai,Kon Tum,14.1026,107.4543,"The GenRe-Mekong Project, Mahidol-Oxford Tropical Medicine Research Unit, Faculty of Tropical Medicine, Mahidol University",https://doi.org/10.1038/s41467-025-59946-1
VNM,Viet Nam,Pfplasmepsin 2-3 amplifications,P. falciparum,2019,54,54,MC,55,Ia Pa,Gia Lai,13.5343,108.566,"The GenRe-Mekong Project, Mahidol-Oxford Tropical Medicine Research Unit, Faculty of Tropical Medicine, Mahidol University",https://doi.org/10.7554/eLife.62997
VNM,Viet Nam,Pfplasmepsin 2-3 amplifications,P. falciparum,2019,0,0,,7,Khanh Vinh,Khánh Hòa,12.2744,108.9175,"The GenRe-Mekong Project, Mahidol-Oxford Tropical Medicine Research Unit, Faculty of Tropical Medicine, Mahidol University",https://doi.org/10.7554/eLife.62997
VNM,Viet Nam,Pfplasmepsin 2-3 amplifications,P. falciparum,2019,0,0,,1,Kon Tum,Kon Tum,14.3438,108.0031,"The GenRe-Mekong Project, Mahidol-Oxford Tropical Medicine Research Unit, Faculty of Tropical Medicine, Mahidol University",https://doi.org/10.1038/s41467-025-59946-1
VNM,Viet Nam,Pfplasmepsin 2-3 amplifications,P. falciparum,2019,77,77,MC,13,Kong Chro,Gia Lai,13.7037,108.5701,"The GenRe-Mekong Project, Mahidol-Oxford Tropical Medicine Research Unit, Faculty of Tropical Medicine, Mahidol University",https://doi.org/10.7554/eLife.62997
VNM,Viet Nam,Pfplasmepsin 2-3 amplifications,P. falciparum,2019,100,100,MC,1,Krong Bong,Dak Lak,12.4695,108.5072,"The GenRe-Mekong Project, Mahidol-Oxford Tropical Medicine Research Unit, Faculty of Tropical Medicine, Mahidol University",https://doi.org/10.1038/s41467-025-59946-1
VNM,Viet Nam,Pfplasmepsin 2-3 amplifications,P. falciparum,2019,75,75,MC,92,Krông Năng,Dak Lak,13,108.417,"National Institute of Malariology, Parasitology and Entomology",
VNM,Viet Nam,Pfplasmepsin 2-3 amplifications,P. falciparum,2019,94,94,MC,127,Krông Năng,Dak Lak,13,108.417,"The GenRe-Mekong Project, Mahidol-Oxford Tropical Medicine Research Unit, Faculty of Tropical Medicine, Mahidol University",https://doi.org/10.1038/s41467-025-59946-1
VNM,Viet Nam,Pfplasmepsin 2-3 amplifications,P. falciparum,2019,93,93,MC,420,Krong Pa,Gia Lai,13.2346,108.5179,"The GenRe-Mekong Project, Mahidol-Oxford Tropical Medicine Research Unit, Faculty of Tropical Medicine, Mahidol University",https://doi.org/10.7554/eLife.62997
VNM,Viet Nam,Pfplasmepsin 2-3 amplifications,P. falciparum,2019,94.7,94.7,MC,19,Krong Pa and Ia Pa Districts,Gia Lai,13.3436,108.6386,"National Institute of Malariology, Parasitology and Entomology",
VNM,Viet Nam,Pfplasmepsin 2-3 amplifications,P. falciparum,2019,76,76,MC,71,Krong Pa and Ia Pa Districts,Gia Lai,13.3436,108.6386,"National Institute of Malariology, Parasitology and Entomology",
VNM,Viet Nam,Pfplasmepsin 2-3 amplifications,P. falciparum,2019,75,75,MC,4,M'Drak,Dak Lak,12.7308,108.8188,"The GenRe-Mekong Project, Mahidol-Oxford Tropical Medicine Research Unit, Faculty of Tropical Medicine, Mahidol University",https://doi.org/10.1038/s41467-025-59946-1
VNM,Viet Nam,Pfplasmepsin 2-3 amplifications,P. falciparum,2019,81,81,MC,21,Pleiku,Gia Lai,13.9671,108.0129,"The GenRe-Mekong Project, Mahidol-Oxford Tropical Medicine Research Unit, Faculty of Tropical Medicine, Mahidol University",https://doi.org/10.1038/s41467-025-59946-1
VNM,Viet Nam,Pfplasmepsin 2-3 amplifications,P. falciparum,2019,92,92,MC,38,Son Hoa,Phu Yen,13.1482,108.9644,"The GenRe-Mekong Project, Mahidol-Oxford Tropical Medicine Research Unit, Faculty of Tropical Medicine, Mahidol University",https://doi.org/10.1038/s41467-025-59946-1
VNM,Viet Nam,Pfplasmepsin 2-3 amplifications,P. falciparum,2019,94,94,MC,80,Song Hinh,Phu Yen,12.917,108.917,"The GenRe-Mekong Project, Mahidol-Oxford Tropical Medicine Research Unit, Faculty of Tropical Medicine, Mahidol University",https://doi.org/10.1038/s41467-025-59946-1
VNM,Viet Nam,Pfplasmepsin 2-3 amplifications,P. falciparum,2019,76,76,MC,21,Tuy Duc,Dak Nong,12.1576,107.4342,"The GenRe-Mekong Project, Mahidol-Oxford Tropical Medicine Research Unit, Faculty of Tropical Medicine, Mahidol University",https://doi.org/10.1038/s41467-025-59946-1
VNM,Viet Nam,Pfplasmepsin 2-3 amplifications,P. falciparum,2019,92,92,MC,50,Tuy Duc and Cu Jut districts,Dak Nong,12.3421,107.5557,"National Institute of Malariology, Parasitology and Entomology",
VNM,Viet Nam,Pfplasmepsin 2-3 amplifications,P. falciparum,2018,0,0,,10,Bac Ai,Ninh Thuan,11.8334,108.8551,"The GenRe-Mekong Project, Mahidol-Oxford Tropical Medicine Research Unit, Faculty of Tropical Medicine, Mahidol University",https://doi.org/10.7554/eLife.62997
VNM,Viet Nam,Pfplasmepsin 2-3 amplifications,P. falciparum,2018,54,54,MC,50,Binh Phouc and Khanh Hoa Provinces,,11.9497,107.3364,"Mahidol Oxford Tropical Medicine Research Unit, Faculty of Tropical Medicine, Mahidol University, Bangkok, Thailand; Centre for Tropical Medicine and Global Health, Nuffield Department of Medicine, University of Oxford, Oxford, United Kingdom",https://pubmed.ncbi.nlm.nih.gov/35276064/
VNM,Viet Nam,Pfplasmepsin 2-3 amplifications,P. falciparum,2018,45,45,MC,38,Binh Phuoc Province,,11.7512,106.7235,"Institute of Biomedicine and Pharmacy, Vietnam Military Medical University",https://pubmed.ncbi.nlm.nih.gov/38929629/
VNM,Viet Nam,Pfplasmepsin 2-3 amplifications,P. falciparum,2018,100,100,MC,10,Bu Dang,Binh Phuoc,11.7693,107.1485,"The GenRe-Mekong Project, Mahidol-Oxford Tropical Medicine Research Unit, Faculty of Tropical Medicine, Mahidol University",https://doi.org/10.7554/eLife.62997
VNM,Viet Nam,Pfplasmepsin 2-3 amplifications,P. falciparum,2018,100,100,MC,12,Bu Dop,Binh Phuoc,11.9856,106.7636,"The GenRe-Mekong Project, Mahidol-Oxford Tropical Medicine Research Unit, Faculty of Tropical Medicine, Mahidol University",https://doi.org/10.7554/eLife.62997
VNM,Viet Nam,Pfplasmepsin 2-3 amplifications,P. falciparum,2018,90,90,MC,221,Bu Gia Map,Binh Phuoc,12.0392,107.0539,"The GenRe-Mekong Project, Mahidol-Oxford Tropical Medicine Research Unit, Faculty of Tropical Medicine, Mahidol University",https://doi.org/10.7554/eLife.62997
VNM,Viet Nam,Pfplasmepsin 2-3 amplifications,P. falciparum,2018,48,48,MC,21,Buon Don,Dak Lak,12.8792,107.7163,"The GenRe-Mekong Project, Mahidol-Oxford Tropical Medicine Research Unit, Faculty of Tropical Medicine, Mahidol University",https://doi.org/10.7554/eLife.62997
VNM,Viet Nam,Pfplasmepsin 2-3 amplifications,P. falciparum,2018,78,78,MC,46,Buon Ma Thuot,Dak Lak,12.6667,108.05,"The GenRe-Mekong Project, Mahidol-Oxford Tropical Medicine Research Unit, Faculty of Tropical Medicine, Mahidol University",https://doi.org/10.1038/s41467-025-59946-1
VNM,Viet Nam,Pfplasmepsin 2-3 amplifications,P. falciparum,2018,69,69,MC,36,Cu Jut,Dak Nong,12.6573,107.8656,"The GenRe-Mekong Project, Mahidol-Oxford Tropical Medicine Research Unit, Faculty of Tropical Medicine, Mahidol University",https://doi.org/10.7554/eLife.62997
VNM,Viet Nam,Pfplasmepsin 2-3 amplifications,P. falciparum,2018,92,92,MC,50,Cu Jut and Dak Mil districts,Dak Nong,12.6123,107.7287,Vietnam People's Army Military Institute of Preventive Medicine,https://pubmed.ncbi.nlm.nih.gov/34570647/
VNM,Viet Nam,Pfplasmepsin 2-3 amplifications,P. falciparum,2018,100,100,MC,2,Cu M'gar,Dak Lak,12.8889,108.0319,"The GenRe-Mekong Project, Mahidol-Oxford Tropical Medicine Research Unit, Faculty of Tropical Medicine, Mahidol University",https://doi.org/10.1038/s41467-025-59946-1
VNM,Viet Nam,Pfplasmepsin 2-3 amplifications,P. falciparum,2018,20,20,MC,55,Cu M'gar and Lak districts,Dak Lak,12.3424,108.2429,"Institute of Malariology, Parasitology and Entomology",https://pubmed.ncbi.nlm.nih.gov/33526483/
VNM,Viet Nam,Pfplasmepsin 2-3 amplifications,P. falciparum,2018,10,10,MC,10,Da Krong,Quang Tri,16.5788,106.9769,"The GenRe-Mekong Project, Mahidol-Oxford Tropical Medicine Research Unit, Faculty of Tropical Medicine, Mahidol University",https://doi.org/10.1038/s41467-025-59946-1
VNM,Viet Nam,Pfplasmepsin 2-3 amplifications,P. falciparum,2018,54,54,MC,13,Dak Nong Province,,12.2646,107.6098,"Institute of Biomedicine and Pharmacy, Vietnam Military Medical University",https://pubmed.ncbi.nlm.nih.gov/38929629/
VNM,Viet Nam,Pfplasmepsin 2-3 amplifications,P. falciparum,2018,0,0,,3,Dong Ha,Quang Tri,16.7964,107.0835,"The GenRe-Mekong Project, Mahidol-Oxford Tropical Medicine Research Unit, Faculty of Tropical Medicine, Mahidol University",https://doi.org/10.7554/eLife.62997
VNM,Viet Nam,Pfplasmepsin 2-3 amplifications,P. falciparum,2018,72,72,MC,47,Duc Co,Gia Lai,13.7729,107.6544,"The GenRe-Mekong Project, Mahidol-Oxford Tropical Medicine Research Unit, Faculty of Tropical Medicine, Mahidol University",https://doi.org/10.7554/eLife.62997
VNM,Viet Nam,Pfplasmepsin 2-3 amplifications,P. falciparum,2018,80,80,MC,5,Ea H'leo,Dak Lak,13.2445,108.1979,"The GenRe-Mekong Project, Mahidol-Oxford Tropical Medicine Research Unit, Faculty of Tropical Medicine, Mahidol University",https://doi.org/10.1038/s41467-025-59946-1
VNM,Viet Nam,Pfplasmepsin 2-3 amplifications,P. falciparum,2018,64,64,MC,14,Ea Sup,Dak Lak,13.1862,107.7636,"The GenRe-Mekong Project, Mahidol-Oxford Tropical Medicine Research Unit, Faculty of Tropical Medicine, Mahidol University",https://doi.org/10.7554/eLife.62997
VNM,Viet Nam,Pfplasmepsin 2-3 amplifications,P. falciparum,2018,0,0,,6,Huong Hoa,Quang Tri,16.6496,106.6763,"The GenRe-Mekong Project, Mahidol-Oxford Tropical Medicine Research Unit, Faculty of Tropical Medicine, Mahidol University",https://doi.org/10.7554/eLife.62997
VNM,Viet Nam,Pfplasmepsin 2-3 amplifications,P. falciparum,2018,72,72,MC,18,Ia Grai,Gia Lai,14,107.75,"The GenRe-Mekong Project, Mahidol-Oxford Tropical Medicine Research Unit, Faculty of Tropical Medicine, Mahidol University",https://doi.org/10.7554/eLife.62997
VNM,Viet Nam,Pfplasmepsin 2-3 amplifications,P. falciparum,2018,8.7,8.7,MC,23,Ia Hdrai and Ngoc Hoi districts,Kon Tum,14.4194,107.5632,"Institute of Malariology, Parasitology and Entomology",https://pubmed.ncbi.nlm.nih.gov/33526483/
VNM,Viet Nam,Pfplasmepsin 2-3 amplifications,P. falciparum,2018,19,19,MC,31,Ia Pa,Gia Lai,13.5343,108.566,"The GenRe-Mekong Project, Mahidol-Oxford Tropical Medicine Research Unit, Faculty of Tropical Medicine, Mahidol University",https://doi.org/10.7554/eLife.62997
VNM,Viet Nam,Pfplasmepsin 2-3 amplifications,P. falciparum,2018,38.5,38.5,MC,13,Kbang and Kong Chro districts,Gia Lai,13.9086,108.5933,"Institute of Malariology, Parasitology and Entomology",https://pubmed.ncbi.nlm.nih.gov/33526483/
VNM,Viet Nam,Pfplasmepsin 2-3 amplifications,P. falciparum,2018,2,2,MC,48,Khanh Vinh,Khánh Hòa,12.2744,108.9175,"The GenRe-Mekong Project, Mahidol-Oxford Tropical Medicine Research Unit, Faculty of Tropical Medicine, Mahidol University",https://doi.org/10.7554/eLife.62997
VNM,Viet Nam,Pfplasmepsin 2-3 amplifications,P. falciparum,2018,95,95,MC,284,Krong Pa,Gia Lai,13.2346,108.5179,"The GenRe-Mekong Project, Mahidol-Oxford Tropical Medicine Research Unit, Faculty of Tropical Medicine, Mahidol University",https://doi.org/10.7554/eLife.62997
VNM,Viet Nam,Pfplasmepsin 2-3 amplifications,P. falciparum,2018,93,93,MC,28,Pleiku,Gia Lai,13.9671,108.0129,"The GenRe-Mekong Project, Mahidol-Oxford Tropical Medicine Research Unit, Faculty of Tropical Medicine, Mahidol University",https://doi.org/10.1038/s41467-025-59946-1
VNM,Viet Nam,Pfplasmepsin 2-3 amplifications,P. falciparum,2018,84,84,MC,32,Tuy Duc,Dak Nong,12.1576,107.4342,"The GenRe-Mekong Project, Mahidol-Oxford Tropical Medicine Research Unit, Faculty of Tropical Medicine, Mahidol University",https://doi.org/10.7554/eLife.62997
VNM,Viet Nam,Pfplasmepsin 2-3 amplifications,P. falciparum,2018,30.6,30.6,MC,36,Tuy Duc and Cu Jut districts,Dak Nong,12.3421,107.5557,"Institute of Malariology, Parasitology and Entomology",https://pubmed.ncbi.nlm.nih.gov/33526483/
VNM,Viet Nam,Pfplasmepsin 2-3 amplifications,P. falciparum,2017,3.6,3.6,MC,28,Bac Ai,Ninh Thuan,11.8334,108.8551,"National Institute of Malariology, Parasitology and Entomology",
VNM,Viet Nam,Pfplasmepsin 2-3 amplifications,P. falciparum,2017,3.3,3.3,MC,30,Bac Ai,Ninh Thuan,11.8334,108.8551,"National Institute of Malariology, Parasitology and Entomology",
VNM,Viet Nam,Pfplasmepsin 2-3 amplifications,P. falciparum,2017,22,22,MC,32,Bac Ai,Ninh Thuan,11.8334,108.8551,"The GenRe-Mekong Project, Mahidol-Oxford Tropical Medicine Research Unit, Faculty of Tropical Medicine, Mahidol University",https://doi.org/10.7554/eLife.62997
VNM,Viet Nam,Pfplasmepsin 2-3 amplifications,P. falciparum,2017,88.6,88.6,MC,44,Bu Dang,Binh Phuoc,11.7693,107.1485,"National Institute of Malariology, Parasitology and Entomology",
VNM,Viet Nam,Pfplasmepsin 2-3 amplifications,P. falciparum,2017,81.6,81.6,MC,38,Bu Gia Map,Binh Phuoc,12.0392,107.0539,"National Institute of Malariology, Parasitology and Entomology",
VNM,Viet Nam,Pfplasmepsin 2-3 amplifications,P. falciparum,2017,92,92,MC,125,Bu Gia Map,Binh Phuoc,12.0392,107.0539,"The GenRe-Mekong Project, Mahidol-Oxford Tropical Medicine Research Unit, Faculty of Tropical Medicine, Mahidol University",https://doi.org/10.7554/eLife.62997
VNM,Viet Nam,Pfplasmepsin 2-3 amplifications,P. falciparum,2017,89,89,MC,37,Buon Don,Dak Lak,12.8792,107.7163,"The GenRe-Mekong Project, Mahidol-Oxford Tropical Medicine Research Unit, Faculty of Tropical Medicine, Mahidol University",https://doi.org/10.7554/eLife.62997
VNM,Viet Nam,Pfplasmepsin 2-3 amplifications,P. falciparum,2017,78,78,MC,60,Buon Ma Thuot,Dak Lak,12.6667,108.05,"The GenRe-Mekong Project, Mahidol-Oxford Tropical Medicine Research Unit, Faculty of Tropical Medicine, Mahidol University",https://doi.org/10.1038/s41467-025-59946-1
VNM,Viet Nam,Pfplasmepsin 2-3 amplifications,P. falciparum,2017,25,25,MC,4,Cam Lam,Khánh Hòa,12.0017,109.2233,"The GenRe-Mekong Project, Mahidol-Oxford Tropical Medicine Research Unit, Faculty of Tropical Medicine, Mahidol University",https://doi.org/10.7554/eLife.62997
VNM,Viet Nam,Pfplasmepsin 2-3 amplifications,P. falciparum,2017,92.3,92.3,MC,13,Cu Jut,Dak Nong,12.6573,107.8656,"National Institute of Malariology, Parasitology and Entomology",
VNM,Viet Nam,Pfplasmepsin 2-3 amplifications,P. falciparum,2017,93,93,MC,27,Cu Jut,Dak Nong,12.6573,107.8656,"The GenRe-Mekong Project, Mahidol-Oxford Tropical Medicine Research Unit, Faculty of Tropical Medicine, Mahidol University",https://doi.org/10.7554/eLife.62997
VNM,Viet Nam,Pfplasmepsin 2-3 amplifications,P. falciparum,2017,100,100,MC,3,Cu M'gar,Dak Lak,12.8889,108.0319,"The GenRe-Mekong Project, Mahidol-Oxford Tropical Medicine Research Unit, Faculty of Tropical Medicine, Mahidol University",https://doi.org/10.1038/s41467-025-59946-1
VNM,Viet Nam,Pfplasmepsin 2-3 amplifications,P. falciparum,2017,4,4,MC,26,Dong Ha,Quang Tri,16.7964,107.0835,"The GenRe-Mekong Project, Mahidol-Oxford Tropical Medicine Research Unit, Faculty of Tropical Medicine, Mahidol University",https://doi.org/10.7554/eLife.62997
VNM,Viet Nam,Pfplasmepsin 2-3 amplifications,P. falciparum,2017,86,86,MC,77,Dong Xoai,Binh Phuoc,11.5219,106.8608,"The GenRe-Mekong Project, Mahidol-Oxford Tropical Medicine Research Unit, Faculty of Tropical Medicine, Mahidol University",https://doi.org/10.1038/s41467-025-59946-1
VNM,Viet Nam,Pfplasmepsin 2-3 amplifications,P. falciparum,2017,87,87,MC,75,Duc Co,Gia Lai,13.7729,107.6544,"The GenRe-Mekong Project, Mahidol-Oxford Tropical Medicine Research Unit, Faculty of Tropical Medicine, Mahidol University",https://doi.org/10.7554/eLife.62997
VNM,Viet Nam,Pfplasmepsin 2-3 amplifications,P. falciparum,2017,89,89,MC,27,Ea H'leo,Dak Lak,13.2445,108.1979,"The GenRe-Mekong Project, Mahidol-Oxford Tropical Medicine Research Unit, Faculty of Tropical Medicine, Mahidol University",https://doi.org/10.1038/s41467-025-59946-1
VNM,Viet Nam,Pfplasmepsin 2-3 amplifications,P. falciparum,2017,96,96,MC,28,Ea Kar,Dak Lak,12.7554,108.5383,"The GenRe-Mekong Project, Mahidol-Oxford Tropical Medicine Research Unit, Faculty of Tropical Medicine, Mahidol University",https://doi.org/10.7554/eLife.62997
VNM,Viet Nam,Pfplasmepsin 2-3 amplifications,P. falciparum,2017,78,78,MC,27,Ea Sup,Dak Lak,13.1862,107.7636,"The GenRe-Mekong Project, Mahidol-Oxford Tropical Medicine Research Unit, Faculty of Tropical Medicine, Mahidol University",https://doi.org/10.7554/eLife.62997
VNM,Viet Nam,Pfplasmepsin 2-3 amplifications,P. falciparum,2017,35.9,35.9,MC,64,Gia Lai Province,,13.8079,108.1094,"National Institute of Malariology, Parasitology and Entomology",
VNM,Viet Nam,Pfplasmepsin 2-3 amplifications,P. falciparum,2017,86,86,MC,29,Ia Grai,Gia Lai,14,107.75,"The GenRe-Mekong Project, Mahidol-Oxford Tropical Medicine Research Unit, Faculty of Tropical Medicine, Mahidol University",https://doi.org/10.7554/eLife.62997
VNM,Viet Nam,Pfplasmepsin 2-3 amplifications,P. falciparum,2017,11,11,MC,35,Ia Pa,Gia Lai,13.5343,108.566,"The GenRe-Mekong Project, Mahidol-Oxford Tropical Medicine Research Unit, Faculty of Tropical Medicine, Mahidol University",https://doi.org/10.7554/eLife.62997
VNM,Viet Nam,Pfplasmepsin 2-3 amplifications,P. falciparum,2017,50,50,MC,8,Khanh Vinh,Khánh Hòa,12.2744,108.9175,"National Institute of Malariology, Parasitology and Entomology",
VNM,Viet Nam,Pfplasmepsin 2-3 amplifications,P. falciparum,2017,6,6,MC,17,Khanh Vinh,Khánh Hòa,12.2744,108.9175,"The GenRe-Mekong Project, Mahidol-Oxford Tropical Medicine Research Unit, Faculty of Tropical Medicine, Mahidol University",https://doi.org/10.7554/eLife.62997
VNM,Viet Nam,Pfplasmepsin 2-3 amplifications,P. falciparum,2017,12,12,MC,8,Kong Chro,Gia Lai,13.7037,108.5701,"The GenRe-Mekong Project, Mahidol-Oxford Tropical Medicine Research Unit, Faculty of Tropical Medicine, Mahidol University",https://doi.org/10.7554/eLife.62997
VNM,Viet Nam,Pfplasmepsin 2-3 amplifications,P. falciparum,2017,100,100,MC,2,Krông Năng,Dak Lak,13,108.417,"The GenRe-Mekong Project, Mahidol-Oxford Tropical Medicine Research Unit, Faculty of Tropical Medicine, Mahidol University",https://doi.org/10.7554/eLife.62997
VNM,Viet Nam,Pfplasmepsin 2-3 amplifications,P. falciparum,2017,46.4,46.4,MC,28,Krong Pa,Gia Lai,13.2346,108.5179,"National Institute of Malariology, Parasitology and Entomology",
VNM,Viet Nam,Pfplasmepsin 2-3 amplifications,P. falciparum,2017,40,40,MC,40,Krong Pa,Gia Lai,13.2346,108.5179,"The GenRe-Mekong Project, Mahidol-Oxford Tropical Medicine Research Unit, Faculty of Tropical Medicine, Mahidol University",https://doi.org/10.7554/eLife.62997
VNM,Viet Nam,Pfplasmepsin 2-3 amplifications,P. falciparum,2017,33,33,MC,3,Nha Trang,Khánh Hòa,12.2388,109.1967,"The GenRe-Mekong Project, Mahidol-Oxford Tropical Medicine Research Unit, Faculty of Tropical Medicine, Mahidol University",https://doi.org/10.1038/s41467-025-59946-1
VNM,Viet Nam,Pfplasmepsin 2-3 amplifications,P. falciparum,2017,0,0,,5,Ninh Son,Ninh Thuan,11.6889,108.7363,"The GenRe-Mekong Project, Mahidol-Oxford Tropical Medicine Research Unit, Faculty of Tropical Medicine, Mahidol University",https://doi.org/10.7554/eLife.62997
VNM,Viet Nam,Pfplasmepsin 2-3 amplifications,P. falciparum,2017,47,47,MC,58,Pleiku,Gia Lai,13.9671,108.0129,"The GenRe-Mekong Project, Mahidol-Oxford Tropical Medicine Research Unit, Faculty of Tropical Medicine, Mahidol University",https://doi.org/10.1038/s41467-025-59946-1
VNM,Viet Nam,Pfplasmepsin 2-3 amplifications,P. falciparum,2017,0,0,,4,Thuan Bac,Ninh Thuan,11.7533,109.0691,"The GenRe-Mekong Project, Mahidol-Oxford Tropical Medicine Research Unit, Faculty of Tropical Medicine, Mahidol University",https://doi.org/10.7554/eLife.62997
VNM,Viet Nam,Pfplasmepsin 2-3 amplifications,P. falciparum,2017,76.9,76.9,MC,26,Tuy Duc,Dak Nong,12.1576,107.4342,"National Institute of Malariology, Parasitology and Entomology",
VNM,Viet Nam,Pfplasmepsin 2-3 amplifications,P. falciparum,2017,84,84,MC,32,Tuy Duc,Dak Nong,12.1576,107.4342,"The GenRe-Mekong Project, Mahidol-Oxford Tropical Medicine Research Unit, Faculty of Tropical Medicine, Mahidol University",https://doi.org/10.7554/eLife.62997
VNM,Viet Nam,Pfplasmepsin 2-3 amplifications,P. falciparum,2016,97,97,MC,29,Bu Gia Map,Binh Phuoc,12.0392,107.0539,"The GenRe-Mekong Project, Mahidol-Oxford Tropical Medicine Research Unit, Faculty of Tropical Medicine, Mahidol University",https://doi.org/10.7554/eLife.62997
VNM,Viet Nam,Pfplasmepsin 2-3 amplifications,P. falciparum,2016,100,100,MC,18,Dong Xoai,Binh Phuoc,11.5219,106.8608,"The GenRe-Mekong Project, Mahidol-Oxford Tropical Medicine Research Unit, Faculty of Tropical Medicine, Mahidol University",https://doi.org/10.1038/s41467-025-59946-1
VNM,Viet Nam,Pfplasmepsin 2-3 amplifications,P. falciparum,2015,73.3,73.3,MC,120,Binh Phuoc Province,,11.7512,106.7235,"Mahidol-Oxford Tropical Medicine Research Unit, Faculty of Tropical Medicine, Mahidol University, Bangkok, Thailand; Centre for Tropical Medicine and Global Health, University of Oxford, Oxford, UK; The Open University, Milton Keynes, UK.",https://pubmed.ncbi.nlm.nih.gov/32171078/
VNM,Viet Nam,Pfplasmepsin 2-3 amplifications,P. falciparum,2015,54.3,54.3,MC,46,Bu Gia Map,Binh Phuoc,12.0392,107.0539,"National Institute of Malariology, Parasitology and Entomology",
VNM,Viet Nam,Pfplasmepsin 2-3 amplifications,P. falciparum,2015,0,0,,29,Krong Pa,Gia Lai,13.2346,108.5179,University of Sassari,https://www.ncbi.nlm.nih.gov/pubmed/30939179
VNM,Viet Nam,Pfplasmepsin 2-3 amplifications,P. falciparum,2015,10.4,10.4,MC,48,Krong Pa,Gia Lai,13.2346,108.5179,Institute of Tropical Medicine,https://pubmed.ncbi.nlm.nih.gov/32437557/
VNM,Viet Nam,Pfplasmepsin 2-3 amplifications,P. falciparum,2015,0,0,,20,Thuan Bac,Ninh Thuan,11.7533,109.0691,University of Sassari,https://www.ncbi.nlm.nih.gov/pubmed/30939179
VNM,Viet Nam,Pfplasmepsin 2-3 amplifications,P. falciparum,2015,0,0,,27,Thuan Bac,Ninh Thuan,11.7533,109.0691,Vietnam People's Army Military Institute of Preventive Medicine,https://www.ncbi.nlm.nih.gov/pubmed/30654808
VNM,Viet Nam,Pfplasmepsin 2-3 amplifications,P. falciparum,2014,28.6,28.6,MC,28,Binh Phuoc Province,,11.7512,106.7235,Medicines for Malaria Venture,https://www.ncbi.nlm.nih.gov/pubmed/30967148
VNM,Viet Nam,Pfplasmepsin 2-3 amplifications,P. falciparum,2014,71.4,71.4,MC,14,Bu Gia Map,Binh Phuoc,12.0392,107.0539,"Oxford University Clinical Research Unit, Wellcome Trust Major Overseas Programme",https://www.ncbi.nlm.nih.gov/pubmed/28086775
VNM,Viet Nam,Pfplasmepsin 2-3 amplifications,P. falciparum,2014,16.7,16.7,MC,18,Gia Lai Province,,13.8079,108.1094,Medicines for Malaria Venture,https://www.ncbi.nlm.nih.gov/pubmed/30967148
VNM,Viet Nam,Pfplasmepsin 2-3 amplifications,P. falciparum,2014,1.2,1.2,MC,84,Huong Hoa,Quang Tri,16.6496,106.6763,University of Sassari,https://www.ncbi.nlm.nih.gov/pubmed/30939179
VNM,Viet Nam,Pfplasmepsin 2-3 amplifications,P. falciparum,2014,0,0,,32,Khanh Hoa Province,,12.3181,108.5073,Medicines for Malaria Venture,https://www.ncbi.nlm.nih.gov/pubmed/30967148
VNM,Viet Nam,Pfplasmepsin 2-3 amplifications,P. falciparum,2014,0,0,,1,Quang Tri Province,,16.7469,107.194,Medicines for Malaria Venture,https://www.ncbi.nlm.nih.gov/pubmed/30967148
YEM,Yemen,Pfplasmepsin 2-3 amplifications,P. falciparum,2019,7,7,MC,86,Bajil,Al Hudaydah,15.1,43.4667,"National Malaria Control Programme, Yemen",
